no	grade	word	meaning	definition	example	exampleMeaning	partOfSpeech	difficulty	frequency	choicesEnJa	choicesJaEn	choicesListening	synonyms	antonyms
300001	3	No, thank you. I'm full.	いいえ、けっこうです。おなかいっぱいです。	a polite way to refuse more food	No, thank you. I'm full.	いいえ、けっこうです。おなかいっぱいです。	sentence	3	3	"[""いいえ、けっこうです。おなかいっぱいです。"",""はい、お願いします。"",""おなかがすいています。"",""もう少しください。"",""とてもおいしいです。""]"	"[""No, thank you. I'm full."",""Yes, please."",""I'm hungry."",""More, please."",""It's very good.""]"	"[""No, thank you. I'm full."",""No, thank you. I'm fine."",""No, thank you. I'm busy."",""No, thank you. I'm sick."",""No, thank you. I'm cold.""]"	[]	[]
300002	3	You're welcome.	どういたしまして	a polite reply after thanks	You're welcome.	どういたしまして。	sentence	2	5	"[""どういたしまして"",""ありがとうございます。"",""すみません。"",""こんにちは。"",""さようなら。""]"	"[""You're welcome."",""Thank you."",""I am sorry."",""Hello."",""Goodbye.""]"	"[""You're welcome."",""You are very kind."",""Your bag is open."",""We are ready."",""You look happy.""]"	[]	[]
300003	3	have a good time	楽しく過ごす	to enjoy yourself	We have a good time at the park.	私たちは公園で楽しく過ごします。	verb phrase	3	3	"[""楽しく過ごす"",""急ぐ"",""手伝う"",""待つ"",""休む""]"	"[""have a good time"",""hurry"",""help"",""wait"",""rest""]"	"[""have a good time"",""have a nice day"",""have a big bag"",""have a long walk"",""have a good trip""]"	"[{""word"":""enjoy oneself"",""note"":""やや書き言葉で使う""}]"	[]
300004	3	airport	空港	a place where planes take off and land	My father is at the airport now.	私の父は今空港にいます。	noun	2	3	"[""空港"",""駅"",""港"",""公園"",""図書館""]"	"[""airport"",""station"",""port"",""park"",""library""]"	"[""airport"",""airplane"",""report"",""sport"",""import""]"	[]	[]
300005	3	difficult	難しい	not easy to do or understand	This math question is difficult.	この数学の問題は難しいです。	adjective	2	4	"[""難しい"",""やさしい"",""新しい"",""速い"",""高い""]"	"[""difficult"",""easy"",""new"",""fast"",""high""]"	"[""difficult"",""different"",""digital"",""careful"",""beautiful""]"	"[{""word"":""hard"",""note"":""より基本的な言い方""}]"	"[{""word"":""easy"",""note"":""反対の意味""}]"
300006	3	main	主な	most important	This is the main road to the station.	これは駅へ行く主な道です。	adjective	3	3	"[""主な"",""最後の"",""人気のある"",""有名な"",""特別な""]"	"[""main"",""final"",""popular"",""famous"",""special""]"	"[""main"",""man"",""mail"",""made"",""name""]"	"[{""word"":""chief"",""note"":""ややかたいが「主な」""}]"	"[{""word"":""minor"",""note"":""「重要でない」""}]"
300007	3	final	最後の	coming at the end	This is the final game of the season.	これはそのシーズン最後の試合です。	adjective	3	3	"[""最後の"",""主な"",""早い"",""短い"",""新しい""]"	"[""final"",""main"",""early"",""short"",""new""]"	"[""final"",""vinyl"",""finder"",""title"",""rival""]"	"[{""word"":""last"",""note"":""いちばん基本的な類義語""}]"	"[{""word"":""first"",""note"":""順番が最初""}]"
300008	3	favorite	いちばん好きな、お気に入りの	liked more than all others	This is my favorite song.	これは私のお気に入りの歌です。	adjective	3	3	"[""いちばん好きな、お気に入りの"",""有名な"",""主な"",""最後の"",""静かな""]"	"[""favorite"",""famous"",""main"",""final"",""quiet""]"	"[""favorite"",""fever"",""forest"",""fifteen"",""camera""]"	"[{""word"":""best-loved"",""note"":""やや説明的だが「いちばん好きな」""}]"	"[{""word"":""least favorite"",""note"":""いちばん好きではない""}]"
300009	3	different	異なる、違う	not the same	My bag is different from yours.	私のかばんはあなたのものと違います。	adjective	3	4	"[""異なる、違う"",""同じ"",""新しい"",""大きい"",""有名な""]"	"[""different"",""same"",""new"",""large"",""popular""]"	"[""different"",""difficult"",""distance"",""dictionary"",""delicate""]"	[]	"[{""word"":""same"",""note"":""「同じ」""}]"
300010	3	popular	人気のある	liked by many people	This singer is popular in Japan.	この歌手は日本で人気があります。	adjective	3	4	"[""人気のある"",""有名な"",""親切な"",""静かな"",""忙しい""]"	"[""popular"",""famous"",""kind"",""quiet"",""busy""]"	"[""popular"",""possible"",""powerful"",""proper"",""polite""]"	"[{""word"":""well-liked"",""note"":""多くの人に好かれている""}]"	"[{""word"":""unpopular"",""note"":""「人気がない」""}]"
300011	3	useful	役に立つ	helpful for a particular purpose	This book is useful for studying English.	この本は英語の勉強に役立ちます。	adjective	3	4	"[""役に立つ"",""危険な"",""簡単な"",""重い"",""正しい""]"	"[""useful"",""dangerous"",""easy"",""heavy"",""right""]"	"[""useful"",""usual"",""user"",""youthful"",""beautiful""]"	"[{""word"":""helpful"",""note"":""人や物が助けになるときに使う""}]"	"[{""word"":""useless"",""note"":""「役に立たない」""}]"
300012	3	ours	私たちのもの	belonging to us	This classroom is ours.	この教室は私たちのものです。	pronoun	2	3	"[""私たちのもの"",""あなたたちのもの"",""彼らのもの"",""彼女のもの"",""彼のもの""]"	"[""ours"",""yours"",""theirs"",""hers"",""his""]"	"[""ours"",""yours"",""theirs"",""hers"",""owners""]"	[]	[]
300013	3	That's right.	そのとおり	used to say something is correct	That's right, Ken is in Class 2.	そのとおり、ケンは2組です。	sentence	2	4	"[""そのとおり"",""わかりません"",""気をつけて"",""もう一度"",""急いで""]"	"[""That's right."",""I don't know."",""Be careful."",""Once more."",""Hurry up.""]"	"[""That's right."",""That's nice."",""That's fine."",""That's all."",""That's mine.""]"	"[{""word"":""That's correct."",""note"":""ほぼ同じ意味の言い方""}]"	[]
300014	3	Good idea!	いい考えだね	used to praise a suggestion	Good idea! Let us go by bus.	いい考えだね。バスで行きましょう。	expression	2	4	"[""いい考えだね"",""よい天気ですね"",""大きな部屋ですね"",""長い休みですね"",""速い電車ですね""]"	"[""Good idea!"",""Nice weather!"",""A big room."",""A long vacation."",""A fast train.""]"	"[""Good idea!"",""Good evening."",""Good teacher."",""Good player."",""Good morning.""]"	"[{""word"":""nice idea"",""note"":""ほぼ同じ意味""}]"	[]
300015	3	listen	聞く	to pay attention to sounds	Please listen to the teacher.	先生の話を聞いてください。	verb	2	4	"[""聞く"",""話す"",""見る"",""読む"",""書く""]"	"[""listen"",""speak"",""watch"",""read"",""write""]"	"[""listen"",""lesson"",""list"",""written"",""little""]"	[]	[]
300016	3	Thailand	タイ	a country in Asia	My uncle lives in Thailand.	私のおじはタイに住んでいます。	noun	2	2	"[""タイ"",""中国"",""インド"",""韓国"",""日本""]"	"[""Thailand"",""China"",""India"",""Korea"",""Japan""]"	"[""Thailand"",""island"",""highland"",""Thai"",""tight""]"	[]	[]
300017	3	fourteen	14	the number after thirteen	I have fourteen pencils.	私は14本のえんぴつを持っています。	number	1	3	"[""14"",""13"",""15"",""16"",""17""]"	"[""fourteen"",""thirteen"",""fifteen"",""sixteen"",""seventeen""]"	"[""fourteen"",""forty"",""thirteen"",""fifteen"",""fourth""]"	[]	[]
300018	3	lots of ~	たくさんの～	a large number or amount of something	We have lots of homework today.	私たちは今日、たくさんの宿題があります。	determiner	2	4	"[""たくさんの～"",""少しの～"",""いくつかの～"",""すべての～"",""ほとんどない～""]"	"[""lots of ~"",""a few ~"",""some ~"",""all ~"",""few ~""]"	"[""lots of ~"",""a lot of ~"",""a kind of ~"",""a pair of ~"",""a cup of ~""]"	"[{""word"":""a lot of ~"",""note"":""ほぼ同じ意味""}]"	[]
300019	3	university	大学	a school for higher education	My sister goes to a university in Tokyo.	私の姉は東京の大学に通っています。	noun	3	3	"[""大学"",""高校"",""中学校"",""図書館"",""教室""]"	"[""university"",""high school"",""junior high school"",""library"",""classroom""]"	"[""university"",""uniform"",""usual"",""unique"",""unit""]"	"[{""word"":""college"",""note"":""米語では大学の意味でも使う""}]"	[]
300020	3	junior high school	中学校	a school for students aged twelve to fifteen	My brother goes to junior high school.	私の弟は中学校に通っています。	noun	3	3	"[""中学校"",""小学校"",""高校"",""大学"",""幼稚園""]"	"[""junior high school"",""elementary school"",""high school"",""university"",""kindergarten""]"	"[""junior high school"",""junior"",""January"",""jungle"",""general""]"	[]	[]
300021	3	Shall we ~?	〜しませんか	used to suggest doing something together	Shall we play tennis after school?	放課後にテニスをしませんか。	expression	2	3	"[""〜しませんか"",""〜できますか"",""〜しなければなりませんか"",""〜していますか"",""〜したいですか""]"	"[""Shall we ~?"",""Can we ~?"",""Must we ~?"",""Are we ~?"",""Do we want to ~?""]"	"[""Shall we ~?"",""Can we ~?"",""Should we ~?"",""Will we ~?"",""Shall I ~?""]"	[]	[]
300022	3	stand up	立ち上がる	to rise to your feet	Please stand up when the teacher comes in.	先生が入ってきたら立ち上がってください。	phrasal verb	1	4	"[""立ち上がる"",""座る"",""歩く"",""走る"",""止まる""]"	"[""stand up"",""sit down"",""walk"",""run"",""stop""]"	"[""stand up"",""stamp"",""start"",""stay"",""step""]"	[]	"[{""word"":""sit down"",""note"":""反対の動作""}]"
300023	3	sit down	座る	to move into a sitting position	Please sit down here.	ここに座ってください。	phrasal verb	1	4	"[""座る"",""立ち上がる"",""歩く"",""走る"",""止まる""]"	"[""sit down"",""stand up"",""walk"",""run"",""stop""]"	"[""sit down"",""sit"",""set"",""sat"",""slow""]"	[]	"[{""word"":""stand up"",""note"":""反対の動作""}]"
300024	3	Pardon?	もう一度お願いします	used to ask someone to repeat something	Pardon? I can't hear you well.	もう一度お願いします。よく聞こえません。	expression	2	3	"[""もう一度お願いします"",""もちろん"",""気をつけて"",""急いで"",""お元気ですか""]"	"[""Pardon?"",""Of course."",""Be careful."",""Hurry up."",""How are you?""]"	"[""Pardon?"",""garden"",""partner"",""harder"",""card""]"	"[{""word"":""Excuse me?"",""note"":""聞き返すときに使う""}]"	[]
300025	3	of course	もちろん	certainly; without doubt	Of course I can help you.	もちろん、私はあなたを手伝えます。	expression	2	4	"[""もちろん"",""たぶん"",""決して〜ない"",""すぐに"",""とても""]"	"[""of course"",""maybe"",""never"",""soon"",""very""]"	"[""of course"",""of school"",""of corn"",""all right"",""of town""]"	"[{""word"":""certainly"",""note"":""より少しかたい""}]"	[]
300026	3	May I ~?	〜してもいいですか	used to ask for permission	May I use your pen?	あなたのペンを使ってもいいですか。	expression	2	3	"[""〜してもいいですか"",""〜しなければなりません"",""〜するつもりです"",""〜できます"",""〜しましょうか""]"	"[""May I ~?"",""I must ~."",""I will ~."",""I can ~."",""Shall I ~?""]"	"[""May I ~?"",""May we ~?"",""Can I ~?"",""Must I ~?"",""Will I ~?""]"	"[{""word"":""Can I ~?"",""note"":""よりくだけた許可の求め方""}]"	[]
300027	3	look at ~	～を見る	to turn your eyes to something	Please look at the picture.	その絵を見てください。	verb phrase	2	4	"[""～を見る"",""～を読む"",""～を聞く"",""～を作る"",""～を開ける""]"	"[""look at ~"",""read ~"",""listen to ~"",""make ~"",""open ~""]"	"[""look at ~"",""look for ~"",""look after ~"",""look like ~"",""look up ~""]"	[]	[]
300028	3	listen to ~	～を聞く、～に耳を傾ける	to pay attention to a sound or speaker	Please listen to the teacher.	先生の話を聞いてください。	verb phrase	2	4	"[""～を聞く、～に耳を傾ける"",""～を見る"",""～を書く"",""～を読む"",""～について話す""]"	"[""listen to ~"",""look at ~"",""write ~"",""read ~"",""talk about ~""]"	"[""listen to ~"",""look into ~"",""lesson two"",""listen again"",""little tune""]"	[]	[]
300029	3	Let's ~.	～しよう、～しましょう	used to make a suggestion to do something together	Let's play soccer after school.	放課後にサッカーをしましょう。	expression	2	5	"[""～しよう、～しましょう"",""～できる"",""～しなければならない"",""～したい"",""～する予定だ""]"	"[""Let's ~."",""We can ~."",""We must ~."",""We want to ~."",""We will ~.""]"	"[""Let's ~."",""Let me ~."",""We can ~."",""We must ~."",""Please ~.""]"	[]	[]
300030	3	Just a moment.	少々お待ちください	please wait for a short time	Just a moment, please.	ちょっと待ってください。	expression	2	4	"[""少々お待ちください"",""気をつけてください"",""急いでください"",""座ってください"",""入ってください""]"	"[""Just a moment."",""Be careful."",""Hurry up."",""Sit down."",""Come in.""]"	"[""Just a moment."",""Just a minute."",""At the moment."",""One more minute."",""Wait a moment.""]"	"[{""word"":""just a minute"",""note"":""ほぼ同じ意味の丁寧な言い方""}]"	[]
300031	3	case	場合	a situation or example	In that case, let's go home.	その場合、家に帰りましょう。	noun	3	3	"[""場合"",""理由"",""質問"",""答え"",""計画""]"	"[""case"",""reason"",""question"",""answer"",""plan""]"	"[""case"",""face"",""place"",""base"",""cage""]"	[]	[]
300032	3	I'd like to ~.	〜したいのですが	a polite way to say you want to do something	I'd like to speak to Mr. Tanaka.	田中さんとお話ししたいのですが。	expression	3	4	"[""〜したいのですが"",""〜しなければならない"",""〜することができる"",""〜するつもりです"",""〜してはいけない""]"	"[""I'd like to ~."",""I have to ~."",""I can ~."",""I am going to ~."",""I must not ~.""]"	"[""I'd like to ~."",""I'd love to ~."",""I want to ~."",""I need to ~."",""I plan to ~.""]"	"[{""word"":""I want to ~."",""note"":""より直接的でくだけた言い方""}]"	[]
300033	3	tonight	今夜	on this night	I will study tonight.	私は今夜勉強します。	adverb	1	4	"[""今夜"",""今日"",""明日"",""昨夜"",""今朝""]"	"[""tonight"",""today"",""tomorrow"",""last night"",""this morning""]"	"[""tonight"",""today"",""ton"",""tight"",""tony""]"	"[{""word"":""this evening"",""note"":""夕方から夜にかけて""}]"	[]
300034	3	next week	来週	in the week after this one	We will visit my grandma next week.	私たちは来週祖母を訪ねます。	adverb	1	4	"[""来週"",""今週"",""先週"",""来月"",""明日""]"	"[""next week"",""this week"",""last week"",""next month"",""tomorrow""]"	"[""next week"",""last week"",""next month"",""this week"",""next year""]"	[]	[]
300035	3	last year	去年	in the year before this one	I went to Kyoto last year.	私は去年京都へ行きました。	adverb	1	4	"[""去年"",""今年"",""来年"",""先月"",""先週""]"	"[""last year"",""this year"",""next year"",""last month"",""last week""]"	"[""last year"",""this year"",""next year"",""last month"",""last week""]"	[]	[]
300036	3	wash my hands	手を洗う	to clean my hands with water	I wash my hands before dinner.	私は夕食の前に手を洗います。	verb phrase	2	4	"[""手を洗う"",""顔を洗う"",""歯をみがく"",""服を着る"",""朝ごはんを食べる""]"	"[""wash my hands"",""wash my face"",""brush my teeth"",""put on my clothes"",""eat breakfast""]"	"[""wash my hands"",""watch my bag"",""wash the dish"",""close my hands"",""touch my hat""]"	[]	[]
300037	3	last week	先週	the week before this week	I visited my grandmother last week.	私は先週、祖母を訪ねました。	adverb	2	4	"[""先週"",""今週"",""先月"",""来週"",""昨日""]"	"[""last week"",""this week"",""last month"",""next week"",""yesterday""]"	"[""last week"",""next week"",""last year"",""this week"",""last night""]"	[]	[]
300038	3	wait for ~	～を待つ	to stay until someone or something comes	Please wait for me at the station.	駅で私を待っていてください。	verb phrase	2	4	"[""～を待つ"",""～を呼ぶ"",""～を見つける"",""～に会う"",""～を手伝う""]"	"[""wait for ~"",""call ~"",""find ~"",""meet ~"",""help ~""]"	"[""wait for ~"",""look for ~"",""walk with ~"",""work for ~"",""wake up ~""]"	[]	[]
300039	3	dictionary	辞書	a book that tells the meanings of words	I use a dictionary in class.	私は授業で辞書を使います。	noun	2	3	"[""辞書"",""教科書"",""ノート"",""新聞"",""地図""]"	"[""dictionary"",""textbook"",""notebook"",""newspaper"",""map""]"	"[""dictionary"",""direction"",""history"",""factory"",""holiday""]"	[]	[]
300040	3	turn on ~	つける	to start a light or machine	Please turn on the light.	電気をつけてください。	phrasal verb	2	4	"[""つける"",""消す"",""開ける"",""閉める"",""動かす""]"	"[""turn on ~"",""turn off ~"",""open ~"",""close ~"",""move ~""]"	"[""turn on ~"",""turn off ~"",""turn up ~"",""turn left"",""turn back""]"	"[{""word"":""start"",""note"":""機械などを動かし始める""}]"	"[{""word"":""turn off"",""note"":""電気や機械を消す""}]"
300041	3	turn off ~	消す	to stop a light or machine	Please turn off the TV.	テレビを消してください。	phrasal verb	2	4	"[""消す"",""つける"",""開ける"",""閉める"",""運ぶ""]"	"[""turn off ~"",""turn on ~"",""open ~"",""close ~"",""carry ~""]"	"[""turn off ~"",""turn on ~"",""turn up ~"",""turn left"",""turn back""]"	"[{""word"":""stop"",""note"":""機械などを止める""}]"	"[{""word"":""turn on"",""note"":""電気や機械をつける""}]"
300042	3	talk to ~	～と話す、～に話しかける	to speak with someone	I want to talk to my teacher.	私は先生と話したいです。	verb phrase	3	3	"[""～と話す、～に話しかける"",""～を見る"",""～を待つ"",""～を助ける"",""～を呼ぶ""]"	"[""talk to ~"",""look at ~"",""wait for ~"",""help ~"",""call ~""]"	"[""talk to ~"",""walk to ~"",""talk about ~"",""take two"",""talk again""]"	"[{""word"":""speak to"",""note"":""少しかたい言い方""}]"	[]
300043	3	take off ~	脱ぐ	to remove clothes or shoes	Please take off your shoes.	くつを脱いでください。	phrasal verb	3	3	"[""脱ぐ"",""着る"",""洗う"",""買う"",""直す""]"	"[""take off ~"",""put on ~"",""wash ~"",""buy ~"",""fix ~""]"	"[""take off ~"",""take out ~"",""get off ~"",""turn off ~"",""make up ~""]"	"[{""word"":""remove"",""note"":""ややかたい語""}]"	"[{""word"":""put on"",""note"":""服などを着る""}]"
300044	3	take a walk	散歩する	to go out and walk for a short time	We take a walk in the park.	私たちは公園で散歩します。	verb phrase	3	2	"[""散歩する"",""走る"",""泳ぐ"",""休む"",""勉強する""]"	"[""take a walk"",""run"",""swim"",""rest"",""study""]"	"[""take a walk"",""take a look"",""take a book"",""take a bus"",""take a bath""]"	"[{""word"":""walk"",""note"":""より短い言い方""}]"	[]
300045	3	take a shower	シャワーをあびる	to wash your body under a shower	I take a shower every morning.	私は毎朝シャワーをあびます。	verb phrase	2	4	"[""シャワーをあびる"",""写真をとる"",""おふろに入る"",""朝ごはんを食べる"",""歯をみがく""]"	"[""take a shower"",""take a picture"",""take a bath"",""eat breakfast"",""brush my teeth""]"	"[""take a shower"",""take a flower"",""take an hour"",""make a shower"",""take a tower""]"	[]	[]
300046	3	take a picture	写真をとる	to take a photo with a camera	Let's take a picture in the park.	公園で写真をとりましょう。	verb phrase	2	4	"[""写真をとる"",""シャワーをあびる"",""おふろに入る"",""手紙を書く"",""本を読む""]"	"[""take a picture"",""take a shower"",""take a bath"",""write a letter"",""read a book""]"	"[""take a picture"",""take a pitcher"",""take a picnic"",""make a picture"",""take a ticket""]"	[]	[]
300047	3	take a bath	おふろに入る	to wash your body in a bath	I take a bath at night.	私は夜におふろに入ります。	verb phrase	2	4	"[""おふろに入る"",""シャワーをあびる"",""写真をとる"",""顔を洗う"",""服を着る""]"	"[""take a bath"",""take a shower"",""take a picture"",""wash my face"",""get dressed""]"	"[""take a bath"",""take a bag"",""take a back"",""take a path"",""make a bath""]"	[]	[]
300048	3	swimming pool	プール	a place for swimming	There is a swimming pool near my house.	私の家の近くにプールがあります。	noun	2	3	"[""プール"",""公園"",""図書館"",""駅"",""体育館""]"	"[""swimming pool"",""park"",""library"",""station"",""gym""]"	"[""swimming pool"",""swimming school"",""living room"",""summer pool"",""swimming cap""]"	[]	[]
300049	3	I see.	なるほど、わかりました	used to show that you understand	I see. Thank you for explaining.	なるほど。説明してくれてありがとう。	expression	2	4	"[""なるほど、わかりました"",""もちろんです"",""たぶんそうです"",""気をつけてください"",""おはようございます""]"	"[""I see."",""Of course."",""Maybe."",""Be careful."",""Good morning.""]"	"[""I see."",""I sit."",""I sing."",""I said."",""I think.""]"	"[{""word"":""I understand"",""note"":""よりはっきり「理解した」""}]"	[]
300050	3	put on ~	身につける	to dress yourself in clothes or accessories	Please put on your hat.	帽子をかぶってください。	phrasal verb	2	4	"[""身につける"",""脱ぐ"",""洗う"",""作る"",""運ぶ""]"	"[""put on ~"",""take off ~"",""wash ~"",""make ~"",""carry ~""]"	"[""put on ~"",""put up ~"",""pull on ~"",""put out ~"",""put off ~""]"	"[{""word"":""wear"",""note"":""状態を表すことが多い""}]"	"[{""word"":""take off"",""note"":""服などを脱ぐ""}]"
300051	3	pick up ~	拾う	to take something from the ground	Please pick up the pen.	そのペンを拾ってください。	phrasal verb	3	4	"[""拾う"",""置く"",""運ぶ"",""見せる"",""開ける""]"	"[""pick up ~"",""put down ~"",""carry ~"",""show ~"",""open ~""]"	"[""pick up ~"",""kick up ~"",""pick out ~"",""put up ~"",""wake up ~""]"	[]	"[{""word"":""put down"",""note"":""下に置く""}]"
300052	3	must	〜しなければならない	used to say something is necessary	You must do your homework.	あなたは宿題をしなければなりません。	modal verb	3	5	"[""〜しなければならない"",""〜してはいけない"",""〜できる"",""〜するつもりだ"",""〜したい""]"	"[""must"",""must not"",""can"",""will"",""want to""]"	"[""must"",""mist"",""most"",""mess"",""mouse""]"	"[{""word"":""have to"",""note"":""mustより少し口語的""}]"	[]
300053	3	look for ~	探す	to try to find something	I am looking for my bag.	私は自分のかばんを探しています。	verb phrase	3	4	"[""探す"",""見つける"",""使う"",""借りる"",""送る""]"	"[""look for ~"",""find ~"",""use ~"",""borrow ~"",""send ~""]"	"[""look for ~"",""cook for ~"",""look at ~"",""long for ~"",""book for ~""]"	"[{""word"":""search for ~"",""note"":""ややかたい言い方""}]"	[]
300054	3	calendar	カレンダー	a chart that shows days and months	I wrote the date on the calendar.	私はカレンダーに日付を書きました。	noun	2	3	"[""カレンダー"",""時計"",""地図"",""ノート"",""辞書""]"	"[""calendar"",""clock"",""map"",""notebook"",""dictionary""]"	"[""calendar"",""camera"",""Canada"",""candle"",""color""]"	[]	[]
300055	3	very much	とても	a lot; very strongly	I like soccer very much.	私はサッカーがとても好きです。	adverb	2	4	"[""とても"",""少し"",""いつも"",""すぐに"",""いっしょに""]"	"[""very much"",""a little"",""always"",""soon"",""together""]"	"[""very much"",""very well"",""very good"",""pretty much"",""so much""]"	[]	[]
300056	3	Me too.	私も	I feel the same way	A: I like dogs. B: Me too.	A「犬が好きです。」B「私もです。」	expression	1	4	"[""私も"",""あなたも"",""彼も"",""彼女も"",""私たちも""]"	"[""Me too."",""You too."",""He does too."",""She does too."",""We do too.""]"	"[""Me too."",""You too."",""We do."",""Meet me."",""Me first.""]"	[]	[]
300057	3	vacation	休暇、休み	time when you do not go to school or work	We went to Okinawa during our vacation.	私たちは休みの間に沖縄へ行きました。	noun	2	3	"[""休暇、休み"",""宿題"",""授業"",""仕事"",""旅行""]"	"[""vacation"",""homework"",""class"",""work"",""trip""]"	"[""vacation"",""station"",""nation"",""visitor"",""vision""]"	"[{""word"":""holiday"",""note"":""英ではこちらもよく使う""}]"	[]
300058	3	piano lesson	ピアノのレッスン	a class where you learn to play the piano	I have a piano lesson after school.	私は放課後にピアノのレッスンがあります。	noun	2	2	"[""ピアノのレッスン"",""英語の授業"",""水泳の練習"",""音楽会"",""宿題""]"	"[""piano lesson"",""English class"",""swimming practice"",""concert"",""homework""]"	"[""piano lesson"",""piano room"",""science lesson"",""violin lesson"",""reading lesson""]"	[]	[]
300059	3	a lot of ~	たくさんの～	a large number or amount of something	We saw a lot of birds in the park.	私たちは公園でたくさんの鳥を見ました。	determiner	2	5	"[""たくさんの～"",""少しの～"",""いくつかの～"",""すべての～"",""まったくない～""]"	"[""a lot of ~"",""a few ~"",""some ~"",""all ~"",""no ~""]"	"[""a lot of ~"",""a little ~"",""a kind of ~"",""a bag of ~"",""a cup of ~""]"	"[{""word"":""many"",""note"":""可算名詞でよく使う""},{""word"":""lots of"",""note"":""よりくだけた形""}]"	[]
300060	3	a little	少し	a small amount	I can speak English a little.	私は英語を少し話せます。	adverb	2	4	"[""少し"",""たくさん"",""いつも"",""とても"",""すぐに""]"	"[""a little"",""very"",""always"",""often"",""well""]"	"[""a little"",""a letter"",""little"",""alive"",""late""]"	"[{""word"":""a bit"",""note"":""くだけた言い方""}]"	"[{""word"":""a lot"",""note"":""量が多い""}]"
300061	3	have a cold	かぜをひいている	to be sick with a cold	I have a cold today.	私は今日かぜをひいています。	verb phrase	2	4	"[""かぜをひいている"",""頭が痛い"",""熱がある"",""元気です"",""おなかがすいている""]"	"[""have a cold"",""have a fever"",""have a headache"",""feel fine"",""be hungry""]"	"[""have a cold"",""have a coat"",""have a card"",""have a call"",""have a cup""]"	[]	[]
300062	3	this morning	今朝	in the morning of today	I saw Ken this morning.	私は今朝ケンに会いました。	adverb	1	4	"[""今朝"",""今夜"",""昨日の朝"",""明日の朝"",""今日の午後""]"	"[""this morning"",""tonight"",""yesterday morning"",""tomorrow morning"",""this afternoon""]"	"[""this morning"",""this evening"",""this Monday"",""that morning"",""this month""]"	[]	[]
300063	3	go to school	学校に行く	to attend school or travel there	I go to school by bus.	私はバスで学校に行きます。	verb phrase	2	5	"[""学校に行く"",""家に帰る"",""公園で遊ぶ"",""朝ごはんを食べる"",""英語を勉強する""]"	"[""go to school"",""go home"",""play in the park"",""eat breakfast"",""study English""]"	"[""go to school"",""go to the pool"",""go to the store"",""go to bed"",""go to work""]"	[]	[]
300064	3	elementary school	小学校	a school for children before junior high school	My sister goes to elementary school.	私の妹は小学校に通っています。	noun	3	4	"[""小学校"",""中学校"",""高校"",""図書館"",""教室""]"	"[""elementary school"",""junior high school"",""high school"",""library"",""classroom""]"	"[""elementary school"",""middle school"",""music room"",""summer school"",""school bus""]"	"[{""word"":""primary school"",""note"":""主に英式英語で使う""}]"	[]
300065	3	get to ~	～に着く	to arrive at a place	What time do you get to the station?	あなたは何時に駅に着きますか。	verb phrase	3	5	"[""～に着く"",""～を出発する"",""～を通り過ぎる"",""～を見つける"",""～を訪れる""]"	"[""get to ~"",""leave ~"",""pass ~"",""find ~"",""visit ~""]"	"[""get to ~"",""get up"",""go to ~"",""went to ~"",""talk to ~""]"	"[{""word"":""arrive at"",""note"":""よりはっきり「到着する」""}]"	"[{""word"":""leave"",""note"":""その場所を出る""}]"
300066	3	get on ~	乗る	to enter a bus, train, or plane	We get on the bus at seven.	私たちは7時にバスに乗ります。	phrasal verb	2	4	"[""乗る"",""降りる"",""歩く"",""待つ"",""止まる""]"	"[""get on ~"",""get off ~"",""walk"",""wait"",""stop""]"	"[""get on ~"",""get up"",""get out"",""go on"",""put on ~""]"	[]	"[{""word"":""get off"",""note"":""乗り物から降りる""}]"
300067	3	get off ~	降りる	to leave a bus, train, or plane	I get off the train at this station.	私はこの駅で電車を降ります。	phrasal verb	2	4	"[""降りる"",""乗る"",""走る"",""待つ"",""止まる""]"	"[""get off ~"",""get on ~"",""run"",""wait"",""stop""]"	"[""get off ~"",""get up"",""get out"",""take off ~"",""cut off ~""]"	[]	"[{""word"":""get on"",""note"":""乗り物に乗る""}]"
300068	3	do homework	宿題をする	to study and finish school work at home	I do homework after dinner.	私は夕食のあとに宿題をします。	verb phrase	2	4	"[""宿題をする"",""勉強する"",""料理する"",""掃除する"",""買い物をする""]"	"[""do homework"",""study"",""cook"",""clean"",""shop""]"	"[""do homework"",""do housework"",""do morning work"",""do hard work"",""do home cooking""]"	[]	[]
300069	3	clean up	片づける	to make a place tidy	Please clean up after dinner.	夕食のあとに片づけてください。	phrasal verb	2	3	"[""片づける"",""洗う"",""作る"",""運ぶ"",""開ける""]"	"[""clean up"",""wash"",""make"",""carry"",""open""]"	"[""clean up"",""clear up"",""green up"",""climb up"",""line up""]"	"[{""word"":""tidy up"",""note"":""ほぼ同じ意味""}]"	"[{""word"":""mess up"",""note"":""散らかす""}]"
300070	3	clean my room	自分の部屋をそうじする	to make my room clean	I clean my room on Sunday.	私は日曜日に自分の部屋をそうじします。	verb phrase	2	2	"[""自分の部屋をそうじする"",""朝ごはんを作る"",""学校へ歩いて行く"",""テレビを見る"",""宿題をする""]"	"[""clean my room"",""make breakfast"",""walk to school"",""watch TV"",""do my homework""]"	"[""clean my room"",""close my room"",""clean the room"",""read my book"",""wash my face""]"	[]	[]
300071	3	brush my teeth	歯をみがく	to clean my teeth with a brush	I brush my teeth every night.	私は毎晩、歯をみがきます。	verb phrase	2	3	"[""歯をみがく"",""顔を洗う"",""髪をとかす"",""服を着る"",""手を洗う""]"	"[""brush my teeth"",""wash my face"",""comb my hair"",""get dressed"",""wash my hands""]"	"[""brush my teeth"",""brush my hair"",""wash my teeth"",""brush your teeth"",""brush my face""]"	[]	[]
300072	3	surprised	驚いた、びっくりした	feeling surprise because something was unexpected	I was surprised at the news.	私はその知らせに驚いた。	adjective	3	3	"[""驚いた、びっくりした"",""疲れた"",""退屈した"",""安心した"",""困った""]"	"[""surprised"",""tired"",""bored"",""glad"",""busy""]"	"[""surprised"",""supplied"",""sunrise"",""support"",""surprise""]"	"[{""word"":""amazed"",""note"":""より強く驚いた感じ""}]"	[]
300073	3	because	～なので、なぜなら	for the reason that	I stayed home because it was raining.	雨が降っていたので、私は家にいました。	conjunction	2	5	"[""～なので、なぜなら"",""しかし"",""それで"",""もし"",""または""]"	"[""because"",""but"",""so"",""if"",""or""]"	"[""because"",""become"",""before"",""began"",""between""]"	"[{""word"":""since"",""note"":""理由を表す。becauseより少しかたいことがある""}]"	[]
300074	3	How old is ~?	～は何歳ですか	used to ask someone's age	How old is your sister?	あなたの姉（妹）は何歳ですか。	expression	1	5	"[""～は何歳ですか"",""～はいくらですか"",""～はいくつありますか"",""～はどこですか"",""～はだれのものですか""]"	"[""How old is ~?"",""How much is ~?"",""How many ~?"",""Where is ~?"",""Whose is ~?""]"	"[""How old is ~?"",""How long is ~?"",""How tall is ~?"",""How far is ~?"",""How large is ~?""]"	[]	[]
300075	3	How much is ~?	～はいくらですか	used to ask the price of something	How much is this bag?	このかばんはいくらですか。	expression	1	5	"[""～はいくらですか"",""～は何歳ですか"",""～はいくつありますか"",""～はどのくらい長いですか"",""～はどのくらい遠いですか""]"	"[""How much is ~?"",""How old is ~?"",""How many ~?"",""How long is ~?"",""How far is ~?""]"	"[""How much is ~?"",""How many ~?"",""How long is ~?"",""How old is ~?"",""How far is ~?""]"	[]	[]
300076	3	How many ~?	いくつの～、何人の～	used to ask the number of people or things	How many books do you have?	あなたは本を何冊持っていますか。	expression	1	5	"[""いくつの～、何人の～"",""いくらの～"",""何歳の～"",""どのくらい遠い～"",""どのくらい長い～""]"	"[""How many ~?"",""How much is ~?"",""How old is ~?"",""How far is ~?"",""How long is ~?""]"	"[""How many ~?"",""How much is ~?"",""How long is ~?"",""How old is ~?"",""How far is ~?""]"	[]	[]
300077	3	How about ~?	～はどうですか、～してはどうですか	used to make a suggestion	How about going by bus?	バスで行くのはどうですか。	expression	2	4	"[""～はどうですか、～してはどうですか"",""～が好きです"",""～しなければならない"",""～していました"",""～できますか""]"	"[""How about ~?"",""I like ~."",""I must ~."",""I was ~."",""Can you ~?""]"	"[""How about ~?"",""What about ~?"",""How old is ~?"",""How long is ~?"",""How many ~?""]"	"[{""word"":""What about ~?"",""note"":""ほぼ同じ意味で提案に使う""}]"	[]
300078	3	newspaper	新聞	a printed paper with news stories	My grandfather reads the newspaper every morning.	私の祖父は毎朝新聞を読みます。	noun	2	4	"[""新聞"",""雑誌"",""手紙"",""教科書"",""地図""]"	"[""newspaper"",""magazine"",""letter"",""textbook"",""map""]"	"[""newspaper"",""news"",""student"",""Tuesday"",""music""]"	[]	[]
300079	3	police officer	警察官	a person who works for the police	The police officer helped the lost boy.	その警察官は道に迷った男の子を助けました。	noun	3	3	"[""警察官"",""消防士"",""医者"",""運転手"",""店員""]"	"[""police officer"",""firefighter"",""doctor"",""driver"",""clerk""]"	"[""police officer"",""post office"",""office"",""pilot"",""player""]"	"[{""word"":""cop"",""note"":""口語でくだけた言い方""}]"	[]
300080	3	pilot	パイロット	a person who flies an airplane	My father is a pilot.	私の父はパイロットです。	noun	3	3	"[""パイロット"",""医者"",""先生"",""運転手"",""料理人""]"	"[""pilot"",""doctor"",""teacher"",""driver"",""chef""]"	"[""pilot"",""pirate"",""violet"",""ticket"",""planet""]"	[]	[]
300081	3	famous	有名な	known by many people	This singer is famous in Japan.	この歌手は日本で有名です。	adjective	3	4	"[""有名な"",""親切な"",""忙しい"",""静かな"",""危険な""]"	"[""famous"",""kind"",""busy"",""quiet"",""dangerous""]"	"[""famous"",""favorite"",""dangerous"",""nervous"",""careless""]"	"[{""word"":""well-known"",""note"":""より説明的な言い方""}]"	"[{""word"":""unknown"",""note"":""知られていない""}]"
300082	3	chef	料理人	a cook in a restaurant or hotel	The chef made a great dinner.	その料理人はすばらしい夕食を作りました。	noun	3	2	"[""料理人"",""医者"",""画家"",""歌手"",""店員""]"	"[""chef"",""doctor"",""painter"",""singer"",""clerk""]"	"[""chef"",""check"",""ship"",""shed"",""shape""]"	"[{""word"":""cook"",""note"":""chef より広い語""}]"	[]
300083	3	high school	高校	a school for students after junior high school	My sister goes to high school in Tokyo.	私の姉は東京の高校に通っています。	noun	3	3	"[""高校"",""中学校"",""小学校"",""大学"",""図書館""]"	"[""high school"",""junior high school"",""elementary school"",""college"",""library""]"	"[""high school"",""old school"",""my school"",""night school"",""school""]"	[]	[]
300084	3	college	大学	a school where people study after high school	He plans to go to college next year.	彼は来年大学へ行く予定です。	noun	3	3	"[""大学"",""高校"",""中学校"",""専門学校"",""図書館""]"	"[""college"",""high school"",""junior high school"",""technical school"",""library""]"	"[""college"",""knowledge"",""village"",""cottage"",""color""]"	"[{""word"":""university"",""note"":""college より大きい学校を指すことが多い""}]"	[]
300085	3	everyone	みんな	all people	Everyone was happy at the party.	パーティーでみんな幸せでした。	pronoun	2	4	"[""みんな"",""だれか"",""だれも"",""私たち"",""あなたたち""]"	"[""everyone"",""someone"",""no one"",""we"",""you""]"	"[""everyone"",""every day"",""everything"",""anyone"",""everywhere""]"	"[{""word"":""everybody"",""note"":""ほぼ同じ意味で使える""}]"	[]
300086	3	Can I ~?	〜してもいいですか	used to ask for permission	Can I open the window?	窓を開けてもいいですか。	expression	2	4	"[""〜してもいいですか"",""〜しなければなりません"",""〜できます"",""〜したいです"",""〜するつもりです""]"	"[""Can I ~?"",""Must I ~?"",""I can ~."",""I want to ~."",""I will ~.""]"	"[""Can I ~?"",""May I ~?"",""Can we ~?"",""Could I ~?"",""Should I ~?""]"	"[{""word"":""May I ~?"",""note"":""より丁寧な許可の求め方""}]"	[]
300087	3	all right	大丈夫な、問題ない	safe, healthy, or acceptable	Are you all right now?	あなたは今だいじょうぶですか。	adjective	2	4	"[""大丈夫な、問題ない"",""危険な"",""空腹の"",""有名な"",""静かな""]"	"[""all right"",""dangerous"",""hungry"",""famous"",""quiet""]"	"[""all right"",""aloud"",""almost"",""already"",""all day""]"	"[{""word"":""okay"",""note"":""同じようによく使う""}]"	[]
300088	3	someone	だれか	some person	Someone is at the door.	だれかがドアのところにいます。	pronoun	2	4	"[""だれか"",""みんな"",""だれも〜ない"",""何か"",""どこか""]"	"[""someone"",""everyone"",""no one"",""something"",""somewhere""]"	"[""someone"",""summer"",""sunny"",""sudden"",""singer""]"	"[{""word"":""somebody"",""note"":""ほぼ同じ意味""}]"	"[{""word"":""no one"",""note"":""だれも〜ない""}]"
300089	3	pumpkin	かぼちゃ	a large orange vegetable	My mother cooked pumpkin for dinner.	母は夕食にかぼちゃを料理しました。	noun	3	2	"[""かぼちゃ"",""にんじん"",""たまねぎ"",""じゃがいも"",""キャベツ""]"	"[""pumpkin"",""carrot"",""onion"",""potato"",""cabbage""]"	"[""pumpkin"",""napkin"",""pocket"",""button"",""garden""]"	[]	[]
300090	3	something	何か	a thing that is not known or named	I want something to drink.	私は何か飲み物がほしいです。	pronoun	3	4	"[""何か"",""だれか"",""どこか"",""何でも"",""何も""]"	"[""something"",""someone"",""somewhere"",""anything"",""nothing""]"	"[""something"",""someone"",""someday"",""nothing"",""morning""]"	[]	[]
300091	3	see ~ off	～を見送る	to go with someone when they leave	We went to the station to see our teacher off.	私たちは先生を見送るために駅へ行きました。	phrasal verb	4	2	"[""～を見送る"",""～を迎えに行く"",""～を訪ねる"",""～を手伝う"",""～を待つ""]"	"[""see ~ off"",""pick ~ up"",""visit ~"",""help ~"",""wait for ~""]"	"[""see ~ off"",""sit down"",""send off"",""set off"",""show ~ out""]"	[]	[]
300092	3	overseas	海外へ、海外で	in or to another country	My sister went overseas last year.	私の姉は去年、海外へ行きました。	adverb	3	3	"[""海外へ、海外で"",""国内で"",""近くで"",""家で"",""町の中心へ""]"	"[""overseas"",""in Japan"",""nearby"",""at home"",""downtown""]"	"[""overseas"",""over"",""owner"",""overcoat"",""overlook""]"	"[{""word"":""abroad"",""note"":""ほぼ同じ意味で使う""}]"	[]
300093	3	treat	～を扱う、～に接する	to behave toward someone in a certain way	Please treat everyone kindly.	みんなに親切に接してください。	verb	3	4	"[""～を扱う、～に接する"",""～を運ぶ"",""～を選ぶ"",""～を待つ"",""～を教える""]"	"[""treat"",""carry ~"",""choose ~"",""wait for ~"",""teach ~""]"	"[""treat"",""tree"",""trip"",""train"",""street""]"	[]	[]
300094	3	in fact	実は	in reality; actually	In fact, I like math very much.	実は、私は数学がとても好きです。	adverb phrase	3	3	"[""実は"",""たぶん"",""すぐに"",""たいてい"",""もう一度""]"	"[""in fact"",""maybe"",""soon"",""usually"",""again""]"	"[""in fact"",""in front"",""impact"",""exact"",""active""]"	"[{""word"":""actually"",""note"":""より一般的な言い換え""}]"	[]
300095	3	scared	怖がって、怖いと感じて	feeling afraid or frightened	I was scared of the dark.	私は暗やみが怖かったです。	adjective	3	3	"[""怖がって、怖いと感じて"",""うれしい"",""悲しい"",""怒っている"",""疲れている""]"	"[""scared"",""happy"",""sad"",""angry"",""tired""]"	"[""scared"",""shared"",""skated"",""school"",""screen""]"	"[{""word"":""afraid"",""note"":""より基本的な語""}]"	"[{""word"":""brave"",""note"":""こわがらない感じ""}]"
300096	3	shy	内気な、恥ずかしがりの	nervous and quiet around other people	My little sister is shy.	私の小さい妹ははずかしがりです。	adjective	3	3	"[""内気な、恥ずかしがりの"",""元気な"",""親切な"",""有名な"",""静かな""]"	"[""shy"",""active"",""kind"",""famous"",""quiet""]"	"[""shy"",""she"",""shine"",""shop"",""sky""]"	[]	"[{""word"":""outgoing"",""note"":""人前でも積極的""}]"
300097	3	after a while	しばらくして	some time later	After a while, the rain stopped.	しばらくして、雨はやみました。	adverb phrase	3	2	"[""しばらくして"",""すぐに"",""きのう"",""まいにち"",""とつぜん""]"	"[""after a while"",""soon"",""yesterday"",""every day"",""suddenly""]"	"[""after a while"",""after school"",""after lunch"",""all the while"",""for a while""]"	[]	[]
300098	3	crime	犯罪	an action that is against the law	Stealing is a crime.	盗みは犯罪です。	noun	3	3	"[""犯罪"",""事故"",""約束"",""試合"",""旅行""]"	"[""crime"",""accident"",""promise"",""game"",""trip""]"	"[""crime"",""climb"",""cried"",""crown"",""cream""]"	"[{""word"":""offense"",""note"":""ややかたい語""}]"	[]
300099	3	teenager	10代の若者	a person between thirteen and nineteen years old	My sister is a teenager.	私の姉は10代の若者です。	noun	2	3	"[""10代の若者"",""大人"",""赤ちゃん"",""先生"",""医者""]"	"[""teenager"",""adult"",""baby"",""teacher"",""doctor""]"	"[""teenager"",""teamwork"",""teacher"",""village"",""season""]"	[]	[]
300100	3	generation	世代	people born around the same time	This song is popular with my generation.	この歌は私の世代に人気があります。	noun	4	2	"[""世代"",""文化"",""歴史"",""社会"",""未来""]"	"[""generation"",""culture"",""history"",""society"",""future""]"	"[""generation"",""celebration"",""situation"",""station"",""vacation""]"	[]	[]
300101	3	Sounds good.	いいですね、よさそうです	used to say that an idea is nice	We can meet at three. Sounds good.	3時に会いましょう。いいですね。	expression	2	4	"[""いいですね、よさそうです"",""残念ですね"",""難しそうです"",""急いでください"",""気をつけてください""]"	"[""Sounds good."",""That is too bad."",""It looks difficult."",""Hurry up."",""Be careful.""]"	"[""Sounds good."",""Sounds great."",""Looks good."",""That is good."",""Very good.""]"	"[{""word"":""That sounds good."",""note"":""少し長い言い方""}]"	[]
300102	3	That sounds great.	それはとてもよさそうです	used to strongly approve of an idea	Let's go to the park. That sounds great.	公園に行こう。それはよさそうだね。	expression	2	3	"[""それはとてもよさそうです"",""それは難しそうです"",""それは高そうです"",""それは遅そうです"",""それは変そうです""]"	"[""That sounds great."",""That looks difficult."",""That looks expensive."",""That sounds late."",""That looks strange.""]"	"[""That sounds great."",""That sounds good."",""That looks great."",""It sounds great."",""That was great.""]"	"[{""word"":""Sounds great."",""note"":""主語を省いた短い言い方""}]"	[]
300103	3	gas	ガス	air-like matter used for cooking or heating	We use gas for cooking.	私たちは料理にガスを使います。	noun	2	3	"[""ガス"",""水"",""石油"",""電気"",""火""]"	"[""gas"",""water"",""oil"",""steam"",""fire""]"	"[""gas"",""guess"",""glass"",""gate"",""goes""]"	[]	[]
300104	3	breath	息、呼吸	the air you take in and let out	Take a deep breath before you speak.	話す前に深呼吸しなさい。	noun	3	3	"[""息、呼吸"",""声"",""におい"",""熱"",""光""]"	"[""breath"",""voice"",""air"",""smell"",""heat""]"	"[""breath"",""bread"",""brush"",""bright"",""break""]"	[]	[]
300105	3	atmosphere	雰囲気	the feeling of a place or situation	The restaurant has a nice atmosphere.	そのレストランはよい雰囲気です。	noun	5	2	"[""雰囲気"",""景色"",""温度"",""音"",""光""]"	"[""atmosphere"",""scenery"",""temperature"",""sound"",""light""]"	"[""atmosphere"",""animal"",""afternoon"",""answer"",""activity""]"	[]	[]
300106	3	universe	宇宙	all of space and everything in it	No one knows how big the universe is.	宇宙がどれほど大きいかはだれにもわかりません。	noun	4	2	"[""宇宙"",""地球"",""月"",""星"",""空""]"	"[""universe"",""earth"",""moon"",""star"",""sky""]"	"[""universe"",""uniform"",""unit"",""usual"",""unique""]"	[]	[]
300107	3	everything	すべて、何もかも	all things	Everything is ready now.	今、すべての準備ができています。	pronoun	3	4	"[""すべて、何もかも"",""何か"",""だれでも"",""どこでも"",""何も～ない""]"	"[""everything"",""something"",""anyone"",""anywhere"",""nothing""]"	"[""everything"",""everybody"",""anything"",""evening"",""everyday""]"	[]	"[{""word"":""nothing"",""note"":""何もない""}]"
300108	3	mostly	主に、たいてい	mainly; for the most part	I mostly study at home.	私は主に家で勉強します。	adverb	3	3	"[""主に、たいてい"",""すぐに"",""ゆっくり"",""たぶん"",""とても""]"	"[""mostly"",""soon"",""slowly"",""maybe"",""very""]"	"[""mostly"",""monthly"",""softly"",""closely"",""quickly""]"	"[{""word"":""usually"",""note"":""mostlyより「ふつうは」に近い""}]"	[]
300109	3	nearly	ほとんど、もう少しで	almost; not completely	It is nearly five o'clock.	もうすぐ5時です。	adverb	3	3	"[""ほとんど、もう少しで"",""たいてい"",""すぐに"",""いつも"",""たぶん""]"	"[""nearly"",""mostly"",""soon"",""always"",""maybe""]"	"[""nearly"",""really"",""early"",""clearly"",""yearly""]"	"[{""word"":""almost"",""note"":""ほぼ同じ意味""}]"	"[{""word"":""exactly"",""note"":""ちょうど、正確に""}]"
300110	3	hardly	ほとんど～ない	almost not	I can hardly hear you.	あなたの声がほとんど聞こえません。	adverb	3	3	"[""ほとんど～ない"",""たぶん"",""すぐに"",""とても"",""いつも""]"	"[""hardly"",""probably"",""soon"",""very"",""always""]"	"[""hardly"",""partly"",""harbor"",""hard"",""early""]"	"[{""word"":""almost not"",""note"":""意味を表すやさしい言い換え""}]"	[]
300111	3	by oneself	ひとりで、自分だけで	alone; without help	She did her homework by herself.	彼女はひとりで宿題をしました。	adverb phrase	2	3	"[""ひとりで、自分だけで"",""いっしょに"",""ゆっくり"",""すぐに"",""外で""]"	"[""by oneself"",""together"",""slowly"",""soon"",""outside""]"	"[""by oneself"",""by myself"",""by yourself"",""by himself"",""by itself""]"	"[{""word"":""alone"",""note"":""人がひとりでいること""}]"	"[{""word"":""together"",""note"":""いっしょに""}]"
300112	3	moreover	そのうえ、さらに	in addition; also	The bag is cheap. Moreover, it is strong.	そのかばんは安いです。そのうえ、丈夫です。	adverb	4	2	"[""そのうえ、さらに"",""しかし"",""たぶん"",""たとえば"",""ついに""]"	"[""moreover"",""however"",""probably"",""for example"",""finally""]"	"[""moreover"",""however"",""over"",""morning"",""motor""]"	"[{""word"":""besides"",""note"":""そのうえ""},{""word"":""also"",""note"":""より基本的な語""}]"	[]
300113	3	besides	そのうえ、さらに	in addition; also	Besides, I need more time.	その上、私はもっと時間が必要です。	adverb	3	3	"[""そのうえ、さらに"",""しかし"",""たぶん"",""すぐに"",""最後に""]"	"[""besides"",""however"",""maybe"",""soon"",""finally""]"	"[""besides"",""beside"",""because"",""behind"",""between""]"	"[{""word"":""also"",""note"":""より基本的な語""},{""word"":""moreover"",""note"":""ややかたい言い方""}]"	[]
300114	3	I'm sorry.	ごめんなさい	used to say you feel bad for something	I'm sorry for being late.	遅れてごめんなさい。	expression	2	5	"[""ごめんなさい"",""ありがとう"",""おはよう"",""さようなら"",""はじめまして""]"	"[""I'm sorry."",""Thank you."",""Good morning."",""Goodbye."",""Nice to meet you.""]"	"[""I'm sorry."",""I'm hungry."",""I'm ready."",""I'm busy."",""I'm happy.""]"	[]	[]
300115	3	fur	毛、毛皮	the thick hair of an animal	The cat has soft fur.	その猫の毛はやわらかいです。	noun	3	2	"[""毛、毛皮"",""羽"",""しっぽ"",""つめ"",""角""]"	"[""fur"",""feather"",""tail"",""claw"",""horn""]"	"[""fur"",""far"",""fun"",""full"",""four""]"	[]	[]
300116	3	leather	革	material made from animal skin	This bag is made of leather.	このかばんは革でできています。	noun	3	3	"[""革"",""木"",""紙"",""布"",""金属""]"	"[""leather"",""wood"",""paper"",""cloth"",""metal""]"	"[""leather"",""letter"",""feather"",""weather"",""ladder""]"	[]	[]
300117	3	anyone	だれでも、だれか	any person	Anyone can join the game.	だれでもそのゲームに参加できます。	pronoun	2	4	"[""だれでも、だれか"",""みんな"",""特定の人"",""あなた"",""私たち""]"	"[""anyone"",""everyone"",""someone"",""you"",""we""]"	"[""anyone"",""someone"",""everyone"",""anything"",""anyway""]"	[]	[]
300118	3	anything	何でも、何か	any thing or matter	You can ask me anything.	私に何でも聞いていいですよ。	pronoun	2	4	"[""何でも、何か"",""すべて"",""何も～ない"",""だれでも"",""どこでも""]"	"[""anything"",""everything"",""nothing"",""anyone"",""anywhere""]"	"[""anything"",""something"",""everything"",""nothing"",""anyway""]"	[]	[]
300119	3	suburb	郊外	an area outside the center of a city	My family lives in a suburb of Tokyo.	私の家族は東京の郊外に住んでいます。	noun	3	2	"[""郊外"",""都会"",""村"",""駅"",""公園""]"	"[""suburb"",""city"",""village"",""station"",""park""]"	"[""suburb"",""summer"",""supper"",""subject"",""sunset""]"	[]	[]
300120	3	neighborhood	近所	the area near your home	The neighborhood is quiet at night.	その近所は夜は静かです。	noun	3	3	"[""近所"",""学校"",""公園"",""駅"",""店""]"	"[""neighborhood"",""school"",""park"",""station"",""store""]"	"[""neighborhood"",""neighbor"",""needle"",""nature"",""notebook""]"	"[{""word"":""area"",""note"":""より広い意味でも使う""}]"	[]
300121	3	land	陸地	the part of the earth that is not sea	After the long boat trip, we saw land.	長い船旅のあと、私たちは陸地が見えました。	noun	2	4	"[""陸地"",""海"",""川"",""島"",""湖""]"	"[""land"",""sea"",""river"",""island"",""lake""]"	"[""land"",""lamp"",""hand"",""sand"",""last""]"	[]	"[{""word"":""sea"",""note"":""海と対比される語""}]"
300122	3	quarrel	口げんか	an angry argument	They had a quarrel after school.	彼らは放課後に口げんかをしました。	noun	3	2	"[""口げんか"",""約束"",""質問"",""旅行"",""練習""]"	"[""quarrel"",""promise"",""question"",""travel"",""practice""]"	"[""quarrel"",""quarter"",""quiet"",""square"",""color""]"	"[{""word"":""argument"",""note"":""より一般的な「言い争い」""}]"	[]
300123	3	wrist	手首	the part between the hand and the arm	She wore a watch on her wrist.	彼女は手首に腕時計をしていました。	noun	2	2	"[""手首"",""ひじ"",""肩"",""指"",""ひざ""]"	"[""wrist"",""elbow"",""shoulder"",""finger"",""knee""]"	"[""wrist"",""west"",""rest"",""list"",""dress""]"	[]	[]
300124	3	sleeve	そで	the part of clothing that covers an arm	This shirt has long sleeves.	このシャツには長いそでがあります。	noun	2	2	"[""そで"",""えり"",""ボタン"",""ポケット"",""ベルト""]"	"[""sleeve"",""collar"",""button"",""pocket"",""belt""]"	"[""sleeve"",""sleep"",""slide"",""slave"",""sled""]"	[]	[]
300125	3	reach ~	～に着く、～に届く	to arrive at or get to something	We will reach the station soon.	私たちはもうすぐ駅に着きます。	verb	3	4	"[""～に着く、～に届く"",""～から去る"",""～を通る"",""～で止まる"",""～へ戻る""]"	"[""reach ~"",""leave ~"",""pass ~"",""stop at ~"",""return to ~""]"	"[""reach ~"",""teach ~"",""catch ~"",""leave ~"",""return""]"	"[{""word"":""arrive at ~"",""note"":""場所に着くという意味で近い""}]"	"[{""word"":""leave"",""note"":""その場所を去る""}]"
300126	3	culture	文化	the ideas and way of life of a people	I want to learn about Japanese culture.	私は日本の文化について学びたいです。	noun	4	3	"[""文化"",""歴史"",""言語"",""伝統"",""社会""]"	"[""culture"",""history"",""language"",""tradition"",""society""]"	"[""culture"",""future"",""picture"",""teacher"",""nature""]"	[]	[]
300127	3	cultural	文化の	related to culture	We visited a cultural center in the city.	私たちはその町で文化センターを訪れました。	adjective	4	3	"[""文化の"",""歴史の"",""国際的な"",""伝統的な"",""社会の""]"	"[""cultural"",""historical"",""international"",""traditional"",""social""]"	"[""cultural"",""natural"",""central"",""careful"",""colorful""]"	[]	[]
300128	3	as usual	いつものように	in the same way as always	He came to school late as usual.	彼はいつものように学校に遅れて来た。	adverb phrase	3	3	"[""いつものように"",""すぐに"",""ときどき"",""ひとりで"",""ゆっくり""]"	"[""as usual"",""right away"",""sometimes"",""alone"",""slowly""]"	"[""as usual"",""as useful"",""at school"",""as often"",""a student""]"	[]	[]
300129	3	How far is ~?	～はどのくらい遠いですか	used to ask the distance to something	How far is the station from here?	駅はここからどのくらい遠いですか。	expression	3	3	"[""～はどのくらい遠いですか"",""～はどのくらい長いですか"",""～はどのくらい高いですか"",""～はどのくらい重いですか"",""～は何歳ですか""]"	"[""How far is ~?"",""How long is ~?"",""How high is ~?"",""How heavy is ~?"",""How old is ~?""]"	"[""How far is ~?"",""How fast is ~?"",""How hard is ~?"",""How long is ~?"",""How tall is ~?""]"	[]	[]
300130	3	question	質問	something you ask when you want to know	I have a question about this homework.	私はこの宿題について質問があります。	noun	2	4	"[""質問"",""答え"",""意見"",""理由"",""例""]"	"[""question"",""answer"",""opinion"",""reason"",""example""]"	"[""question"",""suggestion"",""station"",""action"",""cushion""]"	[]	"[{""word"":""answer"",""note"":""質問に対する答え""}]"
300131	3	Can you come?	来られますか	used to ask if someone is able to come	Can you come to my party?	私のパーティーに来られますか。	expression	2	4	"[""来られますか"",""知っていますか"",""食べられますか"",""見えますか"",""話せますか""]"	"[""Can you come?"",""Do you know?"",""Can you eat?"",""Can you see?"",""Can you speak?""]"	"[""Can you come?"",""Can you cook?"",""Can you call?"",""Can you go?"",""Can you wait?""]"	[]	[]
300132	3	wonder	～かなと思う、知りたいと思う	to want to know or think about something	I wonder why she is late.	彼女がなぜ遅れているのだろうと思います。	verb	3	3	"[""～かなと思う、知りたいと思う"",""決める"",""説明する"",""忘れる"",""借りる""]"	"[""wonder"",""decide"",""explain"",""forget"",""borrow""]"	"[""wonder"",""window"",""winter"",""under"",""winner""]"	[]	[]
300133	3	interview	面接	a meeting where someone asks you questions	I have a job interview tomorrow.	私は明日、就職の面接があります。	noun	3	3	"[""面接"",""会議"",""試合"",""旅行"",""宿題""]"	"[""interview"",""meeting"",""game"",""travel"",""homework""]"	"[""interview"",""internet"",""interval"",""introduce"",""interest""]"	[]	[]
300134	3	How long is ~?	～はどのくらいの長さですか	used to ask the length of something	How long is this rope?	このロープはどのくらいの長さですか。	expression	2	3	"[""～はどのくらいの長さですか"",""～はどのくらい高いですか"",""～はどのくらい重いですか"",""～はどのくらい大きいですか"",""～はどのくらい深いですか""]"	"[""How long is ~?"",""How high is ~?"",""How heavy is ~?"",""How big is ~?"",""How deep is ~?""]"	"[""How long is ~?"",""How strong is ~?"",""How small is ~?"",""How short is ~?"",""How old is ~?""]"	[]	[]
300135	3	invite A to B	AをBに招待する	to ask someone to come to an event	I will invite Tom to my party.	私はトムを私のパーティーに招待します。	verb phrase	3	3	"[""AをBに招待する"",""AをBに紹介する"",""AをBへ案内する"",""AをBで訪ねる"",""AがBを手伝う""]"	"[""invite A to B"",""introduce A to B"",""guide A to B"",""visit A at B"",""help A with B""]"	"[""invite A to B"",""introduce A to B"",""send A to B"",""take A to B"",""show A to B""]"	[]	[]
300136	3	at the station	駅で	at or near the station	Let's meet at the station.	駅で会いましょう。	prepositional phrase	2	3	"[""駅で"",""学校で"",""公園で"",""図書館で"",""家で""]"	"[""at the station"",""at school"",""at the park"",""at the library"",""at home""]"	"[""at the station"",""at the stadium"",""at the store"",""at the table"",""at the stop""]"	[]	[]
300137	3	on time	時間どおりに	at the planned time	The train arrived on time.	その電車は時間どおりに着きました。	adverb phrase	3	3	"[""時間どおりに"",""ゆっくりと"",""すぐに"",""毎日"",""ひとりで""]"	"[""on time"",""slowly"",""soon"",""daily"",""alone""]"	"[""on time"",""online"",""one time"",""sunshine"",""long time""]"	"[{""word"":""punctually"",""note"":""ややかたい言い方""}]"	"[{""word"":""late"",""note"":""遅れて""}]"
300138	3	finally	ついに	at last after a long time	He finally found his key.	彼はついに鍵を見つけました。	adverb	3	4	"[""ついに"",""たぶん"",""すぐに"",""静かに"",""いつも""]"	"[""finally"",""maybe"",""soon"",""quietly"",""always""]"	"[""finally"",""family"",""friendly"",""finishing"",""really""]"	"[{""word"":""at last"",""note"":""ほぼ同じ意味""}]"	[]
300139	3	meanwhile	その間に	at the same time	I cooked dinner. Meanwhile, my sister set the table.	私は夕食を作りました。その間に、姉は食卓を整えました。	adverb	4	2	"[""その間に"",""突然"",""たぶん"",""たいてい"",""もう一度""]"	"[""meanwhile"",""suddenly"",""maybe"",""usually"",""again""]"	"[""meanwhile"",""main road"",""meal time"",""window"",""midway""]"	"[{""word"":""at the same time"",""note"":""近い意味""}]"	[]
300140	3	conscious	意識がある、気づいている	awake and aware of what is happening	He was conscious after the accident.	彼は事故のあとも意識がありました。	adjective	4	3	"[""意識がある、気づいている"",""眠い"",""静かな"",""安全な"",""有名な""]"	"[""conscious"",""sleepy"",""quiet"",""safe"",""famous""]"	"[""conscious"",""constant"",""concert"",""contact"",""contest""]"	"[{""word"":""awake"",""note"":""眠っていない状態""}]"	"[{""word"":""unconscious"",""note"":""意識がない""}]"
300141	3	prize	賞	something given to a winner	She won the first prize.	彼女は一等賞を取りました。	noun	2	4	"[""賞"",""宿題"",""約束"",""質問"",""景色""]"	"[""prize"",""homework"",""promise"",""question"",""view""]"	"[""prize"",""price"",""pride"",""prime"",""plane""]"	"[{""word"":""award"",""note"":""ややかたい語""}]"	[]
300142	3	tail	しっぽ	the back part of an animal's body	The dog wagged its tail.	その犬はしっぽを振りました。	noun	2	4	"[""しっぽ"",""羽"",""つめ"",""角"",""ひげ""]"	"[""tail"",""wing"",""claw"",""horn"",""whisker""]"	"[""tail"",""tell"",""tall"",""tile"",""take""]"	[]	[]
300143	3	unlucky	運が悪い	having bad luck	He was unlucky in the game.	彼はその試合で運が悪かった。	adjective	3	2	"[""運が悪い"",""運がいい"",""親切な"",""有名な"",""静かな""]"	"[""unlucky"",""lucky"",""kind"",""famous"",""quiet""]"	"[""unlucky"",""lucky"",""hungry"",""sunny"",""happy""]"	"[{""word"":""unfortunate"",""note"":""ややかたい言い方""}]"	"[{""word"":""lucky"",""note"":""運がいい""}]"
300144	3	fault	欠点、誤り	a weakness, problem, or mistake	This plan has one fault.	この計画には一つ欠点がある。	noun	4	2	"[""欠点、誤り"",""利点"",""理由"",""方法"",""結果""]"	"[""fault"",""advantage"",""reason"",""method"",""result""]"	"[""fault"",""salt"",""thought"",""fought"",""fort""]"	"[{""word"":""weak point"",""note"":""弱い点という意味""}]"	"[{""word"":""advantage"",""note"":""よい点""}]"
300145	3	disadvantage	不利な点、欠点	something that makes a situation harder	Living far from school is a disadvantage.	学校から遠くに住むことは不利だ。	noun	4	2	"[""不利な点、欠点"",""有利な点"",""危険"",""習慣"",""目的""]"	"[""disadvantage"",""advantage"",""danger"",""habit"",""purpose""]"	"[""disadvantage"",""advantage"",""distance"",""different"",""discover""]"	[]	"[{""word"":""advantage"",""note"":""有利""}]"
300146	3	luggage	手荷物、荷物	bags and cases for travel	Please put your luggage here.	ここに手荷物を置いてください。	noun	3	3	"[""手荷物、荷物"",""切符"",""地図"",""予約"",""駅員""]"	"[""luggage"",""ticket"",""map"",""reservation"",""clerk""]"	"[""luggage"",""language"",""garage"",""village"",""message""]"	"[{""word"":""baggage"",""note"":""ほぼ同じ意味""}]"	[]
300147	3	fight	けんかする、戦う	to argue or try to hurt someone	The two boys began to fight.	その二人の少年はけんかを始めた。	verb	3	4	"[""けんかする、戦う"",""話す"",""待つ"",""運ぶ"",""集める""]"	"[""fight"",""talk"",""wait"",""carry"",""collect""]"	"[""fight"",""light"",""right"",""night"",""site""]"	[]	"[{""word"":""make peace"",""note"":""争わず仲直りする""}]"
300148	3	belong to ~	～のものである、～に属する	to be owned by someone	This bag belongs to my sister.	このかばんは私の姉のものです。	verb phrase	4	3	"[""～のものである、～に属する"",""～を探す"",""～を必要とする"",""～を訪ねる"",""～を選ぶ""]"	"[""belong to ~"",""look for ~"",""need ~"",""visit ~"",""choose ~""]"	"[""belong to ~"",""bring to ~"",""begin to ~"",""talk to ~"",""listen to ~""]"	[]	[]
300149	3	decrease	減る	to become less	The number of students will decrease next year.	生徒の数は来年減るでしょう。	verb	3	3	"[""減る"",""増える"",""止まる"",""続く"",""変わる""]"	"[""decrease"",""increase"",""stop"",""continue"",""change""]"	"[""decrease"",""deer"",""degree"",""decide"",""release""]"	"[{""word"":""drop"",""note"":""よりくだけた基本語""}]"	"[{""word"":""increase"",""note"":""反対に増える""}]"
300150	3	increase	増える、上がる	to become more	The price will increase next month.	その値段は来月上がるでしょう。	verb	3	3	"[""増える、上がる"",""減る"",""止まる"",""続く"",""変わる""]"	"[""increase"",""decrease"",""stop"",""continue"",""change""]"	"[""increase"",""inside"",""invite"",""include"",""indeed""]"	"[{""word"":""grow"",""note"":""大きくなる・増える""}]"	"[{""word"":""decrease"",""note"":""反対に減る""}]"
300151	3	in time	間に合って	before it is too late	We got to the station in time for the train.	私たちは電車に間に合うように駅に着きました。	adverb phrase	3	3	"[""間に合って"",""時間どおりに"",""すぐに"",""突然"",""ゆっくり""]"	"[""in time"",""on time"",""soon"",""suddenly"",""slowly""]"	"[""in time"",""inside"",""invite"",""into"",""intense""]"	[]	"[{""word"":""late"",""note"":""間に合わずに""}]"
300152	3	trust ~	～を信頼する	to believe that someone is honest and good	I trust my best friend.	私は親友を信頼しています。	verb	3	3	"[""～を信頼する"",""～を疑う"",""～を助ける"",""～を待つ"",""～を選ぶ""]"	"[""trust ~"",""doubt ~"",""help ~"",""wait for ~"",""choose ~""]"	"[""trust ~"",""track ~"",""trick ~"",""dress ~"",""touch ~""]"	"[{""word"":""believe"",""note"":""意味が近いが、trust のほうが人を信頼する感じが強い""}]"	"[{""word"":""doubt"",""note"":""確かだと思わない""}]"
300153	3	own	自分自身の	belonging to oneself	This is my own room.	これは私自身の部屋です。	adjective	3	4	"[""自分自身の"",""共有の"",""新しい"",""大きい"",""大切な""]"	"[""own"",""shared"",""new"",""big"",""important""]"	"[""own"",""open"",""old"",""only"",""home""]"	[]	[]
300154	3	bow to ~	～におじぎをする	to bend forward to show respect	We bow to the teacher.	私たちは先生におじぎをします。	verb phrase	4	2	"[""～におじぎをする"",""～に手を振る"",""～の前に座る"",""～へ走る"",""～に笑う""]"	"[""bow to ~"",""wave to ~"",""sit before ~"",""run to ~"",""smile at ~""]"	"[""bow to ~"",""go to ~"",""talk to ~"",""walk to ~"",""show to ~""]"	[]	[]
300155	3	international	国際的な	between or among countries	English is an international language.	英語は国際的な言語です。	adjective	3	3	"[""国際的な"",""国内の"",""有名な"",""伝統的な"",""重要な""]"	"[""international"",""domestic"",""famous"",""traditional"",""important""]"	"[""international"",""interested"",""internet"",""interview"",""natural""]"	"[{""word"":""global"",""note"":""より広く世界全体の意味""}]"	"[{""word"":""domestic"",""note"":""国内の""}]"
300156	3	festival	祭り	a special event with fun activities	We enjoyed the summer festival.	私たちは夏祭りを楽しみました。	noun	2	3	"[""祭り"",""試合"",""会議"",""旅行"",""授業""]"	"[""festival"",""game"",""meeting"",""trip"",""class""]"	"[""festival"",""hospital"",""vegetable"",""special"",""visitor""]"	[]	[]
300157	3	war	戦争	fighting between countries or groups	The two countries were at war.	その二つの国は戦争状態にありました。	noun	2	3	"[""戦争"",""平和"",""試合"",""計画"",""約束""]"	"[""war"",""peace"",""game"",""plan"",""promise""]"	"[""war"",""word"",""work"",""walk"",""world""]"	"[{""word"":""fight"",""note"":""war より広く「けんか・戦い」""}]"	"[{""word"":""peace"",""note"":""平和""}]"
300158	3	loose	ゆるい	not tight	These shoes are too loose for me.	このくつは私にはゆるすぎます。	adjective	3	3	"[""ゆるい"",""きつい"",""重い"",""軽い"",""新しい""]"	"[""loose"",""tight"",""heavy"",""light"",""new""]"	"[""loose"",""lose"",""loop"",""room"",""roof""]"	[]	"[{""word"":""tight"",""note"":""「きつい、しっかり締まった」""}]"
300159	3	event	行事、出来事	something important that happens	Our school has a sports event in October.	私たちの学校は10月にスポーツ行事があります。	noun	3	3	"[""行事、出来事"",""試合"",""旅行"",""宿題"",""約束""]"	"[""event"",""game"",""trip"",""homework"",""promise""]"	"[""event"",""even"",""invent"",""elephant"",""every""]"	"[{""word"":""occasion"",""note"":""ややかたい語""}]"	[]
300160	3	rock	岩	a large hard stone	The boy sat on a big rock.	その少年は大きな岩の上に座りました。	noun	2	4	"[""岩"",""砂"",""土"",""木"",""草""]"	"[""rock"",""sand"",""soil"",""wood"",""grass""]"	"[""rock"",""lock"",""sock"",""rod"",""rocket""]"	"[{""word"":""stone"",""note"":""stone のほうが一般的に小さい""}]"	[]
300161	3	major	主要な	very important or main	Rice is a major food in Japan.	米は日本の主要な食べ物です。	adjective	3	3	"[""主要な"",""有名な"",""特別な"",""簡単な"",""安全な""]"	"[""major"",""famous"",""special"",""easy"",""safe""]"	"[""major"",""maker"",""meter"",""mayor"",""nature""]"	"[{""word"":""main"",""note"":""「主な」の意味で近い""}]"	"[{""word"":""minor"",""note"":""より小さい・重要でない""}]"
300162	3	large	大きい	big in size	They have a large dog.	彼らは大きい犬を飼っています。	adjective	2	4	"[""大きい"",""小さい"",""長い"",""重い"",""広い""]"	"[""large"",""small"",""long"",""heavy"",""wide""]"	"[""large"",""charge"",""park"",""dark"",""long""]"	"[{""word"":""big"",""note"":""いちばん基本的な類義語""}]"	"[{""word"":""small"",""note"":""大きさが反対""}]"
300163	3	loud	大きな音の、うるさい	making a strong or high sound	The music is too loud.	その音楽はうるさすぎます。	adjective	2	4	"[""大きな音の、うるさい"",""静かな"",""速い"",""暗い"",""熱い""]"	"[""loud"",""quiet"",""fast"",""dark"",""hot""]"	"[""loud"",""cloud"",""round"",""land"",""load""]"	"[{""word"":""noisy"",""note"":""音が多くてうるさい""}]"	"[{""word"":""quiet"",""note"":""音が小さい・静かな""}]"
300164	3	wide	広い	having a large distance from side to side	This road is very wide.	この道はとても広いです。	adjective	3	3	"[""広い"",""狭い"",""長い"",""高い"",""深い""]"	"[""wide"",""narrow"",""long"",""high"",""deep""]"	"[""wide"",""white"",""ride"",""wine"",""wake""]"	"[{""word"":""broad"",""note"":""ややかたいが「広い」""}]"	"[{""word"":""narrow"",""note"":""幅が狭い""}]"
300165	3	loudly	大声で、大きな音で	in a way that makes a lot of sound	He spoke loudly in the room.	彼は部屋で大声で話しました。	adverb	3	3	"[""大声で、大きな音で"",""静かに"",""速く"",""ゆっくり"",""上手に""]"	"[""loudly"",""quietly"",""fast"",""slowly"",""well""]"	"[""loudly"",""lightly"",""roundly"",""cloudy"",""proudly""]"	[]	"[{""word"":""quietly"",""note"":""静かな声で""}]"
300166	3	stadium	競技場	a large place for sports games	Many people went to the stadium.	多くの人が競技場へ行きました。	noun	3	2	"[""競技場"",""図書館"",""駅"",""公園"",""博物館""]"	"[""stadium"",""library"",""station"",""park"",""museum""]"	"[""stadium"",""station"",""student"",""medium"",""radio""]"	[]	[]
300167	3	typhoon	台風	a very strong storm with heavy wind and rain	A typhoon is coming this weekend.	今週末、台風が来ます。	noun	3	2	"[""台風"",""地震"",""洪水"",""雷"",""雪""]"	"[""typhoon"",""earthquake"",""flood"",""thunder"",""snow""]"	"[""typhoon"",""tycoon"",""ticket"",""tyler"",""table""]"	"[{""word"":""storm"",""note"":""より広い意味の「嵐」""}]"	[]
300168	3	tie ~	～を結ぶ	to fasten something with string or rope	Please tie your shoes.	くつひもを結んでください。	verb	2	3	"[""～を結ぶ"",""～を切る"",""～を開ける"",""～を押す"",""～を運ぶ""]"	"[""tie ~"",""cut ~"",""open ~"",""push ~"",""carry ~""]"	"[""tie ~"",""try ~"",""type ~"",""take ~"",""turn ~""]"	"[{""word"":""fasten"",""note"":""少しかたい語""}]"	"[{""word"":""untie"",""note"":""ひもなどをほどく""}]"
300169	3	feather	羽	one of the soft light parts covering a bird	I found a white feather in the park.	私は公園で白い羽を見つけました。	noun	3	2	"[""羽"",""毛皮"",""しっぽ"",""くちばし"",""つめ""]"	"[""feather"",""fur"",""tail"",""beak"",""claw""]"	"[""feather"",""father"",""weather"",""leather"",""feature""]"	[]	[]
300170	3	nest	巣	a home made by a bird	There are three eggs in the nest.	その巣には卵が3つあります。	noun	3	3	"[""巣"",""羽"",""くちばし"",""卵"",""森""]"	"[""nest"",""feather"",""beak"",""egg"",""forest""]"	"[""nest"",""next"",""net"",""rest"",""best""]"	[]	[]
300171	3	beak	くちばし	the hard mouth of a bird	The bird has a long beak.	その鳥は長いくちばしを持っています。	noun	3	2	"[""くちばし"",""羽"",""巣"",""しっぽ"",""つめ""]"	"[""beak"",""feather"",""nest"",""tail"",""claw""]"	"[""beak"",""peak"",""bean"",""bike"",""back""]"	[]	[]
300172	3	oil	油	a thick liquid used in cooking or machines	My mother put oil in the pan.	母はフライパンに油を入れました。	noun	3	4	"[""油"",""水"",""牛乳"",""砂糖"",""塩""]"	"[""oil"",""water"",""milk"",""sugar"",""salt""]"	"[""oil"",""boil"",""all"",""old"",""owl""]"	[]	[]
300173	3	health	健康	the condition of your body and mind	Walking is good for your health.	歩くことはあなたの健康によいです。	noun	3	3	"[""健康"",""病気"",""運動"",""食事"",""習慣""]"	"[""health"",""disease"",""exercise"",""meal"",""habit""]"	"[""health"",""help"",""heart"",""house"",""hand""]"	[]	[]
300174	3	healthy	健康な	well and not sick	She is healthy because she exercises every day.	彼女は毎日運動するので健康です。	adjective	3	3	"[""健康な"",""病気の"",""強い"",""親切な"",""静かな""]"	"[""healthy"",""sick"",""strong"",""kind"",""quiet""]"	"[""healthy"",""wealthy"",""heavy"",""happy"",""helpful""]"	"[{""word"":""fit"",""note"":""体が健康で元気な""}]"	"[{""word"":""sick"",""note"":""病気の状態""}]"
300175	3	skin	皮膚	the outer part of a person's or animal's body	My skin gets dry in winter.	私の皮膚は冬に乾燥します。	noun	3	3	"[""皮膚"",""骨"",""血"",""髪"",""歯""]"	"[""skin"",""bone"",""blood"",""hair"",""tooth""]"	"[""skin"",""skirt"",""skip"",""sky"",""spin""]"	[]	[]
300176	3	textbook	教科書	a book used for studying at school	I forgot my textbook at school.	私は教科書を学校に忘れました。	noun	3	3	"[""教科書"",""辞書"",""小説"",""雑誌"",""地図""]"	"[""textbook"",""dictionary"",""novel"",""magazine"",""map""]"	"[""textbook"",""test"",""notebook"",""desk"",""ticket""]"	[]	[]
300177	3	guidebook	案内書	a book with information for travelers or visitors	We bought a guidebook for Kyoto.	私たちは京都の案内書を買いました。	noun	4	2	"[""案内書"",""教科書"",""辞書"",""日記"",""新聞""]"	"[""guidebook"",""textbook"",""dictionary"",""diary"",""newspaper""]"	"[""guidebook"",""good"",""girl"",""game"",""gate""]"	[]	[]
300178	3	encyclopedia	百科事典	a book that gives information about many things	I looked it up in the encyclopedia.	私はそれを百科事典で調べました。	noun	5	2	"[""百科事典"",""辞書"",""教科書"",""小説"",""雑誌""]"	"[""encyclopedia"",""dictionary"",""textbook"",""novel"",""magazine""]"	"[""encyclopedia"",""engineer"",""energy"",""end"",""enter""]"	[]	[]
300179	3	reservation	予約	an arrangement to keep a seat or room	I made a reservation for dinner.	私は夕食の予約をしました。	noun	3	3	"[""予約"",""注文"",""案内"",""計画"",""準備""]"	"[""reservation"",""order"",""guidance"",""plan"",""preparation""]"	"[""reservation"",""presentation"",""vacation"",""celebration"",""relation""]"	"[{""word"":""booking"",""note"":""特に席や部屋の予約で使う""}]"	[]
300180	3	manager	支配人、管理者	a person who leads a business or team	The manager helped us at the hotel.	その支配人はホテルで私たちを助けてくれました。	noun	2	3	"[""支配人、管理者"",""店員"",""客"",""医者"",""運転手""]"	"[""manager"",""clerk"",""customer"",""doctor"",""driver""]"	"[""manager"",""message"",""major"",""manner"",""danger""]"	"[{""word"":""boss"",""note"":""よりくだけた言い方""}]"	[]
300181	3	A as well as B	BだけでなくAも	A in addition to B	She plays tennis as well as soccer.	彼女はサッカーだけでなくテニスもします。	conjunction phrase	3	3	"[""BだけでなくAも"",""Aの前にB"",""AのあとでB"",""Aの間にB"",""AのためにB""]"	"[""A as well as B"",""B before A"",""B after A"",""B during A"",""B for A""]"	"[""A as well as B"",""as long as B"",""as soon as B"",""all of A and B"",""always A and B""]"	"[{""word"":""and also"",""note"":""よりやさしい言い方""}]"	[]
300182	3	chin	あご	the part of your face below your mouth	He touched his chin with his hand.	彼は手であごに触れた。	noun	3	3	"[""あご"",""ひざ"",""ひじ"",""くび"",""ほお""]"	"[""chin"",""knee"",""elbow"",""neck"",""cheek""]"	"[""chin"",""chain"",""cheek"",""chip"",""shin""]"	[]	[]
300183	3	square	正方形	a shape with four equal sides	Draw a square on the paper.	紙に正方形をかきなさい。	noun	3	3	"[""正方形"",""三角形"",""円"",""長方形"",""星""]"	"[""square"",""triangle"",""circle"",""rectangle"",""star""]"	"[""square"",""stair"",""skirt"",""school"",""score""]"	[]	[]
300184	3	cage	おり	a place made of bars for keeping animals or birds	The bird is in the cage.	その鳥はおりの中にいる。	noun	3	2	"[""おり"",""巣"",""池"",""小屋"",""庭""]"	"[""cage"",""nest"",""pond"",""shed"",""yard""]"	"[""cage"",""cake"",""case"",""page"",""gate""]"	[]	[]
300185	3	courage	勇気	the ability to do something brave	She showed great courage in the game.	彼女はその試合で大きな勇気を見せた。	noun	3	3	"[""勇気"",""希望"",""努力"",""平和"",""約束""]"	"[""courage"",""hope"",""effort"",""peace"",""promise""]"	"[""courage"",""college"",""carrot"",""corner"",""cottage""]"	"[{""word"":""bravery"",""note"":""より直接的に「勇敢さ」""}]"	"[{""word"":""fear"",""note"":""おそれ""}]"
300186	3	heroine	女性の主人公、ヒロイン	the main female character in a story	She is the heroine of this movie.	彼女はこの映画のヒロインです。	noun	3	2	"[""女性の主人公、ヒロイン"",""男性の主人公"",""女優"",""王女"",""少女""]"	"[""heroine"",""hero"",""actress"",""princess"",""girl""]"	"[""heroine"",""hero"",""helium"",""holiday"",""yellow""]"	[]	[]
300187	3	destroy	こわす	to damage something very badly	The fire destroyed the old house.	その火事は古い家をこわした。	verb	3	3	"[""こわす"",""建てる"",""運ぶ"",""見つける"",""集める""]"	"[""destroy"",""build"",""carry"",""find"",""collect""]"	"[""destroy"",""decide"",""describe"",""design"",""display""]"	"[{""word"":""break"",""note"":""destroy より基本的で広い意味""}]"	"[{""word"":""build"",""note"":""建てる""}]"
300188	3	lung	肺	one of the organs used for breathing	Smoking is bad for your lungs.	喫煙は肺に悪いです。	noun	3	3	"[""肺"",""心臓"",""胃"",""脳"",""骨""]"	"[""lung"",""heart"",""stomach"",""brain"",""bone""]"	"[""lung"",""long"",""rang"",""run"",""land""]"	[]	[]
300189	3	gather	集める	to bring things or people together	Please gather the books on the desk.	机の上の本を集めてください。	verb	4	3	"[""集める"",""運ぶ"",""数える"",""開ける"",""洗う""]"	"[""gather"",""carry"",""count"",""open"",""wash""]"	"[""gather"",""father"",""garden"",""getter"",""rather""]"	"[{""word"":""collect"",""note"":""物を集めるときによく使う""}]"	[]
300190	3	however	しかし	used to show a contrast	I was tired; however, I finished my homework.	私は疲れていました。しかし、宿題を終えました。	adverb	3	4	"[""しかし"",""だから"",""そして"",""たぶん"",""すぐに""]"	"[""however"",""therefore"",""and"",""maybe"",""soon""]"	"[""however"",""whoever"",""hover"",""how"",""hour""]"	"[{""word"":""but"",""note"":""howeverより口語的""}]"	[]
300191	3	trade	貿易	buying and selling goods between people or countries	Japan does a lot of trade with other countries.	日本はほかの国々とたくさんの貿易をしています。	noun	3	3	"[""貿易"",""旅行"",""会話"",""試合"",""宿題""]"	"[""trade"",""travel"",""talk"",""game"",""homework""]"	"[""trade"",""train"",""tray"",""grade"",""tried""]"	"[{""word"":""business"",""note"":""より広い意味で「商売」""}]"	[]
300192	3	possible	可能な	able to be done or to happen	Is it possible to finish this today?	これを今日終えることは可能ですか。	adjective	3	4	"[""可能な"",""必要な"",""有名な"",""簡単な"",""安全な""]"	"[""possible"",""necessary"",""famous"",""easy"",""safe""]"	"[""possible"",""popular"",""powerful"",""careful"",""special""]"	[]	"[{""word"":""impossible"",""note"":""「不可能な」""}]"
300193	3	dangerous	危険な	not safe and likely to cause harm	It is dangerous to swim here.	ここで泳ぐのは危険です。	adjective	3	4	"[""危険な"",""静かな"",""有名な"",""親切な"",""簡単な""]"	"[""dangerous"",""quiet"",""famous"",""kind"",""easy""]"	"[""dangerous"",""generous"",""different"",""delicious"",""curious""]"	[]	"[{""word"":""safe"",""note"":""安全な""}]"
300194	3	impossible	不可能な	not able to happen or be done	It is impossible to finish this in an hour.	これを1時間で終えるのは不可能です。	adjective	3	3	"[""不可能な"",""重要な"",""危険な"",""簡単な"",""有名な""]"	"[""impossible"",""important"",""dangerous"",""easy"",""famous""]"	"[""impossible"",""important"",""impolite"",""improve"",""imagine""]"	[]	"[{""word"":""possible"",""note"":""できる、起こりうる""}]"
300195	3	call off ~	～を中止する	to stop an event or plan	They called off the game because of rain.	彼らは雨のため試合を中止しました。	phrasal verb	4	3	"[""～を中止する"",""～を計画する"",""～を始める"",""～を続ける"",""～を説明する""]"	"[""call off ~"",""plan ~"",""start ~"",""continue ~"",""explain ~""]"	"[""call off ~"",""cut off ~"",""turn off ~"",""carry on ~"",""call up ~""]"	"[{""word"":""cancel"",""note"":""予定などを取り消す""}]"	[]
300196	3	deaf	耳が聞こえない	unable to hear well or at all	The old dog is deaf now.	その年をとった犬は今、耳が聞こえません。	adjective	4	2	"[""耳が聞こえない"",""目が見えない"",""疲れた"",""静かな"",""病気の""]"	"[""deaf"",""blind"",""tired"",""quiet"",""sick""]"	"[""deaf"",""deep"",""death"",""desk"",""safe""]"	[]	[]
300197	3	blind	目の見えない	unable to see	The blind man walked with a dog.	その目の見えない男性は犬と一緒に歩いた。	adjective	3	3	"[""目の見えない"",""若い"",""忙しい"",""有名な"",""親切な""]"	"[""blind"",""young"",""busy"",""famous"",""kind""]"	"[""blind"",""bland"",""blue"",""bring"",""bright""]"	[]	"[{""word"":""sighted"",""note"":""目が見える""}]"
300198	3	vehicle	乗り物	something used for carrying people or things	This vehicle can carry many people.	この乗り物は多くの人を運べます。	noun	4	2	"[""乗り物"",""建物"",""道具"",""荷物"",""機械""]"	"[""vehicle"",""building"",""tool"",""baggage"",""machine""]"	"[""vehicle"",""visitor"",""violin"",""vacant"",""visual""]"	[]	[]
300199	3	perform	演じる、上演する	to act, play, or do something in front of people	They will perform on the school stage.	彼らは学校の舞台で演じます。	verb	4	2	"[""演じる、上演する"",""集める"",""選ぶ"",""運ぶ"",""調べる""]"	"[""perform"",""collect"",""choose"",""carry"",""check""]"	"[""perform"",""perfect"",""prepare"",""protect"",""prefer""]"	"[{""word"":""act"",""note"":""劇などで演じる""}]"	[]
300200	3	traffic	交通、交通量	cars, buses, and other vehicles on a road	There is a lot of traffic this morning.	今朝は交通量がとても多いです。	noun	3	3	"[""交通、交通量"",""天気"",""旅行"",""事故"",""地図""]"	"[""traffic"",""weather"",""travel"",""accident"",""map""]"	"[""traffic"",""tragic"",""travel"",""topic"",""tropic""]"	[]	[]
300201	3	surprising	驚くような、意外な	making you feel surprised	The news was surprising to everyone.	その知らせはみんなにとって驚くようなものでした。	adjective	4	2	"[""驚くような、意外な"",""退屈な"",""有名な"",""危険な"",""親切な""]"	"[""surprising"",""boring"",""famous"",""dangerous"",""kind""]"	"[""surprising"",""sunrise"",""supporting"",""supplies"",""survive""]"	"[{""word"":""amazing"",""note"":""より強く「すごい」の意味でも使う""}]"	[]
300202	3	wheelchair	車いす	a chair with wheels for someone who cannot walk	My grandfather uses a wheelchair.	私の祖父は車いすを使っています。	noun	4	2	"[""車いす"",""自転車"",""机"",""かばん"",""階段""]"	"[""wheelchair"",""bicycle"",""desk"",""bag"",""stairs""]"	"[""wheelchair"",""window"",""welcome"",""whistle"",""weekday""]"	[]	[]
300203	3	risk	危険、危険性	the possibility that something bad may happen	There is a risk of flooding here.	ここでは洪水の危険があります。	noun	3	3	"[""危険、危険性"",""安全"",""機会"",""計画"",""結果""]"	"[""risk"",""safety"",""chance"",""plan"",""result""]"	"[""risk"",""rice"",""ring"",""rich"",""rest""]"	"[{""word"":""danger"",""note"":""より直接的な「危険」""}]"	"[{""word"":""safety"",""note"":""安全という反対の意味""}]"
300204	3	turn left	左に曲がる	to change direction to the left	Turn left at the next corner.	次の角を左に曲がってください。	verb phrase	2	4	"[""左に曲がる"",""右に曲がる"",""まっすぐ行く"",""止まる"",""戻る""]"	"[""turn left"",""turn right"",""go straight"",""stop"",""go back""]"	"[""turn left"",""turn right"",""go left"",""keep left"",""look left""]"	[]	"[{""word"":""turn right"",""note"":""反対の方向に曲がる""}]"
300205	3	turn right	右に曲がる	to change direction to the right	Turn right at the bank.	銀行のところを右に曲がってください。	verb phrase	2	4	"[""右に曲がる"",""左に曲がる"",""まっすぐ行く"",""止まる"",""戻る""]"	"[""turn right"",""turn left"",""go straight"",""stop"",""go back""]"	"[""turn right"",""turn light"",""go right"",""walk right"",""move right""]"	[]	"[{""word"":""turn left"",""note"":""反対の方向に曲がる""}]"
300206	3	translate	翻訳する	to change words into another language	Can you translate this letter into Japanese?	この手紙を日本語に翻訳できますか。	verb	3	3	"[""翻訳する"",""説明する"",""練習する"",""借りる"",""選ぶ""]"	"[""translate"",""explain"",""practice"",""borrow"",""choose""]"	"[""translate"",""transport"",""transition"",""tradition"",""transfer""]"	[]	[]
300207	3	movement	動き、動作	a change in position or place	I saw movement behind the curtain.	私はカーテンの後ろに動きを見ました。	noun	3	2	"[""動き、動作"",""音"",""色"",""形"",""光""]"	"[""movement"",""sound"",""color"",""shape"",""light""]"	"[""movement"",""moment"",""movie"",""mountain"",""music""]"	[]	[]
300208	3	move	動く、動かす	to change place or position	Please move this chair to the window.	このいすを窓のところへ動かしてください。	verb	2	4	"[""動く、動かす"",""止まる"",""押す"",""引く"",""運ぶ""]"	"[""move"",""stop"",""push"",""pull"",""carry""]"	"[""move"",""moon"",""mood"",""mouth"",""music""]"	[]	"[{""word"":""stop"",""note"":""動くの反対""}]"
300209	3	by the way	ところで	used when you change the subject a little	By the way, where is my bag?	ところで、私のかばんはどこですか。	expression	3	3	"[""ところで"",""たとえば"",""もちろん"",""そのあとで"",""はじめに""]"	"[""by the way"",""for example"",""of course"",""after that"",""at first""]"	"[""by the way"",""right away"",""by the door"",""all the way"",""find a way""]"	[]	[]
300210	3	compare	比べる	to look for similarities and differences	Let's compare these two pictures.	この2枚の絵を比べましょう。	verb	4	3	"[""比べる"",""選ぶ"",""数える"",""集める"",""運ぶ""]"	"[""compare"",""choose"",""count"",""collect"",""carry""]"	"[""compare"",""complete"",""computer"",""company"",""compass""]"	[]	[]
300211	3	thermometer	温度計、体温計	a tool for measuring temperature	The nurse used a thermometer.	看護師は体温計を使いました。	noun	4	2	"[""温度計、体温計"",""時計"",""地図"",""辞書"",""体重計""]"	"[""thermometer"",""clock"",""map"",""dictionary"",""scale""]"	"[""thermometer"",""term"",""teacher"",""telephone"",""tomato""]"	[]	[]
300212	3	weigh	重さを量る	to find how heavy something is	Please weigh the bag.	そのかばんの重さを量ってください。	verb	3	3	"[""重さを量る"",""長さを測る"",""選ぶ"",""運ぶ"",""洗う""]"	"[""weigh"",""measure"",""pick"",""carry"",""wash""]"	"[""weigh"",""wave"",""wake"",""wait"",""wing""]"	[]	[]
300213	3	measure	測る	to find the size or amount of something	We measured the length of the table.	私たちはそのテーブルの長さを測りました。	verb	3	3	"[""測る"",""重さを量る"",""選ぶ"",""押す"",""洗う""]"	"[""measure"",""weigh"",""pick"",""push"",""wash""]"	"[""measure"",""treasure"",""pleasure"",""message"",""major""]"	[]	[]
300214	3	pick	選ぶ	to choose one thing from others	Pick a card, please.	カードを1枚選んでください。	verb	2	4	"[""選ぶ"",""重さを量る"",""長さを測る"",""押す"",""洗う""]"	"[""pick"",""weigh"",""measure"",""push"",""wash""]"	"[""pick"",""pig"",""pink"",""kick"",""pack""]"	"[{""word"":""choose"",""note"":""より一般的な語""}]"	[]
300215	3	round	丸い	having the shape of a circle	The table is round.	そのテーブルは丸いです。	adjective	3	3	"[""丸い"",""四角い"",""長い"",""短い"",""重い""]"	"[""round"",""square"",""long"",""short"",""heavy""]"	"[""round"",""road"",""room"",""sound"",""ground""]"	"[{""word"":""circular"",""note"":""ややかたい言い方""}]"	"[{""word"":""square"",""note"":""形が四角い""}]"
300216	3	grade	学年	a level in school	My sister is in the sixth grade.	私の姉は6年生です。	noun	3	3	"[""学年"",""教室"",""科目"",""試験"",""宿題""]"	"[""grade"",""classroom"",""subject"",""test"",""homework""]"	"[""grade"",""great"",""glad"",""grass"",""gray""]"	[]	[]
300217	3	appear	現れる	to come into sight	A rainbow appeared in the sky.	空に虹が現れました。	verb	4	3	"[""現れる"",""消える"",""動く"",""集まる"",""続く""]"	"[""appear"",""disappear"",""move"",""gather"",""continue""]"	"[""appear"",""apple"",""open"",""above"",""afraid""]"	"[{""word"":""show up"",""note"":""口語で『現れる』""}]"	"[{""word"":""disappear"",""note"":""見えなくなる""}]"
300218	3	be born	生まれる	to come into life at birth	I was born in Tokyo.	私は東京で生まれました。	verb phrase	3	4	"[""生まれる"",""育つ"",""住む"",""始まる"",""集まる""]"	"[""be born"",""grow up"",""live"",""begin"",""gather""]"	"[""be born"",""be bored"",""be warm"",""be gone"",""become""]"	[]	[]
300219	3	approach	近づく	to come near someone or something	The storm is approaching the city.	嵐がその町に近づいています。	verb	5	3	"[""近づく"",""離れる"",""止まる"",""曲がる"",""通る""]"	"[""approach"",""leave"",""stop"",""turn"",""pass""]"	"[""approach"",""around"",""afraid"",""arrive"",""agree""]"	"[{""word"":""come near"",""note"":""よりやさしい言い方""}]"	"[{""word"":""move away"",""note"":""離れていく""}]"
300220	3	contact ~	～に連絡する	to communicate with someone	Please contact me by email.	メールで私に連絡してください。	verb	4	4	"[""～に連絡する"",""～を訪ねる"",""～を待つ"",""～を手伝う"",""～を招待する""]"	"[""contact ~"",""visit ~"",""wait for ~"",""help ~"",""invite ~""]"	"[""contact ~"",""connect ~"",""contract ~"",""invite ~"",""visit ~""]"	"[{""word"":""call ~"",""note"":""電話で連絡する場合に近い""}]"	[]
300221	3	contest	コンテスト	a competition to find the best person or thing	She won the speech contest.	彼女はスピーチコンテストで優勝しました。	noun	3	3	"[""コンテスト"",""試合"",""会議"",""旅行"",""宿題""]"	"[""contest"",""match"",""meeting"",""trip"",""homework""]"	"[""contest"",""context"",""contact"",""concert"",""constant""]"	"[{""word"":""competition"",""note"":""より一般的な『競争・競技会』""}]"	[]
300222	3	digital	デジタルの	using computer or electronic technology	I use a digital camera.	私はデジタルカメラを使います。	adjective	4	3	"[""デジタルの"",""自然の"",""伝統的な"",""個人的な"",""危険な""]"	"[""digital"",""natural"",""traditional"",""personal"",""dangerous""]"	"[""digital"",""difficult"",""different"",""direct"",""dinner""]"	[]	"[{""word"":""analog"",""note"":""デジタルではなくアナログ""}]"
300223	3	bottle	びん	a container for drinks or other liquids	There is a bottle on the table.	テーブルの上にびんがあります。	noun	2	4	"[""びん"",""箱"",""皿"",""袋"",""かご""]"	"[""bottle"",""box"",""plate"",""bag"",""basket""]"	"[""bottle"",""bottom"",""button"",""battle"",""little""]"	[]	[]
300224	3	be filled with ~	～でいっぱいである	to have a lot of something inside	The box was filled with old books.	その箱は古い本でいっぱいでした。	adjective phrase	3	3	"[""～でいっぱいである"",""～に近い"",""～から遠い"",""～と同じである"",""～の前にある""]"	"[""be filled with ~"",""be close to ~"",""be far from ~"",""be the same as ~"",""be in front of ~""]"	"[""be filled with ~"",""be full of ~"",""be familiar with ~"",""be finished with ~"",""be far from ~""]"	"[{""word"":""full of"",""note"":""より基本的な言い方""}]"	"[{""word"":""be empty"",""note"":""空である""}]"
300225	3	last	最後の	coming after all others	I got on the last train home.	私は家に帰る最後の電車に乗りました。	adjective	2	5	"[""最後の"",""最初の"",""次の"",""前の"",""早い""]"	"[""last"",""first"",""next"",""previous"",""early""]"	"[""last"",""fast"",""lost"",""list"",""lamp""]"	"[{""word"":""final"",""note"":""ややかたい言い方""}]"	"[{""word"":""first"",""note"":""順番が反対""}]"
300226	3	still	まだ	up to now; even now	She is still in her room.	彼女はまだ自分の部屋にいます。	adverb	2	5	"[""まだ"",""もう"",""すぐに"",""いつも"",""たぶん""]"	"[""still"",""already"",""soon"",""always"",""maybe""]"	"[""still"",""skill"",""spill"",""stand"",""stone""]"	"[{""word"":""yet"",""note"":""否定文・疑問文でよく使う""}]"	"[{""word"":""already"",""note"":""「もう」の意味で反対になりやすい""}]"
300227	3	manage to do	なんとか～する	to succeed in doing something difficult	I managed to finish the job alone.	私はなんとか一人でその仕事を終えました。	verb phrase	3	3	"[""なんとか～する"",""～を集める"",""～を選ぶ"",""～を比べる"",""～を続ける""]"	"[""manage to do"",""collect ~"",""choose ~"",""compare ~"",""continue ~""]"	"[""manage to do"",""need to do"",""plan to do"",""want to do"",""learn to do""]"	"[{""word"":""handle"",""note"":""少し難しいが「うまく対処する」""}]"	"[{""word"":""fail"",""note"":""うまくできない""}]"
300228	3	boil	ゆでる	to cook something in hot water	Please boil the eggs for breakfast.	朝食のために卵をゆでてください。	verb	2	3	"[""ゆでる"",""焼く"",""切る"",""混ぜる"",""洗う""]"	"[""boil"",""bake"",""cut"",""mix"",""wash""]"	"[""boil"",""ball"",""bowl"",""boy"",""bone""]"	"[{""word"":""cook"",""note"":""広い意味の「料理する」""}]"	[]
300229	3	exactly	ちょうど	in a completely correct way; just	That is exactly what I wanted.	それはちょうど私がほしかったものです。	adverb	3	3	"[""ちょうど"",""たぶん"",""すぐに"",""ゆっくり"",""たいてい""]"	"[""exactly"",""probably"",""soon"",""slowly"",""usually""]"	"[""exactly"",""excited"",""active"",""actually"",""carefully""]"	"[{""word"":""just"",""note"":""文脈によっては近い意味""}]"	"[{""word"":""roughly"",""note"":""おおよそ""}]"
300230	3	fare	運賃	the money paid for a bus, train, or taxi	The bus fare is 200 yen.	そのバスの運賃は200円です。	noun	3	3	"[""運賃"",""値段"",""料金"",""家賃"",""費用""]"	"[""fare"",""price"",""fee"",""rent"",""cost""]"	"[""fare"",""farm"",""fire"",""fear"",""far""]"	[]	[]
300231	3	price	値段	the amount of money for something	The price of this bag is high.	このかばんの値段は高いです。	noun	2	5	"[""値段"",""運賃"",""家賃"",""重さ"",""大きさ""]"	"[""price"",""fare"",""rent"",""weight"",""size""]"	"[""price"",""prize"",""place"",""practice"",""pride""]"	"[{""word"":""cost"",""note"":""ふつうの「費用・値段」""}]"	[]
300232	3	nation	国家	a country and its people	Japan is a peaceful nation.	日本は平和な国家です。	noun	4	3	"[""国家"",""都市"",""村"",""地域"",""島""]"	"[""nation"",""city"",""village"",""area"",""island""]"	"[""nation"",""station"",""notion"",""native"",""nature""]"	"[{""word"":""country"",""note"":""より基本的な語""}]"	[]
300233	3	wrap	包む	to cover something with paper or cloth	Please wrap this gift for me.	この贈り物を包んでください。	verb	3	3	"[""包む"",""開ける"",""切る"",""運ぶ"",""洗う""]"	"[""wrap"",""open"",""cut"",""carry"",""wash""]"	"[""wrap"",""rope"",""map"",""trap"",""rub""]"	"[{""word"":""cover"",""note"":""広くおおう意味""}]"	"[{""word"":""unwrap"",""note"":""包みをほどく""}]"
300234	3	accident	事故	something bad that happens by chance	He had a car accident yesterday.	彼は昨日、車の事故にあいました。	noun	3	3	"[""事故"",""試合"",""約束"",""旅行"",""質問""]"	"[""accident"",""game"",""promise"",""trip"",""question""]"	"[""accident"",""incident"",""excellent"",""active"",""account""]"	[]	[]
300235	3	artist	芸術家	a person who makes art	My sister wants to be an artist.	私の姉は芸術家になりたがっています。	noun	2	3	"[""芸術家"",""医者"",""歌手"",""先生"",""選手""]"	"[""artist"",""doctor"",""singer"",""teacher"",""player""]"	"[""artist"",""article"",""army"",""August"",""office""]"	[]	[]
300236	3	scream	叫ぶ	to cry out in a loud voice	The girl began to scream.	その女の子は叫び始めた。	verb	3	3	"[""叫ぶ"",""笑う"",""歌う"",""ささやく"",""答える""]"	"[""scream"",""laugh"",""sing"",""whisper"",""answer""]"	"[""scream"",""screen"",""stream"",""shout"",""whisper""]"	"[{""word"":""shout"",""note"":""scream より少し広い意味""}]"	"[{""word"":""whisper"",""note"":""小さな声で言う""}]"
300237	3	interest	興味	a feeling of wanting to know more	I have a strong interest in music.	私は音楽に強い興味があります。	noun	3	4	"[""興味"",""経験"",""意見"",""質問"",""約束""]"	"[""interest"",""experience"",""opinion"",""question"",""promise""]"	"[""interest"",""internet"",""inside"",""invent"",""instead""]"	[]	[]
300238	3	bite	かむ	to cut with the teeth	Be careful. That dog may bite.	気をつけて。その犬はかむかもしれません。	verb	3	3	"[""かむ"",""押す"",""引く"",""投げる"",""運ぶ""]"	"[""bite"",""push"",""pull"",""throw"",""carry""]"	"[""bite"",""bike"",""bright"",""bat"",""buy""]"	[]	[]
300239	3	sharp	鋭い	having a thin edge or point that can cut	Be careful with that sharp knife.	その鋭いナイフに気をつけて。	adjective	3	3	"[""鋭い"",""丸い"",""重い"",""厚い"",""固い""]"	"[""sharp"",""round"",""heavy"",""thick"",""hard""]"	"[""sharp"",""shop"",""shark"",""shape"",""ship""]"	"[{""word"":""pointed"",""note"":""先がとがった""}]"	"[{""word"":""dull"",""note"":""切れ味が悪い""}]"
300240	3	shadow	影	a dark shape made when light is blocked	I saw my shadow on the wall.	私は壁に自分の影を見た。	noun	3	3	"[""影"",""光"",""雲"",""星"",""空""]"	"[""shadow"",""light"",""cloud"",""star"",""sky""]"	"[""shadow"",""shallow"",""saddle"",""window"",""yellow""]"	[]	[]
300241	3	handle	取っ手	the part of something that you hold with your hand	The cup has a small handle.	そのカップには小さな取っ手がある。	noun	3	3	"[""取っ手"",""ふた"",""底"",""表面"",""角""]"	"[""handle"",""lid"",""bottom"",""surface"",""corner""]"	"[""handle"",""candle"",""sandal"",""handy"",""angle""]"	[]	[]
300242	3	description	説明	words that tell about something	Please read the description of the animal.	その動物の説明を読んでください。	noun	3	3	"[""説明"",""質問"",""答え"",""例"",""意見""]"	"[""description"",""question"",""answer"",""example"",""opinion""]"	"[""description"",""direction"",""discussion"",""decision"",""dictionary""]"	"[{""word"":""explanation"",""note"":""より「説明」に近い語""}]"	[]
300243	3	tool	道具	something you use to do a job	This tool is useful for cooking.	この道具は料理に役立ちます。	noun	2	3	"[""道具"",""機械"",""材料"",""部品"",""設備""]"	"[""tool"",""machine"",""material"",""part"",""equipment""]"	"[""tool"",""cool"",""pool"",""tall"",""team""]"	[]	[]
300244	3	other	ほかの	different from the one already named	Do you have any other questions?	ほかに何か質問はありますか。	adjective	2	5	"[""ほかの"",""同じ"",""多くの"",""少しの"",""すべての""]"	"[""other"",""same"",""many"",""few"",""all""]"	"[""other"",""mother"",""over"",""order"",""older""]"	[]	[]
300245	3	stomach	胃	the part of your body where food goes	My stomach hurts after lunch.	昼食のあと、胃が痛いです。	noun	3	3	"[""胃"",""心臓"",""首"",""ひざ"",""背中""]"	"[""stomach"",""heart"",""neck"",""knee"",""back""]"	"[""stomach"",""storage"",""stop"",""stone"",""stage""]"	[]	[]
300246	3	control	制御する、管理する	to direct or limit something	We must control the fire quickly.	私たちはすぐにその火を制御しなければなりません。	verb	4	4	"[""制御する、管理する"",""運ぶ"",""集める"",""壊す"",""選ぶ""]"	"[""control"",""carry"",""collect"",""break"",""choose""]"	"[""control"",""contain"",""contact"",""correct"",""continue""]"	"[{""word"":""manage"",""note"":""うまく扱う・管理する""}]"	[]
300247	3	pollution	汚染、公害	harmful dirt or waste in air, water, or land	Air pollution is a big problem.	大気汚染は大きな問題です。	noun	4	3	"[""汚染、公害"",""発明"",""文化"",""景色"",""人口""]"	"[""pollution"",""invention"",""culture"",""view"",""population""]"	"[""pollution"",""solution"",""position"",""production"",""collection""]"	[]	[]
300248	3	find out ~	～を知る、～を突き止める	to learn or discover something	I want to find out the truth.	私は真実を知りたいです。	phrasal verb	3	3	"[""～を知る、～を突き止める"",""～を忘れる"",""～を選ぶ"",""～を集める"",""～を運ぶ""]"	"[""find out ~"",""forget ~"",""choose ~"",""collect ~"",""carry ~""]"	"[""find out ~"",""hand out ~"",""figure out ~"",""fill out ~"",""find ~""]"	"[{""word"":""discover"",""note"":""少しかための語""}]"	[]
300249	3	mind ~	～を気にする	to care about or be bothered by something	I don't mind the rain.	私は雨を気にしません。	verb	3	4	"[""～を気にする"",""～を信じる"",""～を待つ"",""～を動かす"",""～を比べる""]"	"[""mind ~"",""believe ~"",""wait for ~"",""move ~"",""compare ~""]"	"[""mind ~"",""find ~"",""mean ~"",""need ~"",""move ~""]"	[]	[]
300250	3	carry out ~	～を実行する	to do and complete something	They will carry out the plan.	彼らはその計画を実行するでしょう。	phrasal verb	4	2	"[""～を実行する"",""～を説明する"",""～を共有する"",""～を準備する"",""～を修理する""]"	"[""carry out ~"",""explain ~"",""share ~"",""prepare ~"",""repair ~""]"	"[""carry out ~"",""call out ~"",""care about ~"",""carry on ~"",""clear out ~""]"	"[{""word"":""perform ~"",""note"":""仕事や計画を実行する意味で近い""}]"	[]
300251	3	right away	すぐに	at once; without waiting	Please come here right away.	すぐにここへ来てください。	adverb	3	3	"[""すぐに"",""ゆっくり"",""ときどき"",""いっしょに"",""たぶん""]"	"[""right away"",""slowly"",""sometimes"",""together"",""maybe""]"	"[""right away"",""right"",""write"",""light"",""ride""]"	"[{""word"":""at once"",""note"":""ほぼ同じ意味""}]"	"[{""word"":""later"",""note"":""あとで""}]"
300252	3	put off ~	～を延期する	to do something at a later time	We put off the game because of rain.	私たちは雨のため試合を延期した。	phrasal verb	4	3	"[""～を延期する"",""～を始める"",""～を終える"",""～を選ぶ"",""～を運ぶ""]"	"[""put off ~"",""begin ~"",""finish ~"",""choose ~"",""carry ~""]"	"[""put off ~"",""put on ~"",""cut off ~"",""take off ~"",""turn off ~""]"	"[{""word"":""postpone ~"",""note"":""ややかたい言い方""}]"	[]
300253	3	act	行動する	to do something; to behave in a certain way	We must act now.	私たちは今行動しなければならない。	verb	2	4	"[""行動する"",""待つ"",""動く"",""話す"",""助ける""]"	"[""act"",""wait"",""move"",""talk"",""help""]"	"[""act"",""ask"",""add"",""at"",""back""]"	[]	"[{""word"":""wait"",""note"":""行動せず待つ""}]"
300254	3	succeed	成功する	to do well and get the result you want	If you study hard, you will succeed.	一生懸命勉強すれば、あなたは成功するでしょう。	verb	3	3	"[""成功する"",""失敗する"",""練習する"",""選ぶ"",""説明する""]"	"[""succeed"",""fail"",""practice"",""choose"",""explain""]"	"[""succeed"",""indeed"",""secret"",""second"",""singer""]"	"[{""word"":""do well"",""note"":""よりやさしい表現""}]"	"[{""word"":""fail"",""note"":""成功しない""}]"
300255	3	easily	簡単に	without difficulty	I can finish this homework easily.	私はこの宿題を簡単に終えられます。	adverb	2	3	"[""簡単に"",""ゆっくり"",""静かに"",""早く"",""注意深く""]"	"[""easily"",""slowly"",""quietly"",""quickly"",""carefully""]"	"[""easily"",""early"",""really"",""weekly"",""usually""]"	[]	"[{""word"":""with difficulty"",""note"":""苦労して""}]"
300256	3	bark	ほえる	to make the sound a dog makes	The dog began to bark at me.	その犬は私に向かってほえ始めました。	verb	2	2	"[""ほえる"",""ささやく"",""走る"",""かむ"",""眠る""]"	"[""bark"",""whisper"",""run"",""bite"",""sleep""]"	"[""bark"",""back"",""bank"",""dark"",""park""]"	[]	[]
300257	3	action	行動	something that you do	We must take action now.	私たちは今行動を起こさなければなりません。	noun	3	3	"[""行動"",""計画"",""会話"",""旅行"",""練習""]"	"[""action"",""plan"",""talk"",""trip"",""practice""]"	"[""action"",""auction"",""actor"",""active"",""station""]"	[]	[]
300258	3	already	すでに	before now or earlier than expected	I have already finished my homework.	私はすでに宿題を終えました。	adverb	3	4	"[""すでに"",""たぶん"",""いつも"",""とても"",""ゆっくり""]"	"[""already"",""probably"",""always"",""very"",""slowly""]"	"[""already"",""all right"",""also"",""always"",""early""]"	[]	"[{""word"":""yet"",""note"":""否定文・疑問文でよく使う""}]"
300259	3	point	点	a dot or a small mark	Put a point at the end of the line.	その線の終わりに点をつけなさい。	noun	3	4	"[""点"",""線"",""面"",""角"",""円""]"	"[""point"",""line"",""surface"",""corner"",""circle""]"	"[""point"",""paint"",""plant"",""print"",""part""]"	"[{""word"":""dot"",""note"":""小さな点""}]"	[]
300260	3	design	デザイン	a plan or pattern for how something looks	I like the design of this bag.	私はこのかばんのデザインが好きです。	noun	3	3	"[""デザイン"",""形"",""色"",""写真"",""材料""]"	"[""design"",""shape"",""color"",""picture"",""material""]"	"[""design"",""decide"",""desire"",""device"",""detail""]"	"[{""word"":""plan"",""note"":""考えた形や計画という近い意味""}]"	[]
300261	3	medicine	薬	something you take when you are sick	You should take this medicine after dinner.	夕食のあとにこの薬を飲むべきです。	noun	2	4	"[""薬"",""食べ物"",""水"",""運動"",""注射""]"	"[""medicine"",""food"",""water"",""exercise"",""injection""]"	"[""medicine"",""message"",""member"",""melody"",""memory""]"	[]	[]
300262	3	desert	砂漠	a very dry place with much sand	Camels can walk in the desert.	ラクダは砂漠を歩くことができます。	noun	3	2	"[""砂漠"",""森"",""島"",""湖"",""川""]"	"[""desert"",""forest"",""island"",""lake"",""river""]"	"[""desert"",""result"",""direct"",""dozen"",""district""]"	[]	[]
300263	3	while	～する間に、一方で	during the time that something happens	I listened to music while I studied.	私は勉強している間、音楽を聞きました。	conjunction	3	3	"[""～する間に、一方で"",""～の前に"",""～のあとで"",""～するので"",""～するなら""]"	"[""while"",""before"",""after"",""because"",""if""]"	"[""while"",""white"",""wide"",""wine"",""wild""]"	[]	[]
300264	3	on the way to ~	～へ行く途中で	going toward a place	I met Ken on the way to school.	私は学校へ行く途中でケンに会いました。	prepositional phrase	3	2	"[""～へ行く途中で"",""～の近くで"",""～の前で"",""～のあとで"",""～の中で""]"	"[""on the way to ~"",""near ~"",""in front of ~"",""after ~"",""in ~""]"	"[""on the way to ~"",""all the way to ~"",""on the road to ~"",""on the train to ~"",""on the bus to ~""]"	[]	[]
300265	3	soil	土	the top layer of earth where plants grow	These flowers grow well in rich soil.	これらの花は肥えた土でよく育ちます。	noun	3	2	"[""土"",""砂"",""石"",""草"",""木""]"	"[""soil"",""sand"",""stone"",""grass"",""wood""]"	"[""soil"",""sail"",""boil"",""coil"",""toy""]"	"[{""word"":""earth"",""note"":""「地球」の意味でも使う""}]"	[]
300266	3	planet	惑星	a large round object that moves around a star	Earth is a planet.	地球は惑星です。	noun	3	3	"[""惑星"",""星"",""宇宙"",""地球"",""月""]"	"[""planet"",""star"",""space"",""earth"",""moon""]"	"[""planet"",""plan"",""plate"",""plant"",""play""]"	[]	[]
300267	3	simple	簡単な	easy to understand or do	This question is simple.	この問題は簡単です。	adjective	3	4	"[""簡単な"",""難しい"",""大切な"",""有名な"",""安全な""]"	"[""simple"",""difficult"",""important"",""famous"",""safe""]"	"[""simple"",""sample"",""single"",""signal"",""temple""]"	"[{""word"":""easy"",""note"":""より基本的でよく使う""}]"	"[{""word"":""difficult"",""note"":""意味が反対""}]"
300268	3	light	光	brightness from the sun, a lamp, or fire	I can see a light in the room.	私はその部屋に明かりが見えます。	noun	3	5	"[""光"",""音"",""色"",""熱"",""影""]"	"[""light"",""sound"",""color"",""heat"",""shadow""]"	"[""light"",""right"",""night"",""like"",""line""]"	[]	"[{""word"":""darkness"",""note"":""光がない状態""}]"
300269	3	convenient	便利な	easy and useful for your needs	Online shopping is convenient.	オンラインでの買い物は便利です。	adjective	3	3	"[""便利な"",""危険な"",""有名な"",""静かな"",""親切な""]"	"[""convenient"",""dangerous"",""famous"",""quiet"",""kind""]"	"[""convenient"",""confident"",""continent"",""condition"",""conversation""]"	"[{""word"":""useful"",""note"":""役に立つという意味で近い""}]"	"[{""word"":""inconvenient"",""note"":""不便な""}]"
300270	3	feeling	気持ち	an emotion in your mind	I talked about my feelings with my mother.	私は自分の気持ちについて母と話しました。	noun	2	3	"[""気持ち"",""考え"",""夢"",""約束"",""質問""]"	"[""feeling"",""thought"",""dream"",""promise"",""question""]"	"[""feeling"",""ceiling"",""filling"",""fishing"",""field""]"	"[{""word"":""emotion"",""note"":""ややかたいが近い意味""}]"	[]
300271	3	upset	動揺した、腹を立てた	sad, worried, or angry about something	She was upset after the game.	彼女は試合のあと動揺していました。	adjective	3	3	"[""動揺した、腹を立てた"",""退屈した"",""疲れた"",""驚いた"",""満足した""]"	"[""upset"",""bored"",""tired"",""surprised"",""satisfied""]"	"[""upset"",""sunset"",""update"",""object"",""open""]"	[]	"[{""word"":""calm"",""note"":""落ち着いた""}]"
300272	3	turn out to be ~	～だと判明する	to be discovered to be something	The story turned out to be true.	その話は本当だと判明した。	phrasal verb	3	3	"[""～だと判明する"",""～に到着する"",""～に参加する"",""～から出発する"",""～に成長する""]"	"[""turn out to be ~"",""arrive at ~"",""join ~"",""leave ~"",""grow into ~""]"	"[""turn out to be ~"",""turn into ~"",""turn over ~"",""find out about ~"",""turn back to ~""]"	"[{""word"":""prove"",""note"":""結果として〜だとわかる""}]"	[]
300273	3	battery	電池	a thing that gives power to a device	I need a new battery for my clock.	私は時計に新しい電池が必要です。	noun	2	3	"[""電池"",""画面"",""鍵盤"",""機械"",""信号""]"	"[""battery"",""screen"",""keyboard"",""machine"",""signal""]"	"[""battery"",""better"",""butter"",""battle"",""bakery""]"	[]	[]
300274	3	power	電力	electricity used to run machines and buildings	The power went out during the storm.	嵐の間に停電しました。	noun	2	4	"[""電力"",""熱"",""光"",""音"",""空気""]"	"[""power"",""heat"",""light"",""sound"",""air""]"	"[""power"",""tower"",""flower"",""shower"",""player""]"	"[{""word"":""energy"",""note"":""広くエネルギー全般""}]"	[]
300275	3	machine	機械	a thing that does work by using power	This machine makes bread.	この機械はパンを作ります。	noun	3	3	"[""機械"",""道具"",""乗り物"",""材料"",""ロボット""]"	"[""machine"",""tool"",""vehicle"",""material"",""robot""]"	"[""machine"",""marine"",""match"",""math"",""magazine""]"	"[{""word"":""device"",""note"":""やや広い意味で使う""}]"	[]
300276	3	plenty of ~	たくさんの、十分な	a large amount or number of something	We have plenty of time.	私たちには時間がたくさんあります。	determiner phrase	4	3	"[""たくさんの、十分な"",""少しの"",""ほとんどない"",""それぞれの"",""どちらかの""]"	"[""plenty of ~"",""a little ~"",""few ~"",""each ~"",""either ~""]"	"[""plenty of ~"",""twenty of ~"",""many of ~"",""part of ~"",""a lot of ~""]"	"[{""word"":""a lot of"",""note"":""ほぼ同じ意味""},{""word"":""lots of"",""note"":""よりくだけた言い方""}]"	"[{""word"":""a little"",""note"":""不可算名詞で少しの""},{""word"":""few"",""note"":""可算名詞で少しの""}]"
300277	3	all the way	ずっと	from start to finish or the whole distance	We walked all the way home.	私たちは家までずっと歩きました。	adverb	4	3	"[""ずっと"",""急いで"",""まっすぐ"",""ゆっくり"",""たいてい""]"	"[""all the way"",""quickly"",""straight"",""slowly"",""usually""]"	"[""all the way"",""always"",""away"",""along"",""on the way""]"	[]	[]
300278	3	whole	全体の、全部の	all of something	I ate the whole cake.	私はケーキを全部食べた。	adjective	3	3	"[""全体の、全部の"",""一部の"",""小さい"",""新しい"",""重い""]"	"[""whole"",""part"",""small"",""new"",""heavy""]"	"[""whole"",""hold"",""home"",""hope"",""wall""]"	"[{""word"":""all"",""note"":""近い意味だが、whole は全体を表す""}]"	"[{""word"":""part"",""note"":""全体ではなく一部""}]"
300279	3	mistake	間違い	something that is wrong	I made a mistake on the test.	私はテストで間違いをした。	noun	3	3	"[""間違い"",""答え"",""質問"",""約束"",""計画""]"	"[""mistake"",""answer"",""question"",""promise"",""plan""]"	"[""mistake"",""milkshake"",""misplace"",""music"",""must""]"	"[{""word"":""error"",""note"":""ややかたい言い方""}]"	[]
300280	3	although	〜だけれども	used to show an unexpected contrast	Although it was rainy, we played soccer.	雨だったけれども、私たちはサッカーをした。	conjunction	4	3	"[""〜だけれども"",""だから"",""そして"",""もし"",""その前に""]"	"[""although"",""because"",""and"",""if"",""before""]"	"[""although"",""also"",""always"",""already"",""all""]"	"[{""word"":""though"",""note"":""より短く、会話でよく使う""}]"	[]
300281	3	occur	起こる	to happen	The accident occurred last night.	その事故は昨夜起こった。	verb	3	2	"[""起こる"",""続く"",""止まる"",""変わる"",""始まる""]"	"[""occur"",""continue"",""stop"",""change"",""begin""]"	"[""occur"",""offer"",""order"",""open"",""over""]"	"[{""word"":""happen"",""note"":""より一般的で基本的な語""}]"	[]
300282	3	happen	起こる	to take place	What happened at school today?	今日学校で何が起こりましたか。	verb	2	4	"[""起こる"",""終わる"",""動く"",""集まる"",""選ぶ""]"	"[""happen"",""finish"",""move"",""gather"",""choose""]"	"[""happen"",""happy"",""apple"",""open"",""human""]"	"[{""word"":""occur"",""note"":""ややかたい語""}]"	[]
300283	3	incident	出来事、事件	an event, especially an unusual or bad one	The incident happened near the station.	その出来事は駅の近くで起こった。	noun	3	2	"[""出来事、事件"",""計画"",""質問"",""答え"",""約束""]"	"[""incident"",""plan"",""question"",""answer"",""promise""]"	"[""incident"",""inside"",""instant"",""injury"",""invite""]"	"[{""word"":""event"",""note"":""より広い意味の語""}]"	[]
300284	3	experience	経験	something that happens to you and teaches you	Traveling abroad was a great experience for me.	海外旅行は私にとってすばらしい経験でした。	noun	3	3	"[""経験"",""冒険"",""旅行"",""思い出"",""練習""]"	"[""experience"",""adventure"",""travel"",""memory"",""practice""]"	"[""experience"",""experiment"",""excuse"",""express"",""expert""]"	[]	[]
300285	3	all over the world	世界中で	in every part of the world	People all over the world love music.	世界中で人々は音楽を愛しています。	adverb	3	2	"[""世界中で"",""町中で"",""家の中で"",""学校中で"",""道の上で""]"	"[""all over the world"",""around the town"",""in the house"",""through the school"",""on the road""]"	"[""all over the world"",""all over the town"",""around the world"",""over the wall"",""all through the world""]"	"[{""word"":""around the world"",""note"":""似ているが文脈で使い分ける""}]"	[]
300286	3	each	それぞれの	every one of two or more people or things	Each student has a desk.	それぞれの生徒は机を持っています。	determiner	2	4	"[""それぞれの"",""すべての"",""多くの"",""いくつかの"",""どちらの""]"	"[""each"",""all"",""many"",""some"",""either""]"	"[""each"",""eat"",""easy"",""edge"",""itch""]"	"[{""word"":""every"",""note"":""each は個々を強調する""}]"	[]
300287	3	such as ~	～のような、例えば～	used to give examples	I like sports such as soccer and tennis.	私はサッカーやテニスのようなスポーツが好きです。	prepositional phrase	3	3	"[""～のような、例えば～"",""～の前に"",""～のあとで"",""～のために"",""～といっしょに""]"	"[""such as ~"",""before ~"",""after ~"",""for ~"",""with ~""]"	"[""such as ~"",""such a ~"",""touch ~"",""some of ~"",""same as ~""]"	"[{""word"":""like"",""note"":""会話で近い意味になることがある""}]"	[]
300288	3	adventure	冒険	an exciting and sometimes dangerous experience	The boys went on an adventure in the forest.	その少年たちは森へ冒険に出かけました。	noun	3	2	"[""冒険"",""旅行"",""試合"",""宿題"",""会話""]"	"[""adventure"",""journey"",""game"",""homework"",""conversation""]"	"[""adventure"",""advertise"",""adviser"",""advance"",""afternoon""]"	[]	[]
300289	3	suffer from ~	～で苦しむ、～を患う	to have pain or trouble from something	He is suffering from a bad cold.	彼はひどい風邪を患っています。	verb phrase	4	2	"[""～で苦しむ、～を患う"",""～を選ぶ"",""～を集める"",""～を運ぶ"",""～を説明する""]"	"[""suffer from ~"",""choose ~"",""collect ~"",""carry ~"",""explain ~""]"	"[""suffer from ~"",""recover from ~"",""come from ~"",""learn from ~"",""stay away from ~""]"	[]	[]
300290	3	scientist	科学者	a person who studies science	My sister wants to be a scientist.	私の姉は科学者になりたがっています。	noun	3	3	"[""科学者"",""医者"",""画家"",""先生"",""作家""]"	"[""scientist"",""doctor"",""artist"",""teacher"",""writer""]"	"[""scientist"",""science"",""silent"",""sign"",""student""]"	[]	[]
300291	3	fireworks	花火	bright lights in the sky used for celebration	We watched fireworks at the summer festival.	私たちは夏祭りで花火を見ました。	noun	3	3	"[""花火"",""風船"",""ろうそく"",""旗"",""太鼓""]"	"[""fireworks"",""balloon"",""candle"",""flag"",""drum""]"	"[""fireworks"",""firewood"",""fireman"",""framework"",""Friday""]"	[]	[]
300292	3	industry	産業	businesses that produce goods or services	Fishing is an important industry in this town.	漁業はこの町の重要な産業です。	noun	4	3	"[""産業"",""文化"",""歴史"",""人口"",""自然""]"	"[""industry"",""culture"",""history"",""population"",""nature""]"	"[""industry"",""injury"",""inside"",""interest"",""introduce""]"	[]	[]
300293	3	information	情報	facts or details about something	I need more information about the trip.	私はその旅行についてもっと情報が必要です。	noun	3	4	"[""情報"",""経験"",""質問"",""予定"",""意見""]"	"[""information"",""experience"",""question"",""plan"",""opinion""]"	"[""information"",""invitation"",""instruction"",""international"",""interview""]"	"[{""word"":""details"",""note"":""より細かい内容""}]"	[]
300294	3	reasonable	手ごろな、妥当な	fair and not too expensive	The price of this bag is reasonable.	このかばんの値段は手ごろです。	adjective	4	3	"[""手ごろな、妥当な"",""高価な"",""重い"",""静かな"",""有名な""]"	"[""reasonable"",""expensive"",""heavy"",""quiet"",""famous""]"	"[""reasonable"",""seasonable"",""usable"",""possible"",""comfortable""]"	"[{""word"":""fair"",""note"":""価格や判断が妥当な""}]"	"[{""word"":""expensive"",""note"":""値段が高い""}]"
300295	3	lie	うそをつく	to say something that is not true	Do not lie to your parents.	両親にうそをついてはいけません。	verb	3	4	"[""うそをつく"",""謝る"",""約束する"",""説明する"",""選ぶ""]"	"[""lie"",""apologize"",""promise"",""explain"",""choose""]"	"[""lie"",""light"",""line"",""ride"",""late""]"	[]	"[{""word"":""tell the truth"",""note"":""本当のことを言う""}]"
300296	3	ancestor	祖先	a person in your family from a long time ago	One of my ancestors lived here long ago.	私の祖先の一人は昔ここに住んでいました。	noun	4	2	"[""祖先"",""親せき"",""近所の人"",""友人"",""先生""]"	"[""ancestor"",""relative"",""neighbor"",""friend"",""teacher""]"	"[""ancestor"",""answer"",""actor"",""visitor"",""sister""]"	[]	[]
300297	3	deep	深い	going far down from the top or surface	This river is very deep.	この川はとても深いです。	adjective	2	4	"[""深い"",""浅い"",""広い"",""狭い"",""長い""]"	"[""deep"",""shallow"",""wide"",""narrow"",""long""]"	"[""deep"",""keep"",""cheap"",""dip"",""deck""]"	[]	"[{""word"":""shallow"",""note"":""「浅い」""}]"
300298	3	be proud of ~	～を誇りに思う	to feel happy about someone or something good	I am proud of my brother.	私は兄を誇りに思っています。	adjective phrase	3	3	"[""～を誇りに思う"",""～を心配する"",""～を手伝う"",""～を待つ"",""～を訪ねる""]"	"[""be proud of ~"",""worry about ~"",""help ~"",""wait for ~"",""visit ~""]"	"[""be proud of ~"",""be part of ~"",""be tired of ~"",""be afraid of ~"",""be kind to ~""]"	[]	[]
300299	3	be angry at ~	～に腹を立てている	to feel angry with someone or something	She was angry at her brother.	彼女は弟に腹を立てていました。	adjective phrase	3	3	"[""～に腹を立てている"",""～を心配している"",""～に驚いている"",""～に興味がある"",""～が得意である""]"	"[""be angry at ~"",""be worried about ~"",""be surprised at ~"",""be interested in ~"",""be good at ~""]"	"[""be angry at ~"",""be hungry for ~"",""be afraid of ~"",""be good at ~"",""be interested in ~""]"	"[{""word"":""mad at"",""note"":""口語でよく使う""}]"	[]
300300	3	worried	心配している	feeling that something bad may happen	I am worried about tomorrow's test.	私は明日のテストを心配しています。	adjective	2	4	"[""心配している"",""怒っている"",""疲れている"",""驚いている"",""退屈している""]"	"[""worried"",""angry"",""tired"",""surprised"",""bored""]"	"[""worried"",""wanted"",""walked"",""word"",""world""]"	"[{""word"":""anxious"",""note"":""ややかたい語""}]"	"[{""word"":""calm"",""note"":""落ち着いている""}]"
300301	3	be worried about ~	～を心配している	to feel nervous about someone or something	We are worried about the test.	私たちはそのテストを心配しています。	adjective phrase	3	4	"[""～を心配している"",""～に腹を立てている"",""～に興味がある"",""～が得意である"",""～に驚いている""]"	"[""be worried about ~"",""be angry at ~"",""be interested in ~"",""be good at ~"",""be surprised at ~""]"	"[""be worried about ~"",""worry about ~"",""be ready for ~"",""be sorry about ~"",""be excited about ~""]"	"[{""word"":""be anxious about ~"",""note"":""ややかたい言い方""}]"	[]
300302	3	be tired of ~	～にうんざりしている	to be bored with something	I am tired of this game.	私はこのゲームにうんざりしている。	adjective phrase	3	3	"[""～にうんざりしている"",""～に驚いている"",""～に興味がある"",""～に満足している"",""～を心配している""]"	"[""be tired of ~"",""be surprised at ~"",""be interested in ~"",""be satisfied with ~"",""be worried about ~""]"	"[""be tired of ~"",""be proud of ~"",""be afraid of ~"",""be fond of ~"",""be part of ~""]"	"[{""word"":""sick of"",""note"":""口語で「うんざりして」""}]"	[]
300303	3	be afraid of ~	～をこわがっている	to feel fear about something	My sister is afraid of dogs.	私の姉は犬をこわがっている。	adjective phrase	3	3	"[""～をこわがっている"",""～が得意である"",""～に興味がある"",""～にうんざりしている"",""～に満足している""]"	"[""be afraid of ~"",""be good at ~"",""be interested in ~"",""be tired of ~"",""be satisfied with ~""]"	"[""be afraid of ~"",""be ahead of ~"",""be tired of ~"",""be proud of ~"",""be fond of ~""]"	"[{""word"":""be scared of ~"",""note"":""より口語的""}]"	[]
300304	3	impression	印象	an idea or feeling about someone or something	I got a good impression of her.	私は彼女に良い印象を持った。	noun	4	3	"[""印象"",""意見"",""経験"",""約束"",""習慣""]"	"[""impression"",""opinion"",""experience"",""promise"",""habit""]"	"[""impression"",""expression"",""important"",""invention"",""instruction""]"	[]	[]
300305	3	comfortable	快適な	feeling relaxed and free from pain	These shoes are comfortable.	このくつは快適です。	adjective	3	3	"[""快適な"",""危険な"",""静かな"",""有名な"",""親切な""]"	"[""comfortable"",""dangerous"",""quiet"",""famous"",""kind""]"	"[""comfortable"",""colorful"",""wonderful"",""careful"",""popular""]"	[]	"[{""word"":""uncomfortable"",""note"":""居心地が悪い""}]"
300306	3	excited	わくわくした	feeling very happy and interested	I am excited about the trip.	私はその旅行にわくわくしています。	adjective	3	3	"[""わくわくした"",""退屈した"",""疲れた"",""驚いた"",""心配した""]"	"[""excited"",""bored"",""tired"",""surprised"",""worried""]"	"[""excited"",""invited"",""decided"",""expected"",""accepted""]"	[]	"[{""word"":""bored"",""note"":""退屈した""}]"
300307	3	sense	感覚、感知力	a feeling or understanding	Dogs have a strong sense of smell.	犬は強い嗅覚を持っています。	noun	4	3	"[""感覚、感知力"",""意見"",""習慣"",""方法"",""約束""]"	"[""sense"",""opinion"",""habit"",""method"",""promise""]"	"[""sense"",""since"",""send"",""science"",""sentence""]"	[]	[]
300308	3	proud	誇りに思って、誇らしい	feeling happy about something good you did	I am proud of my team.	私は自分のチームを誇りに思います。	adjective	3	3	"[""誇りに思って、誇らしい"",""驚いて"",""悲しくて"",""退屈して"",""心配して""]"	"[""proud"",""surprised"",""sad"",""bored"",""worried""]"	"[""proud"",""cloud"",""brown"",""crowd"",""loud""]"	[]	"[{""word"":""ashamed"",""note"":""恥ずかしく思う""}]"
300309	3	queen	女王	a woman who rules a country	The queen spoke to the people.	女王は人々に話しました。	noun	3	3	"[""女王"",""王"",""王子"",""姫"",""兵士""]"	"[""queen"",""king"",""prince"",""princess"",""soldier""]"	"[""queen"",""quick"",""clean"",""green"",""screen""]"	[]	[]
300310	3	attack	攻撃する	to try to hurt someone or something	The dog did not attack us.	その犬は私たちを攻撃しませんでした。	verb	4	3	"[""攻撃する"",""守る"",""追う"",""押す"",""助ける""]"	"[""attack"",""protect"",""chase"",""push"",""help""]"	"[""attack"",""attach"",""awake"",""attract"",""attempt""]"	[]	"[{""word"":""protect"",""note"":""守る""}]"
300311	3	argue	言い争う	to speak angrily because you do not agree	They often argue about money.	彼らはよくお金のことで言い争います。	verb	3	3	"[""言い争う"",""説明する"",""約束する"",""招待する"",""練習する""]"	"[""argue"",""explain"",""promise"",""invite"",""practice""]"	"[""argue"",""angle"",""artist"",""April"",""ankle""]"	"[{""word"":""fight"",""note"":""口げんかの意味で近い""}]"	"[{""word"":""agree"",""note"":""意見が一致する""}]"
300312	3	be full of ~	〜でいっぱいである	to have a lot of something inside	The box is full of old photos.	その箱は古い写真でいっぱいです。	adjective phrase	3	3	"[""〜でいっぱいである"",""～に興味がある"",""～が得意である"",""～を探している"",""～に遅れる""]"	"[""be full of ~"",""be interested in ~"",""be good at ~"",""look for ~"",""be late for ~""]"	"[""be full of ~"",""be fond of ~"",""be proud of ~"",""be tired of ~"",""be afraid of ~""]"	[]	"[{""word"":""be empty"",""note"":""空である""}]"
300313	3	solve	解く	to find the answer to a problem	Can you solve this math problem?	この数学の問題を解けますか。	verb	3	3	"[""解く"",""借りる"",""運ぶ"",""選ぶ"",""集める""]"	"[""solve"",""borrow"",""carry"",""choose"",""collect""]"	"[""solve"",""soft"",""song"",""sort"",""salt""]"	[]	[]
300314	3	discover	見つける	to find something for the first time	We hope to discover a new star someday.	私たちはいつか新しい星を見つけたいと思っています。	verb	3	3	"[""見つける"",""集める"",""選ぶ"",""運ぶ"",""借りる""]"	"[""discover"",""collect"",""choose"",""carry"",""borrow""]"	"[""discover"",""discuss"",""deliver"",""decorate"",""describe""]"	"[{""word"":""find"",""note"":""より基本的な語""}]"	[]
300315	3	nail	くぎ	a small metal thing used to join wood	He hit the nail with a hammer.	彼はハンマーでくぎを打った。	noun	2	3	"[""くぎ"",""ねじ"",""ひも"",""板"",""道具""]"	"[""nail"",""screw"",""rope"",""board"",""tool""]"	"[""nail"",""name"",""rain"",""mail"",""neck""]"	[]	[]
300316	3	complete ~	～を終える、完成させる	to finish something	Please complete your homework before dinner.	夕食の前に宿題を終えてください。	verb	3	3	"[""～を終える、完成させる"",""～を始める"",""～を続ける"",""～を変える"",""～を開ける""]"	"[""complete ~"",""begin ~"",""continue ~"",""change ~"",""open ~""]"	"[""complete ~"",""compete with ~"",""compare ~"",""complain about ~"",""continue ~""]"	"[{""word"":""finish"",""note"":""より基本的な語""}]"	"[{""word"":""begin"",""note"":""始める""}]"
300317	3	graduation	卒業	the time when you finish school	My graduation is next month.	私の卒業は来月です。	noun	3	3	"[""卒業"",""入学"",""試験"",""宿題"",""旅行""]"	"[""graduation"",""entrance"",""exam"",""homework"",""trip""]"	"[""graduation"",""generation"",""station"",""vacation"",""celebration""]"	[]	[]
300318	3	graduate	卒業する	to finish school	I will graduate from high school next year.	私は来年高校を卒業します。	verb	3	3	"[""卒業する"",""入学する"",""勉強する"",""練習する"",""旅行する""]"	"[""graduate"",""enter"",""study"",""practice"",""travel""]"	"[""graduate"",""calculate"",""celebrate"",""generate"",""grateful""]"	[]	[]
300319	3	burn	燃える、燃やす	to be on fire or make something burn	The wood burned all night.	その木は一晩中燃えました。	verb	2	4	"[""燃える、燃やす"",""凍る"",""落ちる"",""割れる"",""沈む""]"	"[""burn"",""freeze"",""drop"",""break"",""sink""]"	"[""burn"",""turn"",""born"",""bird"",""band""]"	[]	"[{""word"":""freeze"",""note"":""熱ではなく冷たくなる""}]"
300320	3	strict	厳しい	not allowing bad behavior	My father is strict about homework.	私の父は宿題に厳しいです。	adjective	3	3	"[""厳しい"",""やさしい"",""静かな"",""忙しい"",""有名な""]"	"[""strict"",""kind"",""quiet"",""busy"",""famous""]"	"[""strict"",""street"",""strong"",""strike"",""string""]"	"[{""word"":""severe"",""note"":""ややかたい語""}]"	[]
300321	3	for the first time	初めて	on the first occasion	I visited Kyoto for the first time last year.	私は去年、初めて京都を訪れました。	adverb	3	3	"[""初めて"",""すぐに"",""いつも"",""たぶん"",""もう一度""]"	"[""for the first time"",""soon"",""always"",""maybe"",""again""]"	"[""for the first time"",""for the last time"",""from the first day"",""for a long time"",""at the first bell""]"	[]	[]
300322	3	cure	治す	to make an illness or sick person healthy	The treatment cured his illness.	その治療で彼の病気は治りました。	verb	3	3	"[""治す"",""防ぐ"",""見つける"",""運ぶ"",""選ぶ""]"	"[""cure"",""prevent"",""find"",""carry"",""choose""]"	"[""cure"",""care"",""call"",""card"",""cool""]"	"[{""word"":""heal"",""note"":""けがや病気を治す""}]"	[]
300323	3	bloom	咲く	to produce flowers	These flowers bloom in spring.	これらの花は春に咲きます。	verb	3	2	"[""咲く"",""育つ"",""落ちる"",""集める"",""植える""]"	"[""bloom"",""grow"",""fall"",""pick"",""plant""]"	"[""bloom"",""blue"",""blow"",""broom"",""brown""]"	[]	[]
300324	3	work on ~	～に取り組む	to spend time trying to do or improve something	I will work on my science project tonight.	私は今夜、理科の課題に取り組みます。	phrasal verb	3	3	"[""～に取り組む"",""～をあきらめる"",""～を始める"",""～を終える"",""～を選ぶ""]"	"[""work on ~"",""give up ~"",""start ~"",""finish ~"",""choose ~""]"	"[""work on ~"",""walk on ~"",""work out ~"",""work for ~"",""work with ~""]"	[]	"[{""word"":""give up"",""note"":""途中でやめる""}]"
300325	3	meal	食事	the food you eat at one time	We had a nice meal at home.	私たちは家でおいしい食事をしました。	noun	2	4	"[""食事"",""飲み物"",""皿"",""台所"",""昼休み""]"	"[""meal"",""drink"",""plate"",""kitchen"",""break""]"	"[""meal"",""mill"",""mail"",""meat"",""milk""]"	[]	[]
300326	3	forever	永遠に	for all time	Their friendship will last forever.	彼らの友情は永遠に続くでしょう。	adverb	3	3	"[""永遠に"",""すぐに"",""たいてい"",""ゆっくり"",""静かに""]"	"[""forever"",""soon"",""usually"",""slowly"",""quietly""]"	"[""forever"",""however"",""together"",""remember"",""father""]"	[]	[]
300327	3	private	私的な、個人用の	for one person or group, not public	This is a private room.	これは個室です。	adjective	4	3	"[""私的な、個人用の"",""公の"",""有名な"",""静かな"",""安全な""]"	"[""private"",""public"",""famous"",""quiet"",""safe""]"	"[""private"",""pilot"",""prize"",""bright"",""planet""]"	[]	"[{""word"":""public"",""note"":""公の""}]"
300328	3	therefore	そのため、それゆえに	for that reason	It was raining; therefore, we stayed home.	雨が降っていました。そのため、私たちは家にいました。	adverb	5	2	"[""そのため、それゆえに"",""しかし"",""たぶん"",""ついに"",""すでに""]"	"[""therefore"",""however"",""maybe"",""finally"",""already""]"	"[""therefore"",""careful"",""airplane"",""their"",""thirty""]"	[]	[]
300329	3	shape	形	the form of something	What shape is this box?	この箱はどんな形ですか。	noun	3	3	"[""形"",""色"",""大きさ"",""重さ"",""長さ""]"	"[""shape"",""color"",""size"",""weight"",""length""]"	"[""shape"",""shake"",""ship"",""sheep"",""shade""]"	"[{""word"":""form"",""note"":""ややかたい言い方""}]"	[]
300330	3	ceremony	式	a formal event for a special occasion	We attended the graduation ceremony.	私たちは卒業式に出席しました。	noun	4	2	"[""式"",""試合"",""会議"",""祭り"",""授業""]"	"[""ceremony"",""game"",""meeting"",""festival"",""class""]"	"[""ceremony"",""memory"",""melody"",""carefully"",""celebrate""]"	[]	[]
300331	3	safety	安全	the state of being free from danger	Safety is important on the road.	道路では安全が大切です。	noun	4	3	"[""安全"",""危険"",""健康"",""静けさ"",""自由""]"	"[""safety"",""danger"",""health"",""silence"",""freedom""]"	"[""safety"",""save"",""sailor"",""seventy"",""salty""]"	[]	"[{""word"":""danger"",""note"":""危険という反対の意味""}]"
300332	3	foreigner	外国人	a person from another country	The foreigner asked me the way to the station.	その外国人は私に駅への道をたずねました。	noun	3	3	"[""外国人"",""旅行者"",""店員"",""生徒"",""医者""]"	"[""foreigner"",""traveler"",""clerk"",""student"",""doctor""]"	"[""foreigner"",""forgive"",""forest"",""farmer"",""finger""]"	[]	[]
300333	3	foreign	外国の	from another country	I want to study a foreign language.	私は外国語を勉強したいです。	adjective	3	3	"[""外国の"",""有名な"",""静かな"",""危険な"",""必要な""]"	"[""foreign"",""famous"",""quiet"",""dangerous"",""necessary""]"	"[""foreign"",""forest"",""formal"",""forward"",""fortune""]"	[]	"[{""word"":""domestic"",""note"":""国内の""}]"
300334	3	alien	宇宙人	a creature from another world	The movie was about an alien from space.	その映画は宇宙から来た宇宙人についてのものでした。	noun	3	2	"[""宇宙人"",""怪物"",""王様"",""画家"",""選手""]"	"[""alien"",""monster"",""king"",""artist"",""player""]"	"[""alien"",""area"",""April"",""island"",""olive""]"	[]	[]
300335	3	American	アメリカ人	a person from the United States	She is an American.	彼女はアメリカ人です。	noun	3	4	"[""アメリカ人"",""日本人"",""中国人"",""イギリス人"",""カナダ人""]"	"[""American"",""Japanese"",""Chinese"",""British"",""Canadian""]"	"[""American"",""African"",""Mexican"",""musician"",""camera""]"	[]	[]
300336	3	native	生まれた土地の、母国の	connected with the place where someone was born	Spanish is her native language.	スペイン語は彼女の母国語です。	adjective	4	3	"[""生まれた土地の、母国の"",""外国の"",""有名な"",""自然の"",""特別な""]"	"[""native"",""foreign"",""famous"",""natural"",""special""]"	"[""native"",""nature"",""active"",""negative"",""notice""]"	[]	"[{""word"":""foreign"",""note"":""自国のではなく外国の""}]"
300337	3	bright	明るい	full of light	The room is bright.	その部屋は明るいです。	adjective	3	4	"[""明るい"",""暗い"",""広い"",""静かな"",""暖かい""]"	"[""bright"",""dark"",""wide"",""quiet"",""warm""]"	"[""bright"",""light"",""right"",""bride"",""brown""]"	[]	"[{""word"":""dark"",""note"":""光が少なく暗い""}]"
300338	3	crowded	混んでいる	full of many people	The train was crowded this morning.	今朝、その電車は混んでいました。	adjective	3	3	"[""混んでいる"",""静かな"",""広い"",""暗い"",""安全な""]"	"[""crowded"",""quiet"",""wide"",""dark"",""safe""]"	"[""crowded"",""cloudy"",""crowd"",""ground"",""closed""]"	[]	"[{""word"":""empty"",""note"":""人や物がほとんどない""}]"
300339	3	hobby	趣味	something you enjoy doing in your free time	My hobby is taking pictures.	私の趣味は写真を撮ることです。	noun	2	4	"[""趣味"",""宿題"",""旅行"",""約束"",""質問""]"	"[""hobby"",""homework"",""travel"",""promise"",""question""]"	"[""hobby"",""happy"",""heavy"",""copy"",""coffee""]"	"[{""word"":""pastime"",""note"":""やや書き言葉だが意味が近い""}]"	[]
300340	3	amusement park	遊園地	a place with rides and fun games	We went to an amusement park on Sunday.	私たちは日曜日に遊園地へ行きました。	noun	3	2	"[""遊園地"",""動物園"",""公園"",""博物館"",""図書館""]"	"[""amusement park"",""zoo"",""park"",""museum"",""library""]"	"[""amusement park"",""amazing park"",""music park"",""amusement card"",""amusement part""]"	[]	[]
300341	3	cartoon	アニメ、漫画	a funny drawing or animated TV show	I watched a cartoon after dinner.	私は夕食のあとでアニメを見ました。	noun	3	3	"[""アニメ、漫画"",""小説"",""新聞"",""映画"",""雑誌""]"	"[""cartoon"",""novel"",""newspaper"",""movie"",""magazine""]"	"[""cartoon"",""card"",""car"",""curtain"",""cart""]"	[]	[]
300342	3	silly	ばかな	showing little thought or sense	That was a silly mistake.	それはばかなまちがいでした。	adjective	3	3	"[""ばかな"",""親切な"",""有名な"",""静かな"",""元気な""]"	"[""silly"",""kind"",""famous"",""quiet"",""fine""]"	"[""silly"",""city"",""sorry"",""sleepy"",""salty""]"	"[{""word"":""foolish"",""note"":""ややかための言い方""}]"	"[{""word"":""wise"",""note"":""考えがしっかりしている""}]"
300343	3	comedy	喜劇、コメディ	a funny play, movie, or show	We saw a comedy last night.	私たちは昨夜、喜劇を見ました。	noun	3	2	"[""喜劇、コメディ"",""悲劇"",""小説"",""詩"",""日記""]"	"[""comedy"",""tragedy"",""novel"",""poem"",""diary""]"	"[""comedy"",""company"",""common"",""comet"",""holiday""]"	[]	"[{""word"":""tragedy"",""note"":""悲しい内容の劇""}]"
300344	3	beyond ~	〜の向こうに	on the other side of something	The park is beyond the river.	その公園は川の向こうにあります。	preposition	4	3	"[""〜の向こうに"",""〜の近くに"",""〜の下に"",""〜の間に"",""〜の中に""]"	"[""beyond ~"",""near ~"",""under ~"",""between ~"",""inside ~""]"	"[""beyond ~"",""behind ~"",""belong to ~"",""below ~"",""beside ~""]"	[]	[]
300345	3	fuel	燃料	something used to make heat or power	Cars need fuel to run.	車は走るために燃料が必要です。	noun	4	3	"[""燃料"",""空気"",""水"",""電気"",""石""]"	"[""fuel"",""air"",""water"",""electricity"",""stone""]"	"[""fuel"",""few"",""full"",""fool"",""field""]"	[]	[]
300346	3	harvest	収穫	the act of gathering crops	The rice harvest starts in autumn.	米の収穫は秋に始まります。	noun	5	2	"[""収穫"",""種"",""畑"",""農家"",""作物""]"	"[""harvest"",""seed"",""field"",""farmer"",""crop""]"	"[""harvest"",""hardest"",""artist"",""forest"",""honest""]"	[]	[]
300347	3	collect	集める	to get and bring things together	I collect stamps from many countries.	私は多くの国の切手を集めます。	verb	3	3	"[""集める"",""送る"",""借りる"",""選ぶ"",""洗う""]"	"[""collect"",""send"",""borrow"",""choose"",""wash""]"	"[""collect"",""correct"",""connect"",""concert"",""comment""]"	"[{""word"":""gather"",""note"":""少しかための語だが近い意味""}]"	[]
300348	3	prepare	準備する	to get ready for something	We prepare dinner together every night.	私たちは毎晩いっしょに夕食の準備をします。	verb	4	3	"[""準備する"",""説明する"",""訪れる"",""練習する"",""運ぶ""]"	"[""prepare"",""explain"",""visit"",""practice"",""carry""]"	"[""prepare"",""prefer"",""protect"",""present"",""promise""]"	"[{""word"":""get ready"",""note"":""よりやさしい表現""}]"	[]
300349	3	receive	受け取る	to get something from someone	I received a letter from my friend yesterday.	私は昨日、友だちから手紙を受け取りました。	verb	4	3	"[""受け取る"",""返す"",""失う"",""見つける"",""運ぶ""]"	"[""receive"",""return"",""lose"",""find"",""carry""]"	"[""receive"",""repeat"",""review"",""remove"",""reply""]"	"[{""word"":""get"",""note"":""より基本的で広い意味""}]"	"[{""word"":""send"",""note"":""受け取る⇔送る""}]"
300350	3	grow	育つ	to become bigger or older	Tomatoes grow well here.	ここではトマトがよく育ちます。	verb	3	4	"[""育つ"",""歩く"",""集める"",""送る"",""閉める""]"	"[""grow"",""walk"",""collect"",""send"",""close""]"	"[""grow"",""glow"",""crow"",""gray"",""grass""]"	[]	"[{""word"":""shrink"",""note"":""小さくなる""}]"
300351	3	souvenir	おみやげ	something you buy or keep to remember a place	I bought a souvenir in Kyoto.	私は京都でおみやげを買いました。	noun	4	2	"[""おみやげ"",""地図"",""切符"",""かばん"",""写真""]"	"[""souvenir"",""map"",""ticket"",""bag"",""photo""]"	"[""souvenir"",""summer"",""singer"",""Sunday"",""silver""]"	[]	[]
300352	3	suggest ~	～を提案する	to offer an idea for someone to consider	I suggest taking the bus.	私はバスで行くことを提案します。	verb	5	3	"[""～を提案する"",""～を説明する"",""～を練習する"",""～に到着する"",""～を招待する""]"	"[""suggest ~"",""explain ~"",""practice ~"",""arrive at ~"",""invite ~""]"	"[""suggest ~"",""support ~"",""expect ~"",""explain ~"",""invite ~""]"	[]	[]
300353	3	exchange	交換する	to give something and get another thing	We exchange gifts at Christmas.	私たちはクリスマスに贈り物を交換します。	verb	3	3	"[""交換する"",""借りる"",""選ぶ"",""集める"",""運ぶ""]"	"[""exchange"",""borrow"",""choose"",""collect"",""carry""]"	"[""exchange"",""excuse"",""expect"",""explain"",""extra""]"	"[{""word"":""trade"",""note"":""物を取りかえるときに使う""}]"	[]
300354	3	serve	（食事などを）出す	to give food or drink to someone	They serve lunch at noon.	彼らは正午に昼食を出します。	verb	3	3	"[""（食事などを）出す"",""焼く"",""洗う"",""切る"",""混ぜる""]"	"[""serve"",""bake"",""wash"",""cut"",""mix""]"	"[""serve"",""save"",""sell"",""send"",""surf""]"	[]	[]
300355	3	feed	食べ物を与える、えさをやる	to give food to a person or animal	I feed my dog every morning.	私は毎朝犬にえさをやります。	verb	2	3	"[""食べ物を与える、えさをやる"",""抱く"",""追う"",""洗う"",""助ける""]"	"[""feed"",""hold"",""chase"",""wash"",""help""]"	"[""feed"",""feel"",""field"",""fit"",""find""]"	[]	[]
300356	3	encourage	励ます	to give someone hope or support	My parents encourage me to study hard.	私の両親は私に一生懸命勉強するよう励ましてくれます。	verb	3	3	"[""励ます"",""助ける"",""教える"",""招待する"",""訪ねる""]"	"[""encourage"",""support"",""teach"",""invite"",""visit""]"	"[""encourage"",""engage"",""exchange"",""include"",""enjoy""]"	"[{""word"":""support"",""note"":""支える、応援する意味で近い""}]"	"[{""word"":""discourage"",""note"":""やる気をなくさせる""}]"
300357	3	shine	輝く	to give bright light	The stars shine at night.	星は夜に輝きます。	verb	2	3	"[""輝く"",""落ちる"",""動く"",""集まる"",""続く""]"	"[""shine"",""fall"",""move"",""gather"",""continue""]"	"[""shine"",""shy"",""sign"",""ship"",""side""]"	"[{""word"":""glow"",""note"":""やわらかく光る""}]"	[]
300358	3	charity	慈善団体	an organization that helps people in need	She gave some money to a charity.	彼女は慈善団体にいくらかのお金を寄付しました。	noun	3	2	"[""慈善団体"",""会社"",""図書館"",""工場"",""駅""]"	"[""charity"",""company"",""library"",""factory"",""station""]"	"[""charity"",""cherry"",""channel"",""carry"",""family""]"	[]	[]
300359	3	screen	画面	the part of a device that shows images	I looked at my phone screen.	私は自分のスマートフォンの画面を見ました。	noun	3	3	"[""画面"",""窓"",""壁"",""天井"",""床""]"	"[""screen"",""window"",""wall"",""ceiling"",""floor""]"	"[""screen"",""green"",""scream"",""street"",""spring""]"	"[{""word"":""display"",""note"":""やや一般的・機械の表示""}]"	[]
300360	3	follow ~	～についていく	to go after someone or something	Please follow me to the station.	駅まで私についてきてください。	verb	3	4	"[""～についていく"",""～を待つ"",""～を押す"",""～を運ぶ"",""～を送る""]"	"[""follow ~"",""wait for ~"",""push ~"",""carry ~"",""send ~""]"	"[""follow ~"",""borrow ~"",""followed ~"",""call ~"",""help ~""]"	[]	"[{""word"":""lead"",""note"":""前を行く""}]"
300361	3	sink	沈む	to go down under water	The boat began to sink in the lake.	そのボートは湖で沈み始めました。	verb	3	3	"[""沈む"",""浮かぶ"",""落ちる"",""進む"",""止まる""]"	"[""sink"",""float"",""drop"",""move"",""stop""]"	"[""sink"",""think"",""sing"",""sick"",""wink""]"	[]	"[{""word"":""float"",""note"":""水に浮く""}]"
300362	3	lead ~	～を導く	to show the way to others	She will lead the team today.	彼女は今日チームを導きます。	verb	3	3	"[""～を導く"",""～を運ぶ"",""～を集める"",""～を選ぶ"",""～を守る""]"	"[""lead ~"",""carry ~"",""collect ~"",""choose ~"",""protect ~""]"	"[""lead ~"",""leave ~"",""need ~"",""learn ~"",""lend ~""]"	"[{""word"":""guide"",""note"":""道や方向を示すときによく使う""}]"	"[{""word"":""follow"",""note"":""後について行く""}]"
300363	3	through ~	～を通り抜けて	from one side to the other side	We walked through the park.	私たちは公園を通り抜けて歩きました。	preposition	3	4	"[""～を通り抜けて"",""～の上に"",""～の下に"",""～の前に"",""～の近くに""]"	"[""through ~"",""over ~"",""under ~"",""before ~"",""near ~""]"	"[""through ~"",""though ~"",""true ~"",""throw ~"",""across ~""]"	[]	[]
300364	3	disappear	消える	to go out of sight	The sun disappeared behind the clouds.	太陽は雲の後ろに消えました。	verb	3	2	"[""消える"",""現れる"",""動く"",""止まる"",""落ちる""]"	"[""disappear"",""appear"",""move"",""stop"",""fall""]"	"[""disappear"",""disagree"",""discover"",""distance"",""display""]"	"[{""word"":""vanish"",""note"":""やや書き言葉だが意味が近い""}]"	"[{""word"":""appear"",""note"":""見えるようになる""}]"
300365	3	pick ~ up	～を車で迎えに行く	to collect someone by car	I will pick you up at the station.	駅に車で迎えに行きます。	phrasal verb	3	3	"[""～を車で迎えに行く"",""～を見送る"",""～に電話する"",""～を手伝う"",""～を待つ""]"	"[""pick ~ up"",""see ~ off"",""call ~"",""help ~"",""wait for ~""]"	"[""pick ~ up"",""wake ~ up"",""look ~ up"",""bring ~ back"",""put ~ up""]"	[]	[]
300366	3	attend ~	～に出席する	to go to and be present at something	Many students attend the meeting.	多くの生徒がその会に出席します。	verb	4	3	"[""～に出席する"",""～を欠席する"",""～を始める"",""～を終える"",""～を準備する""]"	"[""attend ~"",""miss ~"",""start ~"",""finish ~"",""prepare ~""]"	"[""attend ~"",""extend ~"",""intend to ~"",""attempt ~"",""enter ~""]"	[]	"[{""word"":""miss"",""note"":""行かない・出席しない""}]"
300367	3	across ~	〜を横切って	from one side to the other side	They walked across the bridge.	彼らは橋を横切って歩きました。	preposition	3	4	"[""〜を横切って"",""〜の下に"",""〜の後ろに"",""〜の近くに"",""〜の間に""]"	"[""across ~"",""under ~"",""behind ~"",""near ~"",""between ~""]"	"[""across ~"",""around ~"",""along ~"",""above ~"",""address ~""]"	[]	[]
300368	3	fall asleep	眠りにつく、寝入る	to begin to sleep	I often fall asleep on the sofa.	私はよくソファで眠ってしまいます。	verb phrase	3	3	"[""眠りにつく、寝入る"",""目を覚ます"",""座る"",""歩く"",""急ぐ""]"	"[""fall asleep"",""wake up"",""sit down"",""walk"",""hurry""]"	"[""fall asleep"",""feel asleep"",""full asleep"",""far asleep"",""fell asleep""]"	"[{""word"":""go to sleep"",""note"":""より基本的な言い方""}]"	"[{""word"":""wake up"",""note"":""目が覚める""}]"
300369	3	opportunity	機会	a good time to do something	This is a good opportunity to study English.	これは英語を勉強するよい機会です。	noun	4	2	"[""機会"",""経験"",""約束"",""質問"",""習慣""]"	"[""opportunity"",""experience"",""promise"",""question"",""habit""]"	"[""opportunity"",""activity"",""community"",""important"",""opposite""]"	"[{""word"":""chance"",""note"":""より基本的で近い意味""}]"	[]
300370	3	lucky	運のよい	having good luck	You are lucky to have such a nice friend.	そんなにすてきな友だちがいて、あなたは運がよいです。	adjective	2	4	"[""運のよい"",""親切な"",""有名な"",""静かな"",""元気な""]"	"[""lucky"",""kind"",""famous"",""quiet"",""healthy""]"	"[""lucky"",""rocky"",""lovely"",""hungry"",""cloudy""]"	"[{""word"":""fortunate"",""note"":""やや硬いが近い意味""}]"	"[{""word"":""unlucky"",""note"":""運が悪い""}]"
300371	3	luckily	運よく	in a lucky way	Luckily, I caught the last bus.	運よく、私は最終バスに間に合った。	adverb	3	3	"[""運よく"",""静かに"",""急いで"",""たいてい"",""突然""]"	"[""luckily"",""quietly"",""quickly"",""usually"",""suddenly""]"	"[""luckily"",""lightly"",""locally"",""quickly"",""lovely""]"	"[{""word"":""fortunately"",""note"":""よりややフォーマル""}]"	"[{""word"":""unfortunately"",""note"":""残念ながら、不運にも""}]"
300372	3	advantage	利点	a good point that helps you	Being tall is an advantage in basketball.	背が高いことは、バスケットボールでは利点です。	noun	4	3	"[""利点"",""欠点"",""方法"",""結果"",""経験""]"	"[""advantage"",""disadvantage"",""method"",""result"",""experience""]"	"[""advantage"",""adventure"",""advance"",""average"",""entrance""]"	"[{""word"":""benefit"",""note"":""役に立つよい点""}]"	"[{""word"":""disadvantage"",""note"":""不利な点""}]"
300373	3	minister	大臣	a person with an important government job	The minister spoke on TV last night.	その大臣は昨夜テレビで話しました。	noun	4	2	"[""大臣"",""医者"",""記者"",""画家"",""店員""]"	"[""minister"",""doctor"",""reporter"",""artist"",""clerk""]"	"[""minister"",""minute"",""mister"",""mirror"",""visitor""]"	[]	[]
300374	3	mark	印、しるし	a small sign or written symbol	Put a mark next to the answer.	答えの横に印をつけてください。	noun	3	3	"[""印、しるし"",""線"",""点数"",""番号"",""文字""]"	"[""mark"",""line"",""score"",""number"",""letter""]"	"[""mark"",""park"",""dark"",""mask"",""milk""]"	[]	[]
300375	3	grandpa	おじいさん	your father's or mother's father	My grandpa lives in Osaka.	私のおじいさんは大阪に住んでいます。	noun	2	3	"[""おじいさん"",""おばあさん"",""お父さん"",""お母さん"",""おじ""]"	"[""grandpa"",""grandma"",""father"",""mother"",""uncle""]"	"[""grandpa"",""grandma"",""grape"",""glass"",""ground""]"	"[{""word"":""grandfather"",""note"":""より正式な言い方""}]"	[]
300376	3	horror	恐怖、ホラー	a very strong feeling of fear	I do not like horror movies.	私はホラー映画が好きではありません。	noun	4	2	"[""恐怖、ホラー"",""驚き"",""喜び"",""怒り"",""悲しみ""]"	"[""horror"",""surprise"",""joy"",""anger"",""sadness""]"	"[""horror"",""mirror"",""color"",""hollow"",""hero""]"	"[{""word"":""fear"",""note"":""horror のほうが強い""}]"	[]
300377	3	joy	喜び	a feeling of great happiness	The news gave us great joy.	その知らせは私たちに大きな喜びを与えた。	noun	3	3	"[""喜び"",""悲しみ"",""驚き"",""怒り"",""希望""]"	"[""joy"",""sadness"",""surprise"",""anger"",""hope""]"	"[""joy"",""boy"",""toy"",""join"",""job""]"	"[{""word"":""happiness"",""note"":""より一般的な「幸せ」""}]"	"[{""word"":""sadness"",""note"":""悲しい気持ち""}]"
300378	3	earthquake	地震	a sudden shaking of the ground	The earthquake was very strong last night.	昨夜の地震はとても強かった。	noun	3	3	"[""地震"",""台風"",""洪水"",""火事"",""嵐""]"	"[""earthquake"",""typhoon"",""flood"",""fire"",""storm""]"	"[""earthquake"",""birthday"",""airplane"",""third grade"",""Thursday""]"	[]	[]
300379	3	community	地域社会	the people living in one area	Our community has a new library.	私たちの地域社会には新しい図書館がある。	noun	4	2	"[""地域社会"",""学校"",""会社"",""公園"",""病院""]"	"[""community"",""school"",""company"",""park"",""hospital""]"	"[""community"",""company"",""country"",""committee"",""common""]"	[]	[]
300380	3	social	社会の	related to people and society	We studied social problems in class.	私たちは授業で社会問題を勉強しました。	adjective	3	3	"[""社会の"",""個人の"",""自然の"",""歴史の"",""国際的な""]"	"[""social"",""personal"",""natural"",""historical"",""international""]"	"[""social"",""special"",""local"",""science"",""usual""]"	[]	[]
300381	3	government	政府	the group that runs a country	The government made a new rule.	政府は新しい規則を作りました。	noun	4	4	"[""政府"",""会社"",""学校"",""病院"",""警察""]"	"[""government"",""company"",""school"",""hospital"",""police""]"	"[""government"",""movement"",""governor"",""cover"",""comment""]"	[]	[]
300382	3	develop	発達する、発展させる	to grow or make something grow	They want to develop the town.	彼らはその町を発達させたいと思っています。	verb	4	4	"[""発達する、発展させる"",""集める"",""運ぶ"",""選ぶ"",""比べる""]"	"[""develop"",""collect"",""carry"",""choose"",""compare""]"	"[""develop"",""deliver"",""depend"",""describe"",""design""]"	"[{""word"":""grow"",""note"":""より基本的な語""}]"	[]
300383	3	adult	大人	a person who is fully grown	My sister is an adult now.	私の姉はもう大人です。	noun	3	3	"[""大人"",""子ども"",""学生"",""先生"",""友だち""]"	"[""adult"",""child"",""student"",""teacher"",""friend""]"	"[""adult"",""adopt"",""about"",""alert"",""apart""]"	"[{""word"":""grown-up"",""note"":""より会話的な言い方""}]"	"[{""word"":""child"",""note"":""年齢の反対""}]"
300384	3	show A around B	AにBを案内する	to take someone around a place	I will show my cousin around the school.	私はいとこに学校を案内します。	verb phrase	4	2	"[""AにBを案内する"",""AをBまで迎えに行く"",""AにBを見せる"",""AにBを渡す"",""AにBを説明する""]"	"[""show A around B"",""pick A up at B"",""show A B"",""give A B"",""explain B to A""]"	"[""show A around B"",""go around B"",""show A B"",""look around B"",""walk around B""]"	"[{""word"":""guide"",""note"":""より一般的な一語""}]"	[]
300385	3	gesture	身ぶり	a movement of the hands or body to show something	She used a gesture to explain it.	彼女はそれを説明するために身ぶりを使いました。	noun	4	2	"[""身ぶり"",""表情"",""声"",""言葉"",""合図""]"	"[""gesture"",""expression"",""voice"",""word"",""sign""]"	"[""gesture"",""guest"",""jester"",""question"",""lecture""]"	"[{""word"":""sign"",""note"":""合図の意味で近い""}]"	[]
300386	3	recent	最近の	happening not long ago	This is a recent photo of my family.	これは私の家族の最近の写真です。	adjective	3	3	"[""最近の"",""重要な"",""有名な"",""静かな"",""安全な""]"	"[""recent"",""important"",""famous"",""quiet"",""safe""]"	"[""recent"",""reason"",""region"",""reader"",""season""]"	"[{""word"":""new"",""note"":""より広い意味で「新しい」""}]"	"[{""word"":""old"",""note"":""古い""}]"
300387	3	pleased	うれしい	happy and glad about something	I was pleased with the test result.	私はそのテストの結果がうれしかった。	adjective	3	3	"[""うれしい"",""悲しい"",""眠い"",""忙しい"",""元気な""]"	"[""pleased"",""sad"",""sleepy"",""busy"",""fine""]"	"[""pleased"",""please"",""priest"",""cleaned"",""played""]"	"[{""word"":""glad"",""note"":""よく似た意味""},{""word"":""happy"",""note"":""より一般的な語""}]"	"[{""word"":""sad"",""note"":""悲しい""}]"
300388	3	satisfied	満足した	feeling happy because something is enough or good	She was satisfied with her dinner.	彼女は夕食に満足した。	adjective	4	2	"[""満足した"",""驚いた"",""疲れた"",""心配した"",""退屈した""]"	"[""satisfied"",""surprised"",""tired"",""worried"",""bored""]"	"[""satisfied"",""satellite"",""Saturday"",""started"",""sudden""]"	"[{""word"":""content"",""note"":""やや書き言葉""}]"	"[{""word"":""dissatisfied"",""note"":""不満な""}]"
300389	3	complex	複雑な	not simple and hard to understand	This math problem is complex.	この数学の問題は複雑です。	adjective	4	3	"[""複雑な"",""簡単な"",""重要な"",""危険な"",""有名な""]"	"[""complex"",""simple"",""important"",""dangerous"",""famous""]"	"[""complex"",""contest"",""collect"",""complete"",""correct""]"	"[{""word"":""complicated"",""note"":""よりややかたい語""}]"	"[{""word"":""simple"",""note"":""簡単な""}]"
300390	3	stone	石	a hard piece of rock	I found a small stone by the river.	私は川のそばで小さな石を見つけました。	noun	2	4	"[""石"",""木"",""砂"",""土"",""金属""]"	"[""stone"",""wood"",""sand"",""soil"",""metal""]"	"[""stone"",""store"",""stole"",""storm"",""stand""]"	"[{""word"":""rock"",""note"":""stoneよりやや広い意味""}]"	[]
300391	3	metal	金属	a hard material like iron or gold	This table is made of metal.	このテーブルは金属でできています。	noun	3	4	"[""金属"",""木"",""布"",""紙"",""ガラス""]"	"[""metal"",""wood"",""cloth"",""paper"",""glass""]"	"[""metal"",""medal"",""middle"",""model"",""matter""]"	[]	[]
300392	3	heavy	重い	weighing a lot	This bag is very heavy.	このかばんはとても重いです。	adjective	3	4	"[""重い"",""軽い"",""大きい"",""深い"",""強い""]"	"[""heavy"",""light"",""large"",""deep"",""strong""]"	"[""heavy"",""happy"",""hurry"",""head"",""healthy""]"	"[{""word"":""weighty"",""note"":""ややかたい語""}]"	"[{""word"":""light"",""note"":""重さが軽い""}]"
300393	3	confusing	わかりにくい	hard to understand	This math question is confusing.	この数学の問題はわかりにくいです。	adjective	4	3	"[""わかりにくい"",""おもしろい"",""やさしい"",""重要な"",""有名な""]"	"[""confusing"",""interesting"",""easy"",""important"",""famous""]"	"[""confusing"",""computer"",""condition"",""continue"",""confident""]"	"[{""word"":""unclear"",""note"":""はっきりしない""}]"	"[{""word"":""clear"",""note"":""わかりやすい""}]"
300394	3	effort	努力	hard work to do something	Your effort will help you improve.	あなたの努力は上達に役立つでしょう。	noun	4	3	"[""努力"",""経験"",""約束"",""質問"",""習慣""]"	"[""effort"",""experience"",""promise"",""question"",""habit""]"	"[""effort"",""export"",""empty"",""enter"",""artist""]"	[]	[]
300395	3	lazy	なまけた	not liking to work or move much	He is lazy and never cleans his room.	彼はなまけていて、部屋をまったく掃除しません。	adjective	3	3	"[""なまけた"",""しんせつな"",""いそがしい"",""げんきな"",""しずかな""]"	"[""lazy"",""kind"",""busy"",""active"",""quiet""]"	"[""lazy"",""lady"",""rainy"",""lucky"",""crazy""]"	"[{""word"":""idle"",""note"":""ややかたい語だが「なまけた」""}]"	"[{""word"":""hard-working"",""note"":""よく働く""},{""word"":""active"",""note"":""活動的な""}]"
300396	3	be able to do	～することができる	to have the ability to do something	I will be able to swim soon.	私はもうすぐ泳げるようになるでしょう。	verb phrase	4	4	"[""～することができる"",""～しなければならない"",""～したい"",""～するべきだ"",""～してはいけない""]"	"[""be able to do"",""have to do"",""want to do"",""should do"",""must not do""]"	"[""be able to do"",""be ready to do"",""be happy to do"",""be likely to do"",""be afraid to do""]"	"[{""word"":""can"",""note"":""現在の能力を表す基本語""}]"	[]
300397	3	include ~	～を含む	to have something as part of a group or whole	The price includes breakfast.	その料金には朝食が含まれます。	verb	4	4	"[""～を含む"",""～を選ぶ"",""～を運ぶ"",""～を集める"",""～を比べる""]"	"[""include ~"",""choose ~"",""carry ~"",""collect ~"",""compare ~""]"	"[""include ~"",""increase ~"",""invite ~"",""improve ~"",""introduce ~""]"	"[{""word"":""contain"",""note"":""中に含むという意味で近い""}]"	"[{""word"":""exclude"",""note"":""含めない""}]"
300398	3	be interested in ~	～に興味がある	to like and want to know more about something	I am interested in science.	私は科学に興味があります。	adjective phrase	3	3	"[""～に興味がある"",""～を必要としている"",""～が得意である"",""～を心配している"",""～にうんざりしている""]"	"[""be interested in ~"",""need ~"",""be good at ~"",""be worried about ~"",""be tired of ~""]"	"[""be interested in ~"",""be good at ~"",""be worried about ~"",""be tired of ~"",""be ready for ~""]"	[]	[]
300399	3	run out of ~	～を使い果たす、～を切らす	to have no more of something left	We ran out of milk this morning.	私たちは今朝、牛乳を切らしました。	phrasal verb	4	3	"[""～を使い果たす、～を切らす"",""～を探す"",""～を片づける"",""～を持ち帰る"",""～をあきらめる""]"	"[""run out of ~"",""look for ~"",""clean up ~"",""bring back ~"",""give up ~""]"	"[""run out of ~"",""get out of ~"",""come out of ~"",""stay out of ~"",""go out of ~""]"	[]	[]
300400	3	mean	意味する	to have a meaning	What does this word mean?	この単語はどういう意味ですか。	verb	2	4	"[""意味する"",""選ぶ"",""説明する"",""変える"",""覚える""]"	"[""mean"",""choose"",""explain"",""change"",""remember""]"	"[""mean"",""main"",""men"",""meat"",""moon""]"	"[{""word"":""stand for"",""note"":""記号や語が表すとき""}]"	[]
300401	3	sound like ~	〜のように聞こえる	to seem to have a particular sound	That song sounds like a bird.	その歌は鳥のように聞こえます。	verb phrase	3	3	"[""〜のように聞こえる"",""～のように見える"",""～のように感じる"",""～のような味がする"",""～のようなにおいがする""]"	"[""sound like ~"",""look like ~"",""feel like ~"",""taste like ~"",""smell like ~""]"	"[""sound like ~"",""look like ~"",""feel like ~"",""sound good"",""sounds right""]"	[]	[]
300402	3	wise	賢い	able to make good decisions	My grandfather is a wise man.	私の祖父は賢い人です。	adjective	3	3	"[""賢い"",""親切な"",""有名な"",""静かな"",""正直な""]"	"[""wise"",""kind"",""famous"",""quiet"",""honest""]"	"[""wise"",""wide"",""wine"",""ice"",""rise""]"	"[{""word"":""sensible"",""note"":""よい判断ができる""}]"	"[{""word"":""foolish"",""note"":""賢くない""}]"
300403	3	rich	金持ちの	having a lot of money	He is rich and lives in a big house.	彼はお金持ちで、大きな家に住んでいます。	adjective	2	4	"[""金持ちの"",""忙しい"",""有名な"",""若い"",""親切な""]"	"[""rich"",""busy"",""famous"",""young"",""kind""]"	"[""rich"",""reach"",""rice"",""witch"",""ring""]"	"[{""word"":""wealthy"",""note"":""ややかたい語""}]"	"[{""word"":""poor"",""note"":""お金があまりない""}]"
300404	3	poor	貧しい	having little money	He was born in a poor family.	彼は貧しい家庭に生まれました。	adjective	3	3	"[""貧しい"",""裕福な"",""有名な"",""親切な"",""忙しい""]"	"[""poor"",""rich"",""famous"",""kind"",""busy""]"	"[""poor"",""door"",""four"",""park"",""power""]"	[]	"[{""word"":""rich"",""note"":""お金をたくさん持っている""}]"
300405	3	be in trouble	困っている、問題を抱えている	to have a serious problem	He is in trouble now.	彼は今困っています。	verb phrase	3	2	"[""困っている、問題を抱えている"",""急いでいる"",""疲れている"",""準備ができている"",""機嫌がよい""]"	"[""be in trouble"",""be in a hurry"",""be tired"",""be ready"",""be in a good mood""]"	"[""be in trouble"",""be in a hurry"",""be on time"",""be in danger"",""be in charge""]"	"[{""word"":""in difficulty"",""note"":""ややかたい表現""}]"	[]
300406	3	married	結婚している	having a husband or wife	My sister is married.	私の姉は結婚しています。	adjective	3	3	"[""結婚している"",""独身の"",""有名な"",""若い"",""親切な""]"	"[""married"",""single"",""famous"",""young"",""kind""]"	"[""married"",""carried"",""worried"",""merry"",""market""]"	[]	"[{""word"":""single"",""note"":""結婚していない""}]"
300407	3	support	支える、応援する	to help or encourage someone or something	We support our team every week.	私たちは毎週自分たちのチームを応援します。	verb	3	3	"[""支える、応援する"",""反対する"",""運ぶ"",""選ぶ"",""集める""]"	"[""support"",""carry"",""choose"",""collect"",""wash""]"	"[""support"",""report"",""sport"",""supper"",""supply""]"	"[{""word"":""help"",""note"":""助けるという広い意味の語""}]"	"[{""word"":""oppose"",""note"":""反対する""}]"
300408	3	advice	助言	helpful ideas about what to do	My father gave me good advice.	父は私に良い助言をくれました。	noun	3	3	"[""助言"",""質問"",""約束"",""理由"",""計画""]"	"[""advice"",""question"",""promise"",""reason"",""plan""]"	"[""advice"",""device"",""advance"",""admire"",""address""]"	"[{""word"":""tip"",""note"":""くだけた言い方""}]"	[]
300409	3	secret	秘密	something that is not known by others	This is a secret between us.	これは私たちの間の秘密です。	noun	3	3	"[""秘密"",""約束"",""習慣"",""意見"",""夢""]"	"[""secret"",""promise"",""habit"",""opinion"",""dream""]"	"[""secret"",""second"",""season"",""signal"",""ticket""]"	[]	[]
300410	3	fever	熱	a high body temperature when you are sick	I have a fever today.	私は今日、熱があります。	noun	3	3	"[""熱"",""せき"",""頭痛"",""けが"",""病気""]"	"[""fever"",""cough"",""headache"",""injury"",""illness""]"	"[""fever"",""fiber"",""river"",""teacher"",""finger""]"	[]	[]
300411	3	expensive	高価な	costing a lot of money	This bag is expensive.	このかばんは高価です。	adjective	3	4	"[""高価な"",""安い"",""重い"",""新しい"",""便利な""]"	"[""expensive"",""cheap"",""heavy"",""new"",""useful""]"	"[""expensive"",""express"",""exciting"",""important"",""experience""]"	"[{""word"":""dear"",""note"":""英では「高価な」の意味で使う""}]"	"[{""word"":""cheap"",""note"":""値段が安い""}]"
300412	3	technology	技術	the use of science to make useful things	Technology changes our lives.	技術は私たちの生活を変えます。	noun	4	3	"[""技術"",""文化"",""歴史"",""情報"",""科学""]"	"[""technology"",""culture"",""history"",""information"",""science""]"	"[""technology"",""ecology"",""biology"",""geography"",""holiday""]"	[]	[]
300413	3	precious	大切な	very important and valuable to you	This ring is precious to my grandmother.	この指輪は私の祖母にとって大切です。	adjective	3	3	"[""大切な"",""有名な"",""安全な"",""静かな"",""必要な""]"	"[""precious"",""famous"",""safe"",""quiet"",""necessary""]"	"[""precious"",""previous"",""special"",""practice"",""price""]"	"[{""word"":""valuable"",""note"":""金銭的・気持ちの面で価値がある""}]"	"[{""word"":""worthless"",""note"":""価値がない""}]"
300414	3	museum	博物館	a place where old or important things are shown	We visited the museum on Sunday.	私たちは日曜日に博物館を訪れました。	noun	2	4	"[""博物館"",""図書館"",""駅"",""病院"",""公園""]"	"[""museum"",""library"",""station"",""hospital"",""park""]"	"[""museum"",""music"",""muscle"",""use"",""season""]"	[]	[]
300415	3	knock on ~	～をノックする	to hit a door to get attention	Please knock on the door before entering.	入る前にドアをノックしてください。	verb phrase	2	4	"[""～をノックする"",""～を押す"",""～を引く"",""～を開ける"",""～を閉める""]"	"[""knock on ~"",""push ~"",""pull ~"",""open ~"",""close ~""]"	"[""knock on ~"",""lock up ~"",""look at ~"",""knock down ~"",""walk on ~""]"	"[{""word"":""tap"",""note"":""軽くたたく""}]"	[]
300416	3	crash into ~	～に衝突する	to hit something hard by accident	The car crashed into a tree.	その車は木に衝突しました。	phrasal verb	3	3	"[""～に衝突する"",""～に到着する"",""～から逃げる"",""～を追い越す"",""～のそばを通る""]"	"[""crash into ~"",""arrive at ~"",""escape from ~"",""pass ~"",""go past ~""]"	"[""crash into ~"",""rush into ~"",""come into ~"",""cross over ~"",""crush ~""]"	"[{""word"":""hit"",""note"":""より広い意味で「当たる」""}]"	[]
300417	3	type	種類	a kind of something	What type of music do you like?	あなたはどんな種類の音楽が好きですか。	noun	2	4	"[""種類"",""形"",""番号"",""色"",""名前""]"	"[""type"",""shape"",""number"",""color"",""name""]"	"[""type"",""time"",""tape"",""tip"",""tie""]"	"[{""word"":""kind"",""note"":""日常会話でよく使う""}]"	[]
300418	3	contain	含む	to have something inside	This box can contain many books.	この箱にはたくさんの本を入れられます。	verb	4	3	"[""含む"",""集める"",""選ぶ"",""動かす"",""比べる""]"	"[""contain"",""collect"",""choose"",""move"",""compare""]"	"[""contain"",""contact"",""continue"",""content"",""complain""]"	"[{""word"":""include"",""note"":""「含む」の基本語""}]"	[]
300419	3	basket	かご	a container used to carry or hold things	She put the apples in the basket.	彼女はりんごをかごに入れました。	noun	2	3	"[""かご"",""箱"",""袋"",""皿"",""びん""]"	"[""basket"",""box"",""bag"",""plate"",""bottle""]"	"[""basket"",""jacket"",""packet"",""blanket"",""bucket""]"	[]	[]
300420	3	steam	湯気	hot water in the air	Steam came from the hot soup.	熱いスープから湯気が出ました。	noun	3	2	"[""湯気"",""煙"",""雲"",""霧"",""空気""]"	"[""steam"",""smoke"",""cloud"",""fog"",""air""]"	"[""steam"",""team"",""seem"",""stone"",""stick""]"	[]	[]
300421	3	size	大きさ	how big or small something is	What size shoes do you wear?	あなたは何サイズのくつをはきますか。	noun	2	4	"[""大きさ"",""形"",""色"",""重さ"",""長さ""]"	"[""size"",""shape"",""color"",""weight"",""length""]"	"[""size"",""sign"",""side"",""sight"",""soup""]"	[]	[]
300422	3	depth	深さ	how deep something is	We measured the depth of the river.	私たちはその川の深さを測りました。	noun	3	3	"[""深さ"",""高さ"",""長さ"",""広さ"",""重さ""]"	"[""depth"",""height"",""length"",""width"",""weight""]"	"[""depth"",""death"",""desk"",""best"",""deaf""]"	[]	[]
300423	3	weight	重さ	how heavy something is	What is the weight of this box?	この箱の重さはどれくらいですか。	noun	3	4	"[""重さ"",""深さ"",""高さ"",""長さ"",""広さ""]"	"[""weight"",""depth"",""height"",""length"",""width""]"	"[""weight"",""wake"",""white"",""wet"",""wheat""]"	[]	[]
300424	3	temperature	温度、気温	how hot or cold something is	The temperature is very high today.	今日は気温がとても高いです。	noun	4	4	"[""温度、気温"",""天気"",""季節"",""湿度"",""風""]"	"[""temperature"",""weather"",""season"",""humidity"",""wind""]"	"[""temperature"",""template"",""tennis"",""September"",""teacher""]"	[]	[]
300425	3	condition	状態	the state of something or someone	The car is in good condition.	その車はよい状態です。	noun	3	3	"[""状態"",""長さ"",""量"",""形"",""重さ""]"	"[""condition"",""length"",""amount"",""shape"",""weight""]"	"[""condition"",""position"",""addition"",""connection"",""question""]"	"[{""word"":""state"",""note"":""より一般的な語""}]"	[]
300426	3	length	長さ	how long something is	We measured the length of the table.	私たちはそのテーブルの長さを測りました。	noun	3	3	"[""長さ"",""重さ"",""高さ"",""深さ"",""広さ""]"	"[""length"",""weight"",""height"",""depth"",""width""]"	"[""length"",""strength"",""left"",""light"",""lent""]"	[]	[]
300427	3	amount	量	how much of something there is	Drink a small amount of water.	少量の水を飲みなさい。	noun	3	3	"[""量"",""数"",""重さ"",""長さ"",""速さ""]"	"[""amount"",""number"",""weight"",""length"",""speed""]"	"[""amount"",""around"",""account"",""mount"",""sound""]"	[]	[]
300428	3	height	高さ	how tall something is	What is the height of this table?	このテーブルの高さはどれくらいですか。	noun	3	3	"[""高さ"",""重さ"",""長さ"",""広さ"",""深さ""]"	"[""height"",""weight"",""length"",""width"",""depth""]"	"[""height"",""light"",""right"",""night"",""hide""]"	[]	[]
300429	3	difference	違い	the way two things are not the same	I can see the difference between the two pictures.	私はその2枚の絵の違いがわかります。	noun	3	3	"[""違い"",""答え"",""理由"",""結果"",""問題""]"	"[""difference"",""answer"",""reason"",""result"",""problem""]"	"[""difference"",""different"",""distance"",""dinner"",""reference""]"	"[{""word"":""gap"",""note"":""差という意味で使うことがある""}]"	[]
300430	3	instruction	指示	information that tells you what to do	Please read the instructions carefully.	その説明を注意して読んでください。	noun	4	2	"[""指示"",""質問"",""約束"",""意見"",""計画""]"	"[""instruction"",""question"",""promise"",""opinion"",""plan""]"	"[""instruction"",""introduction"",""intersection"",""instrument"",""invention""]"	"[{""word"":""direction"",""note"":""道順ではなく指示の意味でも使う""}]"	[]
300431	3	width	幅	the distance from one side to the other	What is the width of this desk?	この机の幅はどれくらいですか。	noun	3	3	"[""幅"",""長さ"",""高さ"",""深さ"",""重さ""]"	"[""width"",""length"",""height"",""depth"",""weight""]"	"[""width"",""with"",""wish"",""wind"",""winter""]"	[]	[]
300432	3	ocean	大洋、海	a very large area of sea	They crossed the ocean by ship.	彼らは船で海を渡りました。	noun	3	4	"[""大洋、海"",""川"",""湖"",""池"",""島""]"	"[""ocean"",""river"",""lake"",""pond"",""island""]"	"[""ocean"",""open"",""orange"",""order"",""over""]"	"[{""word"":""sea"",""note"":""より一般的な語""}]"	[]
300433	3	injure	傷つける	to hurt a person or animal	Be careful not to injure your leg.	足を傷つけないように気をつけて。	verb	4	3	"[""傷つける"",""助ける"",""運ぶ"",""洗う"",""選ぶ""]"	"[""injure"",""help"",""carry"",""wash"",""choose""]"	"[""injure"",""inside"",""invite"",""enjoy"",""engine""]"	"[{""word"":""hurt"",""note"":""より基本的な語""}]"	[]
300434	3	punish	罰する	to make someone suffer for doing something wrong	The teacher will punish him for breaking the rule.	先生は規則を破ったことで彼を罰するでしょう。	verb	3	3	"[""罰する"",""助ける"",""許す"",""褒める"",""招く""]"	"[""punish"",""help"",""forgive"",""praise"",""invite""]"	"[""punish"",""finish"",""public"",""polish"",""panic""]"	[]	"[{""word"":""forgive"",""note"":""許す""}]"
300435	3	damage	損害	harm done to something	The storm caused serious damage to the roof.	その嵐は屋根に大きな損害を与えた。	noun	3	3	"[""損害"",""利益"",""価値"",""形"",""色""]"	"[""damage"",""profit"",""value"",""shape"",""color""]"	"[""damage"",""manage"",""village"",""message"",""package""]"	"[{""word"":""harm"",""note"":""より広い意味で使う""}]"	[]
300436	3	pain	痛み	a bad feeling in your body	I felt a sharp pain in my leg.	私は脚に鋭い痛みを感じた。	noun	2	4	"[""痛み"",""熱"",""眠り"",""夢"",""声""]"	"[""pain"",""fever"",""sleep"",""dream"",""voice""]"	"[""pain"",""main"",""paint"",""pair"",""plan""]"	"[{""word"":""ache"",""note"":""体の痛みによく使う""}]"	[]
300437	3	I'm ready.	準備できています	used to say you are prepared	I'm ready for the test.	私はテストの準備ができています。	sentence	2	3	"[""準備できています"",""疲れています"",""急いでいます"",""おなかがすいています"",""心配しています""]"	"[""I'm ready."",""I'm tired."",""I'm busy."",""I'm hungry."",""I'm worried.""]"	"[""I'm ready."",""I'm sleepy."",""I'm sorry."",""I'm happy."",""I'm busy.""]"	[]	[]
300438	3	I'll call you.	電話します	used to say you will phone someone	I'll call you tonight.	今夜、あなたに電話します。	sentence	2	3	"[""電話します"",""手伝います"",""待ちます"",""会いに行きます"",""手紙を書きます""]"	"[""I'll call you."",""I'll help you."",""I'll wait for you."",""I'll visit you."",""I'll write to you.""]"	"[""I'll call you."",""I'll tell you."",""I'll meet you."",""I'll help you."",""I'll see you.""]"	[]	[]
300439	3	melt	溶ける	to become liquid because of heat	The ice will melt soon.	その氷はすぐに溶けるでしょう。	verb	3	3	"[""溶ける"",""凍る"",""落ちる"",""乾く"",""割れる""]"	"[""melt"",""freeze"",""drop"",""dry"",""break""]"	"[""melt"",""belt"",""met"",""milk"",""mind""]"	[]	"[{""word"":""freeze"",""note"":""熱で溶ける ↔ 凍る""}]"
300440	3	passport	パスポート	an official book for traveling to other countries	You need a passport to visit Canada.	カナダを訪れるにはパスポートが必要です。	noun	3	3	"[""パスポート"",""切符"",""地図"",""かばん"",""鍵""]"	"[""passport"",""ticket"",""map"",""bag"",""key""]"	"[""passport"",""passage"",""basket"",""pastor"",""support""]"	[]	[]
300441	3	suggestion	提案	an idea or plan that someone gives	Thank you for your suggestion.	あなたの提案をありがとう。	noun	4	2	"[""提案"",""質問"",""答え"",""約束"",""理由""]"	"[""suggestion"",""question"",""answer"",""promise"",""reason""]"	"[""suggestion"",""selection"",""direction"",""vacation"",""condition""]"	"[{""word"":""idea"",""note"":""より広い意味の「考え」""}]"	[]
300442	3	unless	〜でない限り	if not	I will not go out unless it stops raining.	雨がやまない限り、私は外出しません。	conjunction	4	3	"[""〜でない限り"",""〜した後で"",""〜する前に"",""〜するので"",""〜する間""]"	"[""unless"",""after"",""before"",""because"",""while""]"	"[""unless"",""until"",""under"",""unfair"",""indeed""]"	"[{""word"":""if not"",""note"":""ほぼ同じ意味""}]"	[]
300443	3	otherwise	さもないと	if not	Hurry up, otherwise you will miss the bus.	急ぎなさい。さもないとバスに乗り遅れます。	adverb	3	3	"[""さもないと"",""たとえば"",""たぶん"",""すぐに"",""いつも""]"	"[""otherwise"",""for example"",""perhaps"",""soon"",""always""]"	"[""otherwise"",""other"",""overseas"",""outside"",""always""]"	"[{""word"":""if not"",""note"":""近い意味の表現""}]"	[]
300444	3	whether	〜かどうか	if something is true or not	I don't know whether he will come.	彼が来るかどうかわかりません。	conjunction	3	3	"[""〜かどうか"",""なぜなら"",""しかし"",""そのあとで"",""たぶん""]"	"[""whether"",""because"",""but"",""after"",""maybe""]"	"[""whether"",""writer"",""winter"",""water"",""winner""]"	"[{""word"":""if"",""note"":""間接疑問で近い意味""}]"	[]
300445	3	disease	病気	an illness of the body	This disease spreads quickly.	この病気は急速に広がります。	noun	3	3	"[""病気"",""けが"",""薬"",""熱"",""健康""]"	"[""disease"",""injury"",""medicine"",""fever"",""health""]"	"[""disease"",""decease"",""desert"",""decide"",""release""]"	"[{""word"":""illness"",""note"":""より一般的な語""}]"	[]
300446	3	photo	写真	a picture taken with a camera	I took a photo of my dog.	私は自分の犬の写真を撮りました。	noun	1	4	"[""写真"",""絵"",""地図"",""手紙"",""切符""]"	"[""photo"",""drawing"",""map"",""letter"",""ticket""]"	"[""photo"",""potato"",""piano"",""phone"",""window""]"	"[{""word"":""picture"",""note"":""photoより広く「絵・写真」""}]"	[]
300447	3	in the park	公園で	inside a park	We played soccer in the park.	私たちは公園でサッカーをしました。	prepositional phrase	1	3	"[""公園で"",""学校で"",""家で"",""駅で"",""店で""]"	"[""in the park"",""at school"",""at home"",""at the station"",""in the store""]"	"[""in the park"",""in the dark"",""in the yard"",""in the room"",""in the car""]"	[]	[]
300448	3	if ~	もし～なら	used when talking about a condition	If it rains, we will stay home.	もし雨が降れば、私たちは家にいます。	conjunction	2	5	"[""もし～なら"",""～だけれども"",""～なので"",""～するまで"",""～する間""]"	"[""if ~"",""although ~"",""because ~"",""until ~"",""while ~""]"	"[""if ~"",""even if ~"",""as if ~"",""only if ~"",""unless ~""]"	[]	[]
300449	3	actually	実は	in fact; really	I actually like math.	私は実は数学が好きです。	adverb	3	4	"[""実は"",""たぶん"",""すぐに"",""いつも"",""とても""]"	"[""actually"",""probably"",""soon"",""always"",""very""]"	"[""actually"",""active"",""annual"",""carefully"",""usually""]"	"[{""word"":""really"",""note"":""強調でよく使う""},{""word"":""in fact"",""note"":""「実は」という言い換え""}]"	[]
300450	3	among ~	〜の中で	in the middle of many people or things	She sat among her friends.	彼女は友だちの中で座っていました。	preposition	3	4	"[""〜の中で"",""〜の前に"",""〜の後ろに"",""〜の近くに"",""〜の上に""]"	"[""among ~"",""before ~"",""behind ~"",""near ~"",""above ~""]"	"[""among ~"",""along ~"",""around ~"",""alone"",""amount""]"	[]	[]
300451	3	between A and B	AとBの間に	in the space separating two people or things	The ball is between the two boxes.	そのボールは2つの箱の間にあります。	preposition	2	5	"[""AとBの間に"",""～の中で"",""～の下に"",""～の後ろに"",""～の近くに""]"	"[""between A and B"",""among ~"",""under ~"",""behind ~"",""near ~""]"	"[""between A and B"",""beside ~"",""beyond ~"",""behind ~"",""below ~""]"	[]	[]
300452	3	instead	代わりに	in place of something else	I stayed home instead.	私は代わりに家にいました。	adverb	3	3	"[""代わりに"",""すぐに"",""たぶん"",""いっしょに"",""ゆっくり""]"	"[""instead"",""soon"",""maybe"",""together"",""slowly""]"	"[""instead"",""inside"",""instant"",""insect"",""into""]"	[]	[]
300453	3	one after another	次々に	one by one in a row	The buses came one after another.	バスが次々に来ました。	adverb	4	2	"[""次々に"",""突然"",""静かに"",""まっすぐ"",""たいてい""]"	"[""one after another"",""suddenly"",""quietly"",""straight"",""usually""]"	"[""one after another"",""one another"",""all together"",""over there"",""on the way""]"	"[{""word"":""one by one"",""note"":""1つずつの意味で近い""}]"	[]
300454	3	after all	結局	in the end	After all, he was right.	結局、彼が正しかった。	adverb	4	3	"[""結局"",""たぶん"",""もちろん"",""たしかに"",""最近""]"	"[""after all"",""maybe"",""of course"",""surely"",""recently""]"	"[""after all"",""afternoon"",""actor"",""answer"",""apple""]"	"[{""word"":""in the end"",""note"":""意味が近い表現""}]"	[]
300455	3	eventually	ついに	in the end; after some time	He eventually found his lost key.	彼はついに失くした鍵を見つけました。	adverb	3	3	"[""ついに"",""すぐに"",""たぶん"",""いつも"",""ときどき""]"	"[""eventually"",""quickly"",""probably"",""always"",""sometimes""]"	"[""eventually"",""especially"",""actually"",""usually"",""carefully""]"	"[{""word"":""finally"",""note"":""「ついに」の近い意味""}]"	[]
300456	3	in the morning	朝に	during the morning time	I usually study English in the morning.	私はたいてい朝に英語を勉強します。	prepositional phrase	2	4	"[""朝に"",""午後に"",""夕方に"",""夜に"",""正午に""]"	"[""in the morning"",""in the afternoon"",""in the evening"",""at night"",""at noon""]"	"[""in the morning"",""in the evening"",""in the garden"",""in the kitchen"",""in the station""]"	[]	[]
300457	3	at the end of ~	〜の終わりに	when something finishes	We took a picture at the end of the game.	私たちは試合の終わりに写真を撮りました。	preposition	3	3	"[""〜の終わりに"",""〜の初めに"",""〜の途中で"",""〜の前に"",""〜の後に""]"	"[""at the end of ~"",""at the beginning of ~"",""in the middle of ~"",""before ~"",""after ~""]"	"[""at the end of ~"",""at the top of ~"",""at the back of ~"",""at the side of ~"",""at the front of ~""]"	[]	[]
300458	3	message	伝言	words sent to someone	I got a message from my friend.	私は友だちから伝言をもらいました。	noun	3	4	"[""伝言"",""手紙"",""質問"",""約束"",""答え""]"	"[""message"",""letter"",""question"",""promise"",""answer""]"	"[""message"",""massage"",""village"",""manage"",""passage""]"	"[{""word"":""note"",""note"":""短い書き置き""}]"	[]
300459	3	let A know B	AにBを知らせる	to tell someone some information	Please let me know the time.	時間を私に知らせてください。	verb phrase	4	3	"[""AにBを知らせる"",""AにBを尋ねる"",""AにBを見せる"",""AからBを借りる"",""AにBを送る""]"	"[""let A know B"",""ask A about B"",""show A B"",""borrow B from A"",""send A B""]"	"[""let A know B"",""let A go"",""tell A about B"",""show A around B"",""ask A for B""]"	"[{""word"":""tell"",""note"":""より基本的な語""}]"	[]
300460	3	inside out	裏返しに	with the inside on the outside	Your T-shirt is inside out.	あなたのTシャツは裏返しです。	adverb	4	2	"[""裏返しに"",""まっすぐに"",""静かに"",""ゆっくり"",""一緒に""]"	"[""inside out"",""straight"",""quietly"",""slowly"",""together""]"	"[""inside out"",""inside"",""outside"",""upside"",""in sight""]"	[]	"[{""word"":""right side out"",""note"":""表が外側の状態""}]"
300461	3	within ~	～の中に、～以内に	inside a place, area, or time limit	Please stay within this area.	この区域内にいてください。	preposition	3	3	"[""～の中に、～以内に"",""～の外に"",""～の上に"",""～の下に"",""～の近くに""]"	"[""within ~"",""outside ~"",""above ~"",""below ~"",""near ~""]"	"[""within ~"",""without ~"",""between ~"",""behind ~"",""beside ~""]"	"[{""word"":""inside"",""note"":""意味が近い基本語""}]"	"[{""word"":""outside"",""note"":""外側に""}]"
300462	3	throat	のど	the front part of the neck inside your body	My throat hurts today.	今日はのどが痛いです。	noun	3	3	"[""のど"",""鼻"",""耳"",""口"",""肩""]"	"[""throat"",""nose"",""ear"",""mouth"",""shoulder""]"	"[""throat"",""throw"",""thought"",""thread"",""three""]"	[]	[]
300463	3	indoors	屋内で	inside a building	We played indoors because of the rain.	雨だったので、私たちは屋内で遊びました。	adverb	3	3	"[""屋内で"",""屋外で"",""静かに"",""早く"",""一緒に""]"	"[""indoors"",""outdoors"",""quietly"",""quickly"",""together""]"	"[""indoors"",""insects"",""windows"",""indian"",""into""]"	"[{""word"":""inside"",""note"":""場所を表す近い語""}]"	"[{""word"":""outdoors"",""note"":""屋外で""}]"
300464	3	be sure to do	必ず～する、忘れずに～する	to remember to do something	Be sure to call me tonight.	今夜、必ず私に電話してください。	verb phrase	3	3	"[""必ず～する、忘れずに～する"",""～したい"",""～することができる"",""～し始める"",""～し終える""]"	"[""be sure to do"",""want to do"",""be able to do"",""start doing"",""finish doing""]"	"[""be sure to do"",""be ready to do"",""be likely to do"",""be happy to do"",""be afraid to do""]"	"[{""word"":""remember to"",""note"":""「忘れずに〜する」の意味で近い""}]"	[]
300465	3	smart	頭のよい	clever and quick to learn	Ken is a smart student.	ケンは頭のよい生徒です。	adjective	2	4	"[""頭のよい"",""親切な"",""元気な"",""静かな"",""有名な""]"	"[""smart"",""kind"",""cheerful"",""quiet"",""famous""]"	"[""smart"",""start"",""small"",""smile"",""short""]"	"[{""word"":""clever"",""note"":""smart よりやや説明的""}]"	"[{""word"":""stupid"",""note"":""強い語なので使い方に注意""}]"
300466	3	Let's go.	行こう	used to suggest leaving or starting	Let's go to the park.	公園に行こう。	sentence	1	5	"[""行こう"",""座って"",""見て"",""待って"",""急いで""]"	"[""Let's go."",""Sit down."",""Look."",""Wait."",""Hurry.""]"	"[""Let's go."",""Let's eat."",""Let's play."",""Let's read."",""Let's sing.""]"	[]	[]
300467	3	That's not a problem.	問題ありません	used to say something is okay	You can use my pen. That's not a problem.	私のペンを使っていいですよ。問題ありません。	phrase	3	3	"[""問題ありません"",""気をつけて"",""急いでください"",""本当ですか"",""わかりません""]"	"[""That's not a problem."",""Be careful."",""Hurry up."",""Is that true?"",""I don't know.""]"	"[""That's not a problem."",""That's not the answer."",""That's a big problem."",""That is my problem."",""That's a nice present.""]"	"[{""word"":""It's okay."",""note"":""より短くて日常的""}]"	[]
300468	3	No problem.	どういたしまして	used to say you are happy to help	A: Thank you. B: No problem.	A: ありがとう。B: どういたしまして。	phrase	2	4	"[""どういたしまして"",""おはよう"",""気をつけて"",""また明日"",""わかりません""]"	"[""No problem."",""Good morning."",""Be careful."",""See you tomorrow."",""I don't know.""]"	"[""No problem."",""No promise."",""No practice."",""My problem."",""No coffee.""]"	"[{""word"":""You're welcome."",""note"":""ていねいな言い方""}]"	[]
300469	3	product	製品	something made to be sold	This product is popular in Japan.	この製品は日本で人気があります。	noun	4	3	"[""製品"",""価格"",""工場"",""広告"",""材料""]"	"[""product"",""price"",""factory"",""ad"",""material""]"	"[""product"",""project"",""protect"",""promise"",""present""]"	"[{""word"":""item"",""note"":""より広い意味の品物""},{""word"":""goods"",""note"":""複数の品物を表すことが多い""}]"	[]
300470	3	take part in ~	～に参加する	to join an activity or event	Many students take part in the school festival.	多くの生徒が学校祭に参加します。	phrasal verb	3	3	"[""～に参加する"",""～を練習する"",""～を説明する"",""～を選ぶ"",""～を運ぶ""]"	"[""take part in ~"",""practice ~"",""explain ~"",""choose ~"",""carry ~""]"	"[""take part in ~"",""take care of ~"",""take off ~"",""take out ~"",""take turns""]"	"[{""word"":""join"",""note"":""より短い基本語""}]"	[]
300471	3	connect A to B	AをBにつなぐ	to join one thing to another	Please connect the computer to the printer.	コンピューターをプリンターにつないでください。	verb	3	3	"[""AをBにつなぐ"",""AをBから離す"",""AをBと比べる"",""AをBに変える"",""AをBから守る""]"	"[""connect A to B"",""separate A from B"",""compare A with B"",""change A into B"",""protect A from B""]"	"[""connect A to B"",""contact A about B"",""compare A with B"",""introduce A to B"",""send A to B""]"	"[{""word"":""join"",""note"":""物や線などをつなぐときにも使う""}]"	"[{""word"":""separate"",""note"":""離す""}]"
300472	3	scarcely	ほとんど〜ない	almost not	I could scarcely hear his voice.	私は彼の声がほとんど聞こえませんでした。	adverb	5	2	"[""ほとんど〜ない"",""たぶん"",""すぐに"",""静かに"",""本当に""]"	"[""scarcely"",""probably"",""soon"",""quietly"",""really""]"	"[""scarcely"",""carefully"",""slowly"",""softly"",""clearly""]"	"[{""word"":""hardly"",""note"":""ほぼ同じ意味""}]"	[]
300473	3	fair	公平な	right and equal for everyone	The teacher was fair to all the students.	その先生はすべての生徒に公平だった。	adjective	3	3	"[""公平な"",""親切な"",""有名な"",""静かな"",""安全な""]"	"[""fair"",""kind"",""famous"",""quiet"",""safe""]"	"[""fair"",""fail"",""face"",""farm"",""care""]"	"[{""word"":""just"",""note"":""よりかたい語だが、意味は近い""}]"	"[{""word"":""unfair"",""note"":""公平でない""}]"
300474	3	save	救う	to help someone or something from danger	The doctor saved the boy's life.	その医者はその少年の命を救った。	verb	3	4	"[""救う"",""送る"",""選ぶ"",""訪れる"",""育てる""]"	"[""save"",""send"",""choose"",""visit"",""raise""]"	"[""save"",""safe"",""same"",""sale"",""sail""]"	"[{""word"":""help"",""note"":""意味は近いが、save のほうが危険から助ける感じ""}]"	[]
300475	3	carry on with ~	～を続ける	to continue doing something	Please carry on with your work.	仕事を続けてください。	phrasal verb	4	2	"[""～を続ける"",""～を中止する"",""～を始める"",""～を選ぶ"",""～を集める""]"	"[""carry on with ~"",""call off ~"",""start ~"",""choose ~"",""collect ~""]"	"[""carry on with ~"",""come up with ~"",""catch up with ~"",""get along with ~"",""keep up with ~""]"	"[{""word"":""continue"",""note"":""ややかたいが意味は近い""}]"	"[{""word"":""stop"",""note"":""続けるの反対""}]"
300476	3	continue	続ける	to keep doing something	Please continue doing your homework.	宿題を続けてください。	verb	3	3	"[""続ける"",""止める"",""始める"",""終える"",""変える""]"	"[""continue"",""stop"",""start"",""finish"",""change""]"	"[""continue"",""contain"",""contact"",""condition"",""control""]"	"[{""word"":""keep doing ~"",""note"":""～し続ける""},{""word"":""go on doing ~"",""note"":""～し続ける""}]"	"[{""word"":""stop"",""note"":""やめる""}]"
300477	3	protect A from B	AをBから守る	to keep someone or something safe	Trees protect us from strong sunlight.	木は強い日差しから私たちを守ります。	verb	3	3	"[""AをBから守る"",""AをBで攻撃する"",""AをBに送る"",""AをBと比べる"",""AをBに変える""]"	"[""protect A from B"",""attack A with B"",""send A to B"",""compare A with B"",""change A into B""]"	"[""protect A from B"",""prevent A from doing"",""separate A from B"",""borrow A from B"",""hide A from B""]"	"[{""word"":""save"",""note"":""危険から守るときに使う""}]"	"[{""word"":""attack"",""note"":""守る↔攻撃する""}]"
300478	3	princess	王女、姫	a daughter of a king or queen	The princess waved to the people.	その王女は人々に手を振りました。	noun	2	2	"[""王女、姫"",""王子"",""女王"",""王"",""騎士""]"	"[""princess"",""prince"",""queen"",""king"",""knight""]"	"[""princess"",""prince"",""present"",""practice"",""process""]"	[]	[]
300479	3	prince	王子	the son of a king or queen	The prince lives in a big castle.	その王子は大きな城に住んでいます。	noun	3	2	"[""王子"",""王様"",""女王"",""姫"",""騎士""]"	"[""prince"",""king"",""queen"",""princess"",""knight""]"	"[""prince"",""prints"",""plants"",""price"",""please""]"	[]	[]
300480	3	garbage	ごみ	waste things that you throw away	Please put the garbage in the bag.	ごみを袋に入れてください。	noun	3	3	"[""ごみ"",""紙"",""びん"",""箱"",""道具""]"	"[""garbage"",""paper"",""bottle"",""box"",""tool""]"	"[""garbage"",""garden"",""garage"",""carpet"",""cabbage""]"	"[{""word"":""trash"",""note"":""主に米語でよく使う""}]"	[]
300481	3	be familiar with ~	～をよく知っている	to know something well	I am familiar with this song.	私はこの歌をよく知っています。	adjective phrase	4	2	"[""～をよく知っている"",""～に興味がある"",""～に驚いている"",""～にうんざりしている"",""～に満足している""]"	"[""be familiar with ~"",""be interested in ~"",""be surprised at ~"",""be tired of ~"",""be satisfied with ~""]"	"[""be familiar with ~"",""be similar to ~"",""be popular with ~"",""be careful with ~"",""be filled with ~""]"	[]	[]
300482	3	be aware of ~	～に気づいている	to know about something	I was aware of the problem.	私はその問題に気づいていました。	adjective phrase	3	3	"[""～に気づいている"",""～に驚いている"",""～を心配している"",""～にうんざりしている"",""～に満足している""]"	"[""be aware of ~"",""be surprised at ~"",""be worried about ~"",""be tired of ~"",""be satisfied with ~""]"	"[""be aware of ~"",""be afraid of ~"",""be proud of ~"",""be sure of ~"",""be tired of ~""]"	"[{""word"":""know about ~"",""note"":""～について知っている""}]"	"[{""word"":""be unaware of ~"",""note"":""～に気づいていない""}]"
300483	3	be famous for ~	〜で有名である	to be well known because of something	Kyoto is famous for its temples.	京都は寺で有名です。	adjective phrase	3	3	"[""〜で有名である"",""〜に興味がある"",""〜が上手である"",""〜でいっぱいである"",""〜に遅れる""]"	"[""be famous for ~"",""be interested in ~"",""be good at ~"",""be full of ~"",""be late for ~""]"	"[""be famous for ~"",""be ready for ~"",""be sorry for ~"",""be careful about ~"",""be known for ~""]"	"[{""word"":""be known for"",""note"":""ほぼ同じ意味""}]"	[]
300484	3	shore	岸	land along the edge of the sea or lake	We walked along the shore.	私たちは岸に沿って歩きました。	noun	3	2	"[""岸"",""砂浜"",""島"",""港"",""森""]"	"[""shore"",""beach"",""island"",""port"",""forest""]"	"[""shore"",""short"",""show"",""store"",""score""]"	"[{""word"":""coast"",""note"":""海岸のこと""}]"	[]
300485	3	island	島	land with water all around it	They visited a small island last summer.	彼らは去年の夏、小さな島を訪れました。	noun	3	3	"[""島"",""海岸"",""森"",""湖"",""砂漠""]"	"[""island"",""coast"",""forest"",""lake"",""desert""]"	"[""island"",""inland"",""Ireland"",""eyelid"",""iceberg""]"	[]	[]
300486	3	coast	海岸	the land next to the sea	We walked along the coast in the morning.	私たちは朝、海岸に沿って歩きました。	noun	3	3	"[""海岸"",""島"",""山"",""川"",""谷""]"	"[""coast"",""island"",""mountain"",""river"",""valley""]"	"[""coast"",""toast"",""post"",""cold"",""cost""]"	"[{""word"":""shore"",""note"":""海や湖のふち""}]"	[]
300487	3	field	野原	an open area of land	The children ran across the field.	子どもたちは野原を走って横切りました。	noun	2	4	"[""野原"",""森"",""海岸"",""砂浜"",""丘""]"	"[""field"",""forest"",""coast"",""beach"",""hill""]"	"[""field"",""filled"",""feel"",""fold"",""find""]"	[]	[]
300488	3	German	ドイツ語	the language used in Germany	My brother studies German at school.	私の兄は学校でドイツ語を勉強しています。	noun	3	3	"[""ドイツ語"",""フランス語"",""中国語"",""英語"",""日本語""]"	"[""German"",""French"",""Chinese"",""English"",""Japanese""]"	"[""German"",""garden"",""girl"",""golden"",""guitar""]"	[]	[]
300489	3	Spanish	スペイン語	the language used in Spain	She can speak Spanish very well.	彼女はスペイン語をとても上手に話せます。	noun	3	3	"[""スペイン語"",""イタリア語"",""韓国語"",""英語"",""中国語""]"	"[""Spanish"",""Italian"",""Korean"",""English"",""Chinese""]"	"[""Spanish"",""special"",""space"",""speak"",""finish""]"	[]	[]
300490	3	most	最も	more than anything else	This is the most popular song here.	これはここで最も人気のある歌です。	adverb	3	5	"[""最も"",""とても"",""少し"",""たいてい"",""いつも""]"	"[""most"",""very"",""little"",""usually"",""always""]"	"[""most"",""must"",""mist"",""mouse"",""mouth""]"	[]	"[{""word"":""least"",""note"":""「最も少なく」""}]"
300491	3	president	大統領	the leader of a country	The president gave a speech on TV.	大統領はテレビでスピーチをしました。	noun	3	3	"[""大統領"",""先生"",""医者"",""選手"",""画家""]"	"[""president"",""teacher"",""doctor"",""player"",""artist""]"	"[""president"",""present"",""resident"",""precedent"",""pleasant""]"	"[{""word"":""leader"",""note"":""より広い意味で「指導者」""}]"	[]
300492	3	memorize	暗記する	to learn something so you can remember it	I memorize new words every day.	私は毎日新しい単語を暗記します。	verb	4	3	"[""暗記する"",""説明する"",""借りる"",""選ぶ"",""訪れる""]"	"[""memorize"",""explain"",""borrow"",""choose"",""visit""]"	"[""memorize"",""memory"",""member"",""message"",""modern""]"	[]	"[{""word"":""forget"",""note"":""覚えていない状態になる""}]"
300493	3	skill	技能	the ability to do something well	Cooking is an important skill.	料理は大切な技能です。	noun	3	3	"[""技能"",""習慣"",""機会"",""意見"",""文化""]"	"[""skill"",""habit"",""chance"",""opinion"",""culture""]"	"[""skill"",""still"",""school"",""skin"",""scale""]"	"[{""word"":""ability"",""note"":""skill は練習で身につけた力""}]"	[]
300494	3	period	期間、時期	a length of time	It was a busy period for our family.	それは私たちの家族にとって忙しい期間でした。	noun	3	3	"[""期間、時期"",""予定"",""理由"",""方法"",""場所""]"	"[""period"",""plan"",""reason"",""method"",""place""]"	"[""period"",""parent"",""pilot"",""peanut"",""present""]"	"[{""word"":""term"",""note"":""ややかたい言い方""}]"	[]
300495	3	allow A to do	Aが～するのを許す	to let someone do something	My parents allow me to use this computer.	両親は私がこのコンピューターを使うのを許してくれます。	verb	3	4	"[""Aが～するのを許す"",""Aに～するよう頼む"",""Aが～するのを止める"",""Aに～するよう命じる"",""Aが～するのを手伝う""]"	"[""allow A to do"",""ask A to do"",""stop A from doing"",""order A to do"",""help A do""]"	"[""allow A to do"",""ask A to do"",""tell A to do"",""want A to do"",""help A do""]"	"[{""word"":""let"",""note"":""より基本的な語""}]"	"[{""word"":""forbid A from doing"",""note"":""Aが～するのを禁じる""}]"
300496	3	elevator	エレベーター	a machine that moves people between floors	We took the elevator to the fifth floor.	私たちはエレベーターで5階へ行きました。	noun	2	3	"[""エレベーター"",""階段"",""廊下"",""玄関"",""屋根""]"	"[""elevator"",""stairs"",""hallway"",""entrance"",""roof""]"	"[""elevator"",""elephant"",""editor"",""visitor"",""alligator""]"	"[{""word"":""lift"",""note"":""主にイギリス英語""}]"	[]
300497	3	raise	上げる	to move something to a higher place	Please raise your hand.	手を上げてください。	verb	3	3	"[""上げる"",""下げる"",""開ける"",""運ぶ"",""集める""]"	"[""raise"",""lower"",""open"",""carry"",""collect""]"	"[""raise"",""race"",""rain"",""rice"",""late""]"	"[{""word"":""lift"",""note"":""少し持ち上げる意味で近い""}]"	"[{""word"":""lower"",""note"":""下げる""}]"
300498	3	sunlight	日光	light from the sun	The room is full of sunlight.	その部屋は日光でいっぱいです。	noun	3	2	"[""日光"",""月光"",""空気"",""雨"",""風""]"	"[""sunlight"",""moonlight"",""air"",""rain"",""wind""]"	"[""sunlight"",""sunrise"",""sunny"",""starlight"",""sunset""]"	"[{""word"":""sunshine"",""note"":""日光・日ざしとして近い""}]"	[]
300499	3	prefer A to B	BよりAを好む	to like A more than B	I prefer tea to coffee.	私はコーヒーよりお茶のほうが好きです。	verb	4	2	"[""BよりAを好む"",""AとBを比べる"",""AをBに変える"",""AとBを混ぜる"",""AをBに見せる""]"	"[""prefer A to B"",""compare A with B"",""change A into B"",""mix A with B"",""show A to B""]"	"[""prefer A to B"",""prepare A for B"",""compare A with B"",""offer A to B"",""bring A to B""]"	[]	[]
300500	3	border	国境	the line between two countries	They crossed the border by bus.	彼らはバスで国境を越えました。	noun	3	3	"[""国境"",""海岸"",""砂漠"",""島"",""谷""]"	"[""border"",""coast"",""desert"",""island"",""valley""]"	"[""border"",""order"",""boulder"",""brother"",""builder""]"	[]	[]
300501	3	ray	光線	a line of light from the sun or a lamp	A ray of sunlight came into the room.	一筋の太陽の光が部屋に入ってきました。	noun	4	2	"[""光線"",""影"",""虹"",""霧"",""雲""]"	"[""ray"",""shadow"",""rainbow"",""fog"",""cloud""]"	"[""ray"",""rain"",""rail"",""ride"",""red""]"	[]	[]
300502	3	gradually	徐々に	slowly over time, not all at once	The sky gradually became dark.	空は徐々に暗くなりました。	adverb	4	3	"[""徐々に"",""突然"",""静かに"",""すぐに"",""たいてい""]"	"[""gradually"",""suddenly"",""quietly"",""soon"",""usually""]"	"[""gradually"",""gratefully"",""carefully"",""quietly"",""finally""]"	"[{""word"":""slowly"",""note"":""より基本的な語""}]"	"[{""word"":""suddenly"",""note"":""急に、一度に""}]"
300503	3	survive	生き残る	to stay alive after danger or a difficult time	Some plants can survive in dry places.	いくつかの植物は乾いた場所でも生き残ることができます。	verb	3	2	"[""生き残る"",""成長する"",""隠れる"",""集まる"",""変わる""]"	"[""survive"",""grow"",""hide"",""gather"",""change""]"	"[""survive"",""service"",""surface"",""survey"",""serve""]"	"[{""word"":""live"",""note"":""より広い意味の「生きる」""}]"	"[{""word"":""die"",""note"":""「死ぬ」""}]"
300504	3	neighbor	近所の人	a person who lives near you	Our neighbor is very kind to us.	私たちの近所の人は私たちにとても親切です。	noun	2	3	"[""近所の人"",""先生"",""店員"",""運転手"",""医者""]"	"[""neighbor"",""teacher"",""clerk"",""driver"",""doctor""]"	"[""neighbor"",""nature"",""needle"",""navy"",""number""]"	[]	[]
300505	3	creature	生き物	a living thing such as an animal	The sea is home to many strange creatures.	海は多くの奇妙な生き物のすみかです。	noun	3	2	"[""生き物"",""植物"",""石"",""道具"",""建物""]"	"[""creature"",""plant"",""stone"",""tool"",""building""]"	"[""creature"",""teacher"",""picture"",""future"",""culture""]"	"[{""word"":""animal"",""note"":""より具体的で「動物」""}]"	[]
300506	3	animal	動物	a living thing such as a dog, cat, or bird	The zoo has many kinds of animals.	その動物園には多くの種類の動物がいます。	noun	1	4	"[""動物"",""植物"",""鳥"",""魚"",""虫""]"	"[""animal"",""plant"",""bird"",""fish"",""insect""]"	"[""animal"",""annual"",""angle"",""ankle"",""answer""]"	"[{""word"":""creature"",""note"":""やや広い意味で「生き物」""}]"	[]
300507	3	plant	植物	a living thing that grows in the ground	This plant needs a lot of water.	この植物はたくさんの水を必要とします。	noun	1	4	"[""植物"",""動物"",""花"",""木"",""草""]"	"[""plant"",""animal"",""flower"",""tree"",""grass""]"	"[""plant"",""plan"",""plate"",""plane"",""planet""]"	[]	[]
300508	3	in front of you	あなたの前に	directly before you	The station is in front of you.	駅はあなたの前にあります。	prepositional phrase	2	2	"[""あなたの前に"",""あなたの後ろに"",""あなたの近くに"",""あなたの左に"",""あなたの右に""]"	"[""in front of you"",""behind you"",""near you"",""to your left"",""to your right""]"	"[""in front of you"",""in back of you"",""in front of me"",""in front of us"",""in front of it""]"	[]	"[{""word"":""behind you"",""note"":""「あなたの後ろに」""}]"
300509	3	on your left	あなたの左に	on the left side of you	The bank is on your left.	銀行はあなたの左にあります。	prepositional phrase	3	3	"[""あなたの左に"",""あなたの右に"",""あなたの前に"",""あなたの後ろに"",""近くに""]"	"[""on your left"",""on your right"",""in front of you"",""behind you"",""near you""]"	"[""on your left"",""on your right"",""in your bag"",""under the desk"",""near the door""]"	[]	"[{""word"":""on your right"",""note"":""反対の方向""}]"
300510	3	on your right	あなたの右に	on the right side of you	The library is on your right.	図書館はあなたの右にあります。	prepositional phrase	3	3	"[""あなたの右に"",""あなたの左に"",""あなたの前に"",""あなたの後ろに"",""近くに""]"	"[""on your right"",""on your left"",""in front of you"",""behind you"",""near you""]"	"[""on your right"",""on your left"",""in your room"",""under the chair"",""near the park""]"	[]	"[{""word"":""on your left"",""note"":""反対の方向""}]"
300511	3	far away	遠くに	at a long distance	My grandparents live far away.	私の祖父母は遠くに住んでいます。	adverb	3	3	"[""遠くに"",""近くに"",""まっすぐに"",""ゆっくり"",""早く""]"	"[""far away"",""nearby"",""straight"",""slowly"",""quickly""]"	"[""far away"",""for a day"",""fall asleep"",""find a way"",""from school""]"	"[{""word"":""a long way away"",""note"":""遠く離れて""}]"	"[{""word"":""nearby"",""note"":""近い場所に""}]"
300512	3	voyage	航海	a long trip by sea	They went on a long voyage last year.	彼らは去年、長い航海に出ました。	noun	4	2	"[""航海"",""旅行"",""散歩"",""飛行"",""遠足""]"	"[""voyage"",""journey"",""trip"",""flight"",""tour""]"	"[""voyage"",""voice"",""village"",""orange"",""page""]"	"[{""word"":""trip"",""note"":""より広い意味の「旅行」""},{""word"":""journey"",""note"":""陸路にも使うことが多い""}]"	[]
300513	3	journey	旅	a trip from one place to another	The journey took three hours.	その旅は3時間かかりました。	noun	3	3	"[""旅"",""航海"",""散歩"",""飛行"",""遠足""]"	"[""journey"",""voyage"",""walk"",""flight"",""picnic""]"	"[""journey"",""journal"",""Germany"",""junior"",""jungle""]"	"[{""word"":""trip"",""note"":""短い旅行にもよく使う""}]"	[]
300514	3	suit	スーツ	a set of clothes with a jacket and pants	My father wears a suit to work.	私の父は仕事にスーツを着ます。	noun	3	3	"[""スーツ"",""制服"",""帽子"",""靴"",""手袋""]"	"[""suit"",""uniform"",""hat"",""shoes"",""gloves""]"	"[""suit"",""seat"",""sweet"",""soup"",""sun""]"	[]	[]
300515	3	seem	～のように思える、見える	to appear to be true	He seems tired today.	彼は今日、疲れているように見えます。	verb	3	3	"[""～のように思える、見える"",""～を決める"",""～を忘れる"",""～を運ぶ"",""～を選ぶ""]"	"[""seem"",""decide"",""forget"",""carry"",""choose""]"	"[""seem"",""same"",""team"",""seat"",""seed""]"	"[{""word"":""appear"",""note"":""～のように見える""}]"	[]
300516	3	respect	尊敬する	to think someone is good and important	We respect our teacher.	私たちは先生を尊敬しています。	verb	4	3	"[""尊敬する"",""招待する"",""説明する"",""練習する"",""共有する""]"	"[""respect"",""invite"",""explain"",""practice"",""share""]"	"[""respect"",""reject"",""report"",""result"",""rest""]"	"[{""word"":""admire"",""note"":""respectより気持ちが強め""}]"	[]
300517	3	face to face	面と向かって、直接会って	in person and directly	We talked face to face after school.	私たちは放課後、直接会って話しました。	adverb phrase	4	2	"[""面と向かって、直接会って"",""静かに"",""急いで"",""ひとりで"",""外で""]"	"[""face to face"",""quietly"",""quickly"",""alone"",""outside""]"	"[""face to face"",""far from home"",""take your time"",""day by day"",""side by side""]"	"[{""word"":""in person"",""note"":""実際に会って""}]"	[]
300518	3	defeat	負かす	to win against someone	Our team defeated them in the final.	私たちのチームは決勝で彼らを破りました。	verb	3	3	"[""負かす"",""助ける"",""選ぶ"",""訪ねる"",""待つ""]"	"[""defeat"",""help"",""choose"",""visit"",""wait""]"	"[""defeat"",""delete"",""decide"",""repeat"",""detail""]"	"[{""word"":""beat"",""note"":""より口語的で基本的""}]"	"[{""word"":""lose to"",""note"":""〜に負ける""}]"
300519	3	noise	物音、騒音	a sound, especially a loud one	I heard a strange noise outside.	私は外で変な物音を聞きました。	noun	2	4	"[""物音、騒音"",""光"",""におい"",""味"",""色""]"	"[""noise"",""light"",""smell"",""taste"",""color""]"	"[""noise"",""voice"",""nose"",""choice"",""nice""]"	"[{""word"":""sound"",""note"":""より広い意味の「音」""}]"	"[{""word"":""silence"",""note"":""音がないこと""}]"
300520	3	noisy	うるさい	making a lot of sound	The street is noisy at night.	その通りは夜にうるさいです。	adjective	2	4	"[""うるさい"",""静かな"",""明るい"",""暗い"",""暖かい""]"	"[""noisy"",""quiet"",""bright"",""dark"",""warm""]"	"[""noisy"",""busy"",""easy"",""lazy"",""rosy""]"	"[{""word"":""loud"",""note"":""音が大きいことを強く表す""}]"	"[{""word"":""quiet"",""note"":""静かな""}]"
300521	3	valley	谷	low land between mountains or hills	A small river runs through the valley.	小さな川がその谷を流れています。	noun	3	2	"[""谷"",""山"",""森"",""湖"",""島""]"	"[""valley"",""mountain"",""forest"",""lake"",""island""]"	"[""valley"",""very"",""volley"",""value"",""vanilla""]"	[]	[]
300522	3	cheap	安い	not costing much money	This bag is cheap and useful.	このかばんは安くて便利です。	adjective	2	4	"[""安い"",""高い"",""重い"",""新しい"",""広い""]"	"[""cheap"",""expensive"",""heavy"",""new"",""wide""]"	"[""cheap"",""sheep"",""chip"",""cheek"",""jeep""]"	"[{""word"":""inexpensive"",""note"":""ややていねいな言い方""}]"	"[{""word"":""expensive"",""note"":""値段が高い""}]"
300523	3	quietly	静かに	in a quiet way	Please close the door quietly.	ドアを静かに閉めてください。	adverb	3	3	"[""静かに"",""速く"",""ゆっくり"",""上手に"",""一緒に""]"	"[""quietly"",""quickly"",""slowly"",""well"",""together""]"	"[""quietly"",""quickly"",""quite"",""kindly"",""lightly""]"	"[{""word"":""silently"",""note"":""音を立てずに""}]"	"[{""word"":""loudly"",""note"":""大きな音で""}]"
300524	3	bottom	底	the lowest part of something	The keys are at the bottom of my bag.	鍵は私のかばんの底にあります。	noun	3	3	"[""底"",""上"",""横"",""中"",""表面""]"	"[""bottom"",""top"",""side"",""middle"",""surface""]"	"[""bottom"",""button"",""bottle"",""baton"",""gotten""]"	[]	"[{""word"":""top"",""note"":""反対の位置""}]"
300525	3	device	装置	a machine or tool for a special use	This device can check your temperature.	この装置はあなたの体温を調べることができます。	noun	4	3	"[""装置"",""結果"",""方法"",""規則"",""材料""]"	"[""device"",""result"",""method"",""rule"",""material""]"	"[""device"",""advice"",""divide"",""design"",""delight""]"	[]	[]
300526	3	equipment	設備、用具	the things needed for a job or activity	The school bought new sports equipment.	その学校は新しいスポーツ用品を買いました。	noun	4	3	"[""設備、用具"",""家具"",""衣類"",""食料"",""宿題""]"	"[""equipment"",""furniture"",""clothing"",""food"",""homework""]"	"[""equipment"",""experiment"",""elephant"",""important"",""apartment""]"	[]	[]
300527	3	chemical	化学物質	a substance used in or made by chemistry	Be careful with this chemical.	この化学物質には気をつけて。	noun	3	3	"[""化学物質"",""金属"",""液体"",""気体"",""粉""]"	"[""chemical"",""metal"",""liquid"",""gas"",""powder""]"	"[""chemical"",""comical"",""critical"",""medical"",""typical""]"	[]	[]
300528	3	fiction	創作、作り話	a story that is not true	I enjoy reading science fiction.	私は空想科学小説を読むのが好きです。	noun	3	3	"[""創作、作り話"",""詩"",""日記"",""手紙"",""記事""]"	"[""fiction"",""poem"",""diary"",""letter"",""article""]"	"[""fiction"",""picture"",""section"",""kitchen"",""question""]"	"[{""word"":""story"",""note"":""広い意味の「物語」""}]"	"[{""word"":""fact"",""note"":""事実""}]"
300529	3	capital	首都	the main city of a country	Tokyo is the capital of Japan.	東京は日本の首都です。	noun	2	4	"[""首都"",""都市"",""村"",""港"",""島""]"	"[""capital"",""city"",""village"",""port"",""island""]"	"[""capital"",""captain"",""capitals"",""hospital"",""festival""]"	[]	[]
300530	3	explain	説明する	to make something clear by telling about it	Please explain this rule to me.	この規則を私に説明してください。	verb	3	3	"[""説明する"",""選ぶ"",""集める"",""運ぶ"",""借りる""]"	"[""explain"",""choose"",""collect"",""carry"",""borrow""]"	"[""explain"",""expect"",""excuse"",""exchange"",""express""]"	"[{""word"":""tell"",""note"":""やや広い意味で「伝える」""},{""word"":""show"",""note"":""場合によっては「示して説明する」""}]"	"[{""word"":""hide"",""note"":""意味を明らかにしない""}]"
300531	3	change	変える	to make something different	I want to change my seat.	私は席を変えたいです。	verb	2	5	"[""変える"",""始める"",""閉める"",""洗う"",""訪れる""]"	"[""change"",""start"",""close"",""wash"",""visit""]"	"[""change"",""chance"",""chair"",""check"",""charge""]"	"[{""word"":""alter"",""note"":""少しかたい語""}]"	"[{""word"":""keep"",""note"":""そのままにする""}]"
300532	3	fill A with B	AをBでいっぱいにする	to make A full of B	Please fill the bottle with water.	そのびんを水でいっぱいにしてください。	verb phrase	2	3	"[""AをBでいっぱいにする"",""AからBを取り出す"",""AをBに変える"",""AをBと比べる"",""AをBから守る""]"	"[""fill A with B"",""take B out of A"",""change A into B"",""compare A with B"",""protect A from B""]"	"[""fill A with B"",""cover A with B"",""mix A with B"",""share A with B"",""provide A with B""]"	"[{""word"":""load"",""note"":""物を入れる意味で近いことがある""}]"	"[{""word"":""empty"",""note"":""空にする""}]"
300533	3	produce	生産する	to make something to sell or use	This farm produces a lot of milk.	この農場はたくさんの牛乳を生産します。	verb	3	3	"[""生産する"",""運ぶ"",""集める"",""洗う"",""借りる""]"	"[""produce"",""carry"",""collect"",""wash"",""borrow""]"	"[""produce"",""protect"",""project"",""promise"",""provide""]"	"[{""word"":""make"",""note"":""より広い意味で「作る」""}]"	[]
300534	3	dig	掘る	to make a hole in the ground	They dig a hole in the garden.	彼らは庭に穴を掘ります。	verb	2	3	"[""掘る"",""押す"",""引く"",""運ぶ"",""投げる""]"	"[""dig"",""push"",""pull"",""carry"",""throw""]"	"[""dig"",""big"",""dog"",""duck"",""desk""]"	[]	[]
300535	3	build	建てる	to make a building or structure	They will build a new bridge.	彼らは新しい橋を建てるでしょう。	verb	2	4	"[""建てる"",""壊す"",""描く"",""洗う"",""選ぶ""]"	"[""build"",""break"",""draw"",""wash"",""choose""]"	"[""build"",""bill"",""bird"",""belt"",""board""]"	"[{""word"":""make"",""note"":""広い意味では近いが build のほうが「建てる」""}]"	"[{""word"":""destroy"",""note"":""「壊す」という反対の意味""}]"
300536	3	turn ~ down	～の音量を下げる	to make a sound quieter	Please turn the music down.	音楽の音量を下げてください。	phrasal verb	3	3	"[""～の音量を下げる"",""～の音量を上げる"",""～をつける"",""～を消す"",""～を持ち上げる""]"	"[""turn ~ down"",""turn ~ up"",""turn ~ on"",""turn ~ off"",""pick ~ up""]"	"[""turn ~ down"",""turn ~ up"",""turn ~ on"",""turn around"",""take ~ down""]"	"[{""word"":""lower the volume"",""note"":""音を小さくする""}]"	"[{""word"":""turn it up"",""note"":""音を大きくする""}]"
300537	3	introduce A to B	AをBに紹介する	to tell B who A is	Let me introduce my friend to you.	あなたに私の友だちを紹介させてください。	verb phrase	3	3	"[""AをBに紹介する"",""AをBに招待する"",""AをBに説明する"",""AをBから守る"",""AをBと比べる""]"	"[""introduce A to B"",""invite A to B"",""explain A to B"",""protect A from B"",""compare A with B""]"	"[""introduce A to B"",""invite A to B"",""send A to B"",""show A to B"",""bring A to B""]"	[]	[]
300538	3	invent	発明する	to make something new for the first time	He wants to invent a useful machine.	彼は役に立つ機械を発明したいと思っています。	verb	3	3	"[""発明する"",""発見する"",""修理する"",""借りる"",""描く""]"	"[""invent"",""discover"",""repair"",""borrow"",""draw""]"	"[""invent"",""invite"",""event"",""inside"",""instead""]"	"[{""word"":""create"",""note"":""より広い意味で「作る」""}]"	[]
300539	3	reduce	減らす	to make something smaller or less	We should reduce waste at home.	私たちは家でごみを減らすべきです。	verb	3	3	"[""減らす"",""増やす"",""集める"",""運ぶ"",""比べる""]"	"[""reduce"",""increase"",""collect"",""carry"",""compare""]"	"[""reduce"",""refuse"",""result"",""return"",""review""]"	"[{""word"":""cut"",""note"":""量を減らすときに使う基本語""}]"	"[{""word"":""increase"",""note"":""量を増やす""}]"
300540	3	remind A about B	AにBを思い出させる	to help A remember B	Please remind me about the meeting.	その会議のことを私に思い出させてください。	verb phrase	4	3	"[""AにBを思い出させる"",""AにBを尋ねる"",""AにBを見せる"",""AにBを送る"",""AからBを借りる""]"	"[""remind A about B"",""ask A about B"",""show A B"",""send A B"",""borrow B from A""]"	"[""remind A about B"",""tell A about B"",""ask A about B"",""warn A about B"",""teach A about B""]"	[]	[]
300541	3	improve	改善する	to make something better	I want to improve my English.	私は英語を上達させたいです。	verb	3	3	"[""改善する"",""壊す"",""選ぶ"",""借りる"",""送る""]"	"[""improve"",""break"",""choose"",""borrow"",""send""]"	"[""improve"",""include"",""invite"",""increase"",""enjoy""]"	"[{""word"":""make better"",""note"":""よりよくする""}]"	"[{""word"":""worsen"",""note"":""悪くする。やや難しめ""}]"
300542	3	cause	原因	the reason why something happens	What was the cause of the accident?	その事故の原因は何でしたか。	noun	3	3	"[""原因"",""結果"",""目的"",""変化"",""問題""]"	"[""cause"",""result"",""purpose"",""change"",""problem""]"	"[""cause"",""course"",""case"",""close"",""call""]"	"[{""word"":""reason"",""note"":""より広く使う基本語""}]"	"[{""word"":""result"",""note"":""cause は原因、result は結果""}]"
300543	3	create	作る	to make something new	They created a new plan yesterday.	彼らは昨日、新しい計画を作りました。	verb	3	3	"[""作る"",""選ぶ"",""始める"",""見つける"",""変える""]"	"[""create"",""choose"",""start"",""find"",""change""]"	"[""create"",""clean"",""cream"",""great"",""climb""]"	"[{""word"":""make"",""note"":""より基本的な語""}]"	"[{""word"":""destroy"",""note"":""作る ↔ こわす""}]"
300544	3	engineer	技術者	a person who designs or builds machines or systems	My mother is an engineer.	私の母は技術者です。	noun	3	2	"[""技術者"",""医者"",""画家"",""運転手"",""教師""]"	"[""engineer"",""doctor"",""artist"",""driver"",""teacher""]"	"[""engineer"",""engine"",""energy"",""anger"",""singer""]"	[]	[]
300545	3	exciting	わくわくさせる、おもしろい	making you feel very happy and interested	The soccer game was exciting.	そのサッカーの試合はわくわくするものでした。	adjective	3	3	"[""わくわくさせる、おもしろい"",""退屈な"",""静かな"",""疲れる"",""危険な""]"	"[""exciting"",""boring"",""quiet"",""tiring"",""dangerous""]"	"[""exciting"",""excited"",""exercise"",""excellent"",""inviting""]"	"[{""word"":""thrilling"",""note"":""より強くわくわくする感じ""}]"	"[{""word"":""boring"",""note"":""おもしろくない""}]"
300546	3	quiet	静かな	making little or no noise	Please be quiet in the library.	図書館では静かにしてください。	adjective	2	4	"[""静かな"",""にぎやかな"",""暗い"",""危険な"",""有名な""]"	"[""quiet"",""noisy"",""dark"",""dangerous"",""famous""]"	"[""quiet"",""quite"",""white"",""kind"",""question""]"	"[{""word"":""silent"",""note"":""音がほとんどない""}]"	"[{""word"":""noisy"",""note"":""うるさい""}]"
300547	3	tiring	疲れさせる、疲れるような	making you feel tired	This long walk is tiring.	この長い散歩は疲れます。	adjective	3	2	"[""疲れさせる、疲れるような"",""楽しい"",""静かな"",""簡単な"",""短い""]"	"[""tiring"",""fun"",""quiet"",""easy"",""short""]"	"[""tiring"",""trying"",""timing"",""tiny"",""tiger""]"	"[{""word"":""hard"",""note"":""文脈によっては大変な""}]"	"[{""word"":""easy"",""note"":""楽な""}]"
300548	3	actor	俳優	a person who performs in movies, plays, or TV shows	My brother wants to be an actor.	私の兄は俳優になりたがっています。	noun	3	3	"[""俳優"",""歌手"",""画家"",""医者"",""選手""]"	"[""actor"",""singer"",""painter"",""doctor"",""player""]"	"[""actor"",""after"",""answer"",""active"",""artist""]"	[]	[]
300549	3	male	男性の	being a man or boy	This school has both male and female students.	この学校には男子生徒も女子生徒もいます。	adjective	4	3	"[""男性の"",""女性の"",""若い"",""強い"",""有名な""]"	"[""male"",""female"",""young"",""strong"",""famous""]"	"[""male"",""main"",""make"",""meal"",""mile""]"	[]	"[{""word"":""female"",""note"":""女性の""}]"
300550	3	various	さまざまな	of many different kinds	We saw various animals at the zoo.	私たちは動物園でさまざまな動物を見ました。	adjective	4	3	"[""さまざまな"",""有名な"",""静かな"",""大きな"",""簡単な""]"	"[""various"",""famous"",""quiet"",""large"",""easy""]"	"[""various"",""serious"",""curious"",""famous"",""careless""]"	"[{""word"":""different"",""note"":""種類が違うことを表す基本語""}]"	"[{""word"":""same"",""note"":""同じ""}]"
300551	3	for a long time	長い間	for a great amount of time	He lived there for a long time.	彼は長い間そこに住んでいました。	adverb phrase	3	3	"[""長い間"",""すぐに"",""ときどき"",""毎日"",""今まで""]"	"[""for a long time"",""right away"",""sometimes"",""every day"",""until now""]"	"[""for a long time"",""for a short time"",""for the first time"",""from time to time"",""all the time""]"	[]	"[{""word"":""for a short time"",""note"":""短い間""}]"
300552	3	crowd	群衆	a large group of people	A crowd waited outside the station.	群衆が駅の外で待っていました。	noun	4	3	"[""群衆"",""観客"",""乗客"",""近所の人"",""店員""]"	"[""crowd"",""audience"",""passenger"",""neighbor"",""clerk""]"	"[""crowd"",""cloud"",""ground"",""proud"",""crown""]"	"[{""word"":""group"",""note"":""より広い意味の「集団」""}]"	[]
300553	3	sign	標識	a notice or mark that gives information	I saw a stop sign on the road.	私は道路で止まれの標識を見ました。	noun	3	4	"[""標識"",""地図"",""写真"",""手紙"",""切符""]"	"[""sign"",""map"",""photo"",""letter"",""ticket""]"	"[""sign"",""shine"",""side"",""song"",""sink""]"	[]	[]
300554	3	symbol	象徴、記号	a sign or mark that means something	This heart is a symbol of love.	このハートは愛の象徴です。	noun	3	3	"[""象徴、記号"",""文字"",""地図"",""写真"",""手紙""]"	"[""symbol"",""letter"",""map"",""photo"",""message""]"	"[""symbol"",""simple"",""signal"",""circle"",""single""]"	"[{""word"":""sign"",""note"":""より広い意味で使う""}]"	[]
300555	3	wedding	結婚式	a ceremony when two people get married	We went to my aunt's wedding.	私たちはおばの結婚式に行きました。	noun	3	3	"[""結婚式"",""誕生日会"",""会議"",""試合"",""祭り""]"	"[""wedding"",""party"",""meeting"",""game"",""festival""]"	"[""wedding"",""waiting"",""reading"",""heading"",""waving""]"	[]	[]
300556	3	wood	木材	the hard material of a tree	This table is made of wood.	このテーブルは木材でできています。	noun	2	4	"[""木材"",""石"",""紙"",""ガラス"",""金属""]"	"[""wood"",""stone"",""paper"",""glass"",""metal""]"	"[""wood"",""good"",""book"",""wool"",""hood""]"	[]	[]
300557	3	resource	資源	something useful that people can use	Water is an important resource.	水は大切な資源です。	noun	4	3	"[""資源"",""結果"",""理由"",""方法"",""計画""]"	"[""resource"",""result"",""reason"",""method"",""plan""]"	"[""resource"",""result"",""reason"",""rescue"",""research""]"	[]	[]
300558	3	at most	せいぜい	not more than a number or amount	It will take at most ten minutes.	長くても10分かかります。	adverb phrase	4	3	"[""せいぜい"",""少なくとも"",""たぶん"",""いつも"",""すでに""]"	"[""at most"",""at least"",""maybe"",""always"",""already""]"	"[""at most"",""almost"",""utmost"",""at once"",""a lot""]"	"[{""word"":""no more than"",""note"":""数量の上限を表す""}]"	"[{""word"":""at least"",""note"":""最低でも""}]"
300559	3	perhaps	たぶん	maybe; possibly	Perhaps he is busy now.	たぶん彼は今忙しいです。	adverb	3	4	"[""たぶん"",""いつも"",""すぐに"",""とても"",""決して""]"	"[""perhaps"",""always"",""soon"",""very"",""never""]"	"[""perhaps"",""perfect"",""practice"",""purpose"",""present""]"	"[{""word"":""maybe"",""note"":""ほぼ同じ意味""}]"	[]
300560	3	possibly	ひょっとすると	maybe; it may happen	She could possibly come today.	ひょっとすると彼女は今日来るかもしれません。	adverb	3	3	"[""ひょっとすると"",""たぶん"",""すぐに"",""ゆっくり"",""たいてい""]"	"[""possibly"",""probably"",""soon"",""slowly"",""usually""]"	"[""possibly"",""probably"",""carefully"",""suddenly"",""quietly""]"	"[{""word"":""maybe"",""note"":""より口語的""},{""word"":""perhaps"",""note"":""ややていねい""}]"	[]
300561	3	important	重要な	needed or having great value	This is an important meeting for us.	これは私たちにとって重要な会議です。	adjective	2	5	"[""重要な"",""有名な"",""人気のある"",""簡単な"",""安全な""]"	"[""important"",""famous"",""popular"",""easy"",""safe""]"	"[""important"",""impossible"",""impolite"",""different"",""excellent""]"	[]	"[{""word"":""unimportant"",""note"":""重要でない""}]"
300562	3	drug	薬、薬物	a medicine or another chemical substance	The new drug may help many patients.	その新しい薬は多くの患者を助けるかもしれません。	noun	3	3	"[""薬、薬物"",""食べ物"",""飲み物"",""道具"",""野菜""]"	"[""drug"",""food"",""drink"",""tool"",""vegetable""]"	"[""drug"",""drag"",""drum"",""drop"",""duck""]"	"[{""word"":""medicine"",""note"":""より一般的な語""}]"	[]
300563	3	citizen	国民、市民	a legal member of a country	She is a Japanese citizen.	彼女は日本国民です。	noun	3	3	"[""国民、市民"",""旅行者"",""選手"",""先生"",""客""]"	"[""citizen"",""traveler"",""player"",""teacher"",""guest""]"	"[""citizen"",""city"",""sister"",""season"",""sudden""]"	[]	[]
300564	3	repair	修理する	to fix something that is broken	My father can repair this bike.	父はこの自転車を修理できます。	verb	3	3	"[""修理する"",""運ぶ"",""洗う"",""作る"",""売る""]"	"[""repair"",""carry"",""wash"",""make"",""sell""]"	"[""repair"",""repeat"",""remain"",""report"",""reply""]"	"[{""word"":""fix"",""note"":""より基本的な語""}]"	"[{""word"":""break"",""note"":""こわす""}]"
300565	3	medal	メダル	a piece of metal given as a prize	She won a gold medal.	彼女は金メダルを取りました。	noun	2	2	"[""メダル"",""賞状"",""切符"",""硬貨"",""鍵""]"	"[""medal"",""certificate"",""ticket"",""coin"",""key""]"	"[""medal"",""metal"",""middle"",""model"",""medical""]"	[]	[]
300566	3	brain	脳	the organ inside your head used for thinking	The brain is an important part of the body.	脳は体の大切な部分です。	noun	3	3	"[""脳"",""心"",""骨"",""血"",""皮ふ""]"	"[""brain"",""heart"",""bone"",""blood"",""skin""]"	"[""brain"",""train"",""brown"",""branch"",""bring""]"	[]	[]
300567	3	memory	記憶、記憶力	the ability to remember things	I have a good memory for names.	私は名前をよく覚えています。	noun	3	3	"[""記憶、記憶力"",""夢"",""考え"",""約束"",""経験""]"	"[""memory"",""dream"",""idea"",""promise"",""experience""]"	"[""memory"",""melody"",""member"",""merry"",""many""]"	[]	[]
300568	3	at least	少なくとも	not less than this number or amount	We need at least ten chairs.	私たちは少なくとも10脚のいすが必要です。	adverb phrase	3	3	"[""少なくとも"",""たぶん"",""ちょうど"",""すでに"",""突然""]"	"[""at least"",""maybe"",""just"",""already"",""suddenly""]"	"[""at least"",""a list"",""artist"",""last"",""east""]"	[]	[]
300569	3	error	誤り	a mistake	There is an error in this answer.	この答えには誤りがあります。	noun	4	2	"[""誤り"",""質問"",""約束"",""方法"",""理由""]"	"[""error"",""question"",""promise"",""method"",""reason""]"	"[""error"",""mirror"",""yellow"",""arrow"",""area""]"	"[{""word"":""mistake"",""note"":""より基本的で日常的""}]"	[]
300570	3	example	例	something that shows what a thing is like	This is a good example of teamwork.	これはチームワークのよい例です。	noun	2	4	"[""例"",""答え"",""計画"",""問題"",""意味""]"	"[""example"",""answer"",""plan"",""problem"",""meaning""]"	"[""example"",""excuse"",""simple"",""temple"",""sample""]"	[]	[]
300571	3	salary	給料	money you get for your work	My father gets a good salary.	私の父は高い給料をもらっています。	noun	3	3	"[""給料"",""利益"",""損失"",""家賃"",""料金""]"	"[""salary"",""profit"",""loss"",""rent"",""fee""]"	"[""salary"",""celery"",""gallery"",""battery"",""summary""]"	"[{""word"":""pay"",""note"":""より広い意味での「給料・賃金」""}]"	[]
300572	3	profit	利益	money made in business	The shop made a big profit.	その店は大きな利益を上げました。	noun	3	3	"[""利益"",""給料"",""損失"",""家賃"",""料金""]"	"[""profit"",""salary"",""loss"",""rent"",""fee""]"	"[""profit"",""promise"",""project"",""proper"",""product""]"	[]	"[{""word"":""loss"",""note"":""お金を失うこと""}]"
300573	3	loss	損失	money lost in a business	The company had a large loss.	その会社は大きな損失を出しました。	noun	3	3	"[""損失"",""利益"",""給料"",""家賃"",""料金""]"	"[""loss"",""profit"",""salary"",""rent"",""fee""]"	"[""loss"",""boss"",""cross"",""long"",""lock""]"	[]	"[{""word"":""profit"",""note"":""お金を得ること""}]"
300574	3	tax	税金	money people pay to the government	We pay tax every year.	私たちは毎年税金を払います。	noun	3	3	"[""税金"",""料金"",""家賃"",""給料"",""運賃""]"	"[""tax"",""fee"",""rent"",""salary"",""fare""]"	"[""tax"",""task"",""tag"",""tack"",""text""]"	[]	[]
300575	3	satellite	人工衛星	an object sent into space around Earth	The satellite moves around Earth.	その人工衛星は地球の周りを動いています。	noun	4	2	"[""人工衛星"",""宇宙船"",""惑星"",""星"",""ロケット""]"	"[""satellite"",""spaceship"",""planet"",""star"",""rocket""]"	"[""satellite"",""Saturday"",""salad"",""sudden"",""sailor""]"	[]	[]
300576	3	larger	より大きい	bigger in size	This bag is larger than mine.	このかばんは私のものより大きいです。	adjective	2	3	"[""より大きい"",""より小さい"",""より長い"",""より重い"",""より高い""]"	"[""larger"",""smaller"",""longer"",""heavier"",""higher""]"	"[""larger"",""longer"",""lower"",""later"",""leader""]"	"[{""word"":""bigger"",""note"":""ふつうの比較では larger と近い""}]"	"[{""word"":""smaller"",""note"":""size がより小さい""}]"
300577	3	harder	もっと一生懸命に	with more effort	You must study harder for the test.	あなたはそのテストのためにもっと一生懸命に勉強しなければなりません。	adverb	3	3	"[""もっと一生懸命に"",""もっと速く"",""もっと早く"",""もっと高く"",""もっと静かに""]"	"[""harder"",""faster"",""earlier"",""higher"",""quietly""]"	"[""harder"",""farther"",""holder"",""harbor"",""order""]"	[]	[]
300578	3	better	よりよく	in a better way	I can sing better now.	私は今ではもっと上手に歌えます。	adverb	3	5	"[""よりよく"",""より速く"",""より強く"",""より高く"",""より静かに""]"	"[""better"",""faster"",""stronger"",""higher"",""quietly""]"	"[""better"",""letter"",""bitter"",""meter"",""vendor""]"	[]	"[{""word"":""worse"",""note"":""比較級の反対""}]"
300579	3	sister	姉、妹	a girl or woman with the same parents as you	My older sister plays tennis after school.	私の姉は放課後にテニスをします。	noun	2	5	"[""姉、妹"",""兄、弟"",""母"",""いとこ"",""おば""]"	"[""sister"",""brother"",""mother"",""cousin"",""aunt""]"	"[""sister"",""system"",""singer"",""summer"",""center""]"	[]	[]
300580	3	especially	特に	more than usual or more than others	I like summer, especially August.	私は夏が好きで、特に8月が好きです。	adverb	3	3	"[""特に"",""たぶん"",""すぐに"",""静かに"",""ゆっくり""]"	"[""especially"",""probably"",""quickly"",""quietly"",""slowly""]"	"[""especially"",""exactly"",""excitedly"",""carefully"",""easily""]"	"[{""word"":""particularly"",""note"":""especially と近い意味""}]"	[]
300581	3	several	いくつかの	more than two but not many	She has several books on her desk.	彼女は机の上にいくつかの本を持っています。	adjective	3	3	"[""いくつかの"",""ほとんどの"",""すべての"",""一つの"",""十分な""]"	"[""several"",""most"",""all"",""one"",""enough""]"	"[""several"",""special"",""simple"",""silver"",""settle""]"	"[{""word"":""some"",""note"":""some はより広く使う""}]"	[]
300582	3	general	一般的な	common or true in most cases	This is a general rule at our school.	これは私たちの学校の一般的な規則です。	adjective	4	3	"[""一般的な"",""特別な"",""重要な"",""有名な"",""安全な""]"	"[""general"",""special"",""important"",""famous"",""safe""]"	"[""general"",""gentle"",""central"",""natural"",""January""]"	"[{""word"":""common"",""note"":""ふつうの、よくある""}]"	"[{""word"":""special"",""note"":""特別な""}]"
300583	3	engine	エンジン	a machine that makes a vehicle move	The car has a new engine.	その車には新しいエンジンがあります。	noun	3	3	"[""エンジン"",""ハンドル"",""ブレーキ"",""タイヤ"",""窓""]"	"[""engine"",""steering wheel"",""brake"",""tire"",""window""]"	"[""engine"",""ending"",""angel"",""enjoy"",""entry""]"	"[{""word"":""motor"",""note"":""特に機械の動力を表すときに使う""}]"	[]
300584	3	shake	振る	to move something quickly back and forth	Please shake the bottle well.	そのびんをよく振ってください。	verb	3	3	"[""振る"",""押す"",""引く"",""持ち上げる"",""運ぶ""]"	"[""shake"",""push"",""pull"",""lift"",""carry""]"	"[""shake"",""shape"",""share"",""shave"",""shut""]"	[]	[]
300585	3	go straight	まっすぐ行く	to move forward without turning	Go straight and turn left at the bank.	まっすぐ行って、銀行で左に曲がってください。	verb phrase	2	3	"[""まっすぐ行く"",""右に曲がる"",""左に曲がる"",""止まる"",""戻る""]"	"[""go straight"",""turn right"",""turn left"",""stop"",""go back""]"	"[""go straight"",""go slowly"",""go outside"",""go upstairs"",""go by train""]"	[]	[]
300586	3	wave	手を振る	to move your hand to say hello or goodbye	She waved to her friend.	彼女は友だちに手を振った。	verb	3	3	"[""手を振る"",""うなずく"",""運ぶ"",""押す"",""引く""]"	"[""wave"",""nod"",""carry"",""push"",""pull""]"	"[""wave"",""wake"",""wait"",""wide"",""whale""]"	[]	[]
300587	3	nod	うなずく	to move your head to show agreement	He nodded to the teacher.	彼は先生にうなずきました。	verb	3	2	"[""うなずく"",""手を振る"",""運ぶ"",""押す"",""引く""]"	"[""nod"",""wave"",""carry"",""push"",""pull""]"	"[""nod"",""not"",""net"",""need"",""name""]"	[]	[]
300588	3	carry	運ぶ	to take something from one place to another	I carried the bag to school.	私はそのかばんを学校へ運んだ。	verb	2	4	"[""運ぶ"",""持ち上げる"",""押す"",""引く"",""落とす""]"	"[""carry"",""lift"",""push"",""pull"",""drop""]"	"[""carry"",""care"",""curry"",""curly"",""candy""]"	"[{""word"":""take"",""note"":""物を持って行くときに近い""}]"	[]
300589	3	slowly	ゆっくりと	at a low speed	Please speak slowly.	ゆっくり話してください。	adverb	2	4	"[""ゆっくりと"",""速く"",""静かに"",""上手に"",""一緒に""]"	"[""slowly"",""quickly"",""quietly"",""well"",""together""]"	"[""slowly"",""softly"",""sleepy"",""snowy"",""sorry""]"	[]	"[{""word"":""quickly"",""note"":""速く""}]"
300590	3	slide	すべる	to move smoothly over a surface	The box slid across the floor.	その箱は床の上をすべっていった。	verb	3	3	"[""すべる"",""押す"",""引く"",""運ぶ"",""落とす""]"	"[""slide"",""push"",""pull"",""carry"",""drop""]"	"[""slide"",""slight"",""sleep"",""side"",""smile""]"	[]	[]
300591	3	quickly	すばやく	at a fast speed	She finished her homework quickly.	彼女は宿題をすばやく終えた。	adverb	2	4	"[""すばやく"",""ゆっくりと"",""静かに"",""上手に"",""一緒に""]"	"[""quickly"",""slowly"",""quietly"",""well"",""together""]"	"[""quickly"",""quietly"",""brightly"",""thickly"",""kindly""]"	"[{""word"":""fast"",""note"":""副詞では会話でよく fast を使う""}]"	"[{""word"":""slowly"",""note"":""ゆっくりと""}]"
300592	3	active	活発な	busy and full of energy	My grandfather is still active at eighty.	私の祖父は80歳でもまだ活発です。	adjective	3	3	"[""活発な"",""静かな"",""親切な"",""有名な"",""安全な""]"	"[""active"",""quiet"",""kind"",""famous"",""safe""]"	"[""active"",""actor"",""action"",""actual"",""attic""]"	"[{""word"":""energetic"",""note"":""より energy が強い語""}]"	"[{""word"":""inactive"",""note"":""活動していない""}]"
300593	3	toward ~	～のほうへ	in the direction of something	She walked toward the station.	彼女は駅のほうへ歩きました。	preposition	3	3	"[""～のほうへ"",""～の後ろに"",""～の近くに"",""～の中に"",""～の上に""]"	"[""toward ~"",""behind ~"",""near ~"",""in ~"",""on ~""]"	"[""toward ~"",""forward"",""reward"",""around ~"",""through ~""]"	[]	[]
300594	3	escalator	エスカレーター	moving stairs in a building	We took the escalator to the second floor.	私たちは2階へ行くのにエスカレーターを使いました。	noun	3	2	"[""エスカレーター"",""エレベーター"",""階段"",""廊下"",""入口""]"	"[""escalator"",""elevator"",""stairs"",""hallway"",""entrance""]"	"[""escalator"",""elevator"",""calculator"",""alligator"",""visitor""]"	[]	[]
300595	3	backward	後ろへ、後ろ向きに	toward the back	He took a step backward.	彼は一歩後ろへ下がった。	adverb	3	2	"[""後ろへ、後ろ向きに"",""前へ"",""まっすぐに"",""ゆっくり"",""外へ""]"	"[""backward"",""forward"",""straight"",""slowly"",""outside""]"	"[""backward"",""background"",""backpack"",""awkward"",""blackboard""]"	"[{""word"":""back"",""note"":""より短い形で、口語で使うことがある""}]"	"[{""word"":""forward"",""note"":""反対方向""}]"
300596	3	concert	コンサート	a live music show	We went to a concert last night.	私たちは昨夜コンサートに行きました。	noun	2	3	"[""コンサート"",""試合"",""会議"",""授業"",""祭り""]"	"[""concert"",""game"",""meeting"",""class"",""festival""]"	"[""concert"",""contest"",""contact"",""corner"",""collect""]"	[]	[]
300597	3	rule	規則	something you must follow	This school has a new rule.	この学校には新しい規則がある。	noun	2	4	"[""規則"",""質問"",""計画"",""答え"",""約束""]"	"[""rule"",""question"",""plan"",""answer"",""promise""]"	"[""rule"",""room"",""road"",""ring"",""roof""]"	[]	[]
300598	3	necessary	必要な、なくてはならない	needed to do something	A map is necessary for this trip.	この旅行には地図が必要です。	adjective	3	3	"[""必要な、なくてはならない"",""便利な"",""安全な"",""有名な"",""静かな""]"	"[""necessary"",""useful"",""safe"",""famous"",""quiet""]"	"[""necessary"",""message"",""memory"",""February"",""library""]"	"[{""word"":""needed"",""note"":""やややさしい言い換え""}]"	"[{""word"":""unnecessary"",""note"":""必要でない""}]"
300599	3	title	題名、タイトル	the name of a book, movie, or song	What is the title of this book?	この本の題名は何ですか。	noun	3	3	"[""題名、タイトル"",""作者"",""場面"",""表紙"",""物語""]"	"[""title"",""author"",""scene"",""cover"",""story""]"	"[""title"",""tidy"",""table"",""tiger"",""total""]"	"[{""word"":""name"",""note"":""作品名として使うことがある""}]"	[]
300600	3	talent	才能	a natural ability to do something well	She has a talent for music.	彼女には音楽の才能があります。	noun	3	3	"[""才能"",""努力"",""経験"",""夢"",""計画""]"	"[""talent"",""effort"",""experience"",""dream"",""plan""]"	"[""talent"",""parent"",""silent"",""student"",""travel""]"	"[{""word"":""gift"",""note"":""生まれつきの才能""}]"	[]
300601	3	scenery	景色	the natural view of a place	The scenery here is very beautiful.	ここの景色はとても美しいです。	noun	3	3	"[""景色"",""天気"",""自然"",""空気"",""場所""]"	"[""scenery"",""weather"",""nature"",""air"",""place""]"	"[""scenery"",""screen"",""sunny"",""center"",""season""]"	"[{""word"":""view"",""note"":""景色を見るときによく使う""}]"	[]
300602	3	wild	野生の	living or growing in nature	We saw a wild animal in the forest.	私たちは森で野生の動物を見ました。	adjective	2	3	"[""野生の"",""危険な"",""静かな"",""有名な"",""深い""]"	"[""wild"",""dangerous"",""quiet"",""famous"",""deep""]"	"[""wild"",""wide"",""wind"",""child"",""white""]"	[]	"[{""word"":""tame"",""note"":""人に慣れた動物に使う""}]"
300603	3	environment	環境	the natural world around us	We must protect the environment.	私たちは環境を守らなければなりません。	noun	4	3	"[""環境"",""文化"",""地域"",""資源"",""自然""]"	"[""environment"",""culture"",""area"",""resource"",""nature""]"	"[""environment"",""encouragement"",""enjoyment"",""government"",""movement""]"	[]	[]
300604	3	local	地元の	from or connected with a nearby area	We bought vegetables at the local market.	私たちは地元の市場で野菜を買いました。	adjective	3	3	"[""地元の"",""有名な"",""静かな"",""安全な"",""新しい""]"	"[""local"",""famous"",""quiet"",""safe"",""new""]"	"[""local"",""vocal"",""total"",""social"",""hotel""]"	"[{""word"":""nearby"",""note"":""近くの、場所に注目""}]"	"[{""word"":""foreign"",""note"":""外国の""}]"
300605	3	lately	最近	in recent days or weeks	I have been very busy lately.	私は最近ずっととても忙しいです。	adverb	3	3	"[""最近"",""たぶん"",""すぐに"",""いつも"",""ときどき""]"	"[""lately"",""maybe"",""soon"",""always"",""sometimes""]"	"[""lately"",""lightly"",""daily"",""safely"",""really""]"	"[{""word"":""recently"",""note"":""ほぼ同じ意味""}]"	[]
300606	3	collar	えり	the part around the neck of a shirt or coat	His shirt has a white collar.	彼のシャツには白いえりがあります。	noun	3	2	"[""えり"",""そで"",""ぼたん"",""ポケット"",""ベルト""]"	"[""collar"",""sleeve"",""button"",""pocket"",""belt""]"	"[""collar"",""color"",""corner"",""caller"",""dollar""]"	[]	[]
300607	3	modern	現代的な	new in style or design	This building is very modern.	この建物はとても現代的です。	adjective	3	3	"[""現代的な"",""伝統的な"",""有名な"",""静かな"",""安全な""]"	"[""modern"",""traditional"",""famous"",""quiet"",""safe""]"	"[""modern"",""model"",""mother"",""motion"",""garden""]"	[]	"[{""word"":""traditional"",""note"":""伝統的な""}]"
300608	3	side by side	並んで	next to each other	They walked side by side.	彼らは並んで歩きました。	adverb phrase	4	2	"[""並んで"",""一人で"",""急いで"",""静かに"",""ゆっくり""]"	"[""side by side"",""alone"",""quickly"",""quietly"",""slowly""]"	"[""side by side"",""stand by me"",""sit down"",""sunny day"",""by the sea""]"	"[{""word"":""together"",""note"":""いっしょにという近い意味""}]"	"[{""word"":""alone"",""note"":""一人で""}]"
300609	3	friendly	親しみやすい	kind and easy to talk to	Our new teacher is very friendly.	私たちの新しい先生はとても親しみやすいです。	adjective	3	4	"[""親しみやすい"",""厳しい"",""忙しい"",""有名な"",""危険な""]"	"[""friendly"",""strict"",""busy"",""famous"",""dangerous""]"	"[""friendly"",""finally"",""freedom"",""freshly"",""family""]"	"[{""word"":""kind"",""note"":""やさしいという近い意味""}]"	"[{""word"":""unfriendly"",""note"":""親しみにくい""},{""word"":""mean"",""note"":""意地悪な""}]"
300610	3	straight	まっすぐ	in a direct line, not turning	Go straight down this road.	この道をまっすぐ進んでください。	adverb	3	3	"[""まっすぐ"",""ゆっくり"",""早く"",""静かに"",""一緒に""]"	"[""straight"",""slowly"",""quickly"",""quietly"",""together""]"	"[""straight"",""street"",""strong"",""strange"",""start""]"	"[{""word"":""directly"",""note"":""ややかたい言い方""}]"	[]
300611	3	safely	安全に、無事に	in a way that is not dangerous	We got home safely.	私たちは無事に家に着きました。	adverb	3	2	"[""安全に、無事に"",""静かに"",""すぐに"",""ゆっくり"",""一人で""]"	"[""safely"",""quietly"",""soon"",""slowly"",""alone""]"	"[""safely"",""softly"",""sadly"",""suddenly"",""simply""]"	[]	"[{""word"":""dangerously"",""note"":""危険なやり方で""}]"
300612	3	safe	安全な	not dangerous	This place is safe at night.	この場所は夜でも安全です。	adjective	2	3	"[""安全な"",""危険な"",""静かな"",""清潔な"",""有名な""]"	"[""safe"",""dangerous"",""quiet"",""clean"",""famous""]"	"[""safe"",""save"",""same"",""sale"",""face""]"	[]	"[{""word"":""dangerous"",""note"":""危険な""}]"
300613	3	brave	勇敢な	showing courage when facing danger	The brave boy helped the little dog.	その勇敢な少年は小さな犬を助けました。	adjective	3	3	"[""勇敢な"",""親切な"",""有名な"",""静かな"",""元気な""]"	"[""brave"",""kind"",""famous"",""quiet"",""cheerful""]"	"[""brave"",""brain"",""break"",""brown"",""bread""]"	"[{""word"":""courageous"",""note"":""ややかたい語""}]"	"[{""word"":""cowardly"",""note"":""おくびょうな""}]"
300614	3	dark	暗い	having little or no light	It gets dark at six in winter.	冬は6時に暗くなります。	adjective	2	4	"[""暗い"",""明るい"",""静かな"",""暑い"",""重い""]"	"[""dark"",""bright"",""quiet"",""hot"",""heavy""]"	"[""dark"",""duck"",""desk"",""dirt"",""dock""]"	"[{""word"":""dim"",""note"":""少し暗い""}]"	"[{""word"":""bright"",""note"":""明るい""}]"
300615	3	anymore	もう～ない、もはや	used when something no longer happens	I do not play tennis anymore.	私はもうテニスをしません。	adverb	4	3	"[""もう～ない、もはや"",""まだ"",""いつも"",""ときどき"",""すぐに""]"	"[""anymore"",""still"",""always"",""sometimes"",""soon""]"	"[""anymore"",""animal"",""anyone"",""many"",""memory""]"	[]	[]
300616	3	enough	十分な	as much as needed	We have enough time.	私たちには十分な時間があります。	determiner	3	4	"[""十分な"",""少ない"",""必要な"",""大きい"",""簡単な""]"	"[""enough"",""little"",""necessary"",""large"",""easy""]"	"[""enough"",""rough"",""laugh"",""alive"",""above""]"	"[{""word"":""sufficient"",""note"":""ややかたい語""}]"	"[{""word"":""insufficient"",""note"":""足りないという意味""}]"
300617	3	plain	質素な	simple and not fancy	She wore a plain dress.	彼女は質素なドレスを着ていました。	adjective	4	3	"[""質素な"",""派手な"",""明るい"",""重い"",""高価な""]"	"[""plain"",""fancy"",""bright"",""heavy"",""expensive""]"	"[""plain"",""plan"",""play"",""place"",""plant""]"	"[{""word"":""simple"",""note"":""より基本的な語""}]"	"[{""word"":""fancy"",""note"":""はでな""}]"
300618	3	weakness	弱点	a weak point	Math is my weakness.	数学は私の弱点です。	noun	4	3	"[""弱点"",""長所"",""習慣"",""方法"",""目的""]"	"[""weakness"",""strength"",""habit"",""method"",""purpose""]"	"[""weakness"",""weekend"",""window"",""witness"",""welcome""]"	[]	"[{""word"":""strength"",""note"":""強い点""}]"
300619	3	silent	静かな	not making any sound	The room was silent after the bell.	ベルのあと、部屋は静かでした。	adjective	3	3	"[""静かな"",""にぎやかな"",""明るい"",""暗い"",""広い""]"	"[""silent"",""noisy"",""bright"",""dark"",""wide""]"	"[""silent"",""siren"",""island"",""student"",""violet""]"	"[{""word"":""quiet"",""note"":""より日常的によく使う""}]"	"[{""word"":""noisy"",""note"":""音がうるさい""}]"
300620	3	silence	静けさ、沈黙	a state with no sound	We sat in silence for a minute.	私たちは1分間、黙って座っていました。	noun	4	3	"[""静けさ、沈黙"",""大きな音"",""音楽"",""声"",""話""]"	"[""silence"",""noise"",""music"",""voice"",""talk""]"	"[""silence"",""science"",""license"",""island"",""since""]"	[]	"[{""word"":""noise"",""note"":""音や騒音""}]"
300621	3	full	いっぱいの	having no empty space	My bag is full of books.	私のかばんは本でいっぱいです。	adjective	2	5	"[""いっぱいの"",""空の"",""重い"",""軽い"",""新しい""]"	"[""full"",""empty"",""heavy"",""light"",""new""]"	"[""full"",""fall"",""food"",""fool"",""feel""]"	[]	"[{""word"":""empty"",""note"":""中に何もない""}]"
300622	3	peace	平和	a state with no war or fighting	We all want peace in the world.	私たちはみな世界の平和を望んでいます。	noun	3	3	"[""平和"",""戦争"",""自由"",""安全"",""希望""]"	"[""peace"",""war"",""freedom"",""safety"",""hope""]"	"[""peace"",""peas"",""please"",""place"",""purse""]"	[]	"[{""word"":""war"",""note"":""平和の反対で、戦争のこと""}]"
300623	3	usual	いつもの	normal or common for someone or something	She came to school at her usual time.	彼女はいつもの時間に学校へ来ました。	adjective	3	3	"[""いつもの"",""特別な"",""早い"",""静かな"",""新しい""]"	"[""usual"",""special"",""early"",""quiet"",""new""]"	"[""usual"",""visual"",""use"",""music"",""user""]"	"[{""word"":""normal"",""note"":""より一般的な『普通の』""}]"	"[{""word"":""special"",""note"":""『特別な』という反対の意味""}]"
300624	3	dead	死んでいる	not alive	The fish is dead.	その魚は死んでいます。	adjective	3	3	"[""死んでいる"",""生きている"",""病気の"",""弱い"",""危険な""]"	"[""dead"",""alive"",""sick"",""weak"",""dangerous""]"	"[""dead"",""bed"",""head"",""dad"",""did""]"	[]	"[{""word"":""alive"",""note"":""『生きている』という反対の意味""}]"
300625	3	nothing	何も～ない	not anything	There is nothing in the box.	その箱の中には何もありません。	pronoun	3	4	"[""何も～ない"",""すべて"",""何か"",""だれも～ない"",""どこか""]"	"[""nothing"",""everything"",""something"",""nobody"",""somewhere""]"	"[""nothing"",""noting"",""morning"",""nodding"",""anything""]"	[]	"[{""word"":""everything"",""note"":""「すべて」という反対の意味""}]"
300626	3	doubt	疑う	to think something may not be true	I doubt his story.	私は彼の話を疑っています。	verb	4	3	"[""疑う"",""信じる"",""待つ"",""選ぶ"",""隠す""]"	"[""doubt"",""believe"",""wait"",""choose"",""hide""]"	"[""doubt"",""about"",""shout"",""cloud"",""count""]"	[]	"[{""word"":""believe"",""note"":""doubt は「疑う」、believe は「信じる」""}]"
300627	3	alive	生きている	living, not dead	The fish is still alive.	その魚はまだ生きています。	adjective	3	3	"[""生きている"",""眠い"",""元気な"",""危険な"",""静かな""]"	"[""alive"",""sleepy"",""healthy"",""dangerous"",""quiet""]"	"[""alive"",""arrive"",""aside"",""a line"",""all right""]"	[]	"[{""word"":""dead"",""note"":""alive は「生きている」、dead は「死んでいる」""}]"
300628	3	shallow	浅い	not deep	This river is shallow in summer.	この川は夏には浅いです。	adjective	3	3	"[""浅い"",""深い"",""広い"",""狭い"",""冷たい""]"	"[""shallow"",""deep"",""wide"",""narrow"",""cold""]"	"[""shallow"",""shadow"",""yellow"",""shower"",""follow""]"	[]	"[{""word"":""deep"",""note"":""深い""}]"
300629	3	fail	失敗する	to not succeed	Our plan may fail.	私たちの計画は失敗するかもしれません。	verb	3	4	"[""失敗する"",""成功する"",""始める"",""続ける"",""選ぶ""]"	"[""fail"",""succeed"",""start"",""continue"",""choose""]"	"[""fail"",""fall"",""fill"",""face"",""fair""]"	[]	"[{""word"":""succeed"",""note"":""成功する""}]"
300630	3	failure	失敗	lack of success	The plan ended in failure.	その計画は失敗に終わりました。	noun	4	3	"[""失敗"",""成功"",""計画"",""試合"",""約束""]"	"[""failure"",""success"",""plan"",""game"",""promise""]"	"[""failure"",""famous"",""future"",""feature"",""fever""]"	[]	"[{""word"":""success"",""note"":""成功""}]"
300631	3	unknown	不明な、知られていない	not known	The cause of the noise is still unknown.	その音の原因はまだ不明です。	adjective	3	3	"[""不明な、知られていない"",""有名な"",""安全な"",""静かな"",""重要な""]"	"[""unknown"",""famous"",""safe"",""quiet"",""important""]"	"[""unknown"",""uncle"",""window"",""yellow"",""alone""]"	[]	"[{""word"":""known"",""note"":""知られている""}]"
300632	3	boring	退屈な	not interesting	This movie is boring.	この映画は退屈です。	adjective	2	4	"[""退屈な"",""楽しい"",""忙しい"",""親切な"",""危険な""]"	"[""boring"",""fun"",""busy"",""kind"",""dangerous""]"	"[""boring"",""morning"",""brown"",""boat"",""born""]"	"[{""word"":""dull"",""note"":""やや書き言葉でも使う""}]"	"[{""word"":""interesting"",""note"":""おもしろい""}]"
300633	3	without ~	～なしで	not having or using something	He went out without his bag.	彼はかばんを持たずに外出しました。	preposition	2	5	"[""～なしで"",""～といっしょに"",""～の前に"",""～の後に"",""～の下に""]"	"[""without ~"",""with ~"",""before ~"",""after ~"",""under ~""]"	"[""without ~"",""within ~"",""with ~"",""before ~"",""under ~""]"	[]	"[{""word"":""with"",""note"":""〜といっしょに""}]"
300634	3	except ~	～を除いて	not including someone or something	Everyone went except Ken.	ケンを除いてみんな行きました。	preposition	3	3	"[""～を除いて"",""～の前に"",""～の後に"",""～の近くに"",""～のために""]"	"[""except ~"",""before ~"",""after ~"",""near ~"",""for ~""]"	"[""except ~"",""expect ~"",""accept ~"",""beside ~"",""without ~""]"	"[{""word"":""but"",""note"":""前置詞としては except に近い""}]"	"[{""word"":""including"",""note"":""「〜を含めて」""}]"
300635	3	serious	深刻な	bad or important in a worrying way	This is a serious problem.	これは深刻な問題です。	adjective	3	3	"[""深刻な"",""簡単な"",""安全な"",""静かな"",""有名な""]"	"[""serious"",""easy"",""safe"",""quiet"",""famous""]"	"[""serious"",""curious"",""service"",""series"",""jealous""]"	"[{""word"":""grave"",""note"":""ややかたいが「深刻な」""}]"	[]
300636	3	few	少ししかない	not many	I have few books at home.	私は家に本を少ししか持っていません。	adjective	2	4	"[""少ししかない"",""たくさんの"",""いくつかの"",""すべての"",""十分な""]"	"[""few"",""many"",""some"",""all"",""enough""]"	"[""few"",""view"",""fuel"",""fill"",""fine""]"	"[{""word"":""not many"",""note"":""可算名詞に使う""}]"	"[{""word"":""many"",""note"":""数が多い""}]"
300637	3	special	特別な	different from others in a good way	Today is a special day for my family.	今日は私の家族にとって特別な日です。	adjective	3	3	"[""特別な"",""有名な"",""大切な"",""人気のある"",""必要な""]"	"[""special"",""famous"",""important"",""popular"",""necessary""]"	"[""special"",""spatial"",""speech"",""simple"",""social""]"	[]	"[{""word"":""ordinary"",""note"":""ふつうの""}]"
300638	3	strange	変な	unusual or surprising in a way that seems odd	I heard a strange sound last night.	昨夜、私は変な音を聞きました。	adjective	3	3	"[""変な"",""静かな"",""明るい"",""危険な"",""簡単な""]"	"[""strange"",""quiet"",""bright"",""dangerous"",""easy""]"	"[""strange"",""strong"",""street"",""stage"",""strike""]"	"[{""word"":""odd"",""note"":""より短くて口語的""}]"	"[{""word"":""normal"",""note"":""ふつうの""}]"
300639	3	rude	失礼な	not polite	It is rude to talk loudly here.	ここで大声で話すのは失礼です。	adjective	3	2	"[""失礼な"",""親切な"",""正直な"",""静かな"",""元気な""]"	"[""rude"",""kind"",""honest"",""quiet"",""cheerful""]"	"[""rude"",""road"",""rule"",""room"",""red""]"	"[{""word"":""impolite"",""note"":""より説明的な語""}]"	"[{""word"":""polite"",""note"":""ていねいな""}]"
300640	3	be different from ~	～と違う	to not be the same as something	My bag is different from yours.	私のかばんはあなたのものと違います。	adjective phrase	3	3	"[""～と違う"",""～に似ている"",""～に興味がある"",""～でいっぱいだ"",""～を待っている""]"	"[""be different from ~"",""be similar to ~"",""be interested in ~"",""be full of ~"",""wait for ~""]"	"[""be different from ~"",""be similar to ~"",""be interested in ~"",""be famous for ~"",""be ready for ~""]"	[]	"[{""word"":""be the same as"",""note"":""「～と同じである」""}]"
300641	3	dull	退屈な	not interesting	This movie is dull.	この映画は退屈です。	adjective	4	2	"[""退屈な"",""おもしろい"",""にぎやかな"",""静かな"",""親切な""]"	"[""dull"",""interesting"",""lively"",""quiet"",""kind""]"	"[""dull"",""full"",""door"",""dark"",""duck""]"	"[{""word"":""boring"",""note"":""より一般的な言い方""}]"	"[{""word"":""interesting"",""note"":""「おもしろい」""}]"
300642	3	awake	目が覚めている、起きている	not sleeping	I am still awake.	私はまだ起きています。	adjective	4	2	"[""目が覚めている、起きている"",""眠って"",""疲れて"",""空腹で"",""元気で""]"	"[""awake"",""asleep"",""tired"",""hungry"",""fine""]"	"[""awake"",""a week"",""away"",""again"",""afraid""]"	[]	"[{""word"":""asleep"",""note"":""「眠って」""}]"
300643	3	foolish	ばかな	not wise; silly	It was foolish to go out in the rain.	雨の中を出かけるなんてばかだった。	adjective	3	2	"[""ばかな"",""やさしい"",""すばやい"",""しずかな"",""つよい""]"	"[""foolish"",""kind"",""quick"",""quiet"",""strong""]"	"[""foolish"",""full"",""finish"",""forest"",""famous""]"	"[{""word"":""silly"",""note"":""よりくだけた言い方""}]"	"[{""word"":""wise"",""note"":""判断が賢い""}]"
300644	3	thin	うすい	not thick	This book is very thin.	この本はとてもうすいです。	adjective	2	4	"[""うすい"",""あつい"",""ながい"",""みじかい"",""まるい""]"	"[""thin"",""thick"",""long"",""short"",""round""]"	"[""thin"",""thing"",""thank"",""tin"",""ten""]"	[]	"[{""word"":""thick"",""note"":""厚さがある""}]"
300645	3	thick	あつい	having a large distance between two sides	The wall is very thick.	その壁はとても厚いです。	adjective	2	4	"[""あつい"",""うすい"",""ながい"",""みじかい"",""かるい""]"	"[""thick"",""thin"",""long"",""short"",""light""]"	"[""thick"",""think"",""tick"",""sick"",""stick""]"	[]	"[{""word"":""thin"",""note"":""厚くない""}]"
300646	3	neither	どちらの～も…ない	not one and not the other	Neither answer was correct.	どちらの答えも正しくありませんでした。	determiner	3	3	"[""どちらの～も…ない"",""両方の"",""どちらか一方の"",""すべての"",""もう一方の""]"	"[""neither"",""both"",""either"",""all"",""the other""]"	"[""neither"",""either"",""weather"",""mother"",""teacher""]"	[]	"[{""word"":""either"",""note"":""「どちらか一方」""}]"
300647	3	confused	困惑した	not understanding something well	I was confused by the question.	私はその質問に困惑しました。	adjective	3	3	"[""困惑した"",""安心した"",""退屈した"",""驚いた"",""満足した""]"	"[""confused"",""relaxed"",""bored"",""surprised"",""pleased""]"	"[""confused"",""confuse"",""computer"",""complete"",""compare""]"	"[{""word"":""puzzled"",""note"":""少しかたいが近い意味""}]"	[]
300648	3	careless	不注意な	not careful	He made a careless mistake.	彼は不注意な間違いをしました。	adjective	3	3	"[""不注意な"",""親切な"",""静かな"",""正直な"",""有名な""]"	"[""careless"",""kind"",""quiet"",""honest"",""famous""]"	"[""careless"",""careful"",""colorful"",""fearless"",""airplane""]"	[]	"[{""word"":""careful"",""note"":""注意深い""}]"
300649	3	empty	空の	having nothing inside	The box is empty.	その箱は空です。	adjective	3	3	"[""空の"",""重い"",""新しい"",""小さい"",""丸い""]"	"[""empty"",""heavy"",""new"",""small"",""round""]"	"[""empty"",""entry"",""envy"",""ending"",""enemy""]"	[]	"[{""word"":""full"",""note"":""中に物が入っている""}]"
300650	3	no more ~	もう～ない、これ以上～ない	not any more of something	I have no more questions.	私はもう質問がありません。	determiner phrase	4	3	"[""もう～ない、これ以上～ない"",""いつも"",""たぶん"",""すぐに"",""とても""]"	"[""no more ~"",""always"",""maybe"",""soon"",""very""]"	"[""no more ~"",""some more ~"",""many more ~"",""once more"",""not yet""]"	[]	[]
300651	3	group	グループ	a number of people or things together	Our group has five students.	私たちのグループには5人の生徒がいます。	noun	3	3	"[""グループ"",""チーム"",""クラス"",""家族"",""町""]"	"[""group"",""team"",""class"",""family"",""town""]"	"[""group"",""green"",""ground"",""grape"",""great""]"	[]	[]
300652	3	population	人口	the number of people living in a place	The population of this city is growing.	この都市の人口は増えています。	noun	3	3	"[""人口"",""面積"",""気温"",""交通"",""文化""]"	"[""population"",""area"",""temperature"",""traffic"",""culture""]"	"[""population"",""pollution"",""position"",""vacation"",""celebration""]"	[]	[]
300653	3	best	最もよい	better than all others	This is the best picture in the room.	これはその部屋で最もよい絵です。	adjective	2	5	"[""最もよい"",""最も悪い"",""新しい"",""古い"",""大きい""]"	"[""best"",""worst"",""new"",""old"",""big""]"	"[""best"",""vest"",""rest"",""test"",""west""]"	[]	"[{""word"":""worst"",""note"":""最も悪い""}]"
300654	3	figure	数字、数値	a number that gives information	This figure is higher than last year's.	この数値は昨年より高いです。	noun	3	2	"[""数字、数値"",""文字"",""記号"",""名前"",""答え""]"	"[""figure"",""letter"",""symbol"",""name"",""answer""]"	"[""figure"",""finger"",""bigger"",""singer"",""winter""]"	[]	[]
300655	3	be busy with ~	～で忙しい	having a lot to do with something	She is busy with her homework.	彼女は宿題で忙しいです。	adjective phrase	3	3	"[""～で忙しい"",""～に興味がある"",""～が上手だ"",""～で有名だ"",""～に驚く""]"	"[""be busy with ~"",""be interested in ~"",""be good at ~"",""be famous for ~"",""be surprised at ~""]"	"[""be busy with ~"",""be interested in ~"",""be good at ~"",""be careful with ~"",""be ready for ~""]"	[]	[]
300656	3	happen to do	たまたま～する	to do something by chance	I happened to see her at the station.	私は駅でたまたま彼女を見かけました。	verb phrase	4	3	"[""たまたま～する"",""～することを決める"",""～するのを忘れる"",""～し始める"",""～し終える""]"	"[""happen to do"",""decide to do"",""forget to do"",""start to do"",""finish doing""]"	"[""happen to do"",""have to do"",""hope to do"",""hurry to do"",""plan to do""]"	[]	[]
300657	3	national	国の	related to a whole country	This is a national holiday.	これは国の祝日です。	adjective	3	3	"[""国の"",""地方の"",""個人の"",""伝統的な"",""重要な""]"	"[""national"",""local"",""personal"",""traditional"",""important""]"	"[""national"",""natural"",""nature"",""notion"",""special""]"	[]	[]
300658	3	elderly	年配の	old in age	The elderly man walks slowly.	その年配の男性はゆっくり歩きます。	adjective	3	2	"[""年配の"",""若い"",""有名な"",""親切な"",""元気な""]"	"[""elderly"",""young"",""famous"",""kind"",""healthy""]"	"[""elderly"",""early"",""empty"",""angry"",""every""]"	"[{""word"":""old"",""note"":""より広い意味で「年を取った」""}]"	"[{""word"":""young"",""note"":""年齢が若い""}]"
300659	3	classic	名作の、古典的な	well known and admired for a long time	This is a classic movie.	これは名作映画です。	adjective	3	2	"[""名作の、古典的な"",""退屈な"",""静かな"",""安全な"",""簡単な""]"	"[""classic"",""boring"",""quiet"",""safe"",""easy""]"	"[""classic"",""plastic"",""climate"",""class"",""clock""]"	[]	[]
300660	3	traditional	伝統的な	following old customs or ways	They wore traditional clothes.	彼らは伝統的な服を着ていました。	adjective	3	2	"[""伝統的な"",""現代的な"",""人気のある"",""静かな"",""便利な""]"	"[""traditional"",""modern"",""popular"",""quiet"",""useful""]"	"[""traditional"",""additional"",""national"",""condition"",""vacation""]"	[]	"[{""word"":""modern"",""note"":""現代的な""}]"
300661	3	tradition	伝統	a custom followed for many years	This festival is an old tradition in our town.	この祭りは私たちの町の古い伝統です。	noun	3	3	"[""伝統"",""文化"",""習慣"",""歴史"",""行事""]"	"[""tradition"",""culture"",""custom"",""history"",""event""]"	"[""tradition"",""transition"",""transportation"",""translation"",""condition""]"	"[{""word"":""custom"",""note"":""似ているが、custom は習慣の意味でよく使う""}]"	[]
300662	3	online	オンラインで	using the internet or connected to it	I bought the book online yesterday.	私は昨日その本をオンラインで買いました。	adverb	2	4	"[""オンラインで"",""店で"",""家で"",""一人で"",""急いで""]"	"[""online"",""at a store"",""at home"",""alone"",""in a hurry""]"	"[""online"",""outline"",""only"",""open"",""owner""]"	[]	"[{""word"":""offline"",""note"":""インターネットにつながっていない状態""}]"
300663	3	person	人	a human being	That person is my English teacher.	あの人は私の英語の先生です。	noun	1	5	"[""人"",""少年"",""少女"",""先生"",""友達""]"	"[""person"",""boy"",""girl"",""teacher"",""friend""]"	"[""person"",""pencil"",""present"",""parent"",""purple""]"	[]	[]
300664	3	century	世紀	a period of one hundred years	This castle is over a century old.	この城は100年以上古いです。	noun	3	2	"[""世紀"",""10年間"",""歴史"",""時代"",""期間""]"	"[""century"",""decade"",""history"",""era"",""period""]"	"[""century"",""country"",""central"",""entry"",""sentry""]"	[]	[]
300665	3	another	もう一つの	one more; a different one	Can I have another cup of tea?	もう一杯お茶をもらえますか。	determiner	2	4	"[""もう一つの"",""同じ"",""最後の"",""最初の"",""特別な""]"	"[""another"",""same"",""last"",""first"",""special""]"	"[""another"",""other"",""mother"",""brother"",""author""]"	[]	[]
300666	3	continent	大陸	one of the large land areas on Earth	Africa is a large continent.	アフリカは大きな大陸です。	noun	4	2	"[""大陸"",""島"",""海洋"",""砂漠"",""半島""]"	"[""continent"",""island"",""ocean"",""desert"",""peninsula""]"	"[""continent"",""confident"",""content"",""concert"",""constant""]"	[]	[]
300667	3	single	1つの	only one	I need a single ticket.	私は1枚の切符が必要です。	determiner	3	3	"[""1つの"",""2つの"",""大きい"",""新しい"",""特別な""]"	"[""single"",""double"",""large"",""new"",""special""]"	"[""single"",""signal"",""singer"",""simple"",""jungle""]"	"[{""word"":""one"",""note"":""数としての1""}]"	"[{""word"":""double"",""note"":""2つの""}]"
300668	3	either	どちらかの	one of two	You can take either bus.	あなたはどちらかのバスに乗れます。	determiner	4	4	"[""どちらかの"",""両方の"",""どちらの～も…ない"",""すべての"",""もう一方の""]"	"[""either"",""both"",""neither"",""all"",""the other""]"	"[""either"",""other"",""weather"",""writer"",""later""]"	[]	"[{""word"":""neither"",""note"":""どちらも〜ない""}]"
300669	3	individual	個人	one person, not a group	Each individual has a name.	それぞれの個人には名前があります。	noun	5	2	"[""個人"",""集団"",""家族"",""生徒"",""先生""]"	"[""individual"",""group"",""family"",""student"",""teacher""]"	"[""individual"",""industry"",""inside"",""interest"",""important""]"	"[{""word"":""person"",""note"":""より基本的な語""}]"	"[{""word"":""group"",""note"":""個人ではなく集まり""}]"
300670	3	once	一度	one time	I met her once at the station.	私は駅で一度彼女に会いました。	adverb	3	4	"[""一度"",""二度"",""いつも"",""すぐに"",""たぶん""]"	"[""once"",""twice"",""always"",""soon"",""maybe""]"	"[""once"",""wants"",""won"",""one"",""dance""]"	[]	[]
300671	3	unique	独特な	special and different from others	She has a unique way of thinking.	彼女は独特な考え方をします。	adjective	4	2	"[""独特な"",""有名な"",""静かな"",""安全な"",""正直な""]"	"[""unique"",""famous"",""quiet"",""safe"",""honest""]"	"[""unique"",""music"",""unit"",""use"",""usual""]"	"[{""word"":""special"",""note"":""より広い意味で「特別な」""}]"	"[{""word"":""common"",""note"":""ふつうの、ありふれた""}]"
300672	3	spread	広がる	to move over a larger area	The news spread quickly through the town.	その知らせは町中にすぐ広がりました。	verb	4	3	"[""広がる"",""集まる"",""止まる"",""沈む"",""消える""]"	"[""spread"",""gather"",""stop"",""sink"",""disappear""]"	"[""spread"",""spring"",""street"",""spray"",""speed""]"	[]	"[{""word"":""gather"",""note"":""広がる ↔ 集まる""}]"
300673	3	public	公共の	for everyone to use or know	This is a public park.	これは公共の公園です。	adjective	3	3	"[""公共の"",""私的な"",""有名な"",""静かな"",""安全な""]"	"[""public"",""private"",""famous"",""quiet"",""safe""]"	"[""public"",""publish"",""pupil"",""music"",""picnic""]"	[]	"[{""word"":""private"",""note"":""個人用の・私的な""}]"
300674	3	chance	機会	a time to do something	I had a chance to talk with her.	私は彼女と話す機会がありました。	noun	3	4	"[""機会"",""約束"",""質問"",""理由"",""計画""]"	"[""chance"",""promise"",""question"",""reason"",""plan""]"	"[""chance"",""change"",""dance"",""chair"",""choose""]"	"[{""word"":""opportunity"",""note"":""ややかたいが意味は近い""}]"	[]
300675	3	against ~	～に反対して	opposed to someone or something	They are against the plan.	彼らはその計画に反対しています。	preposition	3	4	"[""～に反対して"",""～の前に"",""～といっしょに"",""～の後で"",""～の近くに""]"	"[""against ~"",""before ~"",""with ~"",""after ~"",""near ~""]"	"[""against ~"",""along ~"",""around ~"",""beside ~"",""without ~""]"	[]	"[{""word"":""for"",""note"":""賛成して""}]"
300676	3	carrot	にんじん	a long orange vegetable	I ate a carrot for lunch.	私は昼食ににんじんを1本食べました。	noun	2	3	"[""にんじん"",""じゃがいも"",""たまねぎ"",""きゅうり"",""キャベツ""]"	"[""carrot"",""potato"",""onion"",""cucumber"",""cabbage""]"	"[""carrot"",""parrot"",""cabin"",""carry"",""camera""]"	[]	[]
300677	3	result	結果	what happens because of an action	The test result was good.	そのテストの結果はよかったです。	noun	3	3	"[""結果"",""理由"",""計画"",""問題"",""答え""]"	"[""result"",""reason"",""plan"",""problem"",""answer""]"	"[""result"",""reason"",""record"",""report"",""rest""]"	[]	[]
300678	3	outdoors	戸外で	outside a building	The children played outdoors after school.	子どもたちは放課後に戸外で遊びました。	adverb	3	2	"[""戸外で"",""中で"",""静かに"",""早く"",""一緒に""]"	"[""outdoors"",""inside"",""quietly"",""quickly"",""together""]"	"[""outdoors"",""outside"",""outdoor"",""around"",""ours""]"	"[{""word"":""outside"",""note"":""より一般的な語""}]"	"[{""word"":""indoors"",""note"":""建物の中で""}]"
300679	3	playground	運動場	a place where children play outside	The children are playing in the playground.	子どもたちは運動場で遊んでいます。	noun	3	3	"[""運動場"",""教室"",""図書館"",""公園"",""体育館""]"	"[""playground"",""classroom"",""library"",""park"",""gym""]"	"[""playground"",""playgroup"",""background"",""playtime"",""playhouse""]"	"[{""word"":""schoolyard"",""note"":""学校の運動場を表すことが多い""}]"	[]
300680	3	website	ウェブサイト	a place on the internet with pages of information	I found the information on the website.	私はその情報をウェブサイトで見つけました。	noun	3	4	"[""ウェブサイト"",""新聞"",""手紙"",""地図"",""雑誌""]"	"[""website"",""newspaper"",""letter"",""map"",""magazine""]"	"[""website"",""west side"",""webpage"",""weekday"",""waiter""]"	[]	[]
300681	3	stomachache	腹痛	a pain in your stomach	I have a stomachache today.	今日はおなかが痛いです。	noun	3	3	"[""腹痛"",""頭痛"",""歯痛"",""せき"",""発熱""]"	"[""stomachache"",""headache"",""toothache"",""cough"",""fever""]"	"[""stomachache"",""stomach"",""toothache"",""headache"",""backache""]"	"[{""word"":""stomach pain"",""note"":""より説明的な言い方""}]"	[]
300682	3	headache	頭痛	a pain in your head	I have a headache today.	今日は頭が痛いです。	noun	3	3	"[""頭痛"",""腹痛"",""発熱"",""せき"",""歯痛""]"	"[""headache"",""stomachache"",""fever"",""cough"",""toothache""]"	"[""headache"",""heartache"",""handbag"",""holiday"",""hotcake""]"	[]	[]
300683	3	envelope	封筒	a paper cover for a letter	She put the letter in an envelope.	彼女はその手紙を封筒に入れました。	noun	3	2	"[""封筒"",""切手"",""はがき"",""手紙"",""小包""]"	"[""envelope"",""stamp"",""postcard"",""letter"",""package""]"	"[""envelope"",""elephant"",""engine"",""energy"",""entrance""]"	[]	[]
300684	3	bill	請求書	a paper that shows how much you must pay	Please pay this bill by Friday.	金曜日までにこの請求書を払ってください。	noun	3	3	"[""請求書"",""値段"",""お金"",""財布"",""硬貨""]"	"[""bill"",""price"",""money"",""wallet"",""coin""]"	"[""bill"",""bell"",""build"",""big"",""belt""]"	"[{""word"":""check"",""note"":""米語ではレストランの勘定で使うことがある""}]"	[]
300685	3	magazine	雑誌	a book with stories and pictures that comes out regularly	She bought a magazine at the station.	彼女は駅で雑誌を買いました。	noun	3	3	"[""雑誌"",""新聞"",""辞書"",""教科書"",""小説""]"	"[""magazine"",""newspaper"",""dictionary"",""textbook"",""novel""]"	"[""magazine"",""machine"",""madam"",""medicine"",""museum""]"	[]	[]
300686	3	receipt	レシート	a paper that shows what you bought and paid for	Please keep the receipt after shopping.	買い物のあとでレシートを取っておいてください。	noun	4	2	"[""レシート"",""切符"",""手紙"",""地図"",""名刺""]"	"[""receipt"",""ticket"",""letter"",""map"",""business card""]"	"[""receipt"",""repeat"",""report"",""respect"",""result""]"	[]	[]
300687	3	trash	ごみ	things that you throw away	Please put the trash in the bin.	ごみをごみ箱に入れてください。	noun	2	3	"[""ごみ"",""紙"",""びん"",""かばん"",""家具""]"	"[""trash"",""paper"",""bottle"",""bag"",""furniture""]"	"[""trash"",""track"",""trip"",""train"",""brush""]"	"[{""word"":""garbage"",""note"":""主に米語で「ごみ」""}]"	[]
300688	3	scene	場面	a part of a movie, play, or story	This is my favorite scene in the movie.	これはその映画で私のいちばん好きな場面です。	noun	3	3	"[""場面"",""景色"",""音"",""写真"",""計画""]"	"[""scene"",""view"",""sound"",""photo"",""plan""]"	"[""scene"",""seem"",""seed"",""sing"",""screen""]"	[]	[]
300689	3	region	地域	a large area of a country or the world	Rice grows well in this region.	この地域では米がよく育ちます。	noun	4	3	"[""地域"",""都市"",""村"",""国"",""島""]"	"[""region"",""city"",""village"",""country"",""island""]"	"[""region"",""reason"",""lesson"",""season"",""vision""]"	"[{""word"":""area"",""note"":""より広く一般的な語""}]"	[]
300690	3	percent	パーセント	one part in every hundred	Only ten percent of the students came.	生徒のうち来たのは10パーセントだけでした。	noun	3	4	"[""パーセント"",""点"",""番号"",""合計"",""値段""]"	"[""percent"",""point"",""number"",""total"",""price""]"	"[""percent"",""present"",""parent"",""perfect"",""pencil""]"	[]	[]
300691	3	role	役割	the part a person has in a group or activity	She has an important role in the play.	彼女はその劇で大切な役割を持っています。	noun	3	3	"[""役割"",""規則"",""計画"",""理由"",""結果""]"	"[""role"",""rule"",""plan"",""reason"",""result""]"	"[""role"",""road"",""rose"",""rope"",""room""]"	"[{""word"":""part"",""note"":""役・役割として使える""}]"	[]
300692	3	wing	翼	the part of a bird or plane used for flying	The bird hurt its wing.	その鳥は翼をけがしました。	noun	2	3	"[""翼"",""しっぽ"",""くちばし"",""ひれ"",""つめ""]"	"[""wing"",""tail"",""beak"",""fin"",""claw""]"	"[""wing"",""win"",""ring"",""sing"",""wink""]"	[]	[]
300693	3	hostess	女性の案内係	a woman who welcomes and helps guests	The hostess showed us to our table.	女性の案内係が私たちを席まで案内しました。	noun	4	2	"[""女性の案内係"",""女性の店員"",""女性の歌手"",""女性の先生"",""女性の客""]"	"[""hostess"",""clerk"",""singer"",""teacher"",""guest""]"	"[""hostess"",""honest"",""hottest"",""hotel"",""host""]"	[]	[]
300694	3	host	司会者	a person who leads a show or event	The host asked the first question.	司会者が最初の質問をしました。	noun	3	3	"[""司会者"",""案内人"",""歌手"",""記者"",""俳優""]"	"[""host"",""guide"",""singer"",""reporter"",""actor""]"	"[""host"",""most"",""post"",""hope"",""hot""]"	"[{""word"":""MC"",""note"":""event host の意味で使うことがある""}]"	[]
300695	3	used to do	以前は～したものだ	did something often in the past, but not now	I used to play tennis after school.	私は以前、放課後にテニスをしていました。	verb phrase	4	4	"[""以前は～したものだ"",""今～している"",""これから～する"",""～したい"",""～しなければならない""]"	"[""used to do"",""be doing"",""will do"",""want to do"",""have to do""]"	"[""used to do"",""use ~ to do"",""have to do"",""want to do"",""plan to do""]"	[]	[]
300696	3	become	～になる	to start to be something	My brother wants to become a doctor.	私の兄は医者になりたがっています。	verb	3	4	"[""～になる"",""～を作る"",""～を見つける"",""～を選ぶ"",""～を教える""]"	"[""become"",""make"",""find"",""choose"",""teach""]"	"[""become"",""began"",""because"",""before"",""below""]"	"[{""word"":""get"",""note"":""口語で become に近いが少しくだける""}]"	[]
300697	3	call	電話する	to speak to someone by phone	I will call my mother tonight.	今夜、母に電話します。	verb	3	4	"[""電話する"",""訪ねる"",""待つ"",""助ける"",""選ぶ""]"	"[""call"",""visit"",""wait"",""help"",""choose""]"	"[""call"",""cold"",""card"",""care"",""cook""]"	"[{""word"":""phone"",""note"":""主に電話をかける意味""}]"	[]
300698	3	decide	決める	to choose after thinking	We must decide today.	私たちは今日決めなければなりません。	verb	4	3	"[""決める"",""変える"",""始める"",""続ける"",""習う""]"	"[""decide"",""change"",""start"",""continue"",""learn""]"	"[""decide"",""design"",""describe"",""desire"",""deny""]"	[]	[]
300699	3	forget	忘れる	to not remember something	Don't forget your homework.	宿題を忘れないで。	verb	3	4	"[""忘れる"",""覚える"",""見つける"",""借りる"",""送る""]"	"[""forget"",""remember"",""find"",""borrow"",""send""]"	"[""forget"",""forest"",""form"",""forty"",""forward""]"	[]	"[{""word"":""remember"",""note"":""覚えている""}]"
300700	3	hear	聞こえる	to get sound with your ears	I can hear music in the room.	私はその部屋で音楽が聞こえます。	verb	3	4	"[""聞こえる"",""見る"",""話す"",""歩く"",""待つ""]"	"[""hear"",""see"",""speak"",""walk"",""wait""]"	"[""hear"",""hair"",""near"",""year"",""fear""]"	[]	[]
300701	3	learn	学ぶ	to get knowledge or a skill	We learn English at school.	私たちは学校で英語を学びます。	verb	3	4	"[""学ぶ"",""教える"",""使う"",""作る"",""開ける""]"	"[""learn"",""teach"",""use"",""make"",""open""]"	"[""learn"",""turn"",""burn"",""long"",""line""]"	"[{""word"":""study"",""note"":""study は勉強する、learn は学んで身につける""}]"	[]
300702	3	lose	なくす	to not have something anymore	Be careful not to lose your bag.	かばんをなくさないように気をつけて。	verb	3	4	"[""なくす"",""見つける"",""借りる"",""送る"",""選ぶ""]"	"[""lose"",""find"",""borrow"",""send"",""choose""]"	"[""lose"",""news"",""use"",""look"",""rose""]"	[]	"[{""word"":""find"",""note"":""なくした物を見つける""}]"
300703	3	stop	止まる	to not move anymore	Please stop here.	ここで止まってください。	verb	2	5	"[""止まる"",""始める"",""歩く"",""走る"",""動く""]"	"[""stop"",""start"",""walk"",""run"",""move""]"	"[""stop"",""step"",""shop"",""stone"",""stick""]"	"[{""word"":""halt"",""note"":""ややかたい語""}]"	"[{""word"":""start"",""note"":""始める""}]"
300704	3	glue	のり	a sticky thing used to join things	I need some glue for this paper.	この紙にのりが必要です。	noun	3	3	"[""のり"",""はさみ"",""紙"",""テープ"",""ひも""]"	"[""glue"",""scissors"",""paper"",""tape"",""string""]"	"[""glue"",""blue"",""glass"",""glad"",""group""]"	[]	[]
300705	3	course	進路、コース	the route or direction something follows	The ship changed its course.	その船は進路を変えました。	noun	4	3	"[""進路、コース"",""地図"",""道路"",""駅"",""橋""]"	"[""course"",""map"",""road"",""station"",""bridge""]"	"[""course"",""court"",""cause"",""coat"",""corner""]"	"[{""word"":""route"",""note"":""道順という意味で近い""}]"	[]
300706	3	wage	賃金	money paid for work	He gets a good wage at the factory.	彼はその工場でよい賃金をもらっています。	noun	4	3	"[""賃金"",""料金"",""運賃"",""家賃"",""税金""]"	"[""wage"",""fee"",""fare"",""rent"",""tax""]"	"[""wage"",""page"",""wave"",""cage"",""wake""]"	"[{""word"":""pay"",""note"":""より広い意味での「給料・支払い」""}]"	[]
300707	3	fee	料金	money you pay for a service	You must pay a fee to join the club.	そのクラブに入るには料金を払わなければなりません。	noun	3	4	"[""料金"",""賃金"",""運賃"",""家賃"",""税金""]"	"[""fee"",""wage"",""fare"",""rent"",""tax""]"	"[""fee"",""field"",""feed"",""few"",""free""]"	"[{""word"":""charge"",""note"":""サービスなどに対する請求額""}]"	[]
300708	3	European	ヨーロッパの	from or about Europe	She likes European music.	彼女はヨーロッパの音楽が好きです。	adjective	3	3	"[""ヨーロッパの"",""アジアの"",""アフリカの"",""アメリカの"",""日本の""]"	"[""European"",""Asian"",""African"",""American"",""Japanese""]"	"[""European"",""Korean"",""Australian"",""Italian"",""Indian""]"	[]	[]
300709	3	society	社会	people living together in a community or country	Modern society changes quickly.	現代社会は急速に変化します。	noun	3	3	"[""社会"",""文化"",""歴史"",""経済"",""環境""]"	"[""society"",""culture"",""history"",""economy"",""environment""]"	"[""society"",""variety"",""anxiety"",""Saturday"",""science""]"	[]	[]
300710	3	meeting	会議	a time when people come together to talk	We have a meeting after school.	私たちは放課後に会議があります。	noun	2	4	"[""会議"",""試合"",""授業"",""旅行"",""約束""]"	"[""meeting"",""game"",""class"",""trip"",""promise""]"	"[""meeting"",""eating"",""reading"",""sleeping"",""greeting""]"	[]	[]
300711	3	audience	観客	people watching or listening to a show or speech	The audience clapped loudly.	観客は大きな拍手をしました。	noun	4	2	"[""観客"",""俳優"",""歌手"",""選手"",""画家""]"	"[""audience"",""actor"",""singer"",""player"",""painter""]"	"[""audience"",""August"",""office"",""orange"",""artist""]"	[]	[]
300712	3	volunteer	ボランティア	a person who helps without getting money	She is a volunteer at the hospital.	彼女は病院でボランティアをしています。	noun	3	3	"[""ボランティア"",""医者"",""看護師"",""店員"",""案内人""]"	"[""volunteer"",""doctor"",""nurse"",""clerk"",""guide""]"	"[""volunteer"",""volume"",""visitor"",""violin"",""vacation""]"	[]	[]
300713	3	work well	うまくいく	to work successfully or correctly	This plan will work well for our class.	この計画は私たちのクラスでうまくいくでしょう。	verb phrase	3	3	"[""うまくいく"",""失敗する"",""始まる"",""終わる"",""変わる""]"	"[""work well"",""fail"",""begin"",""finish"",""change""]"	"[""work well"",""walk home"",""wash hands"",""write back"",""wake up""]"	[]	[]
300714	3	maybe	たぶん	perhaps; it is possible	Maybe he will come tomorrow.	たぶん彼は明日来るでしょう。	adverb	2	4	"[""たぶん"",""いつも"",""すぐに"",""とても"",""決して""]"	"[""maybe"",""always"",""soon"",""very"",""never""]"	"[""maybe"",""mainly"",""baby"",""map"",""many""]"	"[{""word"":""perhaps"",""note"":""より少しかたい言い方""}]"	[]
300715	3	visa	ビザ	an official paper or stamp to enter a country	You need a visa to visit that country.	その国を訪れるにはビザが必要です。	noun	3	3	"[""ビザ"",""切符"",""地図"",""鍵"",""手紙""]"	"[""visa"",""ticket"",""map"",""key"",""letter""]"	"[""visa"",""pizza"",""visit"",""river"",""teacher""]"	[]	[]
300716	3	enemy	敵	a person who hates or fights you	The hero fought his enemy.	その主人公は敵と戦いました。	noun	3	3	"[""敵"",""味方"",""客"",""王"",""兵士""]"	"[""enemy"",""ally"",""guest"",""king"",""soldier""]"	"[""enemy"",""energy"",""entry"",""memory"",""many""]"	[]	"[{""word"":""friend"",""note"":""反対の関係の基本語""}]"
300717	3	customer	客	a person who buys things at a shop	The customer bought a bag.	その客はかばんを買いました。	noun	3	4	"[""客"",""店員"",""医者"",""運転手"",""生徒""]"	"[""customer"",""clerk"",""doctor"",""driver"",""student""]"	"[""customer"",""custom"",""costume"",""summer"",""castle""]"	"[{""word"":""shopper"",""note"":""店で買い物をする人""}]"	[]
300718	3	editor	編集者	a person who prepares writing for publication	My aunt works as an editor for a magazine.	私のおばは雑誌の編集者として働いています。	noun	3	2	"[""編集者"",""記者"",""作家"",""読者"",""画家""]"	"[""editor"",""reporter"",""writer"",""reader"",""painter""]"	"[""editor"",""visitor"",""actor"",""doctor"",""writer""]"	[]	[]
300719	3	visitor	訪問者	a person who visits a place or person	We had a visitor from Osaka yesterday.	私たちは昨日、大阪からの訪問者を迎えました。	noun	2	3	"[""訪問者"",""案内人"",""店員"",""乗客"",""選手""]"	"[""visitor"",""guide"",""clerk"",""passenger"",""player""]"	"[""visitor"",""sister"",""teacher"",""picture"",""winter""]"	"[{""word"":""guest"",""note"":""家や会などに来る人""}]"	[]
300720	3	member	会員	a person in a group or club	She is a member of the tennis club.	彼女はテニス部の会員です。	noun	2	4	"[""会員"",""客"",""店員"",""選手"",""先生""]"	"[""member"",""guest"",""clerk"",""player"",""teacher""]"	"[""member"",""number"",""summer"",""remember"",""mother""]"	[]	[]
300721	3	character	登場人物	a person in a story or movie	My favorite character is very brave.	私の好きな登場人物はとても勇敢です。	noun	3	3	"[""登場人物"",""乗客"",""人間"",""先生"",""選手""]"	"[""character"",""passenger"",""human"",""teacher"",""player""]"	"[""character"",""calendar"",""camera"",""careful"",""captain""]"	[]	[]
300722	3	human	人間	a person, not an animal or machine	Humans need water to live.	人間は生きるために水が必要です。	noun	3	3	"[""人間"",""動物"",""機械"",""子ども"",""大人""]"	"[""human"",""animal"",""machine"",""child"",""adult""]"	"[""human"",""humid"",""humor"",""woman"",""huge""]"	[]	[]
300723	3	passenger	乗客	a person traveling in a vehicle	The passenger got off the bus.	その乗客はバスを降りました。	noun	3	2	"[""乗客"",""運転手"",""案内人"",""店員"",""警官""]"	"[""passenger"",""driver"",""guide"",""clerk"",""police officer""]"	"[""passenger"",""message"",""village"",""manager"",""danger""]"	[]	[]
300724	3	cashier	レジ係	a person who takes money in a store	The cashier was very kind to me.	そのレジ係は私にとても親切でした。	noun	3	3	"[""レジ係"",""店員"",""医者"",""運転手"",""画家""]"	"[""cashier"",""clerk"",""doctor"",""driver"",""painter""]"	"[""cashier"",""cash"",""case"",""care"",""cushion""]"	"[{""word"":""clerk"",""note"":""店で働く人を広く表すことがある""}]"	[]
300725	3	photographer	写真家	a person who takes pictures	My uncle is a photographer.	私のおじは写真家です。	noun	4	2	"[""写真家"",""画家"",""作家"",""歌手"",""医者""]"	"[""photographer"",""painter"",""writer"",""singer"",""doctor""]"	"[""photographer"",""photograph"",""geography"",""passenger"",""calendar""]"	[]	[]
300726	3	writer	作家	a person who writes books or stories	She wants to be a writer.	彼女は作家になりたがっています。	noun	3	3	"[""作家"",""画家"",""写真家"",""歌手"",""先生""]"	"[""writer"",""painter"",""photographer"",""singer"",""teacher""]"	"[""writer"",""rider"",""winter"",""water"",""letter""]"	"[{""word"":""author"",""note"":""本を書く人に特によく使う""}]"	[]
300727	3	habit	習慣	something you do often	I have a habit of reading before bed.	私は寝る前に本を読む習慣があります。	noun	3	3	"[""習慣"",""約束"",""経験"",""計画"",""理由""]"	"[""habit"",""promise"",""experience"",""plan"",""reason""]"	"[""habit"",""rabbit"",""helmet"",""have"",""happy""]"	[]	[]
300728	3	exercise	運動	physical activity for your body	Exercise is good for your health.	運動は健康によいです。	noun	2	4	"[""運動"",""勉強"",""休み"",""仕事"",""旅行""]"	"[""exercise"",""study"",""rest"",""work"",""travel""]"	"[""exercise"",""extra"",""excuse"",""excellent"",""outside""]"	"[{""word"":""workout"",""note"":""主に運動のこと""}]"	[]
300729	3	imagine	想像する	to make a picture in your mind	Can you imagine life on the moon?	月での生活を想像できますか。	verb	3	3	"[""想像する"",""説明する"",""選ぶ"",""集める"",""比べる""]"	"[""imagine"",""explain"",""choose"",""collect"",""compare""]"	"[""imagine"",""image"",""magic"",""engine"",""invite""]"	[]	[]
300730	3	photograph	写真	a picture taken with a camera	She showed me a photograph of her family.	彼女は家族の写真を私に見せてくれました。	noun	3	3	"[""写真"",""絵"",""地図"",""手紙"",""新聞""]"	"[""photograph"",""drawing"",""map"",""letter"",""newspaper""]"	"[""photograph"",""paragraph"",""autograph"",""photo"",""telephone""]"	"[{""word"":""photo"",""note"":""短い形でよく使う""}]"	[]
300731	3	part	部分	one piece of something	This part of the book is very interesting.	本のこの部分はとてもおもしろいです。	noun	2	4	"[""部分"",""全体"",""表面"",""中心"",""端""]"	"[""part"",""whole"",""surface"",""center"",""edge""]"	"[""part"",""park"",""pot"",""port"",""paint""]"	"[{""word"":""piece"",""note"":""小さな一部分の意味で近い""}]"	"[{""word"":""whole"",""note"":""全体""}]"
300732	3	site	場所	a place where something is or happens	This is the site of the new school.	ここは新しい学校の場所です。	noun	4	2	"[""場所"",""建物"",""道路"",""計画"",""景色""]"	"[""site"",""building"",""road"",""plan"",""view""]"	"[""site"",""side"",""seat"",""size"",""set""]"	[]	[]
300733	3	address	住所	the place where someone lives	Please write your address here.	ここにあなたの住所を書いてください。	noun	3	3	"[""住所"",""名前"",""電話番号"",""地図"",""部屋番号""]"	"[""address"",""name"",""phone number"",""map"",""room number""]"	"[""address"",""actress"",""across"",""advice"",""adult""]"	[]	[]
300734	3	factory	工場	a building where things are made	My father works in a factory.	私の父は工場で働いています。	noun	3	3	"[""工場"",""駅"",""病院"",""図書館"",""農場""]"	"[""factory"",""station"",""hospital"",""library"",""farm""]"	"[""factory"",""family"",""favorite"",""battery"",""history""]"	[]	[]
300735	3	planetarium	プラネタリウム	a place where you can watch stars indoors	We visited the planetarium on Sunday.	私たちは日曜日にプラネタリウムを訪れました。	noun	4	2	"[""プラネタリウム"",""博物館"",""美術館"",""動物園"",""水族館""]"	"[""planetarium"",""museum"",""gallery"",""zoo"",""aquarium""]"	"[""planetarium"",""playground"",""platform"",""plant"",""planet""]"	[]	[]
300736	3	position	位置	the place where something is	Please stand in this position.	この位置に立ってください。	noun	3	3	"[""位置"",""方向"",""形"",""大きさ"",""色""]"	"[""position"",""direction"",""shape"",""size"",""color""]"	"[""position"",""vacation"",""condition"",""question"",""station""]"	"[{""word"":""place"",""note"":""より広い意味で「場所」""}]"	[]
300737	3	schedule	予定表、日程	a plan showing times for activities	My schedule is full today.	私は今日予定がいっぱいです。	noun	3	4	"[""予定表、日程"",""目標"",""約束"",""仕事"",""宿題""]"	"[""schedule"",""goal"",""promise"",""work"",""homework""]"	"[""schedule"",""school"",""skate"",""shadow"",""special""]"	[]	[]
300738	3	airline	航空会社	a company that carries people by plane	We flew with a Japanese airline.	私たちは日本の航空会社を利用して飛びました。	noun	3	2	"[""航空会社"",""空港"",""飛行機"",""駅"",""港""]"	"[""airline"",""airport"",""airplane"",""station"",""port""]"	"[""airline"",""airmail"",""airplane"",""outline"",""online""]"	[]	[]
300739	3	earth	地球	the planet we live on	The earth looks blue from space.	地球は宇宙から見ると青く見えます。	noun	3	3	"[""地球"",""月"",""太陽"",""星"",""空""]"	"[""earth"",""moon"",""sun"",""star"",""sky""]"	"[""earth"",""birth"",""worth"",""third"",""early""]"	[]	[]
300740	3	root	根	the part of a plant under the ground	The tree has strong roots in the ground.	その木は地面の中に強い根を持っています。	noun	4	2	"[""根"",""茎"",""葉"",""花"",""種""]"	"[""root"",""stem"",""leaf"",""flower"",""seed""]"	"[""root"",""room"",""roof"",""road"",""rule""]"	[]	[]
300741	3	seed	種	a small part of a plant that can grow	Plant the seed in the soil.	その種を土に植えなさい。	noun	3	3	"[""種"",""根"",""葉"",""花"",""実""]"	"[""seed"",""root"",""leaf"",""flower"",""fruit""]"	"[""seed"",""seat"",""seal"",""seek"",""seem""]"	[]	[]
300742	3	crop	作物	plants grown by farmers	Rice is an important crop in Japan.	米は日本の大切な作物です。	noun	3	3	"[""作物"",""野菜"",""果物"",""花"",""木""]"	"[""crop"",""vegetable"",""fruit"",""flower"",""tree""]"	"[""crop"",""clock"",""clap"",""cross"",""crab""]"	[]	[]
300743	3	vegetables	野菜	plants that people eat	We eat fresh vegetables every day.	私たちは毎日新鮮な野菜を食べます。	noun	2	4	"[""野菜"",""果物"",""肉"",""魚"",""米""]"	"[""vegetables"",""fruit"",""meat"",""fish"",""rice""]"	"[""vegetables"",""visitors"",""vests"",""very"",""festival""]"	[]	[]
300744	3	credit card	クレジットカード	a card used to pay for things	My father paid with a credit card.	父はクレジットカードで支払いました。	noun	3	4	"[""クレジットカード"",""現金"",""切符"",""財布"",""レシート""]"	"[""credit card"",""cash"",""ticket"",""wallet"",""receipt""]"	"[""credit card"",""greeting card"",""credit"",""create"",""pretty hard""]"	[]	[]
300745	3	musical	ミュージカル	a play or movie that uses songs and dancing	We saw a musical last night.	私たちは昨夜ミュージカルを見ました。	noun	3	3	"[""ミュージカル"",""映画"",""試合"",""コンサート"",""会議""]"	"[""musical"",""movie"",""game"",""concert"",""meeting""]"	"[""musical"",""museum"",""music"",""usual"",""miracle""]"	[]	[]
300746	3	call ~ back	～に折り返し電話する	to call someone again later	Please call me back after lunch.	昼食のあとに私へ折り返し電話してください。	phrasal verb	3	4	"[""～に折り返し電話する"",""電話を切る"",""電話に出る"",""メッセージを送る"",""待つ""]"	"[""call ~ back"",""hang up"",""answer the phone"",""send a message"",""wait""]"	"[""call ~ back"",""come back"",""talk back"",""fall back"",""write back""]"	[]	[]
300747	3	score	点数	the number of points in a game or test	My score was very good.	私の点数はとてもよかったです。	noun	2	4	"[""点数"",""答え"",""質問"",""練習"",""宿題""]"	"[""score"",""answer"",""question"",""practice"",""homework""]"	"[""score"",""school"",""store"",""sport"",""skirt""]"	[]	[]
300748	3	fashion	流行	a popular style of clothes or things	This style is now in fashion.	このスタイルは今流行しています。	noun	3	3	"[""流行"",""習慣"",""文化"",""制服"",""景色""]"	"[""fashion"",""custom"",""culture"",""uniform"",""scenery""]"	"[""fashion"",""passion"",""station"",""action"",""nation""]"	"[{""word"":""style"",""note"":""服装や見た目の型を表すことが多い""}]"	[]
300749	3	dust	ほこり	very small dry dirt in the air or on things	There was dust on the desk.	机の上にほこりがありました。	noun	2	3	"[""ほこり"",""泥"",""煙"",""砂"",""ごみ""]"	"[""dust"",""mud"",""smoke"",""sand"",""trash""]"	"[""dust"",""just"",""duck"",""desk"",""dark""]"	[]	[]
300750	3	electricity	電気	power used for lights and machines	We use electricity every day.	私たちは毎日電気を使います。	noun	4	4	"[""電気"",""ガス"",""水"",""熱"",""光""]"	"[""electricity"",""gas"",""water"",""heat"",""light""]"	"[""electricity"",""activity"",""ability"",""energy"",""engine""]"	[]	[]
300751	3	strength	力	physical or mental power	He showed great strength in the game.	彼はその試合で大きな力を見せた。	noun	3	3	"[""力"",""速さ"",""重さ"",""熱"",""音""]"	"[""strength"",""speed"",""weight"",""heat"",""sound""]"	"[""strength"",""street"",""strike"",""string"",""strong""]"	"[{""word"":""power"",""note"":""より広い意味の「力」""}]"	"[{""word"":""weakness"",""note"":""力がないこと""}]"
300752	3	solar	太陽の	related to the sun	They use solar energy at home.	彼らは家で太陽エネルギーを使っている。	adjective	3	2	"[""太陽の"",""月の"",""極地の"",""海の"",""電気の""]"	"[""solar"",""lunar"",""polar"",""marine"",""electric""]"	"[""solar"",""polar"",""soda"",""seller"",""sofa""]"	[]	[]
300753	3	force	力	power used to move or control something	The force of the wind opened the door.	風の力でドアが開いた。	noun	3	3	"[""力"",""光"",""色"",""形"",""温度""]"	"[""force"",""light"",""color"",""shape"",""temperature""]"	"[""force"",""fork"",""four"",""false"",""face""]"	"[{""word"":""power"",""note"":""広い意味で使う「力」""}]"	[]
300754	3	ability	能力	the power to do something well	She has the ability to speak English well.	彼女には英語を上手に話す能力があります。	noun	3	3	"[""能力"",""経験"",""努力"",""方法"",""習慣""]"	"[""ability"",""experience"",""effort"",""method"",""habit""]"	"[""ability"",""activity"",""actually"",""available"",""family""]"	"[{""word"":""skill"",""note"":""特に何かを上手にする力""}]"	[]
300755	3	energy	エネルギー、元気	strength to move and do things	I need more energy in the morning.	私は朝にもっと元気が必要です。	noun	2	4	"[""エネルギー、元気"",""勇気"",""人気"",""空気"",""景気""]"	"[""energy"",""courage"",""popularity"",""air"",""economy""]"	"[""energy"",""enemy"",""enter"",""engine"",""angry""]"	[]	[]
300756	3	ready	準備ができた	prepared to do something	We are ready for the test.	私たちはテストの準備ができています。	adjective	2	5	"[""準備ができた"",""疲れた"",""驚いた"",""有名な"",""静かな""]"	"[""ready"",""tired"",""surprised"",""famous"",""quiet""]"	"[""ready"",""really"",""rainy"",""reading"",""red""]"	"[{""word"":""prepared"",""note"":""ややかたい言い方""}]"	[]
300757	3	click	クリックする	to press a button on a computer mouse	Click this button to open the page.	このボタンをクリックしてページを開いてください。	verb	3	3	"[""クリックする"",""入力する"",""送る"",""消す"",""閉じる""]"	"[""click"",""type"",""send"",""erase"",""close""]"	"[""click"",""clock"",""clap"",""quick"",""clip""]"	[]	[]
300758	3	cost	費用	the money needed to buy or do something	The repair cost was high.	修理費用は高かったです。	noun	4	4	"[""費用"",""利益"",""給料"",""税金"",""割引""]"	"[""cost"",""profit"",""salary"",""tax"",""discount""]"	"[""cost"",""cast"",""case"",""coat"",""count""]"	[]	[]
300759	3	publish	出版する	to make a book or article available to people	They will publish her new book next month.	彼らは来月、彼女の新しい本を出版します。	verb	5	3	"[""出版する"",""借りる"",""選ぶ"",""説明する"",""集める""]"	"[""publish"",""borrow"",""choose"",""explain"",""collect""]"	"[""publish"",""public"",""polish"",""punish"",""finish""]"	[]	[]
300760	3	personal	個人的な	about one person, not public	This is my personal opinion.	これは私の個人的な意見です。	adjective	3	3	"[""個人的な"",""公の"",""重要な"",""簡単な"",""有名な""]"	"[""personal"",""public"",""important"",""easy"",""famous""]"	"[""personal"",""person"",""pencil"",""careful"",""special""]"	"[{""word"":""private"",""note"":""公ではなく個人の""}]"	"[{""word"":""public"",""note"":""公の、みんなに関係する""}]"
300761	3	likely	ありそうな	expected to happen or be true	It is likely to rain today.	今日は雨が降りそうです。	adjective	4	3	"[""ありそうな"",""不可能な"",""危険な"",""静かな"",""必要な""]"	"[""likely"",""impossible"",""dangerous"",""quiet"",""necessary""]"	"[""likely"",""lightly"",""lively"",""lucky"",""library""]"	"[{""word"":""probable"",""note"":""ややかたい語""}]"	"[{""word"":""unlikely"",""note"":""ありそうにない""}]"
300762	3	unlikely	ありそうにない	not expected to happen or be true	It is unlikely to snow here.	ここで雪が降ることはありそうにありません。	adjective	4	2	"[""ありそうにない"",""可能な"",""安全な"",""親切な"",""正しい""]"	"[""unlikely"",""possible"",""safe"",""kind"",""right""]"	"[""unlikely"",""unhappy"",""uncle"",""lucky"",""weekly""]"	[]	"[{""word"":""likely"",""note"":""ありそうな""}]"
300763	3	matter	問題、困ったこと	a problem or situation needing attention	What is the matter with you?	どうしたのですか。	noun	3	3	"[""問題、困ったこと"",""宿題"",""約束"",""質問"",""理由""]"	"[""matter"",""homework"",""promise"",""question"",""reason""]"	"[""matter"",""mother"",""water"",""letter"",""meter""]"	[]	[]
300764	3	trouble	困ったこと	a problem or difficulty	He had trouble with his homework.	彼は宿題で困っていました。	noun	3	3	"[""困ったこと"",""宿題"",""計画"",""答え"",""経験""]"	"[""trouble"",""homework"",""plan"",""answer"",""experience""]"	"[""trouble"",""travel"",""table"",""double"",""tunnel""]"	"[{""word"":""problem"",""note"":""より一般的な語""}]"	[]
300765	3	defend	守る	to protect from danger or attack	They defend their town.	彼らは自分たちの町を守ります。	verb	4	2	"[""守る"",""攻撃する"",""建てる"",""運ぶ"",""選ぶ""]"	"[""defend"",""attack"",""build"",""carry"",""choose""]"	"[""defend"",""depend"",""descend"",""demand"",""define""]"	"[{""word"":""protect"",""note"":""より一般的な語""}]"	"[{""word"":""attack"",""note"":""守るの反対""}]"
300766	3	press	押す	to push something with your hand or finger	Please press this button.	このボタンを押してください。	verb	3	3	"[""押す"",""引く"",""開ける"",""運ぶ"",""集める""]"	"[""press"",""pull"",""open"",""carry"",""collect""]"	"[""press"",""price"",""place"",""prize"",""glass""]"	"[{""word"":""push"",""note"":""より基本的な語""}]"	"[{""word"":""pull"",""note"":""押す⇔引く""}]"
300767	3	lay	置く	to put something down carefully	Please lay the book on the table.	その本をテーブルの上に置いてください。	verb	4	2	"[""置く"",""持つ"",""作る"",""送る"",""洗う""]"	"[""lay"",""hold"",""make"",""send"",""wash""]"	"[""lay"",""late"",""lake"",""rain"",""light""]"	"[{""word"":""put"",""note"":""lay はそっと置く感じ""}]"	[]
300768	3	print	印刷する	to make words or pictures on paper	I will print this picture.	私はこの写真を印刷します。	verb	3	3	"[""印刷する"",""描く"",""切る"",""借りる"",""数える""]"	"[""print"",""draw"",""cut"",""borrow"",""count""]"	"[""print"",""plant"",""point"",""paint"",""prince""]"	[]	[]
300769	3	throw away	捨てる	to put something in the trash	Please throw away this old box.	この古い箱を捨ててください。	phrasal verb	3	3	"[""捨てる"",""拾う"",""洗う"",""運ぶ"",""開ける""]"	"[""throw away"",""pick up"",""wash"",""carry"",""open""]"	"[""throw away"",""throw up"",""go away"",""far away"",""put away""]"	[]	"[{""word"":""keep"",""note"":""捨てずに持っておく""}]"
300770	3	add	加える	to put something with something else	Add some sugar to the tea.	そのお茶に砂糖を少し加えなさい。	verb	2	4	"[""加える"",""引く"",""数える"",""混ぜる"",""選ぶ""]"	"[""add"",""subtract"",""count"",""mix"",""choose""]"	"[""add"",""and"",""at"",""ask"",""act""]"	[]	"[{""word"":""subtract"",""note"":""数や量を引く""}]"
300771	3	hide	隠れる	to go where people cannot see you	The cat hid under the table.	その猫はテーブルの下に隠れました。	verb	3	3	"[""隠れる"",""登る"",""待つ"",""座る"",""落ちる""]"	"[""hide"",""climb"",""wait"",""sit"",""fall""]"	"[""hide"",""side"",""wide"",""ride"",""high""]"	[]	"[{""word"":""show"",""note"":""見えるようにする""}]"
300772	3	cover	おおう	to put something over something else	Clouds cover the moon.	雲が月をおおう。	verb	3	3	"[""おおう"",""運ぶ"",""集める"",""洗う"",""選ぶ""]"	"[""cover"",""carry"",""collect"",""wash"",""choose""]"	"[""cover"",""color"",""corner"",""copper"",""camera""]"	[]	"[{""word"":""uncover"",""note"":""おおいを取る""}]"
300773	3	bury	うめる	to put something in the ground	They buried the box in the yard.	彼らは庭にその箱をうめました。	verb	4	2	"[""うめる"",""こわす"",""投げる"",""見つける"",""借りる""]"	"[""bury"",""break"",""throw"",""find"",""borrow""]"	"[""bury"",""hurry"",""very"",""burn"",""carry""]"	[]	"[{""word"":""dig up"",""note"":""掘り出す""}]"
300774	3	mystery	なぞ	something that is hard to understand or explain	This story is a mystery.	この物語はなぞです。	noun	4	2	"[""なぞ"",""約束"",""習慣"",""景色"",""理由""]"	"[""mystery"",""promise"",""custom"",""view"",""reason""]"	"[""mystery"",""history"",""master"",""memory"",""misty""]"	[]	[]
300775	3	calm	落ち着いた	quiet and not excited	She stayed calm during the test.	彼女はテストの間、落ち着いていた。	adjective	3	3	"[""落ち着いた"",""うれしい"",""こわい"",""忙しい"",""元気な""]"	"[""calm"",""happy"",""scared"",""busy"",""fine""]"	"[""calm"",""come"",""camp"",""card"",""climb""]"	"[{""word"":""quiet"",""note"":""人や場所が静かなときにも使う""}]"	"[{""word"":""excited"",""note"":""気持ちが高ぶった""}]"
300776	3	track	道	a path or line to follow	We walked along the track in the park.	私たちは公園の道に沿って歩いた。	noun	4	3	"[""道"",""橋"",""駅"",""角"",""門""]"	"[""track"",""bridge"",""station"",""corner"",""gate""]"	"[""track"",""truck"",""trap"",""trick"",""black""]"	"[{""word"":""path"",""note"":""より一般的な『小道』""}]"	[]
300777	3	bring ~ up	～を育てる	to raise and care for a child	Her grandparents brought her up.	彼女は祖父母に育てられた。	phrasal verb	5	2	"[""～を育てる"",""～を教える"",""～を助ける"",""～を呼ぶ"",""～を送る""]"	"[""bring ~ up"",""teach ~"",""help ~"",""call ~"",""send ~""]"	"[""bring ~ up"",""pick ~ up"",""wake up"",""clean up"",""stand up""]"	"[{""word"":""raise"",""note"":""子どもを育てる意味""}]"	[]
300778	3	breed	品種	a kind of animal	What breed is your dog?	あなたの犬は何の品種ですか。	noun	4	3	"[""品種"",""動物"",""毛"",""しっぽ"",""えさ""]"	"[""breed"",""animal"",""fur"",""tail"",""food""]"	"[""breed"",""bread"",""bridge"",""bright"",""bleed""]"	"[{""word"":""kind"",""note"":""動物の種類として使うとき""}]"	[]
300779	3	stage	舞台	a place where people perform	She sang on the stage.	彼女は舞台で歌いました。	noun	4	3	"[""舞台"",""スクリーン"",""教室"",""駅"",""公園""]"	"[""stage"",""screen"",""classroom"",""station"",""park""]"	"[""stage"",""stay"",""state"",""stamp"",""stone""]"	[]	[]
300780	3	arrive	着く	to get to a place	We will arrive at the station soon.	私たちはもうすぐ駅に着きます。	verb	3	4	"[""着く"",""出発する"",""歩く"",""待つ"",""運ぶ""]"	"[""arrive"",""leave"",""walk"",""wait"",""carry""]"	"[""arrive"",""alive"",""around"",""allow"",""agree""]"	"[{""word"":""reach"",""note"":""reachは目的地に着く意味で使う""}]"	"[{""word"":""leave"",""note"":""その場を去る""}]"
300781	3	truth	真実	the real facts about something	Please tell me the truth.	どうか私に真実を話してください。	noun	3	3	"[""真実"",""うそ"",""約束"",""理由"",""秘密""]"	"[""truth"",""lie"",""promise"",""reason"",""secret""]"	"[""truth"",""tree"",""train"",""truck"",""through""]"	[]	"[{""word"":""lie"",""note"":""「うそ」という反対の意味""}]"
300782	3	be aware that ~	～ということに気づいている	to know that something is true	Be aware that this road is dangerous.	この道が危険だということを知っておいてください。	adjective phrase	4	2	"[""～ということに気づいている"",""～ということを心配している"",""～ということを確信している"",""～ということを忘れている"",""～ということを望んでいる""]"	"[""be aware that ~"",""be worried that ~"",""be sure that ~"",""forget that ~"",""hope that ~""]"	"[""be aware that ~"",""be worried about ~"",""be afraid that ~"",""be sure that ~"",""be surprised that ~""]"	"[{""word"":""know that ~"",""note"":""～ということを知っている""}]"	[]
300783	3	purpose	目的	the reason for doing something	What is the purpose of this meeting?	この会議の目的は何ですか。	noun	3	2	"[""目的"",""方法"",""結果"",""計画"",""問題""]"	"[""purpose"",""method"",""result"",""plan"",""problem""]"	"[""purpose"",""person"",""perfect"",""purple"",""parcel""]"	"[{""word"":""goal"",""note"":""goal は目標、purpose は目的""}]"	[]
300784	3	hear from ~	～から連絡をもらう	to get a message or letter from someone	I often hear from my aunt in Osaka.	私は大阪のおばからよく連絡をもらいます。	verb phrase	3	3	"[""～から連絡をもらう"",""～を訪ねる"",""～を手伝う"",""～を待つ"",""～に会う""]"	"[""hear from ~"",""visit ~"",""help ~"",""wait for ~"",""meet ~""]"	"[""hear from ~"",""hear about ~"",""hear of ~"",""wait for ~"",""care for ~""]"	"[{""word"":""get a message from ~"",""note"":""～からメッセージをもらう""}]"	[]
300785	3	tomato	トマト	a soft red vegetable used in salads and cooking	She put a tomato in the salad.	彼女はサラダにトマトを入れました。	noun	1	4	"[""トマト"",""にんじん"",""たまねぎ"",""じゃがいも"",""きゅうり""]"	"[""tomato"",""carrot"",""onion"",""potato"",""cucumber""]"	"[""tomato"",""potato"",""today"",""tomorrow"",""tiger""]"	[]	[]
300786	3	discount	割引	a lower price than usual	This store gives a discount in winter.	この店は冬に割引をします。	noun	3	3	"[""割引"",""値段"",""合計"",""おつり"",""税金""]"	"[""discount"",""price"",""total"",""change"",""tax""]"	"[""discount"",""discover"",""discuss"",""distance"",""discounted""]"	"[{""word"":""sale"",""note"":""店で安く売ること""}]"	"[{""word"":""full price"",""note"":""割引していない通常の値段""}]"
300787	3	the United States	アメリカ合衆国	a country in North America	My uncle lives in the United States.	私のおじはアメリカ合衆国に住んでいます。	noun	3	4	"[""アメリカ合衆国"",""カナダ"",""中国"",""日本"",""オーストラリア""]"	"[""the United States"",""Canada"",""China"",""Japan"",""Australia""]"	"[""the United States"",""the United Kingdom"",""United"",""state"",""student""]"	"[{""word"":""America"",""note"":""会話でよく使う言い方""}]"	[]
300788	3	normal	ふつうの	usual; not strange	He is back to normal now.	彼は今、ふつうの状態に戻りました。	adjective	3	3	"[""ふつうの"",""特別な"",""静かな"",""危険な"",""有名な""]"	"[""normal"",""special"",""quiet"",""dangerous"",""famous""]"	"[""normal"",""formal"",""moral"",""noble"",""number""]"	"[{""word"":""usual"",""note"":""いつもの、ふだんの""}]"	"[{""word"":""special"",""note"":""特別な""}]"
300789	3	rest	休む	to stop and relax	You should rest after lunch.	昼食のあとに休んだほうがいいです。	verb	3	4	"[""休む"",""歩く"",""急ぐ"",""運ぶ"",""集める""]"	"[""rest"",""walk"",""hurry"",""carry"",""collect""]"	"[""rest"",""best"",""west"",""test"",""dress""]"	"[{""word"":""relax"",""note"":""力をぬいて休む""}]"	[]
300790	3	casual	カジュアルな、堅苦しくない	relaxed and not formal	He wore casual clothes to the party.	彼はパーティーにカジュアルな服を着て行きました。	adjective	4	3	"[""カジュアルな、堅苦しくない"",""正式な"",""高価な"",""派手な"",""清潔な""]"	"[""casual"",""formal"",""expensive"",""flashy"",""clean""]"	"[""casual"",""castle"",""camera"",""careful"",""candle""]"	"[{""word"":""relaxed"",""note"":""かたくない感じ""}]"	"[{""word"":""formal"",""note"":""より改まった感じ""}]"
300791	3	stay up late	夜ふかしする	to go to bed very late	I stay up late on Saturday night.	私は土曜日の夜に夜ふかしします。	verb phrase	3	3	"[""夜ふかしする"",""早起きする"",""急ぐ"",""休む"",""散歩する""]"	"[""stay up late"",""get up early"",""hurry"",""rest"",""take a walk""]"	"[""stay up late"",""stand up straight"",""wake up early"",""take a break"",""say it again""]"	[]	"[{""word"":""go to bed early"",""note"":""早く寝る""}]"
300792	3	fix	修理する	to make something work again	My father can fix this bike.	父はこの自転車を修理できます。	verb	2	4	"[""修理する"",""洗う"",""運ぶ"",""選ぶ"",""借りる""]"	"[""fix"",""wash"",""carry"",""choose"",""borrow""]"	"[""fix"",""six"",""face"",""fox"",""fish""]"	"[{""word"":""repair"",""note"":""ややかたい言い方""}]"	"[{""word"":""break"",""note"":""こわす""}]"
300793	3	write back soon	すぐに返事を書く	to reply by letter or message soon	Please write back soon.	すぐに返事を書いてください。	verb phrase	3	3	"[""すぐに返事を書く"",""手紙を送る"",""電話をかける"",""会いに行く"",""写真を撮る""]"	"[""write back soon"",""send a letter"",""make a call"",""come and see"",""take a picture""]"	"[""write back soon"",""come back soon"",""call back soon"",""write it down"",""right after school""]"	[]	[]
300794	3	news	ニュース、知らせ	information about recent events	I heard good news today.	私は今日、よい知らせを聞きました。	noun	2	4	"[""ニュース、知らせ"",""宿題"",""質問"",""約束"",""旅行""]"	"[""news"",""homework"",""question"",""promise"",""trip""]"	"[""news"",""nose"",""use"",""nice"",""nurse""]"	"[{""word"":""information"",""note"":""より広い意味の「情報」""}]"	[]
300795	3	ask for ~	～を求める、～を頼む	to request something	I asked for some water.	私は水を少しくださいと頼みました。	phrasal verb	3	4	"[""～を求める、～を頼む"",""～を運ぶ"",""～を選ぶ"",""～を閉める"",""～を集める""]"	"[""ask for ~"",""carry ~"",""choose ~"",""close ~"",""collect ~""]"	"[""ask for ~"",""wait for ~"",""look for ~"",""care for ~"",""pay for ~""]"	"[{""word"":""request"",""note"":""ややかたい言い方""}]"	[]
300796	3	poem	詩	a piece of writing in short lines	She read a poem in class.	彼女は授業で詩を読みました。	noun	3	3	"[""詩"",""小説"",""手紙"",""日記"",""記事""]"	"[""poem"",""novel"",""letter"",""diary"",""article""]"	"[""poem"",""power"",""point"",""piano"",""pilot""]"	[]	[]
300797	3	at once	すぐに	right away	Come here at once.	すぐにここへ来なさい。	adverb	3	3	"[""すぐに"",""ゆっくり"",""たぶん"",""ときどき"",""いっしょに""]"	"[""at once"",""slowly"",""maybe"",""often"",""together""]"	"[""at once"",""at home"",""at school"",""at night"",""at lunch""]"	"[{""word"":""right away"",""note"":""ほぼ同じ意味""}]"	[]
300798	3	immediately	すぐに	without waiting	He answered the question immediately.	彼はその質問にすぐに答えました。	adverb	4	3	"[""すぐに"",""静かに"",""たぶん"",""とても"",""いつも""]"	"[""immediately"",""quietly"",""maybe"",""very"",""always""]"	"[""immediately"",""important"",""impossible"",""inside"",""interesting""]"	"[{""word"":""at once"",""note"":""ほぼ同じ意味""},{""word"":""right away"",""note"":""会話でよく使う""}]"	[]
300799	3	danger	危険	something that may hurt you	The fire put everyone in danger.	その火事でみんなが危険な状態になった。	noun	3	3	"[""危険"",""安全"",""事故"",""病気"",""問題""]"	"[""danger"",""safety"",""accident"",""illness"",""problem""]"	"[""danger"",""anger"",""finger"",""singer"",""ranger""]"	[]	"[{""word"":""safety"",""note"":""危険ではなく安全な状態""}]"
300800	3	laboratory	実験室	a room for science work and tests	We did a science experiment in the laboratory.	私たちは実験室で理科の実験をしました。	noun	4	2	"[""実験室"",""図書館"",""教室"",""体育館"",""職員室""]"	"[""laboratory"",""library"",""classroom"",""gym"",""office""]"	"[""laboratory"",""library"",""factory"",""history"",""February""]"	"[{""word"":""lab"",""note"":""laboratory の短い言い方""}]"	[]
300801	3	space	宇宙	the area beyond the earth	Some people want to travel into space.	宇宙へ行きたいと思う人もいます。	noun	3	4	"[""宇宙"",""地球"",""空"",""星"",""月""]"	"[""space"",""earth"",""sky"",""star"",""moon""]"	"[""space"",""place"",""face"",""case"",""race""]"	[]	[]
300802	3	law	法律	a rule made by a country or city	We must follow the law.	私たちは法律を守らなければなりません。	noun	3	3	"[""法律"",""規則"",""約束"",""意見"",""文化""]"	"[""law"",""rule"",""plan"",""idea"",""culture""]"	"[""law"",""low"",""long"",""raw"",""road""]"	"[{""word"":""rule"",""note"":""より広い意味での「規則」""}]"	[]
300803	3	race	競走	a contest to see who is fastest	I watched a race on TV.	私はテレビで競走を見ました。	noun	2	3	"[""競走"",""試合"",""練習"",""旅行"",""会話""]"	"[""race"",""game"",""practice"",""travel"",""talk""]"	"[""race"",""rice"",""raise"",""face"",""place""]"	[]	[]
300804	3	countryside	田舎	land outside cities and towns	My grandparents live in the countryside.	私の祖父母は田舎に住んでいます。	noun	4	2	"[""田舎"",""都会"",""海岸"",""公園"",""駅""]"	"[""countryside"",""city"",""coast"",""park"",""station""]"	"[""countryside"",""country"",""count"",""couch"",""crown""]"	[]	"[{""word"":""city"",""note"":""都会のこと""}]"
300805	3	in a hurry	急いで	needing to do something quickly	She left home in a hurry.	彼女は急いで家を出ました。	adverb phrase	3	3	"[""急いで"",""ゆっくり"",""ひとりで"",""静かに"",""元気で""]"	"[""in a hurry"",""slowly"",""alone"",""quietly"",""fine""]"	"[""in a hurry"",""in a house"",""in a hall"",""in a hand"",""in a hat""]"	[]	[]
300806	3	lonely	さびしい	feeling sad because you are alone	I felt lonely in the new town.	私はその新しい町でさびしく感じました。	adjective	3	3	"[""さびしい"",""うれしい"",""眠い"",""忙しい"",""親切な""]"	"[""lonely"",""happy"",""sleepy"",""busy"",""kind""]"	"[""lonely"",""lovely"",""only"",""longly"",""lowly""]"	[]	"[{""word"":""happy"",""note"":""気持ちが反対に近い""}]"
300807	3	pity	残念なこと	something sad or unfortunate	It is a pity that you cannot come.	あなたが来られないのは残念です。	noun	4	2	"[""残念なこと"",""幸運"",""喜び"",""危険"",""成功""]"	"[""pity"",""luck"",""joy"",""danger"",""success""]"	"[""pity"",""pretty"",""city"",""kitty"",""party""]"	"[{""word"":""shame"",""note"":""It is a shame. で近い意味""}]"	[]
300808	3	tragedy	悲劇	a very sad event or story	The story ended in tragedy.	その物語は悲劇で終わった。	noun	4	3	"[""悲劇"",""喜劇"",""事故"",""歴史"",""冒険""]"	"[""tragedy"",""comedy"",""accident"",""history"",""adventure""]"	"[""tragedy"",""strategy"",""energy"",""trouble"",""traffic""]"	[]	"[{""word"":""comedy"",""note"":""悲しい話に対して、楽しい話""}]"
300809	3	though	けれども	although; despite the fact that	Though it was cold, I went out.	寒かったけれども、私は外出しました。	conjunction	3	4	"[""けれども"",""なぜなら"",""または"",""そして"",""もし""]"	"[""though"",""because"",""or"",""and"",""if""]"	"[""though"",""thought"",""through"",""throw"",""those""]"	"[{""word"":""although"",""note"":""though より少しかたい""}]"	[]
300810	3	beach	浜辺	the sandy or rocky land by the sea	We played on the beach.	私たちは浜辺で遊びました。	noun	2	4	"[""浜辺"",""森"",""湖"",""島"",""川""]"	"[""beach"",""forest"",""lake"",""island"",""river""]"	"[""beach"",""peach"",""bench"",""beak"",""teach""]"	"[{""word"":""shore"",""note"":""海や湖のふち""}]"	[]
300811	3	rescue	救う	to save a person or animal from danger	The firefighter tried to rescue the cat.	その消防士はその猫を救おうとしました。	verb	3	3	"[""救う"",""運ぶ"",""探す"",""守る"",""押す""]"	"[""rescue"",""carry"",""search"",""protect"",""push""]"	"[""rescue"",""issue"",""rest"",""result"",""risky""]"	"[{""word"":""save"",""note"":""より基本的な語""}]"	[]
300812	3	record	記録する	to keep information so you can use it later	Please record your ideas in a notebook.	あなたの考えをノートに記録してください。	verb	3	4	"[""記録する"",""説明する"",""選ぶ"",""集める"",""比べる""]"	"[""record"",""explain"",""choose"",""collect"",""compare""]"	"[""record"",""report"",""repeat"",""regard"",""reward""]"	"[{""word"":""write down"",""note"":""書いて記録する時によく使う""}]"	[]
300813	3	praise	ほめる	to say that someone or something is good	The teacher praised her hard work.	先生は彼女の努力をほめました。	verb	3	3	"[""ほめる"",""助ける"",""招く"",""信じる"",""訪れる""]"	"[""praise"",""help"",""invite"",""believe"",""visit""]"	"[""praise"",""place"",""price"",""plays"",""prize""]"	[]	"[{""word"":""criticize"",""note"":""悪い点を言う""}]"
300814	3	greet	あいさつする	to say hello to someone	We greet our teacher every morning.	私たちは毎朝先生にあいさつします。	verb	3	3	"[""あいさつする"",""説明する"",""招待する"",""手伝う"",""待つ""]"	"[""greet"",""describe"",""invite"",""help"",""wait""]"	"[""greet"",""great"",""green"",""grade"",""glass""]"	[]	[]
300815	3	describe	説明する	to say what someone or something is like	Can you describe your bag?	あなたのかばんを説明できますか。	verb	4	3	"[""説明する"",""あいさつする"",""借りる"",""選ぶ"",""運ぶ""]"	"[""describe"",""greet"",""borrow"",""choose"",""carry""]"	"[""describe"",""decide"",""discover"",""design"",""desk""]"	[]	[]
300816	3	blame A for B	BのことでAを責める	to say A caused something bad	Don't blame Ken for the mistake.	その間違いをケンのせいにしてはいけません。	verb phrase	4	2	"[""BのことでAを責める"",""Aをほめる"",""Aを許す"",""Aを支える"",""Aを信じる""]"	"[""blame A for B"",""praise A"",""forgive A"",""support A"",""trust A""]"	"[""blame A for B"",""praise A for B"",""thank A for B"",""ask A about B"",""tell A about B""]"	[]	"[{""word"":""praise"",""note"":""ほめる""}]"
300817	3	recommend A to B	BにAをすすめる	to tell someone that something is good	I recommend this book to you.	私はあなたにこの本をすすめます。	verb phrase	3	3	"[""BにAをすすめる"",""Aを断る"",""Aを選ぶ"",""Aを直す"",""Aをたずねる""]"	"[""recommend A to B"",""refuse A"",""choose A"",""fix A"",""ask A""]"	"[""recommend A to B"",""introduce A to B"",""send A to B"",""show A to B"",""explain A to B""]"	"[{""word"":""suggest"",""note"":""より軽く案を出すときにも使う""}]"	[]
300818	3	refuse	ことわる	to say no to something	She refused my invitation.	彼女は私の招待をことわりました。	verb	3	3	"[""ことわる"",""うけいれる"",""わすれる"",""しらべる"",""つづける""]"	"[""refuse"",""accept"",""forget"",""check"",""continue""]"	"[""refuse"",""reduce"",""return"",""review"",""remove""]"	"[{""word"":""decline"",""note"":""ややていねいに断る""}]"	"[{""word"":""accept"",""note"":""受け入れる""}]"
300819	3	disagree with ~	～に反対する、～と意見が合わない	to have a different opinion from someone	I disagree with your idea.	私はあなたの考えに賛成しません。	verb phrase	3	2	"[""～に反対する、～と意見が合わない"",""～に賛成する"",""～を説明する"",""～を練習する"",""～に到着する""]"	"[""disagree with ~"",""agree with ~"",""explain ~"",""practice ~"",""arrive at ~""]"	"[""disagree with ~"",""agree with ~"",""discuss with ~"",""deal with ~"",""go with ~""]"	[]	"[{""word"":""agree"",""note"":""賛成する""}]"
300820	3	repeat	繰り返す	to say or do something again	Please repeat the question.	その質問をもう一度言ってください。	verb	3	3	"[""繰り返す"",""説明する"",""選ぶ"",""運ぶ"",""集める""]"	"[""repeat"",""explain"",""choose"",""carry"",""collect""]"	"[""repeat"",""report"",""repair"",""replace"",""reply""]"	"[{""word"":""say again"",""note"":""もう一度言う""}]"	[]
300821	3	apologize for ~	～について謝る	to say sorry for something	I apologize for being late.	遅れてしまってすみません。	verb phrase	4	2	"[""～について謝る"",""～を約束する"",""～を招待する"",""～を提案する"",""～を紹介する""]"	"[""apologize for ~"",""promise ~"",""invite ~"",""suggest ~"",""introduce ~""]"	"[""apologize for ~"",""apply for ~"",""ask for ~"",""prepare for ~"",""wait for ~""]"	"[{""word"":""say sorry"",""note"":""やさしい言い方""}]"	[]
300822	3	pronounce	発音する	to say a word in a certain way	Can you pronounce this word?	この単語を発音できますか。	verb	4	2	"[""発音する"",""翻訳する"",""暗記する"",""比較する"",""確認する""]"	"[""pronounce"",""translate"",""memorize"",""compare"",""check""]"	"[""pronounce"",""announce"",""protect"",""provide"",""produce""]"	[]	[]
300823	3	agree with ~	～に賛成する	to have the same opinion as someone	I agree with your idea.	私はあなたの考えに賛成します。	verb phrase	3	3	"[""～に賛成する"",""～に反対する"",""～を選ぶ"",""～を説明する"",""～を訪れる""]"	"[""agree with ~"",""disagree with ~"",""choose ~"",""explain ~"",""visit ~""]"	"[""agree with ~"",""disagree with ~"",""go with ~"",""deal with ~"",""talk with ~""]"	[]	"[{""word"":""disagree"",""note"":""反対の意見を持つ""}]"
300824	3	accept	受け入れる	to say yes to something offered	She accepted the gift with a smile.	彼女は笑顔でその贈り物を受け入れました。	verb	4	3	"[""受け入れる"",""断る"",""借りる"",""送る"",""集める""]"	"[""accept"",""refuse"",""borrow"",""send"",""collect""]"	"[""accept"",""except"",""aspect"",""access"",""assist""]"	[]	"[{""word"":""refuse"",""note"":""申し出などを断る""}]"
300825	3	promise to do	～すると約束する	to say you will certainly do something	I promise to call you tonight.	今夜あなたに電話すると約束します。	verb phrase	3	3	"[""～すると約束する"",""～を質問する"",""～を練習する"",""～に到着する"",""～を招待する""]"	"[""promise to do"",""ask ~"",""practice ~"",""arrive at ~"",""invite ~""]"	"[""promise to do"",""plan to do"",""prepare to do"",""prefer to do"",""try to do""]"	[]	[]
300826	3	nervous	緊張した	worried and not calm	I was nervous before the test.	私はテストの前に緊張していました。	adjective	3	3	"[""緊張した"",""退屈した"",""驚いた"",""疲れた"",""安心した""]"	"[""nervous"",""bored"",""surprised"",""tired"",""relaxed""]"	"[""nervous"",""service"",""famous"",""number"",""notice""]"	"[{""word"":""tense"",""note"":""少しかたい語""}]"	"[{""word"":""calm"",""note"":""落ち着いた""}]"
300827	3	afraid	こわい	feeling fear	She is afraid of dogs.	彼女は犬をこわがっています。	adjective	2	4	"[""こわい"",""うれしい"",""眠い"",""元気な"",""親切な""]"	"[""afraid"",""glad"",""sleepy"",""fine"",""kind""]"	"[""afraid"",""around"",""alive"",""again"",""away""]"	"[{""word"":""scared"",""note"":""より会話的""}]"	"[{""word"":""brave"",""note"":""恐れずに行動する""}]"
300828	3	coward	臆病者	a person who is not brave	The coward ran away from danger.	その臆病者は危険から逃げました。	noun	4	2	"[""臆病者"",""勇者"",""先生"",""選手"",""王様""]"	"[""coward"",""hero"",""teacher"",""player"",""king""]"	"[""coward"",""tower"",""color"",""cover"",""count""]"	[]	"[{""word"":""hero"",""note"":""勇敢な人""}]"
300829	3	monster	怪物	a large scary imaginary creature	The child saw a monster in his dream.	その子は夢の中で怪物を見ました。	noun	3	3	"[""怪物"",""動物"",""人形"",""魔法"",""おばけ""]"	"[""monster"",""animal"",""doll"",""magic"",""ghost""]"	"[""monster"",""master"",""monkey"",""morning"",""mother""]"	"[{""word"":""creature"",""note"":""より広い意味の「生き物」""}]"	[]
300830	3	uniform	制服	special clothes worn by members of a group	She wears a school uniform every day.	彼女は毎日学校の制服を着ます。	noun	3	3	"[""制服"",""帽子"",""上着"",""靴"",""手袋""]"	"[""uniform"",""cap"",""jacket"",""shoes"",""gloves""]"	"[""uniform"",""unicorn"",""usual"",""unit"",""useful""]"	[]	[]
300831	3	cafeteria	食堂	a place in a school or office where people eat	We had lunch in the cafeteria.	私たちは食堂で昼食を食べました。	noun	3	3	"[""食堂"",""教室"",""図書館"",""体育館"",""売店""]"	"[""cafeteria"",""classroom"",""library"",""gym"",""shop""]"	"[""cafeteria"",""criteria"",""camera"",""calendar"",""cafe""]"	"[{""word"":""canteen"",""note"":""主に学校や職場の食堂""}]"	[]
300832	3	bay	湾	a part of the sea with land around it	We swam in the bay last summer.	私たちは去年の夏、その湾で泳ぎました。	noun	3	2	"[""湾"",""島"",""湖"",""川"",""浜辺""]"	"[""bay"",""island"",""lake"",""river"",""beach""]"	"[""bay"",""day"",""say"",""pay"",""big""]"	[]	[]
300833	3	look ~ up	～を調べる	to find information about something	I looked the word up in a dictionary.	私はその単語を辞書で調べました。	phrasal verb	3	3	"[""～を調べる"",""～を借りる"",""～を選ぶ"",""～を運ぶ"",""～を集める""]"	"[""look ~ up"",""borrow ~"",""choose ~"",""carry ~"",""collect ~""]"	"[""look ~ up"",""pick ~ up"",""put ~ up"",""take ~ up"",""give ~ up""]"	[]	[]
300834	3	password	パスワード	a secret word used to enter a computer or website	Please enter your password here.	ここにあなたのパスワードを入力してください。	noun	2	4	"[""パスワード"",""画面"",""番号"",""名前"",""地図""]"	"[""password"",""screen"",""number"",""name"",""map""]"	"[""password"",""passage"",""past"",""basket"",""passport""]"	[]	[]
300835	3	department	売り場、部門	a section of a large store	She works in the shoe department.	彼女は靴売り場で働いています。	noun	3	3	"[""売り場、部門"",""駅"",""工場"",""図書館"",""公園""]"	"[""department"",""station"",""factory"",""library"",""park""]"	"[""department"",""apartment"",""departure"",""dependent"",""important""]"	[]	[]
300836	3	telescope	望遠鏡	a tool for seeing far things	We looked at the moon with a telescope.	私たちは望遠鏡で月を見ました。	noun	3	2	"[""望遠鏡"",""顕微鏡"",""地図"",""辞書"",""カメラ""]"	"[""telescope"",""microscope"",""map"",""dictionary"",""camera""]"	"[""telescope"",""telephone"",""television"",""helicopter"",""microscope""]"	[]	[]
300837	3	x-ray	レントゲン写真	a picture of the inside of the body	The doctor looked at my x-ray.	医者は私のレントゲン写真を見ました。	noun	3	2	"[""レントゲン写真"",""体温計"",""注射"",""薬"",""包帯""]"	"[""x-ray"",""thermometer"",""injection"",""medicine"",""bandage""]"	"[""x-ray"",""essay"",""excuse"",""extra"",""expert""]"	[]	[]
300838	3	notice	気づく	to see or become aware of something	I noticed a small bird in the tree.	私は木に小さな鳥がいるのに気づきました。	verb	3	3	"[""気づく"",""忘れる"",""選ぶ"",""集める"",""運ぶ""]"	"[""notice"",""forget"",""choose"",""collect"",""carry""]"	"[""notice"",""novice"",""notebook"",""number"",""nature""]"	"[{""word"":""see"",""note"":""気づく意味で使うことがある""}]"	"[{""word"":""ignore"",""note"":""気づいても注意を向けない""}]"
300839	3	microscope	顕微鏡	a tool for seeing very small things	We looked at the leaf through a microscope.	私たちは顕微鏡を通してその葉を見た。	noun	4	2	"[""顕微鏡"",""望遠鏡"",""辞書"",""地図"",""カメラ""]"	"[""microscope"",""telescope"",""dictionary"",""map"",""camera""]"	"[""microscope"",""microphone"",""bicycle"",""medicine"",""middle""]"	[]	[]
300840	3	See you then.	では、そのときに会いましょう	used when you will meet someone at that time	Okay. See you then.	わかりました。では、そのときに会いましょう。	sentence	2	3	"[""では、そのときに会いましょう"",""また明日会いましょう"",""おはようございます"",""ありがとうございます"",""気をつけて""]"	"[""See you then."",""See you tomorrow."",""Good morning."",""Thank you."",""Take care.""]"	"[""See you then."",""See you soon."",""See you later."",""See you there."",""See me then.""]"	[]	[]
300841	3	common	一般的な	usual or seen often	This flower is common in Japan.	この花は日本で一般的です。	adjective	3	3	"[""一般的な"",""特別な"",""有名な"",""静かな"",""危険な""]"	"[""common"",""special"",""famous"",""quiet"",""dangerous""]"	"[""common"",""comment"",""cotton"",""camera"",""cannon""]"	"[{""word"":""usual"",""note"":""ふつうの、いつもの""}]"	"[{""word"":""special"",""note"":""特別な""}]"
300842	3	formal	正式な、フォーマルな	official and polite	He wore formal clothes to the party.	彼はパーティーに正式な服を着て行きました。	adjective	4	2	"[""正式な、フォーマルな"",""気軽な"",""静かな"",""安全な"",""有名な""]"	"[""formal"",""casual"",""quiet"",""safe"",""famous""]"	"[""formal"",""normal"",""forest"",""farmer"",""forward""]"	[]	"[{""word"":""casual"",""note"":""くだけた、気軽な""}]"
300843	3	storm	嵐	very bad weather with strong wind and rain	A storm is coming tonight.	今夜、嵐が来ます。	noun	3	3	"[""嵐"",""雪"",""風"",""雲"",""霧""]"	"[""storm"",""snow"",""wind"",""cloud"",""fog""]"	"[""storm"",""store"",""stone"",""star"",""story""]"	[]	[]
300844	3	communication	コミュニケーション、意思伝達	sharing information with other people	Good communication is important at school.	学校ではよいコミュニケーションが大切です。	noun	3	3	"[""コミュニケーション、意思伝達"",""会話"",""約束"",""質問"",""旅行""]"	"[""communication"",""conversation"",""promise"",""question"",""travel""]"	"[""communication"",""community"",""combination"",""competition"",""condition""]"	[]	[]
300845	3	claw	つめ	a sharp nail of an animal or bird	The cat has sharp claws.	その猫には鋭いつめがあります。	noun	3	2	"[""つめ"",""くちばし"",""しっぽ"",""羽"",""角""]"	"[""claw"",""beak"",""tail"",""wing"",""horn""]"	"[""claw"",""clock"",""cloud"",""class"",""climb""]"	[]	[]
300846	3	wool	羊毛	soft hair from sheep used to make cloth	This sweater is made of wool.	このセーターは羊毛でできています。	noun	3	2	"[""羊毛"",""綿"",""絹"",""革"",""紙""]"	"[""wool"",""cotton"",""silk"",""leather"",""paper""]"	"[""wool"",""wood"",""wall"",""wolf"",""word""]"	[]	[]
300847	3	surprise	驚かせる	to make someone feel amazed	The news will surprise my mother.	その知らせは母を驚かせるでしょう。	verb	3	3	"[""驚かせる"",""助ける"",""招待する"",""選ぶ"",""訪ねる""]"	"[""surprise"",""help"",""invite"",""choose"",""visit""]"	"[""surprise"",""sunrise"",""supplies"",""support"",""surface""]"	[]	[]
300848	3	be surprised at ~	～に驚く	to feel surprised by something	I was surprised at the answer.	私はその答えに驚きました。	adjective phrase	4	2	"[""～に驚く"",""～を待つ"",""～を信じる"",""～を探す"",""～を選ぶ""]"	"[""be surprised at ~"",""wait for ~"",""believe ~"",""look for ~"",""choose ~""]"	"[""be surprised at ~"",""be excited about ~"",""be interested in ~"",""be worried about ~"",""be good at ~""]"	[]	[]
300849	3	thumb	親指	the short thick finger on your hand	My thumb hurts a little.	私の親指が少し痛いです。	noun	3	2	"[""親指"",""人さし指"",""中指"",""薬指"",""小指""]"	"[""thumb"",""index finger"",""middle finger"",""ring finger"",""little finger""]"	"[""thumb"",""thump"",""sum"",""drum"",""thank""]"	[]	[]
300850	3	recently	最近	not long ago	I saw her recently.	私は最近彼女に会いました。	adverb	3	3	"[""最近"",""すぐに"",""ゆっくり"",""たぶん"",""とても""]"	"[""recently"",""soon"",""slowly"",""maybe"",""very""]"	"[""recently"",""quietly"",""easily"",""quickly"",""brightly""]"	"[{""word"":""lately"",""note"":""ほぼ同じ意味""}]"	[]
300851	3	cheer for ~	～を応援する	to shout in support of someone	We cheer for our team.	私たちは自分たちのチームを応援します。	verb phrase	3	3	"[""～を応援する"",""～を招く"",""～を運ぶ"",""～を選ぶ"",""～を洗う""]"	"[""cheer for ~"",""invite ~"",""carry ~"",""choose ~"",""wash ~""]"	"[""cheer for ~"",""care for ~"",""wait for ~"",""look for ~"",""ask for ~""]"	"[{""word"":""support"",""note"":""より広い意味の「支える、応援する」""}]"	[]
300852	3	express	表現する	to show thoughts or feelings in words	She expressed her idea clearly.	彼女は自分の考えをはっきり表現しました。	verb	4	3	"[""表現する"",""説明する"",""集める"",""比べる"",""借りる""]"	"[""express"",""explain"",""collect"",""compare"",""borrow""]"	"[""express"",""expect"",""excuse"",""expert"",""explain""]"	"[{""word"":""show"",""note"":""気持ちや考えを示すときに近い""}]"	[]
300853	3	prove	証明する	to show that something is true	These pictures prove that his story is true.	これらの写真は、彼の話が本当だと証明しています。	verb	3	3	"[""証明する"",""説明する"",""発見する"",""比較する"",""準備する""]"	"[""prove"",""explain"",""discover"",""compare"",""prepare""]"	"[""prove"",""proof"",""proud"",""plane"",""price""]"	"[{""word"":""show"",""note"":""意味は近いが、show のほうが広く使う""}]"	"[{""word"":""hide"",""note"":""隠して見せない""}]"
300854	3	performance	公演	a play, concert, or other show	We enjoyed the school performance.	私たちは学校の公演を楽しんだ。	noun	3	2	"[""公演"",""試合"",""旅行"",""会議"",""宿題""]"	"[""performance"",""game"",""trip"",""meeting"",""homework""]"	"[""performance"",""permission"",""perfect"",""platform"",""present""]"	"[{""word"":""show"",""note"":""くだけた言い方で使える""}]"	[]
300855	3	guide A to B	AをBまで案内する	to show someone the way to a place	He will guide us to the station.	彼が私たちを駅まで案内してくれる。	verb phrase	2	3	"[""AをBまで案内する"",""Aを招待する"",""Aを手伝う"",""Aを待つ"",""Aを運ぶ""]"	"[""guide A to B"",""invite A"",""help A"",""wait for A"",""carry A""]"	"[""guide A to B"",""invite A to B"",""send A to B"",""lead A to B"",""take A from B""]"	"[{""word"":""lead"",""note"":""前に立って連れていく""}]"	[]
300856	3	illness	病気	a condition of being sick	He was absent from school because of illness.	彼は病気のため学校を休みました。	noun	3	3	"[""病気"",""けが"",""熱"",""薬"",""健康""]"	"[""illness"",""injury"",""fever"",""medicine"",""health""]"	"[""illness"",""eagerness"",""island"",""image"",""invite""]"	"[{""word"":""sickness"",""note"":""より日常的に使うことが多い""}]"	"[{""word"":""health"",""note"":""健康という反対の状態""}]"
300857	3	edge	端	the outer side or border of something	Be careful at the edge of the table.	テーブルの端に気をつけて。	noun	3	3	"[""端"",""中央"",""表面"",""角"",""底""]"	"[""edge"",""center"",""surface"",""corner"",""bottom""]"	"[""edge"",""age"",""egg"",""aid"",""etch""]"	[]	"[{""word"":""center"",""note"":""中央""}]"
300858	3	cheek	ほお	the side of your face below your eye	The baby has soft cheeks.	その赤ちゃんはやわらかいほおをしています。	noun	2	3	"[""ほお"",""あご"",""ひたい"",""鼻"",""耳""]"	"[""cheek"",""chin"",""forehead"",""nose"",""ear""]"	"[""cheek"",""cheap"",""chip"",""check"",""shake""]"	[]	[]
300859	3	signal	合図	a sign that gives information or instructions	The red light is a signal to stop.	赤いライトは止まれの合図です。	noun	3	3	"[""合図"",""音"",""地図"",""質問"",""約束""]"	"[""signal"",""sound"",""map"",""question"",""promise""]"	"[""signal"",""single"",""singer"",""sign"",""cycle""]"	"[{""word"":""sign"",""note"":""より広い意味で使う""}]"	[]
300860	3	Have a seat.	お座りください	a polite way to ask someone to sit	Please have a seat here.	ここに座ってください。	sentence	2	3	"[""お座りください"",""立ってください"",""待ってください"",""入ってください"",""急いでください""]"	"[""Have a seat."",""Stand up."",""Wait."",""Come in."",""Hurry.""]"	"[""Have a seat."",""Have a snack."",""Take a seat."",""Have a sip."",""Have a map.""]"	"[{""word"":""sit down"",""note"":""より直接的な言い方""},{""word"":""take a seat"",""note"":""ほぼ同じ意味""}]"	"[{""word"":""stand up"",""note"":""座る⇔立つ""}]"
300861	3	fit	合う	to be the right size or shape	These shoes fit me well.	このくつは私によく合います。	verb	3	3	"[""合う"",""壊れる"",""落ちる"",""届く"",""動く""]"	"[""fit"",""break"",""drop"",""reach"",""move""]"	"[""fit"",""hit"",""feet"",""fill"",""sit""]"	[]	[]
300862	3	dream	夢	pictures and stories in your mind when you sleep	I had a strange dream last night.	私は昨夜、変な夢を見ました。	noun	3	3	"[""夢"",""計画"",""希望"",""約束"",""秘密""]"	"[""dream"",""plan"",""hope"",""promise"",""secret""]"	"[""dream"",""drum"",""cream"",""green"",""drive""]"	[]	[]
300863	3	asleep	眠っている	sleeping	The baby is asleep now.	その赤ちゃんは今眠っています。	adjective	3	3	"[""眠っている"",""起きている"",""静かである"",""元気である"",""安全である""]"	"[""asleep"",""awake"",""quiet"",""fine"",""safe""]"	"[""asleep"",""sleep"",""sheep"",""slow"",""street""]"	[]	"[{""word"":""awake"",""note"":""起きている状態""}]"
300864	3	insect	昆虫	a small animal with six legs	This insect is very small.	この昆虫はとても小さいです。	noun	3	2	"[""昆虫"",""鳥"",""魚"",""動物"",""植物""]"	"[""insect"",""bird"",""fish"",""animal"",""plant""]"	"[""insect"",""inside"",""instant"",""injure"",""invite""]"	[]	[]
300865	3	tight	きつい	not loose; fitting closely	These shoes are too tight for me.	このくつは私にはきつすぎます。	adjective	3	3	"[""きつい"",""ゆるい"",""重い"",""軽い"",""深い""]"	"[""tight"",""loose"",""heavy"",""light"",""deep""]"	"[""tight"",""light"",""fight"",""type"",""time""]"	[]	"[{""word"":""loose"",""note"":""ゆるい""}]"
300866	3	minor	小さな、重要でない	small and not very important	It was a minor problem.	それは小さな問題でした。	adjective	4	2	"[""小さな、重要でない"",""大きな、重要な"",""簡単な"",""新しい"",""古い""]"	"[""minor"",""major"",""easy"",""new"",""old""]"	"[""minor"",""mirror"",""manner"",""manor"",""dinner""]"	"[{""word"":""small"",""note"":""より基本的な語""}]"	"[{""word"":""major"",""note"":""より大きい・より重要な""}]"
300867	3	pill	錠剤	a small piece of medicine to swallow	Take this pill after dinner.	夕食のあとにこの錠剤を飲んでください。	noun	3	3	"[""錠剤"",""注射"",""包帯"",""体温計"",""薬局""]"	"[""pill"",""shot"",""bandage"",""thermometer"",""pharmacy""]"	"[""pill"",""bill"",""pin"",""peel"",""fill""]"	"[{""word"":""tablet"",""note"":""薬の錠剤""}]"	[]
300868	3	bean	豆	a small seed used as food	She added beans to the salad.	彼女はサラダに豆を加えました。	noun	3	3	"[""豆"",""米"",""卵"",""魚"",""肉""]"	"[""bean"",""rice"",""egg"",""fish"",""meat""]"	"[""bean"",""beam"",""beach"",""green"",""pen""]"	[]	[]
300869	3	narrow	狭い	not wide	This road is very narrow.	この道はとても狭いです。	adjective	3	3	"[""狭い"",""広い"",""長い"",""短い"",""深い""]"	"[""narrow"",""wide"",""long"",""short"",""deep""]"	"[""narrow"",""arrow"",""yellow"",""window"",""near""]"	[]	"[{""word"":""wide"",""note"":""幅が広い""}]"
300870	3	path	小道	a small road or way	We walked along the path.	私たちはその小道に沿って歩きました。	noun	3	3	"[""小道"",""道路"",""橋"",""角"",""門""]"	"[""path"",""road"",""bridge"",""corner"",""gate""]"	"[""path"",""pass"",""bath"",""pack"",""math""]"	[]	[]
300871	3	clever	頭のよい	smart and quick to learn	Ken is a clever student.	ケンは頭のよい生徒です。	adjective	3	3	"[""頭のよい"",""親切な"",""元気な"",""静かな"",""有名な""]"	"[""clever"",""kind"",""healthy"",""quiet"",""famous""]"	"[""clever"",""never"",""fever"",""river"",""silver""]"	"[{""word"":""smart"",""note"":""ふつうの言い方で「頭のよい」""}]"	"[{""word"":""stupid"",""note"":""「頭が悪い」の意味""}]"
300872	3	flat	平らな	smooth and level, not high or round	The road is flat here.	ここの道は平らです。	adjective	3	3	"[""平らな"",""深い"",""狭い"",""重い"",""暗い""]"	"[""flat"",""deep"",""narrow"",""heavy"",""dark""]"	"[""flat"",""flag"",""flash"",""plant"",""float""]"	"[{""word"":""level"",""note"":""表面が平らな感じ""}]"	"[{""word"":""uneven"",""note"":""表面が平らでない""}]"
300873	3	silk	絹	a soft cloth made by silkworms	This dress is made of silk.	このドレスは絹でできています。	noun	3	2	"[""絹"",""綿"",""毛"",""革"",""紙""]"	"[""silk"",""cotton"",""wool"",""leather"",""paper""]"	"[""silk"",""milk"",""sink"",""sick"",""sock""]"	[]	[]
300874	3	furniture	家具	things like chairs, tables, and beds in a room	We bought new furniture for our living room.	私たちは居間用に新しい家具を買いました。	noun	3	3	"[""家具"",""食器"",""衣類"",""文房具"",""道具""]"	"[""furniture"",""dishes"",""clothing"",""stationery"",""tools""]"	"[""furniture"",""future"",""feature"",""picture"",""nature""]"	[]	[]
300875	3	gentle	やさしい	kind and calm; not rough	She has a gentle voice.	彼女はやさしい声をしています。	adjective	3	3	"[""やさしい"",""元気な"",""静かな"",""正直な"",""勇敢な""]"	"[""gentle"",""active"",""quiet"",""honest"",""brave""]"	"[""gentle"",""general"",""jungle"",""little"",""mental""]"	"[{""word"":""kind"",""note"":""人に親切な意味で近い""}]"	"[{""word"":""rough"",""note"":""乱暴な・荒い""}]"
300876	3	cotton	綿	a soft natural material used to make cloth	This shirt is made of cotton.	このシャツは綿でできています。	noun	3	3	"[""綿"",""絹"",""羊毛"",""革"",""紙""]"	"[""cotton"",""silk"",""wool"",""leather"",""paper""]"	"[""cotton"",""button"",""bottom"",""common"",""collar""]"	[]	[]
300877	3	dirt	汚れ、土	soil or other dirty material	There is dirt on my shoes.	私のくつに汚れがついています。	noun	3	3	"[""汚れ、土"",""砂"",""石"",""草"",""泥""]"	"[""dirt"",""sand"",""stone"",""grass"",""mud""]"	"[""dirt"",""shirt"",""bird"",""hurt"",""dark""]"	"[{""word"":""soil"",""note"":""「土」の意味で近い""}]"	[]
300878	3	cover A with B	AをBで覆う	to put something over another thing	She covered the table with a cloth.	彼女はテーブルを布で覆いました。	verb phrase	4	2	"[""AをBで覆う"",""AをBで満たす"",""AをBで囲む"",""AをBにつなぐ"",""AをBと比べる""]"	"[""cover A with B"",""fill A with B"",""surround A with B"",""connect A to B"",""compare A with B""]"	"[""cover A with B"",""color A with B"",""fill A with B"",""compare A with B"",""connect A to B""]"	[]	[]
300879	3	be covered with ~	〜でおおわれている	to have something over the surface	The ground is covered with snow.	地面は雪でおおわれています。	adjective phrase	4	2	"[""〜でおおわれている"",""〜で満たされている"",""〜で囲まれている"",""〜につながっている"",""〜から離れている""]"	"[""be covered with ~"",""be filled with ~"",""be surrounded by ~"",""be connected to ~"",""be far from ~""]"	"[""be covered with ~"",""be colored with ~"",""be close to ~"",""be filled with ~"",""be compared with ~""]"	[]	[]
300880	3	spirit	気力、精神	strong feelings and energy in a person	She showed great spirit during the game.	彼女は試合中に強い気力を見せました。	noun	3	3	"[""気力、精神"",""声"",""距離"",""勇気"",""空気""]"	"[""spirit"",""voice"",""distance"",""courage"",""air""]"	"[""spirit"",""split"",""sport"",""spring"",""street""]"	"[{""word"":""energy"",""note"":""活動する力という意味で近い""}]"	[]
300881	3	voice	声	the sound a person makes when speaking or singing	I heard her voice on the phone.	私は電話で彼女の声を聞いた。	noun	2	4	"[""声"",""音"",""歌"",""顔"",""名前""]"	"[""voice"",""sound"",""song"",""face"",""name""]"	"[""voice"",""choice"",""boy"",""noise"",""join""]"	"[{""word"":""sound"",""note"":""広い意味では近いが、voice は人の声""}]"	[]
300882	3	distance	距離	the space between two places or things	The distance from my house to school is two kilometers.	私の家から学校までの距離は2キロメートルです。	noun	3	3	"[""距離"",""速さ"",""重さ"",""高さ"",""広さ""]"	"[""distance"",""speed"",""weight"",""height"",""size""]"	"[""distance"",""instance"",""difference"",""dinner"",""dance""]"	[]	[]
300883	3	area	地域	a part of a town, country, or place	This area is very quiet at night.	この地域は夜とても静かです。	noun	3	3	"[""地域"",""町"",""通り"",""公園"",""建物""]"	"[""area"",""town"",""street"",""park"",""building""]"	"[""area"",""idea"",""radio"",""around"",""early""]"	"[{""word"":""place"",""note"":""より広く「場所」""}]"	[]
300884	3	whisper	ささやく	to speak very quietly	She had to whisper in the library.	彼女は図書館でささやかなければなりませんでした。	verb	4	2	"[""ささやく"",""叫ぶ"",""話す"",""笑う"",""歌う""]"	"[""whisper"",""shout"",""speak"",""laugh"",""sing""]"	"[""whisper"",""whistle"",""winter"",""sister"",""window""]"	[]	"[{""word"":""shout"",""note"":""大きな声で言う""}]"
300885	3	soul	魂	the spiritual part of a person	Some people believe the soul lives forever.	魂は永遠に生きると信じる人もいます。	noun	5	2	"[""魂"",""心"",""体"",""夢"",""声""]"	"[""soul"",""heart"",""body"",""dream"",""voice""]"	"[""soul"",""soil"",""sound"",""sold"",""song""]"	[]	[]
300886	3	ghost	おばけ	the spirit of a dead person	The child was afraid of the ghost.	その子どもはおばけをこわがっていました。	noun	3	3	"[""おばけ"",""魔女"",""怪物"",""海賊"",""王子""]"	"[""ghost"",""witch"",""monster"",""pirate"",""prince""]"	"[""ghost"",""goat"",""gold"",""coat"",""host""]"	[]	[]
300887	3	divide A into B	AをBに分ける	to separate something into parts	Please divide the cake into four pieces.	そのケーキを4つに分けてください。	verb phrase	4	3	"[""AをBに分ける"",""Aを集める"",""Aを運ぶ"",""Aを選ぶ"",""Aを洗う""]"	"[""divide A into B"",""collect A"",""carry A"",""choose A"",""wash A""]"	"[""divide A into B"",""decide on A"",""design A for B"",""deliver A to B"",""describe A to B""]"	"[{""word"":""separate"",""note"":""少し広い意味で「分ける」""}]"	"[{""word"":""join"",""note"":""くっつける""}]"
300888	3	match	試合	a game between two players or teams	We watched a soccer match on TV.	私たちはテレビでサッカーの試合を見ました。	noun	3	4	"[""試合"",""練習"",""旅行"",""宿題"",""会話""]"	"[""match"",""practice"",""trip"",""homework"",""conversation""]"	"[""match"",""much"",""march"",""math"",""map""]"	"[{""word"":""game"",""note"":""より広い意味の「試合・ゲーム」""}]"	[]
300889	3	spectator	観客	a person who watches a game or event	The spectators cheered for the home team.	観客たちはホームチームを応援しました。	noun	4	3	"[""観客"",""選手"",""審判"",""記者"",""案内人""]"	"[""spectator"",""player"",""referee"",""reporter"",""guide""]"	"[""spectator"",""speaker"",""special"",""skater"",""visitor""]"	"[{""word"":""viewer"",""note"":""テレビなどを見る人にも使う""}]"	[]
300890	3	season	季節	one of the four parts of the year	Spring is my favorite season.	春は私の好きな季節です。	noun	2	5	"[""季節"",""天気"",""気温"",""休日"",""自然""]"	"[""season"",""weather"",""temperature"",""holiday"",""nature""]"	"[""season"",""reason"",""lesson"",""sunset"",""station""]"	[]	[]
300891	3	set ~ up	～を設置する、準備する	to prepare or put something in place	We will set the tent up in the park.	私たちは公園にテントを設置します。	phrasal verb	3	4	"[""～を設置する、準備する"",""～を片づける"",""～を運ぶ"",""～を壊す"",""～を選ぶ""]"	"[""set ~ up"",""clean ~ up"",""carry ~"",""break ~"",""choose ~""]"	"[""set ~ up"",""send ~ out"",""sit down"",""stand up"",""get out""]"	[]	"[{""word"":""take down"",""note"":""取り外す""}]"
300892	3	situation	状況	the way things are at a time	I understand your situation.	私はあなたの状況を理解しています。	noun	3	3	"[""状況"",""理由"",""結果"",""計画"",""方法""]"	"[""situation"",""reason"",""result"",""plan"",""method""]"	"[""situation"",""station"",""vacation"",""citation"",""education""]"	[]	[]
300893	3	keep in touch with ~	～と連絡を取り合う	to continue communicating with someone	Let's keep in touch with each other.	これからもお互いに連絡を取り合いましょう。	verb phrase	3	3	"[""～と連絡を取り合う"",""～を手伝う"",""～をあきらめる"",""～に気をつける"",""～を急がせる""]"	"[""keep in touch with ~"",""help ~"",""give up ~"",""be careful with ~"",""hurry ~""]"	"[""keep in touch with ~"",""get in touch with ~"",""keep up with ~"",""get along with ~"",""catch up with ~""]"	[]	[]
300894	3	sick in bed	病気で寝ている	ill and staying in bed	My brother is sick in bed today.	私の兄は今日、病気で寝ています。	adjective phrase	2	2	"[""病気で寝ている"",""外で遊んでいる"",""学校へ行く"",""元気に働く"",""早く起きる""]"	"[""sick in bed"",""play outside"",""go to school"",""work well"",""get up early""]"	"[""sick in bed"",""sit in bed"",""sleep in bed"",""six in bed"",""sick and sad""]"	[]	[]
300895	3	remain	残る	to stay and not leave	Only two cookies remain on the plate.	皿の上にはクッキーが2枚だけ残っている。	verb	3	3	"[""残る"",""集める"",""運ぶ"",""選ぶ"",""比べる""]"	"[""remain"",""collect"",""carry"",""choose"",""compare""]"	"[""remain"",""repair"",""return"",""remove"",""repeat""]"	"[{""word"":""stay"",""note"":""その場にいる意味で近い""}]"	"[{""word"":""leave"",""note"":""その場を去る""}]"
300896	3	float	浮く	to stay on water or in the air	The ball can float on water.	そのボールは水に浮くことができる。	verb	2	3	"[""浮く"",""沈む"",""転がる"",""落ちる"",""跳ぶ""]"	"[""float"",""sink"",""roll"",""fall"",""jump""]"	"[""float"",""flow"",""floor"",""fruit"",""flight""]"	[]	"[{""word"":""sink"",""note"":""水中に沈む""}]"
300897	3	keep up with ~	遅れずについていく	to move or learn as fast as someone	I study every day to keep up with my class.	私はクラスに遅れずについていくために毎日勉強します。	phrasal verb	4	2	"[""遅れずについていく"",""追い越す"",""あきらめる"",""片づける"",""見つける""]"	"[""keep up with ~"",""pass ~"",""give up ~"",""clean ~ up"",""find ~""]"	"[""keep up with ~"",""come up with ~"",""get along with ~"",""walk away from ~"",""look after ~""]"	[]	[]
300898	3	rob ~	～から金品を奪う	to take money or goods from a person or place	A man tried to rob the store.	男がその店から金品を奪おうとしました。	verb	3	3	"[""～から金品を奪う"",""～から借りる"",""～を隠す"",""～を運ぶ"",""～を見つける""]"	"[""rob ~"",""borrow from ~"",""hide ~"",""carry ~"",""find ~""]"	"[""rob ~"",""rub ~"",""rock ~"",""roll ~"",""drop ~""]"	[]	[]
300899	3	stamp	切手	a small piece of paper for sending a letter	I need a stamp for this letter.	この手紙に切手が必要です。	noun	2	3	"[""切手"",""封筒"",""はがき"",""小包"",""便せん""]"	"[""stamp"",""envelope"",""postcard"",""package"",""paper""]"	"[""stamp"",""stand"",""step"",""stampede"",""stomach""]"	[]	[]
300900	3	tape	テープ、粘着テープ	a narrow strip used for sticking things together	Please put the tape on the box.	その箱にテープを貼ってください。	noun	2	3	"[""テープ、粘着テープ"",""ひも"",""紙"",""のり"",""箱""]"	"[""tape"",""string"",""paper"",""glue"",""box""]"	"[""tape"",""take"",""table"",""tail"",""type""]"	[]	[]
300901	3	statue	像	a figure made of stone, metal, or wood	We saw a large statue in the park.	私たちは公園で大きな像を見ました。	noun	3	3	"[""像"",""絵"",""地図"",""旗"",""写真""]"	"[""statue"",""picture"",""map"",""flag"",""photo""]"	"[""statue"",""station"",""status"",""stayed"",""stomach""]"	[]	[]
300902	3	cancel	中止する、取り消す	to decide that something will not happen	They will cancel the game because of the rain.	彼らは雨のため試合を取り消すでしょう。	verb	4	4	"[""中止する、取り消す"",""始める"",""続ける"",""計画する"",""準備する""]"	"[""cancel"",""start"",""continue"",""plan"",""prepare""]"	"[""cancel"",""candle"",""camera"",""campus"",""canal""]"	[]	[]
300903	3	forgive A for B	BのことでAを許す	to stop being angry with someone	Please forgive me for my mistake.	私のまちがいを許してください。	verb phrase	4	3	"[""BのことでAを許す"",""Aを助ける"",""Aを信じる"",""Aを招く"",""Aを選ぶ""]"	"[""forgive A for B"",""help A"",""believe A"",""invite A"",""choose A""]"	"[""forgive A for B"",""thank A for B"",""blame A for B"",""ask A about B"",""tell A about B""]"	[]	[]
300904	3	quit	やめる	to stop doing something	He decided to quit his job.	彼は仕事を辞めることに決めました。	verb	3	3	"[""やめる"",""始める"",""続ける"",""選ぶ"",""待つ""]"	"[""quit"",""start"",""continue"",""choose"",""wait""]"	"[""quit"",""quick"",""quiet"",""quite"",""kid""]"	"[{""word"":""stop"",""note"":""より基本的な語""}]"	"[{""word"":""continue"",""note"":""続ける""}]"
300905	3	put ~ away	しまう	to place something in its proper place	Please put away your books after class.	授業のあとで本をしまってください。	phrasal verb	3	3	"[""しまう"",""並べる"",""開ける"",""見せる"",""運ぶ""]"	"[""put ~ away"",""line ~ up"",""open ~"",""show ~"",""carry ~""]"	"[""put ~ away"",""pull ~ away"",""put ~ up"",""push ~ away"",""take ~ away""]"	[]	[]
300906	3	novel	小説	a long written story	She is reading a novel in her room.	彼女は自分の部屋で小説を読んでいます。	noun	3	3	"[""小説"",""詩"",""辞書"",""新聞"",""手紙""]"	"[""novel"",""poem"",""dictionary"",""newspaper"",""letter""]"	"[""novel"",""normal"",""noble"",""model"",""level""]"	[]	[]
300907	3	geography	地理	the study of countries, maps, and the earth	Geography is my favorite subject.	地理は私のいちばん好きな教科です。	noun	3	3	"[""地理"",""歴史"",""数学"",""理科"",""音楽""]"	"[""geography"",""history"",""math"",""science"",""music""]"	"[""geography"",""geometry"",""geology"",""history"",""biology""]"	[]	[]
300908	3	social studies	社会	a school subject about society, history, and geography	We study maps in social studies class.	私たちは社会の授業で地図を勉強します。	noun	3	3	"[""社会"",""地理"",""歴史"",""理科"",""英語""]"	"[""social studies"",""geography"",""history"",""science"",""English""]"	"[""social studies"",""science studies"",""social science"",""study hall"",""science class""]"	[]	[]
300909	3	topic	話題	the subject you are talking or writing about	Today's topic is animals.	今日の話題は動物です。	noun	2	3	"[""話題"",""質問"",""答え"",""意見"",""理由""]"	"[""topic"",""question"",""answer"",""opinion"",""reason""]"	"[""topic"",""toothpick"",""ticket"",""tonic"",""tropic""]"	"[{""word"":""subject"",""note"":""話し合いや文章のテーマとして近い""}]"	[]
300910	3	certainly	確かに、もちろん	in a sure or confident way	Certainly, I can help you.	もちろん、お手伝いできます。	adverb	3	3	"[""確かに、もちろん"",""たぶん"",""すぐに"",""とても"",""ゆっくり""]"	"[""certainly"",""probably"",""quickly"",""very"",""slowly""]"	"[""certainly"",""carefully"",""quietly"",""suddenly"",""currently""]"	"[{""word"":""surely"",""note"":""少しかたいが近い意味""}]"	[]
300911	3	hang	掛ける	to put something on a wall or hook	Please hang your coat here.	ここにコートを掛けてください。	verb	3	3	"[""掛ける"",""置く"",""運ぶ"",""開ける"",""洗う""]"	"[""hang"",""put"",""carry"",""open"",""wash""]"	"[""hang"",""hand"",""bank"",""song"",""thank""]"	[]	[]
300912	3	plastic	プラスチック	a light hard material used to make many things	This box is made of plastic.	この箱はプラスチックでできています。	noun	2	3	"[""プラスチック"",""紙"",""木"",""ガラス"",""金属""]"	"[""plastic"",""paper"",""wood"",""glass"",""metal""]"	"[""plastic"",""planet"",""practice"",""classic"",""traffic""]"	[]	[]
300913	3	subtract A from B	BからAを引く	to take one number away from another	Please subtract 3 from 10.	10から3を引いてください。	verb phrase	3	2	"[""BからAを引く"",""AとBを足す"",""AとBを掛ける"",""AをBで割る"",""Aを数える""]"	"[""subtract A from B"",""add A to B"",""multiply A by B"",""divide A by B"",""count A""]"	"[""subtract A from B"",""add A to B"",""multiply A by B"",""divide A by B"",""compare A with B""]"	[]	"[{""word"":""add"",""note"":""計算で足す""}]"
300914	3	look after ~	世話をする	to take care of someone or something	She looks after her little brother.	彼女は弟の世話をします。	phrasal verb	3	3	"[""世話をする"",""探す"",""待つ"",""訪ねる"",""手伝う""]"	"[""look after ~"",""look for ~"",""wait for ~"",""visit ~"",""help ~""]"	"[""look after ~"",""look at ~"",""look for ~"",""run after ~"",""ask after ~""]"	"[{""word"":""take care of"",""note"":""より説明的な表現""}]"	[]
300915	3	deliver	配達する	to take something to a person or place	They deliver lunch to our office.	彼らは私たちの会社に昼食を配達します。	verb	3	3	"[""配達する"",""借りる"",""送る"",""受け取る"",""集める""]"	"[""deliver"",""borrow"",""send"",""receive"",""collect""]"	"[""deliver"",""discover"",""develop"",""decide"",""driver""]"	[]	[]
300916	3	steal	ぬすむ	to take something that is not yours	Someone tried to steal my bike.	だれかが私の自転車をぬすもうとしました。	verb	3	3	"[""ぬすむ"",""借りる"",""見つける"",""売る"",""運ぶ""]"	"[""steal"",""borrow"",""find"",""sell"",""carry""]"	"[""steal"",""still"",""steam"",""stair"",""style""]"	"[{""word"":""rob"",""note"":""rob は人や場所からうばうときに使うことが多い""}]"	[]
300917	3	discuss ~	～について話し合う	to talk about something together	We will discuss the plan after school.	私たちは放課後にその計画について話し合います。	verb phrase	3	3	"[""～について話し合う"",""～を説明する"",""～を選ぶ"",""～を練習する"",""～を招待する""]"	"[""discuss ~"",""explain ~"",""choose ~"",""practice ~"",""invite ~""]"	"[""discuss ~"",""discover ~"",""describe ~"",""dislike ~"",""dismiss ~""]"	"[{""word"":""talk"",""note"":""より広い意味で使う基本語""}]"	[]
300918	3	chat with ~	～とおしゃべりする	to talk in a friendly way	I often chat with my friends online.	私はよくオンラインで友だちとおしゃべりします。	verb phrase	2	3	"[""～とおしゃべりする"",""～に叫ぶ"",""～に答える"",""～を待つ"",""～を動かす""]"	"[""chat with ~"",""shout at ~"",""answer ~"",""wait for ~"",""move ~""]"	"[""chat with ~"",""check with ~"",""talk with ~"",""meet with ~"",""stay with ~""]"	"[{""word"":""talk"",""note"":""chat のほうが気軽なおしゃべり""}]"	[]
300919	3	communicate with ~	～と意思を伝え合う	to share information or feelings with someone	We communicate with each other by email.	私たちはメールでお互いに意思を伝え合います。	verb phrase	3	3	"[""～と意思を伝え合う"",""～を集める"",""～と比べる"",""～を選ぶ"",""～を数える""]"	"[""communicate with ~"",""collect ~"",""compare with ~"",""choose ~"",""count ~""]"	"[""communicate with ~"",""compete with ~"",""compare with ~"",""connect with ~"",""cooperate with ~""]"	"[{""word"":""tell"",""note"":""より基本的な語""},{""word"":""share"",""note"":""情報や気持ちを伝える時に使う""}]"	[]
300920	3	speech	スピーチ	a talk given to people	She gave a speech at school.	彼女は学校でスピーチをしました。	noun	3	3	"[""スピーチ"",""会話"",""質問"",""答え"",""約束""]"	"[""speech"",""conversation"",""question"",""answer"",""promise""]"	"[""speech"",""speed"",""space"",""special"",""peach""]"	"[{""word"":""talk"",""note"":""よりくだけた言い方""}]"	[]
300921	3	tongue	舌	the soft part in your mouth used for tasting	The soup was so hot that it burned my tongue.	そのスープはとても熱くて、私は舌をやけどしました。	noun	3	2	"[""舌"",""歯"",""唇"",""のど"",""あご""]"	"[""tongue"",""tooth"",""lip"",""throat"",""chin""]"	"[""tongue"",""ton"",""young"",""song"",""tank""]"	[]	[]
300922	3	partner	相手	a person you do something with	Ken is my tennis partner.	ケンは私のテニスの相手です。	noun	3	3	"[""相手"",""友達"",""先生"",""客"",""選手""]"	"[""partner"",""friend"",""teacher"",""guest"",""player""]"	"[""partner"",""painter"",""parent"",""winter"",""paper""]"	"[{""word"":""teammate"",""note"":""同じチームの仲間""}]"	[]
300923	3	report	報告書、レポート	spoken or written information about something	I wrote a report about the trip.	私はその旅行についてレポートを書きました。	noun	3	3	"[""報告書、レポート"",""宿題"",""質問"",""約束"",""計画""]"	"[""report"",""homework"",""question"",""promise"",""plan""]"	"[""report"",""reply"",""repeat"",""record"",""result""]"	[]	[]
300924	3	warn A about B	BについてAに警告する	to tell someone about danger or trouble	The teacher warned us about the storm.	先生は私たちにその嵐について警告しました。	verb phrase	4	2	"[""BについてAに警告する"",""Aに説明する"",""Aを招待する"",""Aと練習する"",""Aを修理する""]"	"[""warn A about B"",""explain B to A"",""invite A"",""practice with A"",""repair A""]"	"[""warn A about B"",""tell A about B"",""ask A about B"",""teach A about B"",""remind A about B""]"	"[{""word"":""advise"",""note"":""注意して知らせる時に近い""}]"	[]
300925	3	announce	発表する	to tell people something officially or publicly	The school will announce the winner tomorrow.	学校は明日、優勝者を発表します。	verb	3	3	"[""発表する"",""説明する"",""選ぶ"",""集める"",""比べる""]"	"[""announce"",""explain"",""choose"",""collect"",""compare""]"	"[""announce"",""amount"",""allow"",""around"",""answer""]"	"[{""word"":""tell"",""note"":""より広い意味で「伝える」""},{""word"":""report"",""note"":""ニュースや結果を伝えるときに使う""}]"	[]
300926	3	honest	正直な	always telling the truth	Be honest with your parents.	両親に正直でいなさい。	adjective	2	3	"[""正直な"",""親切な"",""静かな"",""元気な"",""有名な""]"	"[""honest"",""kind"",""quiet"",""cheerful"",""famous""]"	"[""honest"",""hottest"",""artist"",""open"",""forest""]"	"[{""word"":""truthful"",""note"":""ややかたいが「正直な」""}]"	"[{""word"":""dishonest"",""note"":""「不正直な」""}]"
300927	3	experiment	実験	a test to learn something new	We did a science experiment in class.	私たちは授業で理科の実験をしました。	noun	3	2	"[""実験"",""試合"",""旅行"",""会話"",""宿題""]"	"[""experiment"",""match"",""trip"",""conversation"",""homework""]"	"[""experiment"",""experience"",""excellent"",""exercise"",""explain""]"	"[{""word"":""test"",""note"":""結果を確かめるための試み""}]"	[]
300928	3	largest	最も大きい	bigger than all the others	This is the largest room in our house.	これは私たちの家で最も大きい部屋です。	adjective	3	3	"[""最も大きい"",""最も小さい"",""最も長い"",""最も高い"",""最も新しい""]"	"[""largest"",""smallest"",""longest"",""highest"",""newest""]"	"[""largest"",""longest"",""hardest"",""latest"",""forest""]"	"[{""word"":""biggest"",""note"":""口語でよく使う言い方""}]"	"[{""word"":""smallest"",""note"":""いちばん小さい""}]"
300929	3	oldest	最も年上の	older than all others in a group	My sister is the oldest child in my family.	私の姉は家族の中でいちばん年上の子どもです。	adjective	3	3	"[""最も年上の"",""最も若い"",""最も背が高い"",""最も速い"",""最も強い""]"	"[""oldest"",""youngest"",""tallest"",""fastest"",""strongest""]"	"[""oldest"",""coldest"",""boldest"",""hold"",""gold""]"	[]	"[{""word"":""youngest"",""note"":""いちばん若い""}]"
300930	3	sight	光景、景色	something you see	The view from the mountain was a beautiful sight.	山からの景色は美しい光景でした。	noun	4	3	"[""光景、景色"",""音"",""におい"",""味"",""形""]"	"[""sight"",""sound"",""smell"",""taste"",""shape""]"	"[""sight"",""side"",""sign"",""light"",""night""]"	"[{""word"":""view"",""note"":""見える景色という意味で近い""}]"	[]
300931	3	activity	活動	something you do for fun, work, or learning	We did a fun activity in class.	私たちは授業で楽しい活動をしました。	noun	3	3	"[""活動"",""旅行"",""質問"",""約束"",""試合""]"	"[""activity"",""trip"",""question"",""promise"",""game""]"	"[""activity"",""active"",""actually"",""ability"",""electricity""]"	[]	[]
300932	3	wish for ~	～を願う	to want something to happen	I wish for good weather tomorrow.	私は明日よい天気になることを願います。	verb phrase	3	3	"[""～を願う"",""～を選ぶ"",""～を数える"",""～を運ぶ"",""～を訪れる""]"	"[""wish for ~"",""choose ~"",""count ~"",""carry ~"",""visit ~""]"	"[""wish for ~"",""wait for ~"",""look for ~"",""ask for ~"",""care for ~""]"	"[{""word"":""hope"",""note"":""hope は実現しそうなことにも使う""}]"	[]
300933	3	knowledge	知識	what you know from study or experience	Books give us useful knowledge.	本は私たちに役立つ知識を与えます。	noun	4	2	"[""知識"",""経験"",""意見"",""情報"",""宿題""]"	"[""knowledge"",""experience"",""opinion"",""information"",""homework""]"	"[""knowledge"",""college"",""village"",""message"",""language""]"	[]	[]
300934	3	consider	よく考える、検討する	to think about something carefully	Please consider my idea.	私の考えを検討してください。	verb	3	3	"[""よく考える、検討する"",""信じる"",""想像する"",""選ぶ"",""決める""]"	"[""consider"",""believe"",""imagine"",""choose"",""decide""]"	"[""consider"",""concern"",""condition"",""consumer"",""continue""]"	"[{""word"":""think about"",""note"":""よりやさしい言い方""}]"	[]
300935	3	believe	信じる	to think that something is true	I believe his story.	私は彼の話を信じます。	verb	2	4	"[""信じる"",""考える"",""疑う"",""覚える"",""説明する""]"	"[""believe"",""think"",""doubt"",""remember"",""explain""]"	"[""believe"",""below"",""between"",""begin"",""become""]"	"[{""word"":""trust"",""note"":""人やことばを信じるときによく使う""}]"	"[{""word"":""doubt"",""note"":""本当かどうか疑う""}]"
300936	3	suppose	思う	to think that something is probably true	I suppose he is busy.	彼は忙しいのだと思います。	verb	3	3	"[""思う"",""信じる"",""知る"",""望む"",""待つ""]"	"[""suppose"",""believe"",""know"",""hope"",""wait""]"	"[""suppose"",""support"",""surprise"",""supper"",""simple""]"	"[{""word"":""think"",""note"":""より基本的な語""}]"	[]
300937	3	expect	予期する	to think that something will happen	I expect rain this afternoon.	私は今日の午後に雨が降ると思います。	verb	3	3	"[""予期する"",""説明する"",""選ぶ"",""集める"",""比べる""]"	"[""expect"",""explain"",""choose"",""collect"",""compare""]"	"[""expect"",""except"",""expert"",""inspect"",""effect""]"	"[{""word"":""hope"",""note"":""hope は望む、expect は起こると思う""}]"	[]
300938	3	guess	推測する	to give an answer when you are not sure	Can you guess the answer?	あなたはその答えを推測できますか。	verb	2	3	"[""推測する"",""確認する"",""練習する"",""招待する"",""修理する""]"	"[""guess"",""check"",""practice"",""invite"",""repair""]"	"[""guess"",""gas"",""glass"",""get"",""gift""]"	[]	[]
300939	3	admire	尊敬する、感心する	to respect and like someone or something very much	I admire my music teacher.	私は音楽の先生を尊敬しています。	verb	4	2	"[""尊敬する、感心する"",""拒否する"",""隠す"",""借りる"",""壊す""]"	"[""admire"",""refuse"",""hide"",""borrow"",""break""]"	"[""admire"",""advice"",""alive"",""arrive"",""aside""]"	"[{""word"":""respect"",""note"":""respect のほうが広く使う""}]"	[]
300940	3	show A B	AにBを見せる	to let someone see something	Please show me your notebook.	あなたのノートを私に見せてください。	verb phrase	3	4	"[""AにBを見せる"",""AにBを貸す"",""AにBを送る"",""Aを開ける"",""Aを選ぶ""]"	"[""show A B"",""lend A B"",""send A B"",""open A"",""choose A""]"	"[""show A B"",""send A B"",""lend A B"",""give A B"",""tell A B""]"	"[{""word"":""display"",""note"":""ややかたい「見せる」""}]"	"[{""word"":""hide"",""note"":""隠す""}]"
300941	3	cough	せき	a sound you make when you are sick	I have a bad cough today.	今日はひどいせきが出ます。	noun	3	3	"[""せき"",""熱"",""頭痛"",""鼻水"",""けが""]"	"[""cough"",""fever"",""headache"",""runny nose"",""injury""]"	"[""cough"",""coffee"",""cop"",""cap"",""call""]"	[]	[]
300942	3	during ~	～の間に	in the time of something	I read a book during lunch.	私は昼食の間に本を読みました。	preposition	3	4	"[""～の間に"",""〜の前に"",""〜のあとに"",""〜の近くに"",""〜と一緒に""]"	"[""during ~"",""before ~"",""after ~"",""near ~"",""with ~""]"	"[""during ~"",""before ~"",""after ~"",""around ~"",""without ~""]"	"[{""word"":""in"",""note"":""一部の文で近い意味""}]"	[]
300943	3	afternoon	午後	the time after noon and before evening	I play tennis in the afternoon.	私は午後にテニスをします。	noun	2	4	"[""午後"",""朝"",""夜"",""正午"",""夕方""]"	"[""afternoon"",""morning"",""night"",""noon"",""evening""]"	"[""afternoon"",""after"",""afraid"",""africa"",""aftermath""]"	[]	[]
300944	3	past ~	～を過ぎて	after a time or point	It is ten past seven now.	今は7時10分です。	preposition	3	4	"[""～を過ぎて"",""～の前に"",""ちょうど"",""～ごろ"",""～まで""]"	"[""past ~"",""before ~"",""exactly"",""about ~"",""until ~""]"	"[""past ~"",""before ~"",""after ~"",""about ~"",""until ~""]"	[]	[]
300945	3	deadline	締め切り	the latest time to finish something	The deadline is next Friday.	締め切りは次の金曜日です。	noun	4	3	"[""締め切り"",""予定"",""約束"",""宿題"",""会議""]"	"[""deadline"",""schedule"",""promise"",""homework"",""meeting""]"	"[""deadline"",""redline"",""bedtime"",""headlight"",""daytime""]"	[]	[]
300946	3	future	未来	the time that will come later	We worry about the future sometimes.	私たちはときどき未来のことを心配します。	noun	3	3	"[""未来"",""過去"",""現在"",""計画"",""夢""]"	"[""future"",""past"",""present"",""plan"",""dream""]"	"[""future"",""feature"",""teacher"",""picture"",""nature""]"	[]	"[{""word"":""past"",""note"":""過去""}]"
300947	3	in the future	将来	at a time later than now	I want to be a doctor in the future.	私は将来、医者になりたいです。	adverb	2	3	"[""将来"",""今"",""昨日"",""毎日"",""昔""]"	"[""in the future"",""now"",""yesterday"",""every day"",""long ago""]"	"[""in the future"",""in the morning"",""in the park"",""in the room"",""in the city""]"	[]	[]
300948	3	appointment	予約	a planned meeting at a set time	I have a dentist appointment this afternoon.	私は今日の午後、歯医者の予約があります。	noun	4	2	"[""予約"",""会議"",""授業"",""試合"",""旅行""]"	"[""appointment"",""meeting"",""lesson"",""game"",""trip""]"	"[""appointment"",""apartment"",""agreement"",""important"",""enjoyment""]"	[]	[]
300949	3	until ~	～まで	up to a time	I studied until ten last night.	私は昨夜10時まで勉強しました。	preposition	3	4	"[""～まで"",""〜から"",""〜のあとで"",""〜の前に"",""〜のあいだ""]"	"[""until ~"",""from ~"",""after ~"",""before ~"",""during ~""]"	"[""until ~"",""under ~"",""into ~"",""after ~"",""around ~""]"	"[{""word"":""till"",""note"":""くだけた言い方""}]"	[]
300950	3	multiply A by B	AにBを掛ける	to calculate by repeated addition	Multiply three by four.	3に4を掛けてください。	verb phrase	4	3	"[""AにBを掛ける"",""AとBを足す"",""BからAを引く"",""AをBで割る"",""Aを数える""]"	"[""multiply A by B"",""add A to B"",""subtract A from B"",""divide A by B"",""count A""]"	"[""multiply A by B"",""divide A by B"",""add A to B"",""subtract A from B"",""compare A with B""]"	[]	[]
300951	3	sand	砂	small pieces of rock found on beaches and deserts	The children played in the sand.	子どもたちは砂の中で遊びました。	noun	2	4	"[""砂"",""土"",""石"",""泥"",""ほこり""]"	"[""sand"",""soil"",""stone"",""mud"",""dust""]"	"[""sand"",""send"",""sad"",""sung"",""stand""]"	[]	[]
300952	3	atom	原子	the smallest unit of an element	Everything is made of atoms.	すべてのものは原子でできています。	noun	4	2	"[""原子"",""分子"",""細胞"",""金属"",""空気""]"	"[""atom"",""molecule"",""cell"",""metal"",""air""]"	"[""atom"",""Adam"",""autumn"",""item"",""bottom""]"	[]	[]
300953	3	bored	退屈した	feeling tired because nothing is interesting	I felt bored during the long movie.	私はその長い映画の間、退屈しました。	adjective	2	3	"[""退屈した"",""驚いた"",""疲れた"",""困った"",""緊張した""]"	"[""bored"",""surprised"",""tired"",""troubled"",""nervous""]"	"[""bored"",""bold"",""bird"",""boat"",""bed""]"	[]	"[{""word"":""excited"",""note"":""わくわくした気持ち""}]"
300954	3	upstairs	上の階へ、上の階で	to or on a higher floor	My sister is upstairs now.	私の姉は今2階にいます。	adverb	2	3	"[""上の階へ、上の階で"",""外へ、外で"",""中へ、中で"",""下の階へ、下の階で"",""家へ、家で""]"	"[""upstairs"",""outside"",""inside"",""downstairs"",""home""]"	"[""upstairs"",""upset"",""update"",""uptown"",""stairs""]"	[]	"[{""word"":""downstairs"",""note"":""下の階へ、下の階で""}]"
300955	3	downstairs	下の階へ、下の階で	to or on a lower floor	My sister is waiting downstairs.	姉は階下で待っています。	adverb	3	3	"[""下の階へ、下の階で"",""上の階へ、上の階で"",""外へ、外で"",""中へ、中で"",""近くへ、近くで""]"	"[""downstairs"",""upstairs"",""outside"",""inside"",""nearby""]"	"[""downstairs"",""upstairs"",""downward"",""town"",""chair""]"	[]	"[{""word"":""upstairs"",""note"":""反対に、上の階へ""}]"
300956	3	abroad	海外へ、海外で	in or to a foreign country	My father works abroad.	父は海外で働いています。	adverb	3	3	"[""海外へ、海外で"",""近くで"",""家で"",""学校で"",""一人で""]"	"[""abroad"",""nearby"",""at home"",""at school"",""alone""]"	"[""abroad"",""about"",""around"",""aloud"",""above""]"	[]	[]
300957	3	for example	例えば	used to give one example	For example, I play soccer after school.	例えば、私は放課後にサッカーをします。	adverb phrase	2	4	"[""例えば"",""しかし"",""それから"",""たぶん"",""もちろん""]"	"[""for example"",""however"",""then"",""maybe"",""of course""]"	"[""for example"",""for a minute"",""for a while"",""from school"",""four apples""]"	"[{""word"":""for instance"",""note"":""同じ意味で使える表現""}]"	[]
300958	3	instrument	楽器	a tool used to make music	She can play a musical instrument.	彼女は楽器を演奏できます。	noun	3	3	"[""楽器"",""家具"",""衣類"",""食器"",""文房具""]"	"[""instrument"",""furniture"",""clothing"",""dishes"",""stationery""]"	"[""instrument"",""instance"",""internet"",""interest"",""insect""]"	[]	[]
300959	3	scissors	はさみ	a tool used for cutting paper or cloth	Use these scissors to cut the paper.	このはさみを使って紙を切りなさい。	noun	2	3	"[""はさみ"",""のり"",""定規"",""消しゴム"",""筆箱""]"	"[""scissors"",""glue"",""ruler"",""eraser"",""pencil case""]"	"[""scissors"",""sister"",""season"",""silver"",""simple""]"	[]	[]
300960	3	upside down	逆さまに	with the top at the bottom	The picture was upside down on the wall.	その絵は壁に逆さまにかかっていました。	adverb	3	2	"[""逆さまに"",""まっすぐに"",""静かに"",""ゆっくり"",""一緒に""]"	"[""upside down"",""straight"",""quietly"",""slowly"",""together""]"	"[""upside down"",""upstairs"",""outside"",""under"",""around""]"	[]	"[{""word"":""right side up"",""note"":""逆さまでない状態""}]"
300961	3	surface	表面	the outside part of something	The surface of the lake was very calm.	湖の表面はとても穏やかでした。	noun	3	3	"[""表面"",""底"",""中心"",""角"",""端""]"	"[""surface"",""bottom"",""center"",""corner"",""edge""]"	"[""surface"",""service"",""surprise"",""circus"",""serious""]"	[]	[]
300962	3	forehead	ひたい	the front part of your head above your eyes	She put her hand on my forehead.	彼女は私のひたいに手を当てました。	noun	4	2	"[""ひたい"",""ほお"",""あご"",""鼻"",""首""]"	"[""forehead"",""cheek"",""chin"",""nose"",""neck""]"	"[""forehead"",""forward"",""forest"",""format"",""fourth""]"	[]	[]
300963	3	subject	教科	a course you study at school	Math is my favorite subject.	数学は私の好きな教科です。	noun	2	4	"[""教科"",""宿題"",""試験"",""質問"",""答え""]"	"[""subject"",""homework"",""test"",""question"",""answer""]"	"[""subject"",""object"",""support"",""summer"",""sunset""]"	[]	[]
300964	3	hometown	故郷	the town or city where you grew up	My hometown is near the sea.	私の故郷は海の近くです。	noun	3	3	"[""故郷"",""都会"",""駅"",""公園"",""学校""]"	"[""hometown"",""city"",""station"",""park"",""school""]"	"[""hometown"",""homework"",""mountain"",""hotel"",""downtown""]"	"[{""word"":""home"",""note"":""文脈によっては「故郷」の意味になる""}]"	[]
300965	3	custom	慣習、しきたり	a traditional way of doing something in a group	It is a custom to take off shoes here.	ここでは靴を脱ぐのが習慣です。	noun	4	3	"[""慣習、しきたり"",""法律"",""行事"",""意見"",""約束""]"	"[""custom"",""law"",""event"",""opinion"",""promise""]"	"[""custom"",""customer"",""castle"",""costume"",""system""]"	"[{""word"":""habit"",""note"":""habit は個人の習慣、custom は社会の習慣""}]"	[]
300966	3	platform	駅のホーム	the place beside the train where people get on	We waited on the platform for the train.	私たちはホームで電車を待ちました。	noun	4	3	"[""駅のホーム"",""改札"",""切符"",""電車"",""駅員""]"	"[""platform"",""ticket gate"",""ticket"",""train"",""station worker""]"	"[""platform"",""plan"",""plant"",""plastic"",""plaza""]"	[]	[]
300967	3	railway	鉄道	a system of trains and tracks	The railway goes through this town.	その鉄道はこの町を通っています。	noun	3	3	"[""鉄道"",""空港"",""港"",""道路"",""橋""]"	"[""railway"",""airport"",""harbor"",""road"",""bridge""]"	"[""railway"",""rainy"",""really"",""always"",""runway""]"	"[{""word"":""railroad"",""note"":""主に米語で使う""}]"	[]
300968	3	explore	探検する	to travel around and learn about a place	They want to explore the island.	彼らはその島を探検したいと思っています。	verb	4	3	"[""探検する"",""訪れる"",""調べる"",""登る"",""集める""]"	"[""explore"",""visit"",""check"",""climb"",""collect""]"	"[""explore"",""export"",""explain"",""explode"",""ignore""]"	[]	[]
300969	3	astronaut	宇宙飛行士	a person who travels in space	My brother wants to be an astronaut.	私の兄は宇宙飛行士になりたがっています。	noun	4	2	"[""宇宙飛行士"",""科学者"",""医者"",""画家"",""運転手""]"	"[""astronaut"",""scientist"",""doctor"",""artist"",""driver""]"	"[""astronaut"",""restaurant"",""asteroid"",""internet"",""afterward""]"	[]	[]
300970	3	branch	枝	a part of a tree that grows from the trunk	A bird is sitting on the branch.	鳥がその枝にとまっています。	noun	3	3	"[""枝"",""葉"",""根"",""幹"",""花""]"	"[""branch"",""leaf"",""root"",""trunk"",""flower""]"	"[""branch"",""brunch"",""bench"",""brand"",""brave""]"	[]	[]
300971	3	nature	自然	plants, animals, and the world around us	We enjoyed the beauty of nature.	私たちは自然の美しさを楽しみました。	noun	3	4	"[""自然"",""文化"",""歴史"",""科学"",""芸術""]"	"[""nature"",""culture"",""history"",""science"",""art""]"	"[""nature"",""nation"",""native"",""future"",""picture""]"	[]	[]
300972	3	flight	便、フライト	a trip by airplane	Our flight leaves at seven.	私たちの便は7時に出発します。	noun	3	3	"[""便、フライト"",""旅行"",""到着"",""出発"",""運転""]"	"[""flight"",""travel"",""arrival"",""departure"",""drive""]"	"[""flight"",""fight"",""light"",""right"",""flat""]"	"[{""word"":""trip"",""note"":""広い意味の「旅行」""}]"	[]
300973	3	problem	問題	something that is difficult and needs an answer	We have a math problem today.	今日は数学の問題があります。	noun	3	4	"[""問題"",""質問"",""答え"",""計画"",""理由""]"	"[""problem"",""question"",""answer"",""plan"",""reason""]"	"[""problem"",""program"",""promise"",""proper"",""product""]"	"[{""word"":""trouble"",""note"":""より広く「困りごと」""}]"	[]
300974	3	fact	事実	something that is true	This is a well-known fact.	これはよく知られた事実です。	noun	3	3	"[""事実"",""意見"",""理由"",""結果"",""情報""]"	"[""fact"",""opinion"",""reason"",""result"",""information""]"	"[""fact"",""fast"",""face"",""fan"",""fat""]"	"[{""word"":""truth"",""note"":""「真実」の意味で近い""}]"	"[{""word"":""lie"",""note"":""うそ""}]"
300975	3	real	本当の	true and not false or fake	Is this story real?	この話は本当ですか。	adjective	3	4	"[""本当の"",""大きい"",""簡単な"",""有名な"",""特別な""]"	"[""real"",""big"",""easy"",""famous"",""special""]"	"[""real"",""read"",""rear"",""rule"",""rail""]"	"[{""word"":""true"",""note"":""意味が近い基本語""}]"	"[{""word"":""false"",""note"":""本当ではない""},{""word"":""fake"",""note"":""にせの""}]"
300976	3	rely on ~	～を頼りにする	to need someone or something for help	You can rely on me.	私を頼っていいよ。	verb phrase	3	3	"[""～を頼りにする"",""～を断る"",""～を選ぶ"",""～を集める"",""～と比べる""]"	"[""rely on ~"",""turn down ~"",""choose ~"",""collect ~"",""compare with ~""]"	"[""rely on ~"",""reply to ~"",""depend on ~"",""wait on ~"",""work on ~""]"	[]	[]
300977	3	depend on ~	～に頼る、～次第である	to need someone or something for help	Some plants depend on rain.	植物の中には雨に頼るものもあります。	verb phrase	3	3	"[""～に頼る、～次第である"",""～を断る"",""～を運ぶ"",""～を数える"",""～を招く""]"	"[""depend on ~"",""turn down ~"",""carry ~"",""count ~"",""invite ~""]"	"[""depend on ~"",""defend ~"",""demand ~"",""rely on ~"",""decide on ~""]"	"[{""word"":""rely on"",""note"":""ほぼ同じ意味""}]"	[]
300978	3	freeze	凍る	to become very cold and turn to ice	Water freezes in winter.	水は冬に凍ります。	verb	3	3	"[""凍る"",""溶ける"",""乾く"",""落ちる"",""揺れる""]"	"[""freeze"",""melt"",""dry"",""fall"",""shake""]"	"[""freeze"",""fries"",""fresh"",""frame"",""fruit""]"	[]	"[{""word"":""melt"",""note"":""氷などが溶ける""}]"
300979	3	program	番組	a show on TV or radio	I watched a cooking program on TV.	私はテレビで料理番組を見ました。	noun	3	3	"[""番組"",""映画"",""新聞"",""雑誌"",""手紙""]"	"[""program"",""movie"",""newspaper"",""magazine"",""letter""]"	"[""program"",""problem"",""promise"",""project"",""present""]"	"[{""word"":""show"",""note"":""特にテレビ番組で使える""}]"	[]
300980	3	double	2倍の	twice as much or as many	This box is double the size of that one.	この箱はあの箱の2倍の大きさです。	adjective	4	3	"[""2倍の"",""半分の"",""同じ"",""小さい"",""大きい""]"	"[""double"",""half"",""same"",""small"",""large""]"	"[""double"",""trouble"",""couple"",""bubble"",""table""]"	[]	"[{""word"":""half"",""note"":""半分の""}]"
300981	3	both	両方	the two together	Both of my sisters play tennis.	私の姉妹は二人ともテニスをします。	pronoun	3	4	"[""両方"",""どちらも〜ない"",""どちらか一方"",""全部"",""いくつか""]"	"[""both"",""neither"",""either"",""all"",""some""]"	"[""both"",""boat"",""bone"",""bowl"",""vote""]"	[]	"[{""word"":""neither"",""note"":""どちらも〜ない""}]"
300982	3	corner	角	the place where two lines or walls meet	There is a store on the corner.	角に店があります。	noun	3	3	"[""角"",""中心"",""端"",""表面"",""入口""]"	"[""corner"",""center"",""edge"",""surface"",""entrance""]"	"[""corner"",""color"",""cooker"",""caller"",""camera""]"	[]	[]
300983	3	realize	気づく	to understand something clearly	I realized my mistake.	私は自分の間違いに気づきました。	verb	4	3	"[""気づく"",""忘れる"",""選ぶ"",""集める"",""運ぶ""]"	"[""realize"",""forget"",""choose"",""collect"",""carry""]"	"[""realize"",""reply"",""return"",""remember"",""receive""]"	"[{""word"":""understand"",""note"":""意味や事実を理解する""}]"	[]
300984	3	figure ~ out	～を理解する、解決する	to find the answer or understand something	We figured out the answer.	私たちはその答えを理解しました。	phrasal verb	4	2	"[""～を理解する、解決する"",""～を隠す"",""～と比べる"",""～を招く"",""～を壊す""]"	"[""figure ~ out"",""hide ~"",""compare ~"",""invite ~"",""break ~""]"	"[""figure ~ out"",""fill ~ out"",""find ~ out"",""pick ~ out"",""check ~ out""]"	"[{""word"":""understand"",""note"":""意味が近い基本語""},{""word"":""find out"",""note"":""答えや理由がわかる""}]"	[]
300985	3	suddenly	突然	quickly and without warning	It suddenly started to rain.	突然、雨が降り始めた。	adverb	3	3	"[""突然"",""ゆっくり"",""たぶん"",""いつも"",""すぐに""]"	"[""suddenly"",""slowly"",""probably"",""always"",""soon""]"	"[""suddenly"",""Sunday"",""summer"",""study"",""softly""]"	"[{""word"":""all at once"",""note"":""より口語的な言い方""}]"	"[{""word"":""slowly"",""note"":""ゆっくりと""}]"
300986	3	degree	度	a unit for measuring temperature	It is 30 degrees today.	今日は30度です。	noun	3	3	"[""度"",""メートル"",""キロ"",""グラム"",""リットル""]"	"[""degree"",""meter"",""kilo"",""gram"",""liter""]"	"[""degree"",""agree"",""green"",""glass"",""dream""]"	[]	[]
300987	3	stranger	見知らぬ人	a person you do not know	Do not talk to a stranger.	見知らぬ人に話しかけてはいけません。	noun	3	3	"[""見知らぬ人"",""友だち"",""先生"",""家族"",""近所の人""]"	"[""stranger"",""friend"",""teacher"",""family"",""neighbor""]"	"[""stranger"",""stronger"",""student"",""station"",""singer""]"	[]	[]
300988	3	mess	散らかり	a dirty or untidy state	Your room is a mess.	あなたの部屋は散らかっています。	noun	3	3	"[""散らかり"",""約束"",""景色"",""習慣"",""方法""]"	"[""mess"",""promise"",""view"",""habit"",""way""]"	"[""mess"",""mass"",""miss"",""mouse"",""map""]"	"[{""word"":""disorder"",""note"":""ややかたい語""}]"	"[{""word"":""order"",""note"":""整った状態""}]"
300989	3	so far	これまで	until now	So far, we have finished two pages.	これまでに、私たちは2ページ終えました。	adverb phrase	3	4	"[""これまで"",""すぐに"",""たぶん"",""たしかに"",""再び""]"	"[""so far"",""soon"",""maybe"",""certainly"",""again""]"	"[""so far"",""so fast"",""so long"",""so good"",""so high""]"	"[{""word"":""until now"",""note"":""ほぼ同じ意味""}]"	[]
300990	3	recycle	再利用する	to use something again	We recycle old bottles.	私たちは古いびんを再利用します。	verb	3	3	"[""再利用する"",""修理する"",""収集する"",""運ぶ"",""共有する""]"	"[""recycle"",""repair"",""collect"",""carry"",""share""]"	"[""recycle"",""reply"",""receive"",""rewrite"",""return""]"	"[{""word"":""reuse"",""note"":""もう一度使う""}]"	"[{""word"":""throw away"",""note"":""捨てる""}]"
300991	3	waste	無駄にする	to use something badly or without need	Don't waste water.	水を無駄にしてはいけません。	verb	3	3	"[""無駄にする"",""集める"",""借りる"",""選ぶ"",""運ぶ""]"	"[""waste"",""collect"",""borrow"",""choose"",""carry""]"	"[""waste"",""west"",""wait"",""wake"",""taste""]"	[]	"[{""word"":""save"",""note"":""大切に使う""}]"
300992	3	instead of ~	〜の代わりに	in place of something or someone	I drank tea instead of coffee.	私はコーヒーの代わりにお茶を飲みました。	preposition phrase	3	3	"[""〜の代わりに"",""〜といっしょに"",""〜の前に"",""〜の後で"",""〜の近くに""]"	"[""instead of ~"",""with ~"",""before ~"",""after ~"",""near ~""]"	"[""instead of ~"",""inside ~"",""in front of ~"",""because of ~"",""out of ~""]"	[]	[]
300993	3	think about ~	〜について考える	to use your mind to consider something	Please think about my idea.	私の考えについて考えてください。	verb phrase	3	3	"[""〜について考える"",""〜を探す"",""〜を片づける"",""〜を呼び出す"",""〜をあきらめる""]"	"[""think about ~"",""look for ~"",""clean ~ up"",""call ~ up"",""give ~ up""]"	"[""think about ~"",""talk about ~"",""think of ~"",""write about ~"",""worry about ~""]"	"[{""word"":""consider"",""note"":""ややかたい語""}]"	[]
300994	3	share A with B	AをBと分け合う	to use or have something together with others	Please share your cake with your sister.	あなたのケーキをお姉さんと分けてください。	verb phrase	3	3	"[""AをBと分け合う"",""Aを集める"",""Aを選ぶ"",""Aを運ぶ"",""Aを借りる""]"	"[""share A with B"",""collect A"",""choose A"",""carry A"",""borrow A""]"	"[""share A with B"",""compare A with B"",""connect A with B"",""fill A with B"",""cover A with B""]"	"[{""word"":""divide"",""note"":""少しかための語""}]"	"[{""word"":""keep"",""note"":""自分のものにしておく""}]"
300995	3	than ~	～より	used when comparing two things	My bag is bigger than yours.	私のかばんはあなたのものより大きいです。	conjunction	2	5	"[""～より"",""そして"",""でも"",""だから"",""もし""]"	"[""than ~"",""and"",""but"",""so"",""if""]"	"[""than ~"",""then"",""that"",""thank"",""thin""]"	[]	[]
300996	3	by car	車で	using a car as transportation	We went to the lake by car.	私たちは車でその湖へ行きました。	adverb phrase	2	4	"[""車で"",""電車で"",""バスで"",""自転車で"",""徒歩で""]"	"[""by car"",""by train"",""by bus"",""by bike"",""on foot""]"	"[""by car"",""by bus"",""bike"",""bar"",""card""]"	[]	[]
300997	3	violent	暴力的な	using strong force to hurt people	The movie was too violent for children.	その映画は子どもには暴力的すぎました。	adjective	4	3	"[""暴力的な"",""静かな"",""安全な"",""親切な"",""有名な""]"	"[""violent"",""quiet"",""safe"",""kind"",""famous""]"	"[""violent"",""violet"",""silent"",""pilot"",""giant""]"	[]	"[{""word"":""peaceful"",""note"":""争いや暴力がない""}]"
300998	3	terrible	ひどい	very bad	I had a terrible headache last night.	私は昨夜ひどい頭痛がしました。	adjective	3	4	"[""ひどい"",""すばらしい"",""静かな"",""簡単な"",""有名な""]"	"[""terrible"",""wonderful"",""quiet"",""easy"",""famous""]"	"[""terrible"",""table"",""travel"",""triangle"",""tired""]"	"[{""word"":""awful"",""note"":""terrible とほぼ同じで「ひどい」""}]"	"[{""word"":""wonderful"",""note"":""とてもすばらしい""}]"
300999	3	fantastic	すばらしい	very good and exciting	Your idea is fantastic.	あなたの考えはすばらしいです。	adjective	3	3	"[""すばらしい"",""ひどい"",""静かな"",""危険な"",""簡単な""]"	"[""fantastic"",""terrible"",""quiet"",""dangerous"",""easy""]"	"[""fantastic"",""famous"",""family"",""fast"",""plastic""]"	"[{""word"":""great"",""note"":""より基本的な語""},{""word"":""wonderful"",""note"":""とてもすばらしい""}]"	"[{""word"":""terrible"",""note"":""とてもひどい""}]"
301000	3	probably	たぶん	used when something is likely to happen	It will probably rain tomorrow.	明日はたぶん雨が降るでしょう。	adverb	3	4	"[""たぶん"",""いつも"",""すぐに"",""ゆっくり"",""とても""]"	"[""probably"",""always"",""soon"",""slowly"",""very""]"	"[""probably"",""properly"",""problem"",""promise"",""proudly""]"	"[{""word"":""maybe"",""note"":""probably のほうが少し可能性が高い""}]"	[]
301001	3	deeply	深く	far down or strongly in feeling	She was deeply moved by the song.	彼女はその歌に深く感動した。	adverb	4	3	"[""深く"",""浅く"",""静かに"",""急に"",""明るく""]"	"[""deeply"",""shallowly"",""quietly"",""suddenly"",""brightly""]"	"[""deeply"",""cheaply"",""clearly"",""sweetly"",""quickly""]"	[]	[]
301002	3	ancient	古代の	very old; from a long time ago	We saw an ancient temple in Japan.	私たちは日本で古代の寺を見ました。	adjective	4	3	"[""古代の"",""現代の"",""有名な"",""静かな"",""危険な""]"	"[""ancient"",""modern"",""famous"",""quiet"",""dangerous""]"	"[""ancient"",""agent"",""angel"",""answer"",""active""]"	"[{""word"":""old"",""note"":""ancient は old よりずっと古い""}]"	"[{""word"":""modern"",""note"":""現代の""}]"
301003	3	quite	かなり	to a large degree	This bag is quite heavy.	このかばんはかなり重いです。	adverb	3	3	"[""かなり"",""少しだけ"",""まったく～ない"",""たいてい"",""すぐに""]"	"[""quite"",""a little"",""not at all"",""usually"",""soon""]"	"[""quite"",""quiet"",""white"",""kite"",""right""]"	"[{""word"":""very"",""note"":""quite のほうが少しやわらかいことがある""}]"	[]
301004	3	frightened	おびえた	feeling afraid	The child was frightened by the dog.	その子どもは犬におびえました。	adjective	4	2	"[""おびえた"",""驚いた"",""怒った"",""疲れた"",""退屈した""]"	"[""frightened"",""surprised"",""angry"",""tired"",""bored""]"	"[""frightened"",""brightened"",""friendly"",""front"",""flight""]"	"[{""word"":""afraid"",""note"":""afraid のほうが基本的でよく使う""}]"	"[{""word"":""calm"",""note"":""落ち着いた状態""}]"
301005	3	moment	瞬間	a very short time	Wait a moment, please.	少し待ってください。	noun	3	3	"[""瞬間"",""時刻"",""時代"",""期間"",""機会""]"	"[""moment"",""time"",""age"",""period"",""chance""]"	"[""moment"",""morning"",""money"",""mountain"",""model""]"	[]	[]
301006	3	stop by ~	立ち寄る	to visit a place for a short time	I will stop by the library after school.	私は放課後に図書館に立ち寄ります。	phrasal verb	3	3	"[""立ち寄る"",""出発する"",""待つ"",""集まる"",""運ぶ""]"	"[""stop by ~"",""leave ~"",""wait for ~"",""gather ~"",""carry ~""]"	"[""stop by ~"",""stand by ~"",""stop at ~"",""step by ~"",""stay by ~""]"	"[{""word"":""visit"",""note"":""より広い意味の「訪れる」""}]"	[]
301007	3	sightseeing	観光	visiting famous places for fun	We went sightseeing in Kyoto last week.	私たちは先週京都へ観光に行きました。	noun	3	3	"[""観光"",""買い物"",""運動"",""勉強"",""料理""]"	"[""sightseeing"",""shopping"",""exercise"",""study"",""cooking""]"	"[""sightseeing"",""science"",""cycling"",""singing"",""writing""]"	[]	[]
301008	3	guest	客	a person who is invited or staying somewhere	We have a guest for dinner tonight.	今夜は夕食にお客さんが来ます。	noun	2	4	"[""客"",""店員"",""医者"",""選手"",""画家""]"	"[""guest"",""clerk"",""doctor"",""player"",""painter""]"	"[""guest"",""guess"",""gift"",""gate"",""glass""]"	"[{""word"":""visitor"",""note"":""訪問してくる人""}]"	[]
301009	3	cart	手押し車	a small vehicle for carrying things	He put the boxes on the cart.	彼は箱を手押し車に載せました。	noun	3	3	"[""手押し車"",""かばん"",""いす"",""机"",""棚""]"	"[""cart"",""bag"",""chair"",""desk"",""shelf""]"	"[""cart"",""card"",""cat"",""cut"",""coat""]"	[]	[]
301010	3	Wait a minute.	ちょっと待ってください	used to ask someone to wait for a short time	Please wait a minute here.	ここでちょっと待ってください。	sentence	2	4	"[""ちょっと待ってください"",""急いでください"",""座ってください"",""気をつけてください"",""入ってください""]"	"[""Wait a minute."",""Hurry up."",""Sit down."",""Be careful."",""Come in.""]"	"[""Wait a minute."",""Wait a moment."",""Wake up early."",""Write a letter."",""Take a picture.""]"	"[{""word"":""wait a moment"",""note"":""ほぼ同じ意味""}]"	[]
301011	3	look forward to ~	楽しみにする	to feel happy about something in the future	I look forward to summer vacation.	私は夏休みを楽しみにしています。	verb phrase	4	4	"[""楽しみにする"",""あきらめる"",""忘れる"",""選ぶ"",""集める""]"	"[""look forward to ~"",""give up ~"",""forget ~"",""choose ~"",""collect ~""]"	"[""look forward to ~"",""look for ~"",""look after ~"",""work hard"",""walk around""]"	[]	[]
301012	3	patience	忍耐	the ability to wait calmly	You need patience to learn a new language.	新しい言語を学ぶには忍耐が必要です。	noun	4	3	"[""忍耐"",""勇気"",""努力"",""自信"",""希望""]"	"[""patience"",""courage"",""effort"",""confidence"",""hope""]"	"[""patience"",""patients"",""painting"",""parent"",""station""]"	[]	"[{""word"":""impatience"",""note"":""待てない気持ち""}]"
301013	3	aisle	通路	a passage between rows of seats or shelves	Please walk down this aisle.	この通路を歩いてください。	noun	5	2	"[""通路"",""階段"",""出口"",""入口"",""角""]"	"[""aisle"",""stairs"",""exit"",""entrance"",""corner""]"	"[""aisle"",""island"",""ice"",""smile"",""style""]"	[]	[]
301014	3	blackboard	黒板	a board teachers write on	The teacher wrote my name on the blackboard.	先生は黒板に私の名前を書きました。	noun	2	4	"[""黒板"",""机"",""いす"",""教科書"",""ノート""]"	"[""blackboard"",""desk"",""chair"",""textbook"",""notebook""]"	"[""blackboard"",""backyard"",""bookmark"",""breakfast"",""background""]"	"[{""word"":""board"",""note"":""教室では blackboard の意味で使うことがある""}]"	[]
301015	3	interested	興味がある	wanting to know more about something	I am interested in science.	私は科学に興味があります。	adjective	3	3	"[""興味がある"",""疲れている"",""驚いている"",""心配している"",""有名な""]"	"[""interested"",""tired"",""surprised"",""worried"",""famous""]"	"[""interested"",""excited"",""important"",""invited"",""inside""]"	[]	"[{""word"":""bored"",""note"":""興味がなく退屈している""}]"
301016	3	careful	注意深い	thinking before doing something to avoid mistakes	Be careful on this road.	この道では注意してください。	adjective	2	3	"[""注意深い"",""親切な"",""静かな"",""正直な"",""元気な""]"	"[""careful"",""kind"",""quiet"",""honest"",""cheerful""]"	"[""careful"",""cheerful"",""colorful"",""helpful"",""awful""]"	[]	"[{""word"":""careless"",""note"":""不注意な""}]"
301017	3	tear	涙	a drop of water from your eye when you cry	A tear ran down her face.	涙が彼女の顔を流れ落ちました。	noun	3	2	"[""涙"",""汗"",""血"",""声"",""笑顔""]"	"[""tear"",""sweat"",""blood"",""voice"",""smile""]"	"[""tear"",""dear"",""team"",""chair"",""tail""]"	[]	[]
301018	3	sweat	汗	water your body makes when you are hot	Sweat ran down my face after running.	走ったあと、汗が私の顔を流れ落ちました。	noun	3	3	"[""汗"",""涙"",""血"",""水"",""湯気""]"	"[""sweat"",""tear"",""blood"",""water"",""steam""]"	"[""sweat"",""sweet"",""swat"",""west"",""seat""]"	[]	[]
301019	3	flow	流れる	to move smoothly like water	The river flows into the sea.	その川は海へ流れ込みます。	verb	4	3	"[""流れる"",""落ちる"",""止まる"",""集まる"",""消える""]"	"[""flow"",""fall"",""stop"",""gather"",""disappear""]"	"[""flow"",""floor"",""slow"",""throw"",""glow""]"	[]	[]
301020	3	style	様式、スタイル	a particular way of doing or making something	I like her writing style.	私は彼女の文章のスタイルが好きです。	noun	4	3	"[""様式、スタイル"",""色"",""形"",""材料"",""値段""]"	"[""style"",""color"",""shape"",""material"",""price""]"	"[""style"",""smile"",""stair"",""stone"",""star""]"	[]	[]
301021	3	method	方法	a way of doing something	This method is easy to use.	この方法は使いやすいです。	noun	3	3	"[""方法"",""計画"",""結果"",""理由"",""習慣""]"	"[""method"",""plan"",""result"",""reason"",""habit""]"	"[""method"",""metal"",""member"",""message"",""minute""]"	"[{""word"":""way"",""note"":""より基本的な語""}]"	[]
301022	3	route	道順	the way from one place to another	This route is the shortest.	この道順がいちばん短いです。	noun	3	3	"[""道順"",""橋"",""角"",""信号"",""歩道""]"	"[""route"",""bridge"",""corner"",""signal"",""sidewalk""]"	"[""route"",""road"",""room"",""round"",""rule""]"	"[{""word"":""way"",""note"":""道や進み方の意味で使うことがある""}]"	[]
301023	3	entrance	入口	a door or place to go into a building	Wait for me at the entrance.	入口で私を待っていてください。	noun	3	3	"[""入口"",""出口"",""窓"",""階段"",""屋根""]"	"[""entrance"",""exit"",""window"",""stairs"",""roof""]"	"[""entrance"",""instance"",""interest"",""engine"",""ancient""]"	[]	"[{""word"":""exit"",""note"":""建物などから出る所""}]"
301024	3	exit	出口	a way to go out of a place	Please use the back exit.	後ろの出口を使ってください。	noun	3	3	"[""出口"",""入口"",""窓"",""階段"",""廊下""]"	"[""exit"",""entrance"",""window"",""stairs"",""hall""]"	"[""exit"",""visit"",""exact"",""extra"",""exist""]"	[]	[]
301025	3	direction	方向	the way something goes or points	Which direction should we go?	私たちはどちらの方向へ行くべきですか。	noun	4	3	"[""方向"",""距離"",""地図"",""角"",""道""]"	"[""direction"",""distance"",""map"",""corner"",""road""]"	"[""direction"",""collection"",""question"",""vacation"",""attention""]"	[]	[]
301026	3	climate	気候	the usual weather of a place	The climate here is warm.	ここの気候は暖かいです。	noun	4	2	"[""気候"",""天気"",""季節"",""気温"",""自然""]"	"[""climate"",""weather"",""season"",""temperature"",""nature""]"	"[""climate"",""private"",""quiet"",""pilot"",""close""]"	[]	[]
301027	3	internet	インターネット	the worldwide computer network	I use the internet every day.	私は毎日インターネットを使います。	noun	2	5	"[""インターネット"",""新聞"",""電話"",""手紙"",""テレビ""]"	"[""internet"",""newspaper"",""telephone"",""letter"",""television""]"	"[""internet"",""interval"",""interest"",""international"",""inner""]"	[]	[]
301028	3	odd	奇妙な	strange or unusual	That is an odd story.	それは奇妙な話です。	adjective	4	3	"[""奇妙な"",""普通の"",""静かな"",""明るい"",""有名な""]"	"[""odd"",""normal"",""quiet"",""bright"",""famous""]"	"[""odd"",""off"",""old"",""hot"",""on""]"	"[{""word"":""strange"",""note"":""より一般的な語""}]"	"[{""word"":""normal"",""note"":""ふつうの""}]"
301029	3	content	内容	the ideas or information in something	The content of this book is interesting.	この本の内容はおもしろいです。	noun	4	3	"[""内容"",""題名"",""表紙"",""値段"",""作者""]"	"[""content"",""title"",""cover"",""price"",""author""]"	"[""content"",""contest"",""contact"",""concert"",""context""]"	[]	[]
301030	3	meaning	意味	the idea that a word or thing shows	I don't know the meaning of this word.	私はこの単語の意味がわかりません。	noun	3	3	"[""意味"",""答え"",""質問"",""名前"",""音""]"	"[""meaning"",""answer"",""question"",""name"",""sound""]"	"[""meaning"",""meeting"",""morning"",""mailing"",""minding""]"	[]	[]
301031	3	opinion	意見	what a person thinks about something	Everyone has a different opinion.	みんなそれぞれ違う意見を持っています。	noun	4	3	"[""意見"",""計画"",""約束"",""理由"",""方法""]"	"[""opinion"",""plan"",""promise"",""reason"",""way""]"	"[""opinion"",""opening"",""option"",""onion"",""opposite""]"	"[{""word"":""idea"",""note"":""より広い意味で使う""}]"	[]
301032	3	horizon	地平線	the line where the sky meets land or sea	The sun went down below the horizon.	太陽は地平線の下に沈みました。	noun	5	2	"[""地平線"",""山頂"",""海岸"",""砂浜"",""森""]"	"[""horizon"",""peak"",""coast"",""beach"",""forest""]"	"[""horizon"",""holiday"",""history"",""harvest"",""heroine""]"	[]	[]
301033	3	silver	銀	a shiny gray metal	The ring is made of silver.	その指輪は銀でできています。	noun	3	3	"[""銀"",""金"",""鉄"",""銅"",""木""]"	"[""silver"",""gold"",""iron"",""copper"",""wood""]"	"[""silver"",""sister"",""singer"",""simple"",""sugar""]"	[]	[]
301034	3	reason	理由	why something happens	What is the reason for your visit?	あなたの訪問の理由は何ですか。	noun	3	4	"[""理由"",""結果"",""計画"",""質問"",""答え""]"	"[""reason"",""result"",""plan"",""question"",""answer""]"	"[""reason"",""season"",""lesson"",""recent"",""reader""]"	[]	[]
301035	3	fox	キツネ	a wild animal with a long tail	We saw a fox in the field.	私たちは野原でキツネを見ました。	noun	2	2	"[""キツネ"",""オオカミ"",""ウサギ"",""シカ"",""クマ""]"	"[""fox"",""wolf"",""rabbit"",""deer"",""bear""]"	"[""fox"",""box"",""sock"",""rock"",""lock""]"	[]	[]
301036	3	success	成功	achieving what you wanted	Hard work brings success.	努力は成功をもたらします。	noun	3	3	"[""成功"",""失敗"",""勝利"",""努力"",""人気""]"	"[""success"",""failure"",""victory"",""effort"",""popularity""]"	"[""success"",""access"",""sudden"",""subject"",""suggest""]"	[]	"[{""word"":""failure"",""note"":""成功の反対""}]"
301037	3	victory	勝利	winning a game or fight	Our team won an important victory.	私たちのチームは大切な勝利を収めました。	noun	3	2	"[""勝利"",""成功"",""敗北"",""試合"",""優勝""]"	"[""victory"",""success"",""defeat"",""game"",""championship""]"	"[""victory"",""visitor"",""history"",""factory"",""picture""]"	[]	"[{""word"":""defeat"",""note"":""勝利の反対""}]"
301038	3	champion	優勝者	the best player or team	She became the tennis champion.	彼女はテニスの優勝者になりました。	noun	3	2	"[""優勝者"",""選手"",""観客"",""審判"",""監督""]"	"[""champion"",""player"",""fan"",""referee"",""coach""]"	"[""champion"",""campus"",""candle"",""channel"",""captain""]"	[]	[]
301039	3	Have a safe trip.	気をつけて行ってきて	used to wish someone a safe journey	Have a safe trip to Osaka.	大阪へ気をつけて行ってきて。	sentence	3	3	"[""気をつけて行ってきて"",""お元気で"",""また会いましょう"",""ゆっくり休んでね"",""がんばってね""]"	"[""Have a safe trip."",""Take care."",""See you again."",""Have a good rest."",""Good luck.""]"	"[""Have a safe trip."",""Have a nice trip."",""Have a good trip."",""Have a long trip."",""Have a short trip.""]"	[]	[]
301040	3	closely	注意深く	with a lot of attention	Please listen closely to the teacher.	先生の話を注意深く聞いてください。	adverb	3	3	"[""注意深く"",""静かに"",""すばやく"",""ゆっくり"",""簡単に""]"	"[""closely"",""quietly"",""quickly"",""slowly"",""easily""]"	"[""closely"",""clearly"",""slowly"",""cloudy"",""classy""]"	[]	[]
301041	3	carefully	注意して	in a careful way	She opened the box carefully.	彼女はその箱を注意して開けた。	adverb	3	4	"[""注意して"",""急いで"",""静かに"",""簡単に"",""元気に""]"	"[""carefully"",""quickly"",""quietly"",""easily"",""happily""]"	"[""carefully"",""cheerfully"",""careless"",""careful"",""clearly""]"	"[{""word"":""cautiously"",""note"":""より慎重にという意味""}]"	"[{""word"":""carelessly"",""note"":""不注意に""}]"
301042	3	as soon as possible	できるだけ早く	as early as you can	Please call me as soon as possible.	できるだけ早く私に電話してください。	adverb phrase	3	3	"[""できるだけ早く"",""ゆっくりと"",""突然"",""毎日"",""今のところ""]"	"[""as soon as possible"",""slowly"",""suddenly"",""every day"",""for now""]"	"[""as soon as possible"",""as long as possible"",""as early as possible"",""as fast as possible"",""as good as possible""]"	[]	[]
301043	3	actress	女優	a woman who acts in movies or plays	She wants to be an actress.	彼女は女優になりたがっています。	noun	2	3	"[""女優"",""歌手"",""画家"",""医者"",""作家""]"	"[""actress"",""singer"",""painter"",""doctor"",""writer""]"	"[""actress"",""act"",""active"",""artist"",""address""]"	[]	[]
301044	3	female	女性の	relating to women or girls	She is the first female doctor in the town.	彼女はその町で最初の女性医師です。	adjective	3	3	"[""女性の"",""男性の"",""若い"",""有名な"",""親切な""]"	"[""female"",""male"",""young"",""famous"",""kind""]"	"[""female"",""feeble"",""final"",""email"",""family""]"	[]	"[{""word"":""male"",""note"":""「男性の」という反対の意味""}]"
301045	3	language	言語	words people use to speak and write	English is an important language.	英語は大切な言語です。	noun	3	3	"[""言語"",""文化"",""歴史"",""科学"",""芸術""]"	"[""language"",""culture"",""history"",""science"",""art""]"	"[""language"",""anguish"",""sandwich"",""message"",""village""]"	[]	[]
301046	3	service	サービス	help or work for other people	The hotel has good service.	そのホテルはサービスがよいです。	noun	3	3	"[""サービス"",""商品"",""値段"",""予約"",""案内""]"	"[""service"",""product"",""price"",""reservation"",""guide""]"	"[""service"",""surface"",""server"",""circle"",""station""]"	[]	[]
301047	3	business	商売、事業	work involving buying or selling things	My father is in business.	私の父は商売をしています。	noun	3	3	"[""商売、事業"",""勉強"",""旅行"",""会議"",""宿題""]"	"[""business"",""study"",""travel"",""meeting"",""homework""]"	"[""business"",""busy"",""visit"",""lesson"",""fitness""]"	[]	[]
301048	3	clerk	店員	a person who works in a store or office	The clerk helped me find the book.	その店員は私がその本を見つけるのを手伝ってくれました。	noun	3	3	"[""店員"",""医者"",""運転手"",""先生"",""警官""]"	"[""clerk"",""doctor"",""driver"",""teacher"",""police officer""]"	"[""clerk"",""clock"",""click"",""class"",""clean""]"	"[{""word"":""shop assistant"",""note"":""主に店で働く人""}]"	[]
301049	3	staff	職員	the people who work for a school, store, or company	The school staff were very kind to us.	学校の職員は私たちにとても親切でした。	noun	3	4	"[""職員"",""客"",""生徒"",""近所の人"",""旅行者""]"	"[""staff"",""customer"",""student"",""neighbor"",""traveler""]"	"[""staff"",""stuff"",""stamp"",""stand"",""step""]"	"[{""word"":""workers"",""note"":""働いている人たち""}]"	[]
301050	3	valuable	価値のある	worth a lot of money or very useful	This watch is very valuable.	この腕時計はとても価値があります。	adjective	4	3	"[""価値のある"",""重い"",""静かな"",""有名な"",""安全な""]"	"[""valuable"",""heavy"",""quiet"",""famous"",""safe""]"	"[""valuable"",""visible"",""vegetable"",""careful"",""possible""]"	[]	"[{""word"":""worthless"",""note"":""価値がない""}]"
301051	3	value	価値	how useful or important something is	This old coin has great value.	この古いコインには大きな価値がある。	noun	3	3	"[""価値"",""値段"",""理由"",""形"",""色""]"	"[""value"",""price"",""reason"",""shape"",""color""]"	"[""value"",""valley"",""volume"",""visit"",""vase""]"	[]	[]
301052	3	spell	つづる	to write or say the letters of a word	Can you spell your name?	あなたは自分の名前をつづれますか。	verb	2	3	"[""つづる"",""読む"",""書く"",""話す"",""数える""]"	"[""spell"",""read"",""write"",""speak"",""count""]"	"[""spell"",""spill"",""smell"",""special"",""space""]"	[]	[]
301053	3	chalk	チョーク	a stick used for writing on a board	The teacher wrote on the board with chalk.	先生はチョークで黒板に書いた。	noun	2	2	"[""チョーク"",""えんぴつ"",""ペン"",""消しゴム"",""定規""]"	"[""chalk"",""pencil"",""pen"",""eraser"",""ruler""]"	"[""chalk"",""clock"",""check"",""chop"",""shock""]"	[]	[]
301054	3	paper	紙	thin material used for writing or printing	Please write your name on this paper.	この紙にあなたの名前を書いてください。	noun	2	4	"[""紙"",""本"",""手紙"",""ノート"",""新聞""]"	"[""paper"",""book"",""letter"",""notebook"",""newspaper""]"	"[""paper"",""painter"",""player"",""pepper"",""panda""]"	[]	[]
301055	3	author	作家	a person who writes books or stories	My favorite author wrote this book.	私の好きな作家がこの本を書きました。	noun	4	2	"[""作家"",""画家"",""歌手"",""先生"",""医者""]"	"[""author"",""painter"",""singer"",""teacher"",""doctor""]"	"[""author"",""actor"",""artist"",""answer"",""office""]"	"[{""word"":""writer"",""note"":""より広く「書く人」""}]"	[]
301056	3	poet	詩人	a person who writes poems	The poet read her poem to the class.	その詩人はクラスで自分の詩を読みました。	noun	4	2	"[""詩人"",""作家"",""画家"",""歌手"",""俳優""]"	"[""poet"",""author"",""painter"",""singer"",""actor""]"	"[""poet"",""pilot"",""point"",""pocket"",""power""]"	[]	[]
301057	3	shout	叫ぶ	to say something very loudly	Do not shout in the library.	図書館で叫んではいけません。	verb	3	3	"[""叫ぶ"",""ささやく"",""笑う"",""歌う"",""答える""]"	"[""shout"",""whisper"",""laugh"",""sing"",""answer""]"	"[""shout"",""short"",""shop"",""shoot"",""shut""]"	"[{""word"":""yell"",""note"":""より強く大声で叫ぶ感じ""}]"	"[{""word"":""whisper"",""note"":""小さな声で言う""}]"
301058	3	gold	金	a yellow valuable metal	This ring is made of gold.	この指輪は金でできています。	noun	2	3	"[""金"",""銀"",""鉄"",""銅"",""石""]"	"[""gold"",""silver"",""iron"",""copper"",""stone""]"	"[""gold"",""cold"",""goal"",""good"",""goat""]"	[]	[]
301059	3	children	子どもたち	young people; plural of child	The children are playing in the park.	子どもたちは公園で遊んでいます。	noun	2	5	"[""子どもたち"",""大人たち"",""学生たち"",""先生たち"",""赤ちゃんたち""]"	"[""children"",""adults"",""students"",""teachers"",""babies""]"	"[""children"",""chicken"",""cheering"",""kitchen"",""written""]"	"[{""word"":""kids"",""note"":""会話でよく使うくだけた言い方""}]"	"[{""word"":""adults"",""note"":""大人たち""}]"
301060	3	semester	学期	one of the periods in a school year	The new semester starts in April.	新しい学期は4月に始まります。	noun	4	3	"[""学期"",""授業"",""試験"",""休み"",""教室""]"	"[""semester"",""lesson"",""test"",""vacation"",""classroom""]"	"[""semester"",""several"",""sister"",""summer"",""center""]"	"[{""word"":""term"",""note"":""イギリス英語では school term がよく使われる""}]"	[]
301061	3	term	学期	one of the periods of the school year	Our first term ends in July.	私たちの1学期は7月に終わります。	noun	3	4	"[""学期"",""授業"",""宿題"",""試験"",""休み""]"	"[""term"",""lesson"",""homework"",""test"",""vacation""]"	"[""term"",""team"",""turn"",""time"",""tall""]"	"[{""word"":""semester"",""note"":""主に二学期制で使うことが多い""}]"	[]
301062	3	million	100万	the number 1,000,000	The city has one million people.	その市には100万人の人がいます。	number	3	4	"[""100万"",""100"",""1000"",""1万"",""10万""]"	"[""million"",""hundred"",""thousand"",""ten thousand"",""hundred thousand""]"	"[""million"",""billion"",""onion"",""mirror"",""melon""]"	[]	[]
301063	3	midnight	真夜中	12 o'clock at night	I went to bed at midnight.	私は真夜中に寝ました。	noun	3	3	"[""真夜中"",""正午"",""朝"",""夕方"",""夜明け""]"	"[""midnight"",""noon"",""morning"",""evening"",""sunrise""]"	"[""midnight"",""moonlight"",""goodnight"",""midday"",""night""]"	[]	"[{""word"":""noon"",""note"":""昼の12時""}]"
301064	3	somewhat	いくぶん	a little; to some degree	This bag is somewhat heavy.	このバッグはいくぶん重いです。	adverb	4	2	"[""いくぶん"",""とても"",""まったく～ない"",""たいてい"",""すぐに""]"	"[""somewhat"",""very"",""not at all"",""usually"",""soon""]"	"[""somewhat"",""someone"",""somewhere"",""summer"",""softer""]"	"[{""word"":""a little"",""note"":""よりやさしい言い方""}]"	[]
301065	3	boyfriend	彼氏	a male romantic partner	My sister has a boyfriend.	私の姉には彼氏がいます。	noun	2	3	"[""彼氏"",""夫"",""兄"",""男の子"",""友だち""]"	"[""boyfriend"",""husband"",""brother"",""boy"",""friend""]"	"[""boyfriend"",""girlfriend"",""boy"",""friend"",""toy""]"	[]	[]
301066	3	political	政治の	related to government or politics	He is interested in political news.	彼は政治のニュースに興味があります。	adjective	4	3	"[""政治の"",""医学の"",""歴史の"",""経済の"",""文化の""]"	"[""political"",""medical"",""historical"",""economic"",""cultural""]"	"[""political"",""practical"",""poetical"",""public"",""possible""]"	[]	[]
301067	3	medical	医学の、医療の	related to medicine or health care	She needs medical care.	彼女は医療を必要としています。	adjective	4	3	"[""医学の、医療の"",""政治の"",""歴史の"",""経済の"",""文化の""]"	"[""medical"",""political"",""historical"",""economic"",""cultural""]"	"[""medical"",""musical"",""metal"",""middle"",""method""]"	[]	[]
301068	3	financial	お金に関する、財政の	about money	He has financial problems now.	彼は今、金銭の問題を抱えています。	adjective	5	3	"[""お金に関する、財政の"",""個人的な"",""社会の"",""文化の"",""医学の""]"	"[""financial"",""personal"",""social"",""cultural"",""medical""]"	"[""financial"",""official"",""special"",""national"",""initial""]"	[]	[]
301069	3	economic	経済の	about the economy or money	The country has economic problems.	その国は経済の問題を抱えています。	adjective	5	3	"[""経済の"",""金銭の"",""政治の"",""社会の"",""文化の""]"	"[""economic"",""financial"",""political"",""social"",""cultural""]"	"[""economic"",""electronic"",""energetic"",""ecologic"",""academic""]"	[]	[]
301070	3	racial	人種の	about race or races of people	They talked about racial problems in class.	彼らは授業で人種の問題について話しました。	adjective	5	2	"[""人種の"",""文化の"",""国際的な"",""社会の"",""歴史の""]"	"[""racial"",""cultural"",""international"",""social"",""historical""]"	"[""racial"",""nation"",""ratio"",""special"",""nature""]"	[]	[]
301071	3	react to ~	反応する	to act or feel because of something	How did she react to the news?	彼女はその知らせにどう反応しましたか。	verb phrase	4	3	"[""反応する"",""～を説明する"",""～に到着する"",""～を選ぶ"",""～を練習する""]"	"[""react to ~"",""explain ~"",""arrive at ~"",""choose ~"",""practice ~""]"	"[""react to ~"",""reply to ~"",""return to ~"",""relax with ~"",""refer to ~""]"	[]	[]
301072	3	behave	ふるまう	to act in a certain way	Please behave in class.	授業中はきちんとふるまってください。	verb	3	3	"[""ふるまう"",""集める"",""選ぶ"",""運ぶ"",""比べる""]"	"[""behave"",""collect"",""choose"",""carry"",""compare""]"	"[""behave"",""believe"",""behind"",""become"",""began""]"	"[{""word"":""act"",""note"":""より広い意味で「行動する」""}]"	[]
301073	3	reaction	反応	what you do or feel after something happens	His reaction surprised me.	彼の反応に私は驚きました。	noun	4	3	"[""反応"",""意見"",""計画"",""理由"",""結果""]"	"[""reaction"",""opinion"",""plan"",""reason"",""result""]"	"[""reaction"",""relation"",""vacation"",""station"",""question""]"	[]	[]
301074	3	pretend to do	～するふりをする	to act as if something is true	The children pretend to be doctors.	その子どもたちは医者のふりをします。	verb phrase	3	3	"[""～するふりをする"",""～を選ぶ"",""～を説明する"",""～を集める"",""～と比べる""]"	"[""pretend to do"",""choose ~"",""explain ~"",""collect ~"",""compare ~""]"	"[""pretend to do"",""prepare to do"",""plan to do"",""promise to do"",""prefer to do""]"	"[{""word"":""act"",""note"":""演じるという近い意味""}]"	[]
301075	3	interaction	交流、やり取り	communication or activity between people	Good interaction helps students learn.	よい交流は生徒たちの学びに役立ちます。	noun	4	2	"[""交流、やり取り"",""会話"",""約束"",""旅行"",""宿題""]"	"[""interaction"",""conversation"",""promise"",""trip"",""homework""]"	"[""interaction"",""introduction"",""instruction"",""information"",""invitation""]"	[]	[]
301076	3	supplement	補う	to add something extra to improve it	She uses this book to supplement her lessons.	彼女は授業を補うためにこの本を使います。	verb	5	2	"[""補う"",""集める"",""比べる"",""選ぶ"",""運ぶ""]"	"[""supplement"",""collect"",""compare"",""choose"",""carry""]"	"[""supplement"",""support"",""summer"",""supper"",""sudden""]"	[]	[]
301077	3	tip	助言	a useful piece of advice	My teacher gave me a good tip for the test.	先生はテストのためのよい助言をくれました。	noun	2	4	"[""助言"",""約束"",""質問"",""理由"",""習慣""]"	"[""tip"",""promise"",""question"",""reason"",""habit""]"	"[""tip"",""tap"",""top"",""team"",""trip""]"	"[{""word"":""advice"",""note"":""より一般的な語""}]"	[]
301078	3	afterward	その後で	at a later time	We went for a walk afterward.	私たちはその後で散歩に行った。	adverb	3	3	"[""その後で"",""すぐに"",""昨日"",""たいてい"",""突然""]"	"[""afterward"",""soon"",""yesterday"",""usually"",""suddenly""]"	"[""afterward"",""after"",""awkward"",""forward"",""afternoon""]"	"[{""word"":""later"",""note"":""より基本的な語""}]"	"[{""word"":""beforehand"",""note"":""前もって""}]"
301079	3	illegal	違法な	not allowed by law	It is illegal to park here.	ここに駐車するのは違法だ。	adjective	3	3	"[""違法な"",""安全な"",""公平な"",""有名な"",""静かな""]"	"[""illegal"",""safe"",""fair"",""famous"",""quiet""]"	"[""illegal"",""eager"",""equal"",""local"",""logical""]"	"[{""word"":""unlawful"",""note"":""ややかたい語""}]"	"[{""word"":""legal"",""note"":""法律で認められた""}]"
301080	3	undertake	引き受ける	to accept and begin a task	She will undertake the job.	彼女はその仕事を引き受けるだろう。	verb	4	2	"[""引き受ける"",""断る"",""説明する"",""集める"",""失う""]"	"[""undertake"",""refuse"",""explain"",""collect"",""lose""]"	"[""undertake"",""understand"",""underline"",""overtake"",""undertook""]"	"[{""word"":""accept"",""note"":""仕事などを受け入れる""}]"	"[{""word"":""refuse"",""note"":""引き受けない""}]"
301081	3	settlement	和解、合意	an agreement that ends a problem or argument	They reached a settlement after a long discussion.	彼らは長い話し合いの末に和解しました。	noun	4	3	"[""和解、合意"",""発見"",""出発"",""増加"",""失敗""]"	"[""settlement"",""discovery"",""departure"",""increase"",""failure""]"	"[""settlement"",""statement"",""sentiment"",""government"",""development""]"	"[{""word"":""agreement"",""note"":""合意という意味で近い""}]"	"[{""word"":""dispute"",""note"":""争い・もめごと""}]"
301082	3	bubble	泡	a small ball of air in water or other liquid	A bubble rose to the top of the water.	泡が水の上まで上がった。	noun	2	4	"[""泡"",""煙"",""雲"",""しずく"",""ほこり""]"	"[""bubble"",""smoke"",""cloud"",""drop"",""dust""]"	"[""bubble"",""double"",""trouble"",""button"",""bottle""]"	[]	[]
