"no	grade	word	japanese	description	sentence	japanese_sentence	pos	difficulty	frequency	""[""""年"""",""""月"""",""""週"""",""""日"""",""""時間""""]""	""[""""year"""",""""month"""",""""week"""",""""day"""",""""hour""""]""	""[""""year"""",""""ear"""",""""near"""",""""dear"""",""""yard""""]""	[]	[]"
500001	5	sculpture	彫刻	a work of art made by shaping stone, wood, or metal	We saw a large sculpture in the park.	私たちは公園で大きな彫刻を見ました。	noun	5	2	""[""""彫刻"""",""""絵画"""",""""写真"""",""""建物"""",""""楽器""""]""	""[""""sculpture"""",""""painting"""",""""picture"""",""""statue"""",""""drawing""""]""	""[""""sculpture"""",""""structure"""",""""scripture"""",""""capture"""",""""picture""""]""	""[{""""word"""":""""statue"""",""""note"""":""""立像などの彫像を指すことが多い""""}]""	[]"
500002	5	sustainability	持続可能性	the ability to continue without harming the environment	The company is working on sustainability.	その会社は持続可能性に取り組んでいます。	noun	5	2	""[""""持続可能性"""",""""安全性"""",""""便利さ"""",""""人気"""",""""正確さ""""]""	""[""""sustainability"""",""""safety"""",""""comfort"""",""""success"""",""""quality""""]""	""[""""sustainability"""",""""stability"""",""""ability"""",""""responsibility"""",""""possibility""""]""	[]	[]"
500003	5	competent	有能な	able to do something well	She is competent at her job.	彼女は仕事ができる。	adjective	5	3	""[""""有能な"""",""""親切な"""",""""正直な"""",""""活発な"""",""""慎重な""""]""	""[""""competent"""",""""honest"""",""""active"""",""""careful"""",""""kind""""]""	""[""""competent"""",""""confident"""",""""constant"""",""""company"""",""""comment""""]""	""[{""""word"""":""""capable"""",""""note"""":""""少し一般的な言い方""""},{""""word"""":""""skilled"""",""""note"""":""""技術や経験がある感じ""""}]""	""[{""""word"""":""""incompetent"""",""""note"""":""""能力が足りない""""},{""""word"""":""""unable"""",""""note"""":""""できない""""}]"""
500004	5	in sight	見えて	able to be seen	The island is now in sight.	その島が今見えている。	adjective	5	2	""[""""見えて"""",""""隠れて"""",""""近くに"""",""""遠くに"""",""""静かに""""]""	""[""""in sight"""",""""nearby"""",""""far away"""",""""hidden"""",""""outside""""]""	""[""""in sight"""",""""inside"""",""""insight"""",""""invite"""",""""in time""""]""	""[{""""word"""":""""visible"""",""""note"""":""""見える状態""""}]""	""[{""""word"""":""""out of sight"""",""""note"""":""""見えないところに""""}]"""
500005	5	flexibility	柔軟性	the ability to bend or change easily	Yoga can improve your flexibility.	ヨガは柔軟性を高めることができる。	noun	5	2	""[""""柔軟性"""",""""速さ"""",""""強さ"""",""""正確さ"""",""""人気""""]""	""[""""flexibility"""",""""speed"""",""""strength"""",""""accuracy"""",""""popularity""""]""	""[""""flexibility"""",""""possibility"""",""""activity"""",""""electricity"""",""""responsibility""""]""	[]	""[{""""word"""":""""stiffness"""",""""note"""":""""体などがかたいこと""""}]"""
500006	5	be capable of	～できる	to have the ability to do something	She is capable of solving the problem.	彼女はその問題を解くことができる。	verb	5	3	""[""""～できる"""",""""～を避ける"""",""""～を望む"""",""""～に賛成する"""",""""～を必要とする""""]""	""[""""be capable of"""",""""be afraid of"""",""""be proud of"""",""""be interested in"""",""""be tired of""""]""	""[""""be capable of"""",""""be careful of"""",""""be proud of"""",""""be tired of"""",""""be full of""""]""	""[{""""word"""":""""be able to"""",""""note"""":""""より基本的な表現""""}]""	""[{""""word"""":""""be unable to"""",""""note"""":""""できない""""}]"""
500007	5	judicial	司法の	related to judges or courts of law	The case is now in the judicial system.	その事件は今、司法制度の中で扱われている。	adjective	5	2	""[""""司法の"""",""""立法の"""",""""行政の"""",""""医学の"""",""""歴史の""""]""	""[""""judicial"""",""""legislative"""",""""administrative"""",""""medical"""",""""historical""""]""	""[""""judicial"""",""""official"""",""""artificial"""",""""initial"""",""""special""""]""	[]	[]"
500008	5	ecological	生態学の	related to nature and the environment	They are studying ecological problems.	彼らは生態学上の問題を研究している。	adjective	5	2	""[""""生態学の"""",""""経済の"""",""""文化の"""",""""政治の"""",""""伝統的な""""]""	""[""""ecological"""",""""economic"""",""""cultural"""",""""political"""",""""traditional""""]""	""[""""ecological"""",""""economic"""",""""electronic"""",""""logical"""",""""local""""]""	""[{""""word"""":""""environmental"""",""""note"""":""""環境に関する意味で近い""""}]""	[]"
500009	5	regarding	〜に関して	about a subject or topic	I have a question regarding the schedule.	私は予定に関して質問があります。	preposition	5	3	""[""""〜に関して"""",""""〜の前に"""",""""〜の後で"""",""""〜の代わりに"""",""""〜のおかげで""""]""	""[""""regarding"""",""""before"""",""""after"""",""""instead of"""",""""because of""""]""	""[""""regarding"""",""""recording"""",""""rewarding"""",""""reading"""",""""garden""""]""	""[{""""word"""":""""about"""",""""note"""":""""より基本的な語""""},{""""word"""":""""concerning"""",""""note"""":""""ややかたい表現""""}]""	[]"
500010	5	with regard to	〜に関して	about a subject or matter	Please call me with regard to your order.	あなたの注文に関して私に電話してください。	preposition	5	2	""[""""〜に関して"""",""""〜の前に"""",""""〜の後で"""",""""〜の代わりに"""",""""〜と一緒に""""]""	""[""""with regard to"""",""""before"""",""""after"""",""""instead of"""",""""with""""]""	""[""""with regard to"""",""""with a card too"""",""""with a guard dog"""",""""with regard for"""",""""without you""""]""	""[{""""word"""":""""about"""",""""note"""":""""より基本的な語""""},{""""word"""":""""concerning"""",""""note"""":""""ややかたい表現""""}]""	[]"
500011	5	in regard to	〜に関して	about a subject or matter	He spoke in regard to the new rule.	彼は新しい規則に関して話しました。	preposition	5	2	""[""""〜に関して"""",""""〜の前に"""",""""〜の後で"""",""""〜の代わりに"""",""""〜の間に""""]""	""[""""in regard to"""",""""before"""",""""after"""",""""instead of"""",""""during""""]""	""[""""in regard to"""",""""in a garden"""",""""in the car too"""",""""in return to"""",""""in the dark room""""]""	""[{""""word"""":""""about"""",""""note"""":""""より基本的な語""""},{""""word"""":""""concerning"""",""""note"""":""""ややかたい表現""""}]""	[]"
500012	5	take in	理解する	to understand something	It took me time to take in the news.	その知らせを理解するのに時間がかかった。	verb	5	3	""[""""理解する"""",""""拒否する"""",""""説明する"""",""""比較する"""",""""記録する""""]""	""[""""take in"""",""""put off"""",""""give up"""",""""look for"""",""""write down""""]""	""[""""take in"""",""""taking"""",""""taken"""",""""table"""",""""ticket""""]""	""[{""""word"""":""""understand"""",""""note"""":""""より基本的な語""""}]""	[]"
500013	5	face up to	立ち向かう	to accept and deal with something difficult	We must face up to the problem.	私たちはその問題に立ち向かわなければならない。	verb	5	2	""[""""立ち向かう"""",""""避ける"""",""""隠す"""",""""疑う"""",""""失う""""]""	""[""""face up to"""",""""run away from"""",""""hide"""",""""ignore"""",""""lose""""]""	""[""""face up to"""",""""wake up"""",""""make up"""",""""save"""",""""fast""""]""	""[{""""word"""":""""deal with"""",""""note"""":""""対処するという意味で近い""""}]""	""[{""""word"""":""""avoid"""",""""note"""":""""問題などを避ける""""}]"""
500014	5	tolerance	寛容	the ability to accept differences or difficult things	Tolerance is important in a diverse society.	多様な社会では寛容が大切です。	noun	5	2	""[""""寛容"""",""""勇気"""",""""責任"""",""""努力"""",""""誠実""""]""	""[""""tolerance"""",""""courage"""",""""duty"""",""""effort"""",""""honesty""""]""	""[""""tolerance"""",""""talent"""",""""tourist"""",""""terrace"""",""""balance""""]""	[]	""[{""""word"""":""""intolerance"""",""""note"""":""""寛容でないこと""""}]"""
500015	5	be open to	前向きである	to be willing to consider or accept something	She is open to new ideas.	彼女は新しい考えに前向きです。	adjective	5	3	""[""""前向きである"""",""""反対している"""",""""驚いている"""",""""満足している"""",""""心配している""""]""	""[""""be open to"""",""""be against"""",""""be surprised at"""",""""be satisfied with"""",""""be worried about""""]""	""[""""be open to"""",""""be honest with"""",""""be close to"""",""""be kind to"""",""""be ready for""""]""	""[{""""word"""":""""be willing to"""",""""note"""":""""〜する気がある""""},{""""word"""":""""be receptive to"""",""""note"""":""""ややかたい表現""""}]""	""[{""""word"""":""""be against"""",""""note"""":""""反対している""""}]"""
500016	5	successful	成功した	having good results	Her business became successful.	彼女の事業は成功しました。	adjective	4	4	""[""""成功した"""",""""有名な"""",""""忙しい"""",""""正直な"""",""""親切な""""]""	""[""""successful"""",""""famous"""",""""busy"""",""""honest"""",""""kind""""]""	""[""""successful"""",""""careful"""",""""helpful"""",""""peaceful"""",""""wonderful""""]""	""[{""""word"""":""""successful"""",""""note"""":""""基本語""""}]""	""[{""""word"""":""""unsuccessful"""",""""note"""":""""成功していない""""},{""""word"""":""""failed"""",""""note"""":""""結果が出なかった""""}]"""
500017	5	on behalf of	〜に代わって	as a representative of someone	I spoke on behalf of my team.	私はチームを代表して話しました。	preposition	5	3	""[""""〜に代わって"""",""""〜の前で"""",""""〜の近くで"""",""""〜のおかげで"""",""""〜と一緒に""""]""	""[""""on behalf of"""",""""in front of"""",""""close to"""",""""because of"""",""""along with""""]""	""[""""on behalf of"""",""""in back of"""",""""on top of"""",""""out of"""",""""ahead of""""]""	""[{""""word"""":""""for"""",""""note"""":""""文脈によっては近い意味""""}]""	[]"
500018	5	take action	行動を起こす	to do something to solve a problem	We must take action now.	私たちは今、行動を起こさなければならない。	verb	5	3	""[""""行動を起こす"""",""""計画を立てる"""",""""約束を守る"""",""""意見を変える"""",""""休みを取る""""]""	""[""""take action"""",""""make a plan"""",""""keep a promise"""",""""change an opinion"""",""""take a break""""]""	""[""""take action"""",""""take a chance"""",""""take a picture"""",""""take a lesson"""",""""take a train""""]""	""[{""""word"""":""""act"""",""""note"""":""""より短く基本的な語""""}]""	""[{""""word"""":""""wait"""",""""note"""":""""何もしないで待つ""""}]"""
500019	5	violation	違反	an act of breaking a rule or law	The team reported a violation of the rules.	そのチームは規則違反を報告した。	noun	5	2	""[""""違反"""",""""許可"""",""""提案"""",""""努力"""",""""成功""""]""	""[""""violation"""",""""permission"""",""""suggestion"""",""""effort"""",""""success""""]""	""[""""violation"""",""""vacation"""",""""relation"""",""""direction"""",""""version""""]""	""[{""""word"""":""""offense"""",""""note"""":""""法律や規則に対する違反""""}]""	""[{""""word"""":""""obedience"""",""""note"""":""""規則に従うこと""""}]"""
500020	5	bribery	わいろ	the act of giving money to make someone act unfairly	The company denied bribery in the deal.	その会社はその取引でのわいろを否定した。	noun	5	1	""[""""わいろ"""",""""詐欺"""",""""契約"""",""""罰金"""",""""証拠""""]""	""[""""bribery"""",""""fraud"""",""""contract"""",""""fine"""",""""evidence""""]""	""[""""bribery"""",""""library"""",""""primary"""",""""summary"""",""""battery""""]""	[]	[]"
500021	5	revision	修正	a change made to improve something	I made a revision to my report.	私はレポートに修正を加えた。	noun	5	3	""[""""修正"""",""""削減"""",""""分離"""",""""追加"""",""""説明""""]""	""[""""revision"""",""""reduction"""",""""separation"""",""""addition"""",""""description""""]""	""[""""revision"""",""""decision"""",""""division"""",""""version"""",""""religion""""]""	""[{""""word"""":""""correction"""",""""note"""":""""まちがいを直すことに近い""""}]""	[]"
500022	5	separation	分離	the act of moving things or people apart	The separation of trash is important.	ごみの分別は大切です。	noun	5	3	""[""""分離"""",""""修正"""",""""削減"""",""""結合"""",""""発見""""]""	""[""""separation"""",""""revision"""",""""reduction"""",""""union"""",""""discovery""""]""	""[""""separation"""",""""celebration"""",""""operation"""",""""generation"""",""""situation""""]""	""[{""""word"""":""""division"""",""""note"""":""""部分に分ける意味で近い""""}]""	""[{""""word"""":""""union"""",""""note"""":""""一つになること""""}]"""
500023	5	reduction	削減	the act of making something less	The company announced a reduction in costs.	その会社は費用の削減を発表した。	noun	5	3	""[""""削減"""",""""修正"""",""""分離"""",""""増加"""",""""選択""""]""	""[""""reduction"""",""""revision"""",""""separation"""",""""increase"""",""""choice""""]""	""[""""reduction"""",""""production"""",""""instruction"""",""""relation"""",""""reaction""""]""	""[{""""word"""":""""decrease"""",""""note"""":""""量が減ること""""}]""	""[{""""word"""":""""increase"""",""""note"""":""""量が増えること""""}]"""
500024	5	resistance	抵抗	the act of fighting against something	The plan met strong resistance from the students.	その計画は生徒たちの強い抵抗にあった。	noun	5	3	""[""""抵抗"""",""""協力"""",""""賛成"""",""""努力"""",""""変化""""]""	""[""""resistance"""",""""support"""",""""agreement"""",""""effort"""",""""change""""]""	""[""""resistance"""",""""distance"""",""""instance"""",""""assistant"""",""""result""""]""	""[{""""word"""":""""opposition"""",""""note"""":""""より一般的な「反対」""""}]""	""[{""""word"""":""""acceptance"""",""""note"""":""""受け入れること""""}]"""
500025	5	tribute	賛辞	words or actions that show respect or praise	The speech was a tribute to her teacher.	そのスピーチは彼女の先生への賛辞だった。	noun	5	2	""[""""賛辞"""",""""批判"""",""""助言"""",""""報告"""",""""冗談""""]""	""[""""tribute"""",""""criticism"""",""""advice"""",""""report"""",""""joke""""]""	""[""""tribute"""",""""trip"""",""""true"""",""""trouble"""",""""traffic""""]""	""[{""""word"""":""""praise"""",""""note"""":""""より一般的な語""""}]""	""[{""""word"""":""""criticism"""",""""note"""":""""批判""""}]"""
500026	5	rotation	回転	movement in a circle around a center	The rotation of the earth causes day and night.	地球の回転が昼と夜を生み出す。	noun	5	3	""[""""回転"""",""""移動"""",""""成長"""",""""停止"""",""""衝突""""]""	""[""""rotation"""",""""movement"""",""""growth"""",""""stop"""",""""collision""""]""	""[""""rotation"""",""""relation"""",""""station"""",""""vacation"""",""""location""""]""	""[{""""word"""":""""turn"""",""""note"""":""""より基本的な語""""}]""	[]"
500027	5	theft	盗み	the crime of taking something that is not yours	The store reported a theft last night.	その店は昨夜、盗みがあったと届け出た。	noun	5	3	""[""""盗み"""",""""火事"""",""""事故"""",""""けんか"""",""""詐欺""""]""	""[""""theft"""",""""arson"""",""""accident"""",""""fight"""",""""fraud""""]""	""[""""theft"""",""""left"""",""""test"""",""""tent"""",""""thank""""]""	""[{""""word"""":""""stealing"""",""""note"""":""""より一般的な言い方""""}]""	[]"
500028	5	suspension	停学	a punishment that stops a student from going to school for a time	He got a suspension for fighting at school.	彼は学校でけんかをして停学になった。	noun	6	2	""[""""停学"""",""""退学"""",""""注意"""",""""罰金"""",""""警告""""]""	""[""""suspension"""",""""expulsion"""",""""warning"""",""""fine"""",""""notice""""]""	""[""""suspension"""",""""attention"""",""""condition"""",""""suggestion"""",""""discussion""""]""	[]	[]"
500029	5	utilization	利用	the act of using something in a useful way	The utilization of solar energy is increasing.	太陽エネルギーの利用は増えている。	noun	6	2	""[""""利用"""",""""発明"""",""""保存"""",""""輸送"""",""""調査""""]""	""[""""utilization"""",""""invention"""",""""storage"""",""""transport"""",""""research""""]""	""[""""utilization"""",""""organization"""",""""realization"""",""""education"""",""""operation""""]""	""[{""""word"""":""""use"""",""""note"""":""""より基本的な語""""}]""	[]"
500030	5	vaccination	予防接種	a shot that helps prevent disease	The child got a vaccination at the clinic.	その子どもは診療所で予防接種を受けた。	noun	5	3	""[""""予防接種"""",""""手術"""",""""診察"""",""""治療"""",""""薬""""]""	""[""""vaccination"""",""""operation"""",""""examination"""",""""treatment"""",""""medicine""""]""	""[""""vaccination"""",""""vacation"""",""""variation"""",""""application"""",""""celebration""""]""	""[{""""word"""":""""shot"""",""""note"""":""""口語で「注射」""""}]""	[]"
500031	5	warfare	戦争	the activity of fighting in a war	Modern warfare uses advanced technology.	現代の戦争では高度な技術が使われる。	noun	5	2	""[""""戦争"""",""""平和"""",""""貿易"""",""""会議"""",""""旅行""""]""	""[""""warfare"""",""""peace"""",""""trade"""",""""meeting"""",""""travel""""]""	""[""""warfare"""",""""welfare"""",""""warmer"""",""""worker"""",""""wonder""""]""	""[{""""word"""":""""war"""",""""note"""":""""より基本的な語""""}]""	""[{""""word"""":""""peace"""",""""note"""":""""戦争がない状態""""}]"""
500032	5	behavior	行動	the way a person acts	His behavior was polite at dinner.	夕食のときの彼の行動は礼儀正しかった。	noun	4	4	""[""""行動"""",""""性格"""",""""習慣"""",""""表情"""",""""意見""""]""	""[""""behavior"""",""""character"""",""""habit"""",""""expression"""",""""opinion""""]""	""[""""behavior"""",""""savior"""",""""visitor"""",""""senior"""",""""failure""""]""	""[{""""word"""":""""conduct"""",""""note"""":""""ややかたい語""""}]""	[]"
500033	5	dynamic	活発な	full of energy and action	She is a dynamic leader.	彼女は活発なリーダーです。	adjective	5	3	""[""""活発な"""",""""静かな"""",""""慎重な"""",""""親切な"""",""""正直な""""]""	""[""""dynamic"""",""""quiet"""",""""careful"""",""""kind"""",""""honest""""]""	""[""""dynamic"""",""""dramatic"""",""""domestic"""",""""economic"""",""""athletic""""]""	""[{""""word"""":""""active"""",""""note"""":""""より基本的な語""""},{""""word"""":""""energetic"""",""""note"""":""""元気いっぱいの""""}]""	""[{""""word"""":""""inactive"""",""""note"""":""""活動していない""""},{""""word"""":""""quiet"""",""""note"""":""""おとなしい文脈で使える""""}]"""
500034	5	in reality	実際は	actually; in fact	In reality, the test was not so hard.	実際は、そのテストはそれほど難しくありませんでした。	adverb	5	3	""[""""実際は"""",""""突然"""",""""たぶん"""",""""最後に"""",""""例えば""""]""	""[""""in reality"""",""""suddenly"""",""""probably"""",""""finally"""",""""for example""""]""	""[""""in reality"""",""""in return"""",""""in a hurry"""",""""in detail"""",""""in general""""]""	""[{""""word"""":""""actually"""",""""note"""":""""より基本的な語""""},{""""word"""":""""in fact"""",""""note"""":""""事実として""""}]""	[]"
500035	5	to make matters worse	さらに悪いことに	used to add something more bad	To make matters worse, it started to rain.	さらに悪いことに、雨が降り始めました。	conjunction	5	2	""[""""さらに悪いことに"""",""""その結果"""",""""たとえば"""",""""一方で"""",""""少なくとも""""]""	""[""""to make matters worse"""",""""as a result"""",""""for example"""",""""on the other hand"""",""""at least""""]""	""[""""to make matters worse"""",""""to make things better"""",""""to take a bus first"""",""""to meet after school"""",""""to wake up early""""]""	""[{""""word"""":""""worse still"""",""""note"""":""""同じように文頭で使う""""}]""	[]"
500036	5	extension	延長	extra time given for something	I got an extension for my homework.	私は宿題の延長をもらった。	noun	5	3	""[""""延長"""",""""提案"""",""""予約"""",""""招待"""",""""経験""""]""	""[""""extension"""",""""suggestion"""",""""reservation"""",""""invitation"""",""""experience""""]""	""[""""extension"""",""""attention"""",""""direction"""",""""question"""",""""expression""""]""	""[{""""word"""":""""extra time"""",""""note"""":""""期限などの延長を表すやさしい言い方""""}]""	[]"
500037	5	furthermore	そのうえ	in addition to what was said	The hotel was clean, and furthermore, it was cheap.	そのホテルは清潔で、そのうえ安かった。	adverb	5	2	""[""""そのうえ"""",""""しかし"""",""""たぶん"""",""""ついに"""",""""代わりに""""]""	""[""""furthermore"""",""""however"""",""""probably"""",""""finally"""",""""instead""""]""	""[""""furthermore"""",""""forever"""",""""formal"""",""""farmer"""",""""feather""""]""	""[{""""word"""":""""moreover"""",""""note"""":""""より書き言葉でよく使う""""}]""	""[{""""word"""":""""however"""",""""note"""":""""逆の内容をつなぐ語""""}]"""
500038	5	recommendation	推薦	an opinion that something is good	Thank you for your recommendation.	ご推薦ありがとうございます。	noun	5	3	""[""""推薦"""",""""説明"""",""""発見"""",""""会話"""",""""選択""""]""	""[""""recommendation"""",""""explanation"""",""""discovery"""",""""conversation"""",""""choice""""]""	""[""""recommendation"""",""""communication"""",""""conversation"""",""""combination"""",""""celebration""""]""	""[{""""word"""":""""suggestion"""",""""note"""":""""より広く使えるやさしい語""""}]""	[]"
500039	5	thereafter	その後	after that time	He moved to Osaka and lived there thereafter.	彼は大阪に引っ越し、その後ずっとそこに住んだ。	adverb	5	2	""[""""その後"""",""""以前に"""",""""すぐに"""",""""最後に"""",""""突然""""]""	""[""""thereafter"""",""""beforehand"""",""""soon"""",""""finally"""",""""suddenly""""]""	""[""""thereafter"""",""""therefore"""",""""their"""",""""throughout"""",""""thoughtful""""]""	""[{""""word"""":""""afterward"""",""""note"""":""""より一般的な語""""},{""""word"""":""""later"""",""""note"""":""""より広い意味で使う""""}]""	""[{""""word"""":""""beforehand"""",""""note"""":""""前もって""""}]"""
500040	5	unconstitutional	違憲の	not allowed by the constitution	The court said the new law was unconstitutional.	裁判所はその新しい法律は違憲だと言った。	adjective	5	1	""[""""違憲の"""",""""合法の"""",""""公平な"""",""""重要な"""",""""公式の""""]""	""[""""unconstitutional"""",""""legal"""",""""fair"""",""""important"""",""""official""""]""	""[""""unconstitutional"""",""""unusual"""",""""international"""",""""educational"""",""""traditional""""]""	[]	""[{""""word"""":""""constitutional"""",""""note"""":""""憲法にかなった""""},{""""word"""":""""legal"""",""""note"""":""""法律上認められた""""}]"""
500041	5	be opposed to	反対している	to disagree with or be against something	Many people are opposed to the plan.	多くの人がその計画に反対している。	verb	5	3	""[""""反対している"""",""""賛成している"""",""""興味がある"""",""""満足している"""",""""驚いている""""]""	""[""""be opposed to"""",""""agree with"""",""""be interested in"""",""""be satisfied with"""",""""be surprised at""""]""	""[""""be opposed to"""",""""be open to"""",""""be close to"""",""""be used to"""",""""be polite to""""]""	""[{""""word"""":""""be against"""",""""note"""":""""より口語的""""},{""""word"""":""""disagree with"""",""""note"""":""""意見が合わない""""}]""	""[{""""word"""":""""agree with"""",""""note"""":""""賛成する""""},{""""word"""":""""support"""",""""note"""":""""支持する""""}]"""
500042	5	contrary to	〜に反して	in a way that is different from something expected or stated	Contrary to our plan, it rained all day.	私たちの計画に反して、一日中雨が降った。	preposition	5	3	""[""""〜に反して"""",""""〜のおかげで"""",""""〜の前に"""",""""〜と一緒に"""",""""〜について""""]""	""[""""contrary to"""",""""because of"""",""""before"""",""""with"""",""""about""""]""	""[""""contrary to"""",""""country"""",""""control"""",""""contract"""",""""contrast""""]""	[]	[]"
500043	5	be contrary to	〜に反する	to be against a rule, idea, or fact	His actions were contrary to the school rules.	彼の行動は学校の規則に反していた。	verb	5	2	""[""""〜に反する"""",""""〜に従う"""",""""〜を含む"""",""""〜を支える"""",""""〜を説明する""""]""	""[""""be contrary to"""",""""follow"""",""""include"""",""""support"""",""""explain""""]""	""[""""be contrary to"""",""""be careful"""",""""be close to"""",""""be common"""",""""be ready to""""]""	[]	[]"
500044	5	compromise	妥協	an agreement in which each side gives up something	After a long talk, they reached a compromise.	長い話し合いのあと、彼らは妥協に達した。	noun	5	3	""[""""妥協"""",""""議論"""",""""提案"""",""""約束"""",""""意見""""]""	""[""""compromise"""",""""argument"""",""""proposal"""",""""promise"""",""""opinion""""]""	""[""""compromise"""",""""company"""",""""compose"""",""""compress"""",""""surprise""""]""	""[{""""word"""":""""agreement"""",""""note"""":""""より広い意味の「合意」""""}]""	[]"
500045	5	accord	一致	agreement between people or groups	The two countries lived in accord for many years.	その2つの国は長年、調和して暮らしていた。	noun	5	2	""[""""一致"""",""""反対"""",""""議論"""",""""計画"""",""""約束""""]""	""[""""accord"""",""""debate"""",""""plan"""",""""promise"""",""""reply""""]""	""[""""accord"""",""""record"""",""""aboard"""",""""account"""",""""across""""]""	""[{""""word"""":""""agreement"""",""""note"""":""""より一般的な語""""}]""	""[{""""word"""":""""conflict"""",""""note"""":""""対立・不一致""""}]"""
500046	5	consent	同意	permission or agreement to do something	Her parents gave their consent to the trip.	彼女の両親はその旅行に同意した。	noun	5	3	""[""""同意"""",""""拒否"""",""""提案"""",""""命令"""",""""注意""""]""	""[""""consent"""",""""refusal"""",""""proposal"""",""""order"""",""""warning""""]""	""[""""consent"""",""""content"""",""""concert"""",""""connect"""",""""concern""""]""	""[{""""word"""":""""agreement"""",""""note"""":""""意味が近い基本語""""},{""""word"""":""""permission"""",""""note"""":""""許可の意味が強い""""}]""	""[{""""word"""":""""refusal"""",""""note"""":""""同意しないこと""""}]"""
500047	5	unanimous	全員一致の	having complete agreement by everyone	The class made a unanimous decision.	クラスは全員一致の決定をした。	adjective	6	2	""[""""全員一致の"""",""""不確かな"""",""""個人的な"""",""""突然の"""",""""公式の""""]""	""[""""unanimous"""",""""uncertain"""",""""personal"""",""""sudden"""",""""official""""]""	""[""""unanimous"""",""""enormous"""",""""anonymous"""",""""dangerous"""",""""famous""""]""	""[{""""word"""":""""agreed"""",""""note"""":""""文脈によって近い意味""""}]""	""[{""""word"""":""""divided"""",""""note"""":""""意見が分かれた""""}]"""
500048	5	consensus	合意	general agreement in a group	The team reached a consensus after a long meeting.	そのチームは長い会議のあとで合意に達した。	noun	5	2	""[""""合意"""",""""反対"""",""""提案"""",""""議論"""",""""決定""""]""	""[""""consensus"""",""""conflict"""",""""proposal"""",""""debate"""",""""decision""""]""	""[""""consensus"""",""""concern"""",""""concert"""",""""condition"""",""""conference""""]""	""[{""""word"""":""""agreement"""",""""note"""":""""より一般的で基本的な語""""}]""	""[{""""word"""":""""disagreement"""",""""note"""":""""意見が一致しないこと""""}]"""
500049	5	with a view to	〜する目的で	for the purpose of doing something	She saved money with a view to studying abroad.	彼女は留学する目的でお金をためた。	preposition	5	2	""[""""〜する目的で"""",""""〜にもかかわらず"""",""""〜の代わりに"""",""""〜に加えて"""",""""〜によると""""]""	""[""""with a view to"""",""""in spite of"""",""""instead of"""",""""in addition to"""",""""according to""""]""	""[""""with a view to"""",""""with a few friends"""",""""with a new bag"""",""""with a blue pen"""",""""with a good plan""""]""	""[{""""word"""":""""for the purpose of"""",""""note"""":""""やや説明的な言い換え""""}]""	[]"
500050	5	humanity	人類	all people in the world	We must protect the future of humanity.	私たちは人類の未来を守らなければならない。	noun	5	3	""[""""人類"""",""""社会"""",""""自然"""",""""文化"""",""""歴史""""]""	""[""""humanity"""",""""society"""",""""nature"""",""""culture"""",""""history""""]""	""[""""humanity"""",""""humidity"""",""""community"""",""""opportunity"""",""""unity""""]""	""[{""""word"""":""""humankind"""",""""note"""":""""人類全体を表す語""""}]""	[]"
500051	5	barely	かろうじて	only just; almost not	I could barely hear his voice.	私は彼の声がかろうじて聞こえた。	adverb	5	3	""[""""かろうじて"""",""""突然"""",""""完全に"""",""""静かに"""",""""すぐに""""]""	""[""""barely"""",""""suddenly"""",""""completely"""",""""quietly"""",""""quickly""""]""	""[""""barely"""",""""fairly"""",""""early"""",""""really"""",""""rarely""""]""	""[{""""word"""":""""hardly"""",""""note"""":""""barely と近いが、より否定的に使うことが多い""""}]""	""[{""""word"""":""""fully"""",""""note"""":""""十分に""""}]"""
500052	5	on one's own	ひとりで	without help from other people	She finished the work on her own.	彼女はその仕事をひとりで終えた。	adverb	5	3	""[""""ひとりで"""",""""いっしょに"""",""""すぐに"""",""""ゆっくり"""",""""とつぜん""""]""	""[""""on one's own"""",""""together"""",""""quickly"""",""""slowly"""",""""suddenly""""]""	""[""""on one's own"""",""""on my own"""",""""all alone"""",""""on the road"""",""""in my room""""]""	""[{""""word"""":""""alone"""",""""note"""":""""状態として一人で""""},{""""word"""":""""by oneself"""",""""note"""":""""ほぼ同じ意味""""}]""	""[{""""word"""":""""together"""",""""note"""":""""いっしょに""""}]"""
500053	5	additionally	さらに	also; in addition	Additionally, we need more time.	さらに、私たちにはもっと時間が必要です。	adverb	5	2	""[""""さらに"""",""""たぶん"""",""""最後に"""",""""静かに"""",""""突然""""]""	""[""""additionally"""",""""probably"""",""""finally"""",""""quietly"""",""""suddenly""""]""	""[""""additionally"""",""""actually"""",""""especially"""",""""certainly"""",""""gradually""""]""	""[{""""word"""":""""also"""",""""note"""":""""より基本的な語""""},{""""word"""":""""besides"""",""""note"""":""""追加情報を述べるときに使う""""}]""	[]"
500054	5	what is more	そのうえ	in addition; also	The bag is cheap, and what is more, it is strong.	そのかばんは安く、そのうえ丈夫です。	conjunction	5	2	""[""""そのうえ"""",""""しかし"""",""""たとえば"""",""""その代わり"""",""""一方で""""]""	""[""""what is more"""",""""however"""",""""for example"""",""""instead"""",""""on the other hand""""]""	""[""""what is more"""",""""what is wrong"""",""""what is this"""",""""once more"""",""""what's more""""]""	""[{""""word"""":""""what's more"""",""""note"""":""""より口語的な形""""},{""""word"""":""""in addition"""",""""note"""":""""ややかたい表現""""}]""	[]"
500055	5	consistent	一貫した	always acting or happening in the same way	She is consistent in her work every day.	彼女は毎日、仕事ぶりが一貫している。	adjective	5	3	""[""""一貫した"""",""""不注意な"""",""""正直な"""",""""活発な"""",""""静かな""""]""	""[""""consistent"""",""""careless"""",""""honest"""",""""active"""",""""quiet""""]""	""[""""consistent"""",""""assistant"""",""""constant"""",""""resistant"""",""""distance""""]""	""[{""""word"""":""""constant"""",""""note"""":""""変わらないという意味で近い""""}]""	""[{""""word"""":""""inconsistent"""",""""note"""":""""一貫していない""""}]"""
500056	5	spectacular	見事な	very exciting and impressive	We saw a spectacular view from the mountain.	私たちは山から見事な景色を見た。	adjective	5	2	""[""""見事な"""",""""退屈な"""",""""普通の"""",""""静かな"""",""""簡単な""""]""	""[""""spectacular"""",""""boring"""",""""ordinary"""",""""quiet"""",""""easy""""]""	""[""""spectacular"""",""""special"""",""""particular"""",""""spectator"""",""""circular""""]""	""[{""""word"""":""""amazing"""",""""note"""":""""日常会話で使いやすい近い語""""},{""""word"""":""""impressive"""",""""note"""":""""強く印象に残る感じ""""}]""	""[{""""word"""":""""ordinary"""",""""note"""":""""特別ではない""""}]"""
500057	5	phenomenal	驚異的な	extremely great or impressive	She showed phenomenal talent in music.	彼女は音楽で驚異的な才能を見せた。	adjective	5	2	""[""""驚異的な"""",""""普通の"""",""""静かな"""",""""危険な"""",""""正直な""""]""	""[""""phenomenal"""",""""ordinary"""",""""quiet"""",""""dangerous"""",""""honest""""]""	""[""""phenomenal"""",""""fundamental"""",""""professional"""",""""personal"""",""""final""""]""	""[{""""word"""":""""amazing"""",""""note"""":""""より日常的な語""""},{""""word"""":""""remarkable"""",""""note"""":""""すぐれた点を強調""""}]""	""[{""""word"""":""""ordinary"""",""""note"""":""""特別ではない""""}]"""
500058	5	dose	1回分	an amount of medicine taken at one time	Take one dose after dinner.	夕食後に1回分を飲みなさい。	noun	4	3	""[""""1回分"""",""""温度"""",""""速度"""",""""量"""",""""番号""""]""	""[""""dose"""",""""temperature"""",""""speed"""",""""amount"""",""""number""""]""	""[""""dose"""",""""close"""",""""those"""",""""rose"""",""""code""""]""	[]	[]"
500059	5	glare	にらみつける	to look at someone angrily	He began to glare at me.	彼は私をにらみつけ始めた。	verb	5	2	""[""""にらみつける"""",""""見つめる"""",""""微笑む"""",""""ささやく"""",""""うなずく""""]""	""[""""glare"""",""""stare"""",""""smile"""",""""whisper"""",""""nod""""]""	""[""""glare"""",""""glass"""",""""gray"""",""""globe"""",""""grade""""]""	""[{""""word"""":""""stare"""",""""note"""":""""怒りの意味は弱い""""}]""	""[{""""word"""":""""smile"""",""""note"""":""""やさしい表情を見せる""""}]"""
500060	5	wildlife	野生生物	animals and plants living in nature	The park is home to a lot of wildlife.	その公園にはたくさんの野生生物がいます。	noun	5	3	""[""""野生生物"""",""""農場"""",""""森林"""",""""砂漠"""",""""海岸""""]""	""[""""wildlife"""",""""farmland"""",""""forest"""",""""desert"""",""""coast""""]""	""[""""wildlife"""",""""wildfire"""",""""weekday"""",""""windmill"""",""""waterfall""""]""	""[{""""word"""":""""nature"""",""""note"""":""""自然全体を表すことが多い""""}]""	[]"
500061	5	opposition	反対	the act of being against something	There was strong opposition to the new plan.	その新しい計画には強い反対がありました。	noun	6	3	""[""""反対"""",""""賛成"""",""""提案"""",""""議論"""",""""決定""""]""	""[""""opposition"""",""""support"""",""""proposal"""",""""discussion"""",""""decision""""]""	""[""""opposition"""",""""operation"""",""""opinion"""",""""position"""",""""option""""]""	""[{""""word"""":""""resistance"""",""""note"""":""""より強く反対する感じ""""}]""	""[{""""word"""":""""support"""",""""note"""":""""賛成して支えること""""}]"""
500062	5	at any rate	とにかく	in any case; anyway	At any rate, we have to finish this today.	とにかく、私たちは今日これを終えなければなりません。	adverb	5	2	""[""""とにかく"""",""""たぶん"""",""""突然"""",""""実は"""",""""その後""""]""	""[""""at any rate"""",""""probably"""",""""suddenly"""",""""actually"""",""""afterward""""]""	""[""""at any rate"""",""""at the gate"""",""""on any day"""",""""in any way"""",""""at eight""""]""	""[{""""word"""":""""anyway"""",""""note"""":""""より口語的""""},{""""word"""":""""in any case"""",""""note"""":""""ほぼ同じ意味""""}]""	[]"
500063	5	more or less	だいたい	almost; approximately	The work is more or less finished.	その仕事はだいたい終わっています。	adverb	5	3	""[""""だいたい"""",""""完全に"""",""""突然"""",""""特に"""",""""めったに""""]""	""[""""more or less"""",""""completely"""",""""suddenly"""",""""especially"""",""""rarely""""]""	""[""""more or less"""",""""more or worse"""",""""more or best"""",""""more or late"""",""""more or long""""]""	""[{""""word"""":""""almost"""",""""note"""":""""少しだけ違い、ほぼ""""},{""""word"""":""""roughly"""",""""note"""":""""おおよそ、ややくだけた近い意味""""}]""	""[{""""word"""":""""exactly"""",""""note"""":""""正確に""""}]"""
500064	5	vicinity	近所	the area near a place	There are no stores in the vicinity.	近所には店がありません。	noun	6	2	""[""""近所"""",""""都会"""",""""中心"""",""""国境"""",""""地下""""]""	""[""""vicinity"""",""""downtown"""",""""center"""",""""border"""",""""underground""""]""	""[""""vicinity"""",""""facility"""",""""visibility"""",""""visitor"""",""""electricity""""]""	""[{""""word"""":""""area"""",""""note"""":""""より広い意味で「地域」""""},{""""word"""":""""neighborhood"""",""""note"""":""""日常的な語""""}]""	[]"
500065	5	province	州	a large area of a country	He grew up in a small province.	彼は小さな州で育ちました。	noun	5	3	""[""""州"""",""""都市"""",""""村"""",""""首都"""",""""島""""]""	""[""""province"""",""""city"""",""""village"""",""""capital"""",""""island""""]""	""[""""province"""",""""promise"""",""""provide"""",""""project"""",""""problem""""]""	""[{""""word"""":""""region"""",""""note"""":""""より一般的な「地域」""""}]""	[]"
500066	5	tract	広い土地	a large area of land	They bought a tract of land near the river.	彼らは川の近くの広い土地を買った。	noun	5	2	""[""""広い土地"""",""""森"""",""""畑"""",""""島"""",""""海岸""""]""	""[""""tract"""",""""forest"""",""""field"""",""""island"""",""""coast""""]""	""[""""tract"""",""""track"""",""""truck"""",""""trick"""",""""trade""""]""	""[{""""word"""":""""area"""",""""note"""":""""より広く一般的な語""""},{""""word"""":""""region"""",""""note"""":""""やや広い地域を表す""""}]""	[]"
500067	5	dispute	言い争い	an argument or disagreement	The two boys had a dispute about the game.	その二人の少年はその試合について言い争いをした。	noun	5	3	""[""""言い争い"""",""""約束"""",""""相談"""",""""冗談"""",""""あいさつ""""]""	""[""""dispute"""",""""promise"""",""""advice"""",""""joke"""",""""greeting""""]""	""[""""dispute"""",""""despite"""",""""display"""",""""distance"""",""""discuss""""]""	""[{""""word"""":""""argument"""",""""note"""":""""より一般的な語""""},{""""word"""":""""quarrel"""",""""note"""":""""口げんかの感じが強い""""}]""	""[{""""word"""":""""agreement"""",""""note"""":""""意見が一致すること""""}]"""
500068	5	limb	手足	an arm or a leg	The monkey moved quickly from limb to limb.	その猿は枝から枝へすばやく動いた。	noun	5	2	""[""""手足"""",""""指"""",""""首"""",""""背中"""",""""胸""""]""	""[""""limb"""",""""finger"""",""""neck"""",""""back"""",""""chest""""]""	""[""""limb"""",""""lamp"""",""""lamb"""",""""lip"""",""""link""""]""	[]	[]"
500069	5	show up	現れる	to arrive or appear somewhere	He did not show up for the meeting.	彼は会議に現れなかった。	verb	5	3	""[""""現れる"""",""""集まる"""",""""出発する"""",""""隠れる"""",""""続ける""""]""	""[""""show up"""",""""gather"""",""""leave"""",""""hide"""",""""continue""""]""	""[""""show up"""",""""slow up"""",""""shut up"""",""""grow up"""",""""throw out""""]""	""[{""""word"""":""""appear"""",""""note"""":""""少しかたい語""""},{""""word"""":""""arrive"""",""""note"""":""""到着する意味で近い""""}]""	""[{""""word"""":""""disappear"""",""""note"""":""""見えなくなる""""},{""""word"""":""""hide"""",""""note"""":""""隠れる""""}]"""
500070	5	turn up	現れる	to arrive or be found unexpectedly	She turned up at my house after lunch.	彼女は昼食のあと私の家に現れた。	verb	5	3	""[""""現れる"""",""""戻る"""",""""片づける"""",""""通り過ぎる"""",""""あきらめる""""]""	""[""""turn up"""",""""return"""",""""clean up"""",""""pass by"""",""""give up""""]""	""[""""turn up"""",""""burn up"""",""""tear up"""",""""turn off"""",""""stand up""""]""	""[{""""word"""":""""appear"""",""""note"""":""""姿を見せる""""},{""""word"""":""""show up"""",""""note"""":""""より口語的""""}]""	""[{""""word"""":""""disappear"""",""""note"""":""""見えなくなる""""}]"""
500071	5	painting	絵	a picture made with paint	This painting is very beautiful.	この絵はとても美しい。	noun	4	4	""[""""絵"""",""""写真"""",""""地図"""",""""手紙"""",""""看板""""]""	""[""""painting"""",""""photo"""",""""map"""",""""letter"""",""""sign""""]""	""[""""painting"""",""""pointing"""",""""painter"""",""""waiting"""",""""painted""""]""	""[{""""word"""":""""picture"""",""""note"""":""""より広い意味で使う""""}]""	[]"
500072	5	in exchange for	〜と引き換えに	as a trade for something	He gave me his ticket in exchange for mine.	彼は私のチケットと引き換えに自分のチケットをくれた。	preposition	5	3	""[""""〜と引き換えに"""",""""〜の代わりに"""",""""〜のおかげで"""",""""〜について"""",""""〜の前に""""]""	""[""""in exchange for"""",""""instead of"""",""""because of"""",""""about"""",""""before""""]""	""[""""in exchange for"""",""""in charge of"""",""""in front of"""",""""on sale for"""",""""at school for""""]""	[]	[]"
500073	5	in return for	〜のお返しに	as a result of something given or done	She helped me in return for my advice.	彼女は私の助言のお返しに私を手伝ってくれた。	preposition	5	3	""[""""〜のお返しに"""",""""〜の代わりに"""",""""〜に加えて"""",""""〜の前に"""",""""〜の近くに""""]""	""[""""in return for"""",""""instead of"""",""""in addition to"""",""""before"""",""""near""""]""	""[""""in return for"""",""""in turn for"""",""""in time for"""",""""in search of"""",""""in need of""""]""	[]	[]"
500074	5	consult	相談する	to ask someone for advice	You should consult your teacher about it.	あなたはそれについて先生に相談するべきです。	verb	5	4	""[""""相談する"""",""""説明する"""",""""招待する"""",""""拒否する"""",""""比較する""""]""	""[""""consult"""",""""explain"""",""""invite"""",""""refuse"""",""""compare""""]""	""[""""consult"""",""""result"""",""""concert"""",""""contact"""",""""collect""""]""	""[{""""word"""":""""ask"""",""""note"""":""""advice を求める意味で近い""""},{""""word"""":""""discuss"""",""""note"""":""""相談して話し合う時に近い""""}]""	[]"
500075	5	inquire	尋ねる	to ask for information	I called to inquire about the class.	私はその授業について尋ねるために電話しました。	verb	5	3	""[""""尋ねる"""",""""選ぶ"""",""""集める"""",""""運ぶ"""",""""隠す""""]""	""[""""inquire"""",""""invite"""",""""improve"""",""""include"""",""""increase""""]""	""[""""inquire"""",""""require"""",""""inspire"""",""""entire"""",""""inside""""]""	""[{""""word"""":""""ask"""",""""note"""":""""より基本的な語""""},{""""word"""":""""question"""",""""note"""":""""ややかたい言い方""""}]""	[]"
500076	5	appeal	訴える	to strongly ask for help or support	They appeal for help after the storm.	彼らは嵐のあとで助けを訴える。	verb	5	4	""[""""訴える"""",""""防ぐ"""",""""断る"""",""""許す"""",""""比べる""""]""	""[""""appeal"""",""""avoid"""",""""refuse"""",""""allow"""",""""compare""""]""	""[""""appeal"""",""""appear"""",""""apart"""",""""apply"""",""""awake""""]""	""[{""""word"""":""""request"""",""""note"""":""""ていねいに求める""""},{""""word"""":""""beg"""",""""note"""":""""より強く頼む""""}]""	[]"
500077	5	anytime	いつでも	at any time	You can call me anytime.	いつでも私に電話していいですよ。	adverb	4	4	""[""""いつでも"""",""""たぶん"""",""""すぐに"""",""""たまに"""",""""決して""""]""	""[""""anytime"""",""""always"""",""""soon"""",""""sometimes"""",""""never""""]""	""[""""anytime"""",""""anything"""",""""anyone"""",""""sometime"""",""""daytime""""]""	""[{""""word"""":""""whenever"""",""""note"""":""""ほぼ同じ意味""""}]""	""[{""""word"""":""""never"""",""""note"""":""""一度も〜ない""""}]"""
500078	5	timely	時機を得た	happening at the right time	She gave us timely advice.	彼女は私たちに時機を得た助言をくれた。	adjective	5	3	""[""""時機を得た"""",""""突然の"""",""""重要な"""",""""静かな"""",""""正直な""""]""	""[""""timely"""",""""sudden"""",""""important"""",""""quiet"""",""""honest""""]""	""[""""timely"""",""""tiny"""",""""tiger"""",""""daily"""",""""kindly""""]""	""[{""""word"""":""""prompt"""",""""note"""":""""より「すぐの」感じが強い""""}]""	""[{""""word"""":""""late"""",""""note"""":""""遅い、遅れた""""}]"""
500079	5	currently	現在	at the present time	He is currently living in Osaka.	彼は現在、大阪に住んでいます。	adverb	4	4	""[""""現在"""",""""最近"""",""""すぐに"""",""""たいてい"""",""""突然""""]""	""[""""currently"""",""""recently"""",""""soon"""",""""usually"""",""""suddenly""""]""	""[""""currently"""",""""carefully"""",""""certainly"""",""""quietly"""",""""correctly""""]""	""[{""""word"""":""""now"""",""""note"""":""""より基本的な語""""}]""	[]"
500080	5	nowadays	近ごろ	at the present time, not in the past	Nowadays, many students use tablets.	近ごろ、多くの生徒がタブレットを使います。	adverb	4	4	""[""""近ごろ"""",""""昨日"""",""""まもなく"""",""""たまに"""",""""突然""""]""	""[""""nowadays"""",""""yesterday"""",""""soon"""",""""sometimes"""",""""suddenly""""]""	""[""""nowadays"""",""""nowhere"""",""""holiday"""",""""always"""",""""nobody""""]""	""[{""""word"""":""""today"""",""""note"""":""""文脈によって近い意味""""},{""""word"""":""""these days"""",""""note"""":""""会話でよく使う""""}]""	""[{""""word"""":""""formerly"""",""""note"""":""""以前は""""}]"""
500081	5	nuclear energy	原子力エネルギー	energy made from the power of atoms	Some countries use nuclear energy to make electricity.	国によっては、電気を作るために原子力エネルギーを使います。	noun	5	3	""[""""原子力エネルギー"""",""""太陽エネルギー"""",""""風力"""",""""水力発電"""",""""石油""""]""	""[""""nuclear energy"""",""""solar energy"""",""""wind power"""",""""hydropower"""",""""oil""""]""	""[""""nuclear energy"""",""""natural energy"""",""""new clear idea"""",""""local energy"""",""""neutral enemy""""]""	[]	[]"
500082	5	invasion	侵略	an attack in which an army enters another country	The country prepared for an invasion from the north.	その国は北からの侵略に備えました。	noun	5	3	""[""""侵略"""",""""防衛"""",""""攻撃"""",""""戦争"""",""""占領""""]""	""[""""invasion"""",""""defense"""",""""attack"""",""""battle"""",""""occupation""""]""	""[""""invasion"""",""""occasion"""",""""decision"""",""""division"""",""""version""""]""	""[{""""word"""":""""attack"""",""""note"""":""""より広い意味の「攻撃」""""}]""	""[{""""word"""":""""defense"""",""""note"""":""""守ること""""}]"""
500083	5	stance	立場	an opinion or position about something	She made her stance clear in the meeting.	彼女は会議で自分の立場をはっきり示しました。	noun	5	3	""[""""立場"""",""""意見"""",""""態度"""",""""方針"""",""""考え""""]""	""[""""stance"""",""""opinion"""",""""attitude"""",""""policy"""",""""view""""]""	""[""""stance"""",""""chance"""",""""dance"""",""""sense"""",""""stamp""""]""	""[{""""word"""":""""position"""",""""note"""":""""意見や立場として使う""""},{""""word"""":""""view"""",""""note"""":""""考え方という意味で近い""""}]""	[]"
500084	5	fascinate	魅了する	to make someone very interested	The magic show will fascinate the children.	そのマジックショーは子どもたちを魅了するでしょう。	verb	5	3	""[""""魅了する"""",""""驚かせる"""",""""助ける"""",""""招待する"""",""""守る""""]""	""[""""fascinate"""",""""surprise"""",""""help"""",""""invite"""",""""protect""""]""	""[""""fascinate"""",""""fortunate"""",""""festival"""",""""fasten"""",""""fabric""""]""	""[{""""word"""":""""interest"""",""""note"""":""""より広い意味で「興味を持たせる」""""},{""""word"""":""""attract"""",""""note"""":""""引きつける意味で近い""""}]""	""[{""""word"""":""""bore"""",""""note"""":""""退屈させる""""}]"""
500085	5	be conscious of	気づいている	to notice or be aware of something	She was conscious of the noise outside.	彼女は外の物音に気づいていました。	verb	5	3	""[""""気づいている"""",""""賛成している"""",""""心配している"""",""""満足している"""",""""驚いている""""]""	""[""""be conscious of"""",""""agree with"""",""""worry about"""",""""be satisfied with"""",""""be surprised at""""]""	""[""""be conscious of"""",""""be careful of"""",""""be curious about"""",""""be proud of"""",""""be tired of""""]""	""[{""""word"""":""""be aware of"""",""""note"""":""""最も近い言い換え""""}]""	[]"
500086	5	pregnancy	妊娠	the state of having a baby growing inside the body	She stopped working during her pregnancy.	彼女は妊娠中に仕事をやめました。	noun	5	2	""[""""妊娠"""",""""出産"""",""""成長"""",""""病気"""",""""手術""""]""	""[""""pregnancy"""",""""birth"""",""""growth"""",""""illness"""",""""operation""""]""	""[""""pregnancy"""",""""presence"""",""""practice"""",""""privacy"""",""""president""""]""	[]	[]"
500087	5	cancer	がん	a serious disease in the body	Her uncle is being treated for cancer.	彼女のおじはがんの治療を受けています。	noun	5	3	""[""""がん"""",""""かぜ"""",""""けが"""",""""頭痛"""",""""発熱""""]""	""[""""cancer"""",""""cold"""",""""injury"""",""""headache"""",""""fever""""]""	""[""""cancer"""",""""cancel"""",""""center"""",""""answer"""",""""camera""""]""	[]	[]"
500088	5	nightmare	悪夢	a very bad or scary dream	I had a nightmare last night.	昨夜、私は悪夢を見ました。	noun	4	3	""[""""悪夢"""",""""夢"""",""""希望"""",""""記憶"""",""""秘密""""]""	""[""""nightmare"""",""""dream"""",""""hope"""",""""memory"""",""""secret""""]""	""[""""nightmare"""",""""night"""",""""right"""",""""writer"""",""""lighter""""]""	""[{""""word"""":""""bad dream"""",""""note"""":""""やさしい言い方""""}]""	[]"
500089	5	depression	うつ	a mental illness that makes a person very sad for a long time	He got help for depression.	彼はうつの治療を受けました。	noun	5	3	""[""""うつ"""",""""不安"""",""""怒り"""",""""疲れ"""",""""緊張""""]""	""[""""depression"""",""""anxiety"""",""""anger"""",""""fatigue"""",""""stress""""]""	""[""""depression"""",""""expression"""",""""decision"""",""""discussion"""",""""direction""""]""	[]	[]"
500090	5	recession	不景気	a time when business is bad and the economy gets weaker	Many people lost their jobs during the recession.	不景気の間に多くの人が仕事を失った。	noun	5	3	""[""""不景気"""",""""成長"""",""""景気回復"""",""""失業"""",""""物価上昇""""]""	""[""""recession"""",""""recovery"""",""""inflation"""",""""industry"""",""""economy""""]""	""[""""recession"""",""""decision"""",""""relation"""",""""revision"""",""""session""""]""	""[{""""word"""":""""slump"""",""""note"""":""""よりくだけた言い方で、景気の落ち込み""""}]""	""[{""""word"""":""""boom"""",""""note"""":""""景気がとてもよい時期""""}]"""
500091	5	villain	悪役	a bad person in a story	The villain tried to steal the treasure.	その悪役は宝を盗もうとした。	noun	4	3	""[""""悪役"""",""""主人公"""",""""英雄"""",""""探偵"""",""""王子""""]""	""[""""villain"""",""""hero"""",""""prince"""",""""giant"""",""""captain""""]""	""[""""villain"""",""""violin"""",""""village"""",""""vision"""",""""pilot""""]""	""[{""""word"""":""""bad guy"""",""""note"""":""""会話でよく使う言い方""""}]""	""[{""""word"""":""""hero"""",""""note"""":""""物語で人を助ける側""""}]"""
500092	5	vice	悪習	bad moral behavior or a bad habit	Gambling was seen as a vice in the town.	その町ではギャンブルは悪習と見なされていた。	noun	5	2	""[""""悪習"""",""""美徳"""",""""習慣"""",""""法律"""",""""責任""""]""	""[""""vice"""",""""virtue"""",""""habit"""",""""fault"""",""""crime""""]""	""[""""vice"""",""""voice"""",""""rice"""",""""ice"""",""""wise""""]""	""[{""""word"""":""""fault"""",""""note"""":""""欠点という意味で近いが、より広い語""""}]""	""[{""""word"""":""""virtue"""",""""note"""":""""道徳的によい性質""""}]"""
500093	5	drawback	欠点	a bad point of something	One drawback of the plan is its cost.	その計画の欠点の一つは費用です。	noun	5	3	""[""""欠点"""",""""利点"""",""""方法"""",""""結果"""",""""目的""""]""	""[""""drawback"""",""""benefit"""",""""method"""",""""result"""",""""purpose""""]""	""[""""drawback"""",""""dry back"""",""""drop back"""",""""brown bag"""",""""drumbeat""""]""	""[{""""word"""":""""disadvantage"""",""""note"""":""""より一般的な語""""}]""	""[{""""word"""":""""advantage"""",""""note"""":""""よい点""""}]"""
500094	5	plague	疫病	a serious disease that spreads quickly	The plague spread through the town.	その疫病は町中に広がった。	noun	5	3	""[""""疫病"""",""""けが"""",""""薬"""",""""病院"""",""""熱""""]""	""[""""plague"""",""""injury"""",""""medicine"""",""""hospital"""",""""fever""""]""	""[""""plague"""",""""plane"""",""""plate"""",""""play"""",""""place""""]""	""[{""""word"""":""""disease"""",""""note"""":""""より広い意味の語""""}]""	[]"
500095	5	plight	苦境	a difficult and bad situation	We heard about the family's plight.	私たちはその家族の苦境について聞いた。	noun	5	2	""[""""苦境"""",""""希望"""",""""計画"""",""""習慣"""",""""機会""""]""	""[""""plight"""",""""hope"""",""""plan"""",""""habit"""",""""chance""""]""	""[""""plight"""",""""plate"""",""""bright"""",""""flight"""",""""pride""""]""	""[{""""word"""":""""trouble"""",""""note"""":""""より日常的な語""""},{""""word"""":""""difficulty"""",""""note"""":""""問題のある状態""""}]""	[]"
500096	5	complaint	苦情	a statement that says something is wrong or bad	The store received a complaint from a customer.	その店は客から苦情を受けた。	noun	5	3	""[""""苦情"""",""""提案"""",""""質問"""",""""約束"""",""""招待""""]""	""[""""complaint"""",""""proposal"""",""""question"""",""""promise"""",""""invitation""""]""	""[""""complaint"""",""""complete"""",""""company"""",""""compete"""",""""contain""""]""	""[{""""word"""":""""protest"""",""""note"""":""""より強い反対の気持ちを表すことが多い""""}]""	[]"
500097	5	prohibit from	〜するのを禁じる	to stop someone from doing something by rule	The school prohibits students from using phones in class.	その学校は生徒が授業中に電話を使うのを禁じている。	verb	6	2	""[""""〜するのを禁じる"""",""""〜するように勧める"""",""""〜するのを許す"""",""""〜するのを手伝う"""",""""〜するように頼む""""]""	""[""""prohibit from"""",""""encourage to"""",""""allow to"""",""""help to"""",""""ask to""""]""	""[""""prohibit from"""",""""provide for"""",""""protect from"""",""""prevent from"""",""""promise to""""]""	""[{""""word"""":""""prevent from"""",""""note"""":""""結果的にできなくする意味でも使う""""}]""	""[{""""word"""":""""allow to"""",""""note"""":""""することを許す""""}]"""
500098	5	strap	ひも	a narrow strip used to hold or carry something	She put the bag over her shoulder with a strap.	彼女はひもでそのバッグを肩にかけた。	noun	5	2	""[""""ひも"""",""""ボタン"""",""""ポケット"""",""""ふた"""",""""取っ手""""]""	""[""""strap"""",""""button"""",""""pocket"""",""""lid"""",""""handle""""]""	""[""""strap"""",""""strip"""",""""stamp"""",""""snap"""",""""step""""]""	""[{""""word"""":""""band"""",""""note"""":""""輪や帯のような形で使うことが多い""""}]""	[]"
500099	5	theoretical	理論上の	based on ideas, not practice	His plan is still theoretical.	彼の計画はまだ理論上のものだ。	adjective	5	2	""[""""理論上の"""",""""実用的な"""",""""基本的な"""",""""伝統的な"""",""""個人的な""""]""	""[""""theoretical"""",""""practical"""",""""basic"""",""""traditional"""",""""personal""""]""	""[""""theoretical"""",""""historical"""",""""athletic"""",""""electrical"""",""""material""""]""	""[{""""word"""":""""abstract"""",""""note"""":""""より抽象的な意味で使うことが多い""""}]""	""[{""""word"""":""""practical"""",""""note"""":""""実際に役立つ・実用的な""""}]"""
500100	5	premise	前提	an idea accepted as true before thinking more	The argument is based on a false premise.	その議論は誤った前提に基づいている。	noun	5	2	""[""""前提"""",""""結論"""",""""証拠"""",""""方法"""",""""目的""""]""	""[""""premise"""",""""conclusion"""",""""evidence"""",""""method"""",""""purpose""""]""	""[""""premise"""",""""promise"""",""""practice"""",""""precise"""",""""previous""""]""	""[{""""word"""":""""assumption"""",""""note"""":""""はっきり証明せずに正しいと考えること""""}]""	[]"
500101	5	fundamental	基本的な	forming the base or most important part	Reading is a fundamental skill.	読むことは基本的な技能だ。	adjective	5	3	""[""""基本的な"""",""""理論上の"""",""""個人的な"""",""""伝統的な"""",""""実用的な""""]""	""[""""fundamental"""",""""theoretical"""",""""personal"""",""""traditional"""",""""practical""""]""	""[""""fundamental"""",""""mental"""",""""formal"""",""""fortunate"""",""""horizontal""""]""	""[{""""word"""":""""basic"""",""""note"""":""""より日常的でやさしい語""""},{""""word"""":""""essential"""",""""note"""":""""必要不可欠という意味が強い""""}]""	""[{""""word"""":""""minor"""",""""note"""":""""重要でない・小さい""""}]"""
500102	5	elementary	初歩的な	basic and simple	This book gives an elementary explanation of science.	この本は科学の初歩的な説明をしてくれる。	adjective	5	3	""[""""初歩的な"""",""""基本的な"""",""""複雑な"""",""""実用的な"""",""""伝統的な""""]""	""[""""elementary"""",""""basic"""",""""complex"""",""""practical"""",""""traditional""""]""	""[""""elementary"""",""""temporary"""",""""ordinary"""",""""necessary"""",""""secondary""""]""	""[{""""word"""":""""basic"""",""""note"""":""""より一般的でよく使う語""""}]""	""[{""""word"""":""""advanced"""",""""note"""":""""より進んだ内容の""""}]"""
500103	5	infrastructure	社会基盤	basic systems and services of a country or city	The city needs better infrastructure for daily life.	その都市は日常生活のためによりよい社会基盤を必要としている。	noun	7	3	""[""""社会基盤"""",""""教育"""",""""文化"""",""""産業"""",""""人口""""]""	""[""""infrastructure"""",""""education"""",""""culture"""",""""industry"""",""""population""""]""	""[""""infrastructure"""",""""instruction"""",""""instrument"""",""""introduction"""",""""intersection""""]""	[]	[]"
500104	5	typify	典型的に示す	to be a clear example of something	His hard work typifies the spirit of the team.	彼の努力はそのチームの精神を典型的に示している。	verb	8	2	""[""""典型的に示す"""",""""改善する"""",""""比較する"""",""""拒否する"""",""""支える""""]""	""[""""typify"""",""""improve"""",""""compare"""",""""refuse"""",""""support""""]""	""[""""typify"""",""""simplify"""",""""terrify"""",""""testify"""",""""identify""""]""	[]	[]"
500105	5	signify	意味する	to mean or show something clearly	A red light can signify danger.	赤い光は危険を意味することがある。	verb	5	2	""[""""意味する"""",""""表す"""",""""支える"""",""""防ぐ"""",""""集める""""]""	""[""""signify"""",""""support"""",""""prevent"""",""""collect"""",""""improve""""]""	""[""""signify"""",""""simplify"""",""""signal"""",""""sign"""",""""satisfy""""]""	""[{""""word"""":""""mean"""",""""note"""":""""より基本的な語""""}]""	[]"
500106	5	symbolize	象徴する	to represent an idea or thing	The dove symbolizes peace.	ハトは平和を象徴する。	verb	5	2	""[""""象徴する"""",""""説明する"""",""""比較する"""",""""発見する"""",""""修理する""""]""	""[""""symbolize"""",""""explain"""",""""compare"""",""""discover"""",""""repair""""]""	""[""""symbolize"""",""""summarize"""",""""sympathy"""",""""simple"""",""""symbol""""]""	""[{""""word"""":""""represent"""",""""note"""":""""意味や考えを表す""""}]""	[]"
500107	5	take charge of	担当する	to be responsible for something	She will take charge of the class today.	彼女が今日そのクラスを担当します。	verb	5	3	""[""""担当する"""",""""参加する"""",""""中止する"""",""""発明する"""",""""配達する""""]""	""[""""take charge of"""",""""join"""",""""cancel"""",""""invent"""",""""deliver""""]""	""[""""take charge of"""",""""take care of"""",""""take part in"""",""""take out of"""",""""take hold of""""]""	""[{""""word"""":""""manage"""",""""note"""":""""運営する意味で近い""""}]""	[]"
500108	5	look out	気をつける	to be careful about danger	Look out for the car.	その車に気をつけて。	verb	5	3	""[""""気をつける"""",""""片づける"""",""""追いかける"""",""""持ち上げる"""",""""書き留める""""]""	""[""""look out"""",""""clean up"""",""""run after"""",""""pick up"""",""""write down""""]""	""[""""look out"""",""""cook out"""",""""book"""",""""lock"""",""""long""""]""	""[{""""word"""":""""be careful"""",""""note"""":""""より説明的な言い方""""},{""""word"""":""""watch out"""",""""note"""":""""ほぼ同じ意味でよく使う""""}]""	[]"
500109	5	watch out	気をつける	to be careful about danger	Watch out for the dog.	その犬に気をつけて。	verb	5	4	""[""""気をつける"""",""""片づける"""",""""追いかける"""",""""持ち上げる"""",""""書き留める""""]""	""[""""watch out"""",""""clean up"""",""""run after"""",""""pick up"""",""""write down""""]""	""[""""watch out"""",""""wash"""",""""match"""",""""walk"""",""""catch""""]""	""[{""""word"""":""""look out"""",""""note"""":""""ほぼ同じ意味でよく使う""""},{""""word"""":""""be careful"""",""""note"""":""""より説明的な言い方""""}]""	[]"
500110	5	stand out	目立つ	to be easy to notice	Her red hat stands out in the crowd.	彼女の赤い帽子は人ごみの中で目立つ。	verb	5	3	""[""""目立つ"""",""""隠れる"""",""""集まる"""",""""戻る"""",""""横たわる""""]""	""[""""stand out"""",""""hide"""",""""gather"""",""""return"""",""""lie""""]""	""[""""stand out"""",""""send"""",""""stamp"""",""""start"""",""""stare""""]""	""[{""""word"""":""""shine"""",""""note"""":""""よい意味で目立つことが多い""""}]""	""[{""""word"""":""""hide"""",""""note"""":""""見えにくくなる""""}]"""
500111	5	get along with	〜と仲良くやる	to have a good relationship with someone	I get along with my classmates.	私はクラスメートと仲良くやっている。	verb	5	3	""[""""〜と仲良くやる"""",""""〜を手伝う"""",""""〜に賛成する"""",""""〜を信じる"""",""""〜を待つ""""]""	""[""""get along with"""",""""agree with"""",""""believe in"""",""""wait for"""",""""help""""]""	""[""""get along with"""",""""get away with"""",""""go along with"""",""""get around with"""",""""get on with""""]""	""[{""""word"""":""""be friendly with"""",""""note"""":""""やや説明的だが近い意味""""}]""	""[{""""word"""":""""fight with"""",""""note"""":""""けんかする関係""""}]"""
500112	5	make sense	意味がわかる	to be easy to understand	Your answer makes sense to me.	あなたの答えは私には意味がわかる。	verb	5	3	""[""""意味がわかる"""",""""間違っている"""",""""役に立つ"""",""""時間がかかる"""",""""人気がある""""]""	""[""""make sense"""",""""be wrong"""",""""be useful"""",""""take time"""",""""be popular""""]""	""[""""make sense"""",""""makes"""",""""make sure"""",""""make up"""",""""take sense""""]""	""[{""""word"""":""""be clear"""",""""note"""":""""意味がはっきりしている""""}]""	""[{""""word"""":""""be confusing"""",""""note"""":""""わかりにくい""""}]"""
500113	5	consist of	〜から成る	to be made of particular parts or things	The team consists of ten students.	そのチームは10人の生徒から成っている。	verb	5	3	""[""""〜から成る"""",""""〜を含む"""",""""〜を集める"""",""""〜を分ける"""",""""〜を運ぶ""""]""	""[""""consist of"""",""""include"""",""""collect"""",""""divide"""",""""carry""""]""	""[""""consist of"""",""""consists of"""",""""consist in"""",""""consist with"""",""""consisted""""]""	""[{""""word"""":""""be made up of"""",""""note"""":""""同じ意味でよく使う""""}]""	[]"
500114	5	differ	異なる	to be different from something else	My ideas differ from yours.	私の考えはあなたの考えと異なります。	verb	3	3	""[""""異なる"""",""""増える"""",""""続く"""",""""集まる"""",""""選ぶ""""]""	""[""""differ"""",""""increase"""",""""continue"""",""""gather"""",""""choose""""]""	""[""""differ"""",""""dinner"""",""""dealer"""",""""deeper"""",""""driver""""]""	""[{""""word"""":""""vary"""",""""note"""":""""少し硬い語""""}]""	""[{""""word"""":""""match"""",""""note"""":""""一致する""""}]"""
500115	5	belong	属する	to be a part of a group or place	This bag belongs to me.	このかばんは私のものです。	verb	2	4	""[""""属する"""",""""隠す"""",""""運ぶ"""",""""壊す"""",""""招く""""]""	""[""""belong"""",""""hide"""",""""carry"""",""""break"""",""""invite""""]""	""[""""belong"""",""""below"""",""""began"""",""""borrow"""",""""believe""""]""	[]	[]"
500116	5	take pride in	誇りに思う	to feel proud of something	We take pride in our school.	私たちは自分たちの学校を誇りに思っています。	verb	4	3	""[""""誇りに思う"""",""""頼りにする"""",""""気にかける"""",""""参加する"""",""""反対する""""]""	""[""""take pride in"""",""""depend on"""",""""care about"""",""""take part in"""",""""disagree with""""]""	""[""""take pride in"""",""""take part in"""",""""take place in"""",""""take care of"""",""""take after""""]""	""[{""""word"""":""""be proud of"""",""""note"""":""""ほぼ同じ意味""""}]""	""[{""""word"""":""""be ashamed of"""",""""note"""":""""恥ずかしく思う""""}]"""
500117	5	answer for	責任を負う	to be responsible for something	Parents must answer for their children's actions.	親は子どもの行動に責任を負わなければならない。	verb	5	2	""[""""責任を負う"""",""""参加する"""",""""反対する"""",""""依存する"""",""""到着する""""]""	""[""""answer for"""",""""join in"""",""""object to"""",""""depend on"""",""""arrive at""""]""	""[""""answer for"""",""""answer me"""",""""answer it"""",""""answer now"""",""""answer back""""]""	""[{""""word"""":""""be responsible for"""",""""note"""":""""より説明的な表現""""}]""	[]"
500118	5	fall behind	遅れをとる	to become slower or less successful than others	He fell behind in math last year.	彼は去年、数学で遅れをとった。	verb	4	3	""[""""遅れをとる"""",""""追いつく"""",""""あきらめる"""",""""参加する"""",""""成長する""""]""	""[""""fall behind"""",""""catch up"""",""""give up"""",""""join in"""",""""grow up""""]""	""[""""fall behind"""",""""call behind"""",""""far behind"""",""""find behind"""",""""full behind""""]""	""[{""""word"""":""""lag behind"""",""""note"""":""""ややかたい言い方""""}]""	""[{""""word"""":""""catch up"""",""""note"""":""""遅れを取り戻す""""}]"""
500119	5	underlie	根底にある	to be the basic cause of something	Trust underlies a good friendship.	信頼はよい友情の根底にある。	verb	5	2	""[""""根底にある"""",""""改善する"""",""""表す"""",""""避ける"""",""""比較する""""]""	""[""""underlie"""",""""improve"""",""""express"""",""""avoid"""",""""compare""""]""	""[""""underlie"""",""""underline"""",""""underway"""",""""underarm"""",""""understand""""]""	""[{""""word"""":""""support"""",""""note"""":""""土台として支える感じ""""},{""""word"""":""""form the basis of"""",""""note"""":""""より説明的な表現""""}]""	[]"
500120	5	endure	耐える	to suffer something difficult for a long time	We must endure the cold winter.	私たちは寒い冬に耐えなければならない。	verb	5	3	""[""""耐える"""",""""防ぐ"""",""""隠す"""",""""広げる"""",""""集める""""]""	""[""""endure"""",""""prevent"""",""""hide"""",""""spread"""",""""gather""""]""	""[""""endure"""",""""ensure"""",""""injure"""",""""enter"""",""""indoor""""]""	""[{""""word"""":""""bear"""",""""note"""":""""やや基本的な語""""}]""	""[{""""word"""":""""give up"""",""""note"""":""""耐えるのをやめる""""}]"""
500121	5	overwhelm	圧倒する	to affect someone very strongly	The huge crowd overwhelmed me.	大勢の人に私は圧倒された。	verb	6	3	""[""""圧倒する"""",""""支える"""",""""招く"""",""""許す"""",""""運ぶ""""]""	""[""""overwhelm"""",""""support"""",""""invite"""",""""allow"""",""""carry""""]""	""[""""overwhelm"""",""""overhead"""",""""overlook"""",""""overcome"""",""""overtake""""]""	""[{""""word"""":""""overcome"""",""""note"""":""""感情や力で強く打ち負かす""""}]""	[]"
500122	5	grace	優雅さ	a smooth and beautiful way of moving	The dancer moved with grace.	そのダンサーは優雅さをもって動いた。	noun	5	3	""[""""優雅さ"""",""""勇気"""",""""静けさ"""",""""強さ"""",""""明るさ""""]""	""[""""grace"""",""""courage"""",""""silence"""",""""strength"""",""""brightness""""]""	""[""""grace"""",""""grade"""",""""glass"""",""""grass"""",""""great""""]""	""[{""""word"""":""""elegance"""",""""note"""":""""よりフォーマルな語""""}]""	""[{""""word"""":""""clumsiness"""",""""note"""":""""不器用さ""""}]"""
500123	5	thanks to	〜のおかげで	because of something helpful	Thanks to your help, I finished my homework early.	あなたの助けのおかげで、私は宿題を早く終えました。	preposition	5	4	""[""""〜のおかげで"""",""""〜のせいで"""",""""〜の前で"""",""""〜の間に"""",""""〜について""""]""	""[""""thanks to"""",""""because of"""",""""instead of"""",""""according to"""",""""without""""]""	""[""""thanks to"""",""""think so"""",""""thank you"""",""""things"""",""""through""""]""	""[{""""word"""":""""because of"""",""""note"""":""""より広く使える表現""""}]""	[]"
500124	5	owing to	〜のために	because of something	The game was canceled owing to the rain.	雨のために、その試合は中止されました。	preposition	6	2	""[""""〜のために"""",""""〜のおかげで"""",""""〜の前に"""",""""〜の代わりに"""",""""〜について""""]""	""[""""owing to"""",""""because of"""",""""instead of"""",""""according to"""",""""without""""]""	""[""""owing to"""",""""going to"""",""""open"""",""""only"""",""""over""""]""	""[{""""word"""":""""because of"""",""""note"""":""""より基本的でよく使う""""}]""	[]"
500125	5	due to	〜が原因で	caused by something	The train was late due to heavy snow.	大雪が原因で、その電車は遅れました。	preposition	5	4	""[""""〜が原因で"""",""""〜のおかげで"""",""""〜の前で"""",""""〜の代わりに"""",""""〜について""""]""	""[""""due to"""",""""because of"""",""""instead of"""",""""according to"""",""""without""""]""	""[""""due to"""",""""do"""",""""duty"""",""""June"""",""""few""""]""	""[{""""word"""":""""because of"""",""""note"""":""""より基本的な表現""""}]""	[]"
500126	5	growth	成長	the process of becoming bigger or stronger	The plant showed fast growth in spring.	その植物は春に速い成長を見せた。	noun	5	3	""[""""成長"""",""""変化"""",""""発見"""",""""努力"""",""""活動""""]""	""[""""growth"""",""""change"""",""""discovery"""",""""effort"""",""""activity""""]""	""[""""growth"""",""""ground"""",""""group"""",""""glove"""",""""great""""]""	""[{""""word"""":""""development"""",""""note"""":""""より広い意味の「発達」""""}]""	""[{""""word"""":""""decline"""",""""note"""":""""成長ではなく「減少・衰退」""""}]"""
500127	5	prior to	〜の前に	before a particular time or event	Please finish your homework prior to dinner.	夕食の前に宿題を終えてください。	preposition	6	2	""[""""〜の前に"""",""""〜の後に"""",""""〜の間に"""",""""〜の近くに"""",""""〜のために""""]""	""[""""prior to"""",""""after"""",""""during"""",""""near"""",""""for""""]""	""[""""prior to"""",""""private"""",""""pilot"""",""""prize"""",""""proud""""]""	""[{""""word"""":""""before"""",""""note"""":""""より基本的な表現""""}]""	""[{""""word"""":""""after"""",""""note"""":""""時間的に後""""}]"""
500128	5	prehistoric	先史時代の	from the time before written history	They saw prehistoric tools in the museum.	彼らは博物館で先史時代の道具を見た。	adjective	6	2	""[""""先史時代の"""",""""歴史的な"""",""""古代の"""",""""現代の"""",""""未来の""""]""	""[""""prehistoric"""",""""historic"""",""""ancient"""",""""modern"""",""""future""""]""	""[""""prehistoric"""",""""preparing"""",""""president"""",""""pretty"""",""""practice""""]""	""[{""""word"""":""""ancient"""",""""note"""":""""非常に古いという近い意味""""}]""	""[{""""word"""":""""modern"""",""""note"""":""""現代の""""}]"""
500129	5	earlier	より早く	at a time before now or before another time	I got up earlier than usual today.	私は今日、いつもより早く起きました。	adverb	5	4	""[""""より早く"""",""""より遅く"""",""""静かに"""",""""突然"""",""""まっすぐに""""]""	""[""""earlier"""",""""later"""",""""quietly"""",""""suddenly"""",""""straight""""]""	""[""""earlier"""",""""easier"""",""""early"""",""""elder"""",""""yearly""""]""	""[{""""word"""":""""sooner"""",""""note"""":""""より早い時に""""}]""	""[{""""word"""":""""later"""",""""note"""":""""より遅く""""}]"""
500130	5	previously	以前に	before now or before a certain time	She had previously lived in Osaka.	彼女は以前に大阪に住んでいました。	adverb	6	3	""[""""以前に"""",""""最近"""",""""すぐに"""",""""静かに"""",""""たぶん""""]""	""[""""previously"""",""""recently"""",""""soon"""",""""quietly"""",""""perhaps""""]""	""[""""previously"""",""""preciously"""",""""privately"""",""""probably"""",""""seriously""""]""	""[{""""word"""":""""before"""",""""note"""":""""より基本的な語""""}]""	[]"
500131	5	ahead of	〜の前に	in front of or earlier than someone or something	We arrived ahead of the other team.	私たちはほかのチームより前に到着しました。	preposition	5	3	""[""""〜の前に"""",""""〜の後ろに"""",""""〜の近くに"""",""""〜の上に"""",""""〜の下に""""]""	""[""""ahead of"""",""""behind"""",""""near"""",""""above"""",""""below""""]""	""[""""ahead of"""",""""a head of"""",""""afraid of"""",""""instead of"""",""""out of""""]""	""[{""""word"""":""""in front of"""",""""note"""":""""位置ではこちらが自然""""}]""	""[{""""word"""":""""behind"""",""""note"""":""""後ろに""""}]"""
500132	5	plead	懇願する	to ask for something in a serious and emotional way	She pleaded for another chance.	彼女はもう一度機会をくださいと懇願した。	verb	5	2	""[""""懇願する"""",""""拒否する"""",""""説明する"""",""""到着する"""",""""隠す""""]""	""[""""plead"""",""""refuse"""",""""explain"""",""""arrive"""",""""hide""""]""	""[""""plead"""",""""bleed"""",""""breed"""",""""pride"""",""""played""""]""	""[{""""word"""":""""beg"""",""""note"""":""""より基本的な語""""},{""""word"""":""""ask"""",""""note"""":""""意味は広く、強い気持ちは弱い""""}]""	""[{""""word"""":""""refuse"""",""""note"""":""""頼みを受け入れない""""}]"""
500133	5	plea	嘆願	a serious and emotional request	His plea moved everyone in the room.	彼の嘆願は部屋にいた全員の心を動かした。	noun	5	2	""[""""嘆願"""",""""命令"""",""""約束"""",""""質問"""",""""冗談""""]""	""[""""plea"""",""""order"""",""""promise"""",""""question"""",""""joke""""]""	""[""""plea"""",""""play"""",""""please"""",""""clean"""",""""free""""]""	""[{""""word"""":""""request"""",""""note"""":""""より一般的な頼み""""},{""""word"""":""""appeal"""",""""note"""":""""ややかたい語""""}]""	[]"
500134	5	isolation	孤立	the state of being alone or away from others	Long isolation made him feel lonely.	長い孤立生活で彼はさびしく感じた。	noun	5	2	""[""""孤立"""",""""協力"""",""""成長"""",""""移動"""",""""成功""""]""	""[""""isolation"""",""""cooperation"""",""""growth"""",""""movement"""",""""success""""]""	""[""""isolation"""",""""invitation"""",""""education"""",""""situation"""",""""vacation""""]""	""[{""""word"""":""""loneliness"""",""""note"""":""""気持ちに重点がある""""},{""""word"""":""""separation"""",""""note"""":""""離れている状態""""}]""	""[{""""word"""":""""connection"""",""""note"""":""""つながりがあること""""},{""""word"""":""""company"""",""""note"""":""""人と一緒にいること""""}]"""
500135	5	solitude	孤独	the state of being alone	He enjoyed the solitude of the mountain cabin.	彼は山小屋の孤独を楽しんだ。	noun	5	2	""[""""孤独"""",""""美しさ"""",""""静けさ"""",""""自由"""",""""勇気""""]""	""[""""solitude"""",""""beauty"""",""""silence"""",""""freedom"""",""""courage""""]""	""[""""solitude"""",""""solid"""",""""salad"""",""""solution"""",""""soldier""""]""	""[{""""word"""":""""loneliness"""",""""note"""":""""ふつうはさびしさの意味が強い""""}]""	""[{""""word"""":""""company"""",""""note"""":""""人と一緒にいること""""}]"""
500136	5	beauty	美しさ	the quality of being beautiful	Everyone admired the beauty of the lake.	みんながその湖の美しさに見とれた。	noun	4	4	""[""""美しさ"""",""""強さ"""",""""明るさ"""",""""静けさ"""",""""優しさ""""]""	""[""""beauty"""",""""strength"""",""""brightness"""",""""silence"""",""""kindness""""]""	""[""""beauty"""",""""duty"""",""""booty"""",""""busy"""",""""beautify""""]""	""[{""""word"""":""""loveliness"""",""""note"""":""""やや文語的で上品な語""""}]""	""[{""""word"""":""""ugliness"""",""""note"""":""""見た目の醜さ""""}]"""
500137	5	validity	有効性	the state of being legally or logically acceptable	We checked the validity of the ticket.	私たちはそのチケットの有効性を確認した。	noun	6	2	""[""""有効性"""",""""安全性"""",""""人気"""",""""必要性"""",""""正確さ""""]""	""[""""validity"""",""""safety"""",""""popularity"""",""""necessity"""",""""accuracy""""]""	""[""""validity"""",""""ability"""",""""activity"""",""""reality"""",""""variety""""]""	""[{""""word"""":""""effectiveness"""",""""note"""":""""効果があることに近い""""}]""	""[{""""word"""":""""invalidity"""",""""note"""":""""無効であること""""}]"""
500138	5	freedom	自由	the state of being free	Everyone wants freedom in life.	だれもが人生で自由を求めます。	noun	5	3	""[""""自由"""",""""平和"""",""""名声"""",""""安全"""",""""責任""""]""	""[""""freedom"""",""""peace"""",""""fame"""",""""safety"""",""""duty""""]""	""[""""freedom"""",""""kingdom"""",""""reason"""",""""reader"""",""""frozen""""]""	""[{""""word"""":""""liberty"""",""""note"""":""""ややかたい語""""}]""	""[{""""word"""":""""captivity"""",""""note"""":""""自由がない状態""""}]"""
500139	5	captivity	捕らわれの身	the state of being kept as a prisoner	The bird lived in captivity for years.	その鳥は何年も捕らわれの身で生きていました。	noun	6	2	""[""""捕らわれの身"""",""""自由"""",""""名声"""",""""平和"""",""""危険""""]""	""[""""captivity"""",""""freedom"""",""""fame"""",""""peace"""",""""danger""""]""	""[""""captivity"""",""""activity"""",""""cavity"""",""""creative"""",""""relative""""]""	[]	""[{""""word"""":""""freedom"""",""""note"""":""""自由な状態""""}]"""
500140	5	fame	名声	being known by many people	The singer gained fame quickly.	その歌手はすぐに名声を得ました。	noun	5	3	""[""""名声"""",""""自由"""",""""人気"""",""""成功"""",""""富""""]""	""[""""fame"""",""""freedom"""",""""popularity"""",""""success"""",""""wealth""""]""	""[""""fame"""",""""game"""",""""name"""",""""face"""",""""frame""""]""	""[{""""word"""":""""popularity"""",""""note"""":""""好かれて人気があること""""}]""	[]"
500141	5	involvement	関与	the act of taking part in something	Her involvement in the project was important.	その計画への彼女の関与は重要だった。	noun	5	3	""[""""関与"""",""""存在"""",""""毒性"""",""""参加"""",""""影響""""]""	""[""""involvement"""",""""existence"""",""""toxicity"""",""""participation"""",""""influence""""]""	""[""""involvement"""",""""improvement"""",""""environment"""",""""movement"""",""""agreement""""]""	""[{""""word"""":""""participation"""",""""note"""":""""「参加」の意味で近い""""}]""	[]"
500142	5	toxicity	毒性	the quality of being poisonous	Scientists tested the toxicity of the water.	科学者たちはその水の毒性を調べた。	noun	5	2	""[""""毒性"""",""""安全性"""",""""純度"""",""""強さ"""",""""温度""""]""	""[""""toxicity"""",""""safety"""",""""purity"""",""""strength"""",""""temperature""""]""	""[""""toxicity"""",""""electricity"""",""""activity"""",""""elasticity"""",""""publicity""""]""	[]	""[{""""word"""":""""safety"""",""""note"""":""""安全で害がないこと""""}]"""
500143	5	existence	存在	the state of being real or alive	No one knew about the existence of the cave.	だれもその洞くつの存在を知らなかった。	noun	5	4	""[""""存在"""",""""関与"""",""""毒性"""",""""証拠"""",""""記憶""""]""	""[""""existence"""",""""involvement"""",""""toxicity"""",""""evidence"""",""""memory""""]""	""[""""existence"""",""""experience"""",""""exercise"""",""""instance"""",""""excellence""""]""	""[{""""word"""":""""presence"""",""""note"""":""""その場にあることの意味で近い""""}]""	""[{""""word"""":""""absence"""",""""note"""":""""存在しないこと、不在""""}]"""
500144	5	attendance	出席	being present at a place or event	Attendance was high at the school festival.	学校祭の出席者は多かった。	noun	5	3	""[""""出席"""",""""欠席"""",""""参加"""",""""到着"""",""""予約""""]""	""[""""attendance"""",""""absence"""",""""participation"""",""""arrival"""",""""reservation""""]""	""[""""attendance"""",""""attendant"""",""""attention"""",""""attitude"""",""""instance""""]""	""[{""""word"""":""""presence"""",""""note"""":""""その場にいること""""}]""	""[{""""word"""":""""absence"""",""""note"""":""""その場にいないこと""""}]"""
500145	5	confidence	自信	a feeling that you can do something well	She spoke with confidence in class.	彼女は授業で自信を持って話した。	noun	5	4	""[""""自信"""",""""勇気"""",""""希望"""",""""誇り"""",""""不安""""]""	""[""""confidence"""",""""courage"""",""""hope"""",""""pride"""",""""anxiety""""]""	""[""""confidence"""",""""conference"""",""""confident"""",""""condition"""",""""conscience""""]""	""[{""""word"""":""""self-belief"""",""""note"""":""""自分を信じる気持ち""""}]""	""[{""""word"""":""""doubt"""",""""note"""":""""自信が持てない気持ち""""}]"""
500146	5	ideology	思想	a set of ideas or beliefs	The book explains the country's ideology.	その本はその国の思想を説明している。	noun	6	2	""[""""思想"""",""""文化"""",""""制度"""",""""伝統"""",""""意見""""]""	""[""""ideology"""",""""culture"""",""""system"""",""""tradition"""",""""opinion""""]""	""[""""ideology"""",""""biology"""",""""geology"""",""""technology"""",""""identity""""]""	""[{""""word"""":""""belief"""",""""note"""":""""より広く基本的な語""""}]""	[]"
500147	5	be confident of	〜を確信している	to feel sure about something	I am confident of success.	私は成功を確信している。	verb	5	3	""[""""〜を確信している"""",""""〜を心配している"""",""""〜を避ける"""",""""〜に反対する"""",""""〜を疑う""""]""	""[""""be confident of"""",""""be afraid of"""",""""give up on"""",""""agree with"""",""""depend on""""]""	""[""""be confident of"""",""""be careful of"""",""""be proud of"""",""""be tired of"""",""""be fond of""""]""	""[{""""word"""":""""be sure of"""",""""note"""":""""より基本的な表現""""}]""	""[{""""word"""":""""doubt"""",""""note"""":""""確信せず疑う""""}]"""
500148	5	flexible	柔軟な	able to bend or change easily	We need a flexible plan.	私たちには柔軟な計画が必要です。	adjective	5	3	""[""""柔軟な"""",""""厳しい"""",""""安全な"""",""""静かな"""",""""正直な""""]""	""[""""flexible"""",""""strict"""",""""safe"""",""""quiet"""",""""honest""""]""	""[""""flexible"""",""""possible"""",""""visible"""",""""terrible"""",""""festival""""]""	""[{""""word"""":""""soft"""",""""note"""":""""物がやわらかい時に近い""""}]""	""[{""""word"""":""""stiff"""",""""note"""":""""曲がりにくい""""},{""""word"""":""""rigid"""",""""note"""":""""かたくて柔軟でない""""}]"""
500149	5	gamble	賭けをする	to risk money in a game or bet	He likes to gamble on horse races.	彼は競馬で賭けをするのが好きです。	verb	5	2	""[""""賭けをする"""",""""貯金する"""",""""借りる"""",""""隠す"""",""""配る""""]""	""[""""gamble"""",""""save"""",""""borrow"""",""""hide"""",""""share""""]""	""[""""gamble"""",""""gather"""",""""handle"""",""""sample"""",""""candle""""]""	""[{""""word"""":""""bet"""",""""note"""":""""より基本的な語""""}]""	[]"
500150	5	preferable	より望ましい	better or more suitable	This plan is preferable to the old one.	この計画は古いものより望ましい。	adjective	5	3	""[""""より望ましい"""",""""かなりの"""",""""優れた"""",""""普通の"""",""""危険な""""]""	""[""""preferable"""",""""considerable"""",""""superior"""",""""ordinary"""",""""dangerous""""]""	""[""""preferable"""",""""preference"""",""""possible"""",""""powerful"""",""""practical""""]""	""[{""""word"""":""""better"""",""""note"""":""""より基本的な語""""},{""""word"""":""""more suitable"""",""""note"""":""""文脈に合うときの言い換え""""}]""	""[{""""word"""":""""worse"""",""""note"""":""""より悪い""""},{""""word"""":""""unsuitable"""",""""note"""":""""適していない""""}]"""
500151	5	be superior to	〜より優れている	to be better than something or someone	This camera is superior to my old one.	このカメラは私の古いものより優れている。	verb	5	2	""[""""〜より優れている"""",""""〜に似ている"""",""""〜に慣れている"""",""""〜に反対している"""",""""〜で満足している""""]""	""[""""be superior to"""",""""be similar to"""",""""be used to"""",""""be against"""",""""be satisfied with""""]""	""[""""be superior to"""",""""be serious about"""",""""be similar to"""",""""be suitable for"""",""""be ready for""""]""	""[{""""word"""":""""be better than"""",""""note"""":""""よりやさしい言い方""""}]""	""[{""""word"""":""""be inferior to"""",""""note"""":""""質や能力が下である""""}]"""
500152	5	considerable	かなりの	large in size, amount, or degree	He spent a considerable amount of money.	彼はかなりの額のお金を使った。	adjective	5	4	""[""""かなりの"""",""""より望ましい"""",""""小さい"""",""""静かな"""",""""簡単な""""]""	""[""""considerable"""",""""preferable"""",""""small"""",""""quiet"""",""""easy""""]""	""[""""considerable"""",""""consider"""",""""condition"""",""""confident"""",""""comfortable""""]""	""[{""""word"""":""""large"""",""""note"""":""""量や規模が大きい""""},{""""word"""":""""great"""",""""note"""":""""程度が大きい""""}]""	""[{""""word"""":""""small"""",""""note"""":""""小さい""""},{""""word"""":""""slight"""",""""note"""":""""わずかな""""}]"""
500153	5	bulk	大部分	most of something	The bulk of the work is done.	仕事の大部分は終わっています。	noun	5	3	""[""""大部分"""",""""少量"""",""""表面"""",""""中心"""",""""結果""""]""	""[""""bulk"""",""""portion"""",""""surface"""",""""center"""",""""result""""]""	""[""""bulk"""",""""bank"""",""""book"""",""""back"""",""""bark""""]""	""[{""""word"""":""""majority"""",""""note"""":""""より一般的な語""""}]""	""[{""""word"""":""""minority"""",""""note"""":""""少数の部分""""}]"""
500154	5	outrage	激しい怒り	very strong anger	The news caused public outrage.	その知らせは世間の激しい怒りを引き起こしました。	noun	6	2	""[""""激しい怒り"""",""""喜び"""",""""不安"""",""""希望"""",""""驚き""""]""	""[""""outrage"""",""""joy"""",""""anxiety"""",""""hope"""",""""surprise""""]""	""[""""outrage"""",""""orange"""",""""outside"""",""""outline"""",""""outlook""""]""	""[{""""word"""":""""anger"""",""""note"""":""""outrage のほうが強い""""}]""	[]"
500155	5	rage	激怒	very strong anger	He was shaking with rage.	彼は激怒で震えていました。	noun	5	3	""[""""激怒"""",""""悲しみ"""",""""安心"""",""""興味"""",""""誇り""""]""	""[""""rage"""",""""sadness"""",""""relief"""",""""interest"""",""""pride""""]""	""[""""rage"""",""""page"""",""""race"""",""""raise"""",""""range""""]""	""[{""""word"""":""""anger"""",""""note"""":""""rage のほうが強い""""},{""""word"""":""""fury"""",""""note"""":""""とても強い怒り""""}]""	""[{""""word"""":""""calm"""",""""note"""":""""落ち着き""""}]"""
500156	5	blast	爆発	a sudden strong explosion or burst of air	We heard a loud blast outside.	私たちは外で大きな爆発音を聞いた。	noun	5	3	""[""""爆発"""",""""衝突"""",""""地震"""",""""洪水"""",""""火事""""]""	""[""""blast"""",""""crash"""",""""quake"""",""""flood"""",""""fire""""]""	""[""""blast"""",""""blasts"""",""""bland"""",""""black"""",""""last""""]""	""[{""""word"""":""""explosion"""",""""note"""":""""より一般的な語""""}]""	[]"
500157	5	transformation	変化	a complete change in form or appearance	The town went through a big transformation.	その町は大きな変化を経験した。	noun	6	2	""[""""変化"""",""""成長"""",""""発見"""",""""計画"""",""""努力""""]""	""[""""transformation"""",""""growth"""",""""discovery"""",""""plan"""",""""effort""""]""	""[""""transformation"""",""""transportation"""",""""translation"""",""""transition"""",""""transaction""""]""	""[{""""word"""":""""change"""",""""note"""":""""より基本的な語""""}]""	[]"
500158	5	metropolitan	大都市の	related to a large city	She works in a metropolitan area.	彼女は大都市圏で働いている。	adjective	6	2	""[""""大都市の"""",""""地方の"""",""""伝統的な"""",""""国際的な"""",""""近代的な""""]""	""[""""metropolitan"""",""""rural"""",""""traditional"""",""""international"""",""""modern""""]""	""[""""metropolitan"""",""""Mediterranean"""",""""material"""",""""military"""",""""mechanical""""]""	""[{""""word"""":""""urban"""",""""note"""":""""都市の、より基本的""""}]""	""[{""""word"""":""""rural"""",""""note"""":""""田舎の""""}]"""
500159	5	corporation	企業	a large company or business	He works for a large corporation.	彼は大きな企業で働いています。	noun	5	3	""[""""企業"""",""""工場"""",""""支店"""",""""組織"""",""""事務所""""]""	""[""""corporation"""",""""factory"""",""""branch"""",""""organization"""",""""office""""]""	""[""""corporation"""",""""cooperation"""",""""operation"""",""""celebration"""",""""collection""""]""	""[{""""word"""":""""company"""",""""note"""":""""より一般的な語""""},{""""word"""":""""firm"""",""""note"""":""""ややかたい言い方""""}]""	[]"
500160	5	multitude	多数	a very large number of people or things	A multitude of stars filled the sky.	たくさんの星が空を埋めていました。	noun	6	2	""[""""多数"""",""""少数"""",""""集団"""",""""山"""",""""列""""]""	""[""""multitude"""",""""minority"""",""""group"""",""""pile"""",""""line""""]""	""[""""multitude"""",""""attitude"""",""""latitude"""",""""solitude"""",""""magnitude""""]""	""[{""""word"""":""""crowd"""",""""note"""":""""人の集まりに使うことが多い""""},{""""word"""":""""many"""",""""note"""":""""より基本的な語""""}]""	""[{""""word"""":""""few"""",""""note"""":""""少数の意""""}]"""
500161	5	banquet	宴会	a large formal meal for many people	They held a banquet after the game.	彼らは試合のあとで宴会を開きました。	noun	5	2	""[""""宴会"""",""""会議"""",""""祭り"""",""""昼食"""",""""式典""""]""	""[""""banquet"""",""""meeting"""",""""festival"""",""""lunch"""",""""ceremony""""]""	""[""""banquet"""",""""blanket"""",""""basket"""",""""banker"""",""""packet""""]""	""[{""""word"""":""""feast"""",""""note"""":""""ごちそうの集まり""""},{""""word"""":""""dinner"""",""""note"""":""""より一般的な語""""}]""	[]"
500162	5	catastrophe	大災害	a very serious disaster causing great damage	The earthquake was a catastrophe for the town.	その地震は町にとって大災害だった。	noun	5	2	""[""""大災害"""",""""祝賀"""",""""発明"""",""""会議"""",""""旅行""""]""	""[""""catastrophe"""",""""celebration"""",""""invention"""",""""meeting"""",""""journey""""]""	""[""""catastrophe"""",""""calendar"""",""""camera"""",""""category"""",""""cabin""""]""	""[{""""word"""":""""disaster"""",""""note"""":""""より基本的な語""""}]""	[]"
500163	5	plantation	農園	a large farm where one crop is grown	They visited a tea plantation in the hills.	彼らは丘にある茶の農園を訪れた。	noun	5	2	""[""""農園"""",""""工場"""",""""港"""",""""砂漠"""",""""寺""""]""	""[""""plantation"""",""""factory"""",""""harbor"""",""""desert"""",""""temple""""]""	""[""""plantation"""",""""plan"""",""""planet"""",""""player"""",""""station""""]""	""[{""""word"""":""""farm"""",""""note"""":""""より広い意味の語""""}]""	[]"
500164	5	championship	選手権	a competition to decide the best player or team	Our team won the city championship last year.	私たちのチームは去年、市の選手権で優勝した。	noun	4	3	""[""""選手権"""",""""練習"""",""""発表"""",""""約束"""",""""景色""""]""	""[""""championship"""",""""practice"""",""""speech"""",""""promise"""",""""scenery""""]""	""[""""championship"""",""""champion"""",""""channel"""",""""campus"""",""""sandwich""""]""	""[{""""word"""":""""tournament"""",""""note"""":""""大会全体を表すことが多い""""}]""	[]"
500165	5	ambition	野心	a strong wish to achieve something big	Her ambition is to become a doctor.	彼女の野心は医者になることです。	noun	5	3	""[""""野心"""",""""勇気"""",""""努力"""",""""才能"""",""""経験""""]""	""[""""ambition"""",""""courage"""",""""effort"""",""""talent"""",""""experience""""]""	""[""""ambition"""",""""addition"""",""""attention"""",""""condition"""",""""position""""]""	""[{""""word"""":""""goal"""",""""note"""":""""より一般的な目標""""},{""""word"""":""""dream"""",""""note"""":""""よりやわらかい願い""""}]""	[]"
500166	5	chaos	混乱	a state of complete confusion	The room was in chaos after the party.	パーティーのあと、その部屋は混乱した状態だった。	noun	5	3	""[""""混乱"""",""""秩序"""",""""静けさ"""",""""平和"""",""""規則""""]""	""[""""chaos"""",""""order"""",""""silence"""",""""peace"""",""""rule""""]""	""[""""chaos"""",""""campus"""",""""cactus"""",""""careless"""",""""canvas""""]""	""[{""""word"""":""""confusion"""",""""note"""":""""意味がとても近い""""}]""	""[{""""word"""":""""order"""",""""note"""":""""整った状態""""}]"""
500167	5	orchestra	オーケストラ	a large group of musicians playing together	She plays the violin in the school orchestra.	彼女は学校のオーケストラでバイオリンを弾きます。	noun	5	2	""[""""オーケストラ"""",""""合唱団"""",""""バンド"""",""""楽器"""",""""舞台""""]""	""[""""orchestra"""",""""chorus"""",""""band"""",""""instrument"""",""""stage""""]""	""[""""orchestra"""",""""october"""",""""orange"""",""""ordinary"""",""""organ""""]""	[]	[]"
500168	5	breakthrough	大きな進歩	an important new discovery or success	The scientist made a breakthrough in cancer research.	その科学者はがん研究で大きな進歩を成し遂げた。	noun	5	2	""[""""大きな進歩"""",""""失敗"""",""""計画"""",""""方法"""",""""問題""""]""	""[""""breakthrough"""",""""failure"""",""""plan"""",""""method"""",""""problem""""]""	""[""""breakthrough"""",""""breakfast"""",""""break"""",""""breathe"""",""""bright""""]""	""[{""""word"""":""""advance"""",""""note"""":""""前進という意味で近い""""},{""""word"""":""""discovery"""",""""note"""":""""新しい発見という点で近い""""}]""	""[{""""word"""":""""failure"""",""""note"""":""""成功や進歩の反対""""}]"""
500169	5	institution	機関	a large important organization	This institution helps poor children.	この機関は貧しい子どもたちを助けている。	noun	5	3	""[""""機関"""",""""会社"""",""""地域"""",""""制度"""",""""会議""""]""	""[""""institution"""",""""company"""",""""region"""",""""system"""",""""meeting""""]""	""[""""institution"""",""""instruction"""",""""introduction"""",""""invitation"""",""""information""""]""	""[{""""word"""":""""organization"""",""""note"""":""""より一般的な語""""}]""	[]"
500170	5	chunk	塊	a thick solid piece of something	He cut a chunk of cheese for lunch.	彼は昼食用にチーズの塊を切った。	noun	4	2	""[""""塊"""",""""粉"""",""""液体"""",""""線"""",""""表面""""]""	""[""""chunk"""",""""powder"""",""""liquid"""",""""line"""",""""surface""""]""	""[""""chunk"""",""""chuck"""",""""check"""",""""chin"""",""""junk""""]""	""[{""""word"""":""""piece"""",""""note"""":""""より広い意味の語""""}]""	[]"
500171	5	hurricane	ハリケーン	a very strong storm with strong winds	The hurricane hit the island last night.	そのハリケーンは昨夜その島を襲った。	noun	5	3	""[""""ハリケーン"""",""""地震"""",""""洪水"""",""""干ばつ"""",""""火山""""]""	""[""""hurricane"""",""""earthquake"""",""""flood"""",""""drought"""",""""volcano""""]""	""[""""hurricane"""",""""holiday"""",""""history"""",""""hospital"""",""""harvest""""]""	""[{""""word"""":""""typhoon"""",""""note"""":""""アジアで使われることが多い""""}]""	[]"
500172	5	on a large scale	大規模に	in a very big way	The event was held on a large scale.	その行事は大規模に行われた。	adverb	6	2	""[""""大規模に"""",""""静かに"""",""""突然"""",""""慎重に"""",""""定期的に""""]""	""[""""on a large scale"""",""""quietly"""",""""suddenly"""",""""carefully"""",""""regularly""""]""	""[""""on a large scale"""",""""on a dark street"""",""""on a long train"""",""""in a large room"""",""""at a late stage""""]""	""[{""""word"""":""""widely"""",""""note"""":""""より一般的に広くという意味""""}]""	""[{""""word"""":""""on a small scale"""",""""note"""":""""小規模に""""}]"""
500173	5	agency	機関	an organization that provides a service	She works for a travel agency.	彼女は旅行代理店で働いている。	noun	5	3	""[""""機関"""",""""会社"""",""""工場"""",""""支店"""",""""倉庫""""]""	""[""""agency"""",""""company"""",""""factory"""",""""branch"""",""""warehouse""""]""	""[""""agency"""",""""energy"""",""""ancient"""",""""angry"""",""""engine""""]""	""[{""""word"""":""""office"""",""""note"""":""""文脈によって近い意味になる""""}]""	[]"
500174	5	accuse A of B	AをBで責める	to say that someone did something wrong	They accused him of lying.	彼らは彼がうそをついたと責めた。	verb	5	2	""[""""AをBで責める"""",""""AにBを説明する"""",""""AにBを頼む"""",""""AにBを許す"""",""""AにBを教える""""]""	""[""""accuse A of B"""",""""inform A of B"""",""""ask A for B"""",""""forgive A for B"""",""""teach A about B""""]""	""[""""accuse A of B"""",""""excuse me"""",""""across from"""",""""account for"""",""""according to""""]""	""[{""""word"""":""""blame A for B"""",""""note"""":""""より基本的な表現""""}]""	""[{""""word"""":""""forgive A for B"""",""""note"""":""""責めずに許す""""}]"""
500175	5	accuse	責める	to say that someone did something wrong	She accused me of breaking the window.	彼女は私が窓を割ったと責めた。	verb	5	3	""[""""責める"""",""""許す"""",""""助ける"""",""""隠す"""",""""招く""""]""	""[""""accuse"""",""""forgive"""",""""help"""",""""hide"""",""""invite""""]""	""[""""accuse"""",""""excuse"""",""""abuse"""",""""across"""",""""account""""]""	""[{""""word"""":""""blame"""",""""note"""":""""より基本的な語""""}]""	""[{""""word"""":""""forgive"""",""""note"""":""""責めずに許す""""}]"""
500176	5	condemn	強く非難する	to say strongly that something is wrong	Many people condemned the violent act.	多くの人がその暴力行為を強く非難した。	verb	6	2	""[""""強く非難する"""",""""受け入れる"""",""""説明する"""",""""集める"""",""""修理する""""]""	""[""""condemn"""",""""accept"""",""""explain"""",""""collect"""",""""repair""""]""	""[""""condemn"""",""""concern"""",""""contain"""",""""connect"""",""""command""""]""	""[{""""word"""":""""criticize"""",""""note"""":""""より一般的な『非難する』""""}]""	""[{""""word"""":""""praise"""",""""note"""":""""ほめる""""}]"""
500177	5	bleed	出血する	to lose blood from your body	My finger started to bleed.	私の指は出血し始めた。	verb	5	3	""[""""出血する"""",""""くしゃみをする"""",""""咳をする"""",""""震える"""",""""倒れる""""]""	""[""""bleed"""",""""sneeze"""",""""cough"""",""""shake"""",""""fall""""]""	""[""""bleed"""",""""breed"""",""""bread"""",""""blind"""",""""blade""""]""	""[{""""word"""":""""blood"""",""""note"""":""""動詞では「血を流す」""""}]""	[]"
500178	5	vein	静脈	a tube that carries blood to the heart	The doctor looked at the vein in his arm.	医者は彼の腕の静脈を見た。	noun	5	2	""[""""静脈"""",""""骨"""",""""筋肉"""",""""皮膚"""",""""肺""""]""	""[""""vein"""",""""bone"""",""""muscle"""",""""skin"""",""""lung""""]""	""[""""vein"""",""""vain"""",""""vine"""",""""rain"""",""""main""""]""	[]	[]"
500179	5	sneeze	くしゃみをする	to blow air out of your nose suddenly	I always sneeze in spring.	私は春になるといつもくしゃみをする。	verb	4	3	""[""""くしゃみをする"""",""""咳をする"""",""""あくびをする"""",""""笑う"""",""""泣く""""]""	""[""""sneeze"""",""""cough"""",""""yawn"""",""""laugh"""",""""cry""""]""	""[""""sneeze"""",""""snack"""",""""snake"""",""""speak"""",""""sleep""""]""	[]	[]"
500180	5	bruise	あざ	a dark mark on your skin after you get hurt	I got a bruise on my leg.	私は足にあざができた。	noun	5	3	""[""""あざ"""",""""きず"""",""""やけど"""",""""ほくろ"""",""""しっしん""""]""	""[""""bruise"""",""""wound"""",""""burn"""",""""scar"""",""""rash""""]""	""[""""bruise"""",""""blues"""",""""bridge"""",""""broom"""",""""breeze""""]""	[]	[]"
500181	5	protein	たんぱく質	a part of food that helps your body grow strong	Eggs have a lot of protein.	卵にはたんぱく質が多く含まれている。	noun	5	4	""[""""たんぱく質"""",""""脂肪"""",""""ビタミン"""",""""炭水化物"""",""""ミネラル""""]""	""[""""protein"""",""""fat"""",""""vitamin"""",""""carbohydrate"""",""""mineral""""]""	""[""""protein"""",""""program"""",""""problem"""",""""protect"""",""""project""""]""	[]	[]"
500182	5	hormone	ホルモン	a chemical in the body that controls growth and other changes	Hormones affect how our bodies grow.	ホルモンは私たちの体の成長に影響する。	noun	6	3	""[""""ホルモン"""",""""酵素"""",""""細胞"""",""""血液"""",""""神経""""]""	""[""""hormone"""",""""enzyme"""",""""cell"""",""""blood"""",""""nerve""""]""	""[""""hormone"""",""""normal"""",""""formal"""",""""morning"""",""""human""""]""	[]	[]"
500183	5	physiology	生理学	the study of how living bodies work	She studies physiology at college.	彼女は大学で生理学を学んでいます。	noun	5	2	""[""""生理学"""",""""心理学"""",""""地理学"""",""""物理学"""",""""歴史学""""]""	""[""""physiology"""",""""psychology"""",""""geography"""",""""physics"""",""""history""""]""	""[""""physiology"""",""""psychology"""",""""geology"""",""""biology"""",""""physical""""]""	[]	[]"
500184	5	disability	障害	a condition that makes some activities difficult	The school helps students with a disability.	その学校は障害のある生徒を支援しています。	noun	4	3	""[""""障害"""",""""病気"""",""""けが"""",""""才能"""",""""習慣""""]""	""[""""disability"""",""""disease"""",""""injury"""",""""talent"""",""""habit""""]""	""[""""disability"""",""""ability"""",""""responsibility"""",""""possibility"""",""""activity""""]""	[]	""[{""""word"""":""""ability"""",""""note"""":""""できる力・能力""""}]"""
500185	5	posture	姿勢	the way you hold your body when sitting or standing	Good posture is important for your back.	よい姿勢は背中にとって大切です。	noun	4	2	""[""""姿勢"""",""""動き"""",""""表情"""",""""習慣"""",""""体力""""]""	""[""""posture"""",""""motion"""",""""expression"""",""""habit"""",""""strength""""]""	""[""""posture"""",""""picture"""",""""pastor"""",""""poster"""",""""pocket""""]""	""[{""""word"""":""""position"""",""""note"""":""""体の置き方という近い意味""""}]""	[]"
500186	5	publication	出版	the act of making a book or magazine available to people	The publication of the book was delayed.	その本の出版は遅れました。	noun	5	2	""[""""出版"""",""""印刷"""",""""配達"""",""""発明"""",""""翻訳""""]""	""[""""publication"""",""""printing"""",""""delivery"""",""""invention"""",""""translation""""]""	""[""""publication"""",""""population"""",""""vacation"""",""""operation"""",""""education""""]""	""[{""""word"""":""""printing"""",""""note"""":""""文脈によって近いが意味は少し狭い""""}]""	[]"
500187	5	preface	序文	an introduction at the beginning of a book	I read the preface before chapter one.	私は第1章の前に序文を読んだ。	noun	5	2	""[""""序文"""",""""本文"""",""""目次"""",""""表紙"""",""""章""""]""	""[""""preface"""",""""chapter"""",""""cover"""",""""index"""",""""title""""]""	""[""""preface"""",""""practice"""",""""promise"""",""""present"""",""""private""""]""	""[{""""word"""":""""introduction"""",""""note"""":""""より一般的な語""""}]""	[]"
500188	5	explosive	爆発性の	able to explode or cause an explosion	The workers moved the explosive material carefully.	作業員たちはその爆発性の物質を注意して運んだ。	adjective	5	3	""[""""爆発性の"""",""""危険な"""",""""有毒な"""",""""重い"""",""""鋭い""""]""	""[""""explosive"""",""""dangerous"""",""""poisonous"""",""""heavy"""",""""sharp""""]""	""[""""explosive"""",""""expensive"""",""""expressive"""",""""exclusive"""",""""exhaustive""""]""	""[{""""word"""":""""dangerous"""",""""note"""":""""意味は広いが近い""""}]""	""[{""""word"""":""""safe"""",""""note"""":""""安全な""""}]"""
500189	5	frontier	国境地帯	the border area between two countries	The town is near the frontier.	その町は国境地帯の近くにある。	noun	5	2	""[""""国境地帯"""",""""海岸"""",""""砂漠"""",""""谷"""",""""島""""]""	""[""""frontier"""",""""coast"""",""""desert"""",""""valley"""",""""island""""]""	""[""""frontier"""",""""front"""",""""fountain"""",""""foreign"""",""""forest""""]""	""[{""""word"""":""""border"""",""""note"""":""""より一般的な語""""}]""	[]"
500190	5	tedious	退屈な	boring and too long	The movie was tedious.	その映画は退屈だった。	adjective	5	2	""[""""退屈な"""",""""楽しい"""",""""短い"""",""""静かな"""",""""簡単な""""]""	""[""""tedious"""",""""useful"""",""""careful"""",""""famous"""",""""honest""""]""	""[""""tedious"""",""""serious"""",""""previous"""",""""genius"""",""""various""""]""	""[{""""word"""":""""boring"""",""""note"""":""""より基本的な語""""}]""	""[{""""word"""":""""interesting"""",""""note"""":""""興味を引く""""}]"""
500191	5	not only A but also B	AだけでなくBも	used to add another important thing	She speaks not only English but also French.	彼女は英語だけでなくフランス語も話す。	conjunction	5	3	""[""""AだけでなくBも"""",""""AかBのどちらか"""",""""Aの代わりにB"""",""""AよりむしろB"""",""""AとBの間に""""]""	""[""""not only A but also B"""",""""either A or B"""",""""instead of A"""",""""rather than B"""",""""between A and B""""]""	""[""""not only A but also B"""",""""not always A but also B"""",""""not only A but just B"""",""""not really A but also B"""",""""not only A and then B""""]""	[]	[]"
500192	5	annoy	いらいらさせる	to make someone a little angry	Loud noise can annoy people.	大きな音はいらいらさせることがある。	verb	4	3	""[""""いらいらさせる"""",""""助ける"""",""""驚かせる"""",""""励ます"""",""""守る""""]""	""[""""annoy"""",""""assist"""",""""surprise"""",""""encourage"""",""""protect""""]""	""[""""annoy"""",""""allow"""",""""enjoy"""",""""avoid"""",""""awake""""]""	""[{""""word"""":""""bother"""",""""note"""":""""少し困らせる感じ""""}]""	""[{""""word"""":""""please"""",""""note"""":""""喜ばせる""""}]"""
500193	5	harassment	いやがらせ	bad behavior that keeps bothering someone	The school took action against harassment.	学校はいじめやいやがらせに対して対策を取った。	noun	5	3	""[""""いやがらせ"""",""""応援"""",""""約束"""",""""発明"""",""""到着""""]""	""[""""harassment"""",""""encouragement"""",""""promise"""",""""invention"""",""""arrival""""]""	""[""""harassment"""",""""arrangement"""",""""government"""",""""tournament"""",""""apartment""""]""	""[{""""word"""":""""bullying"""",""""note"""":""""学校などでのいじめに近い""""}]""	[]"
500194	5	basin	たらい	a wide open container that holds water	She washed her hands in a basin.	彼女はたらいで手を洗った。	noun	5	2	""[""""たらい"""",""""びん"""",""""かご"""",""""皿"""",""""箱""""]""	""[""""basin"""",""""bottle"""",""""basket"""",""""plate"""",""""box""""]""	""[""""basin"""",""""basic"""",""""bacon"""",""""vacant"""",""""racing""""]""	""[{""""word"""":""""bowl"""",""""note"""":""""basinのほうが水を入れる大きめの容器に使いやすい""""}]""	[]"
500195	5	bold	大胆な	brave and not afraid	She made a bold decision.	彼女は大胆な決断をした。	adjective	5	4	""[""""大胆な"""",""""慎重な"""",""""静かな"""",""""正直な"""",""""親切な""""]""	""[""""bold"""",""""careful"""",""""quiet"""",""""honest"""",""""kind""""]""	""[""""bold"""",""""cold"""",""""gold"""",""""board"""",""""boat""""]""	""[{""""word"""":""""brave"""",""""note"""":""""boldは思い切りのよさも表す""""},{""""word"""":""""courageous"""",""""note"""":""""ややかたい語""""}]""	""[{""""word"""":""""timid"""",""""note"""":""""おくびょうな""""},{""""word"""":""""careful"""",""""note"""":""""文脈によっては反対に近い""""}]"""
500196	5	violate	違反する	to break a rule or law	You must not violate the school rules.	学校の規則に違反してはいけません。	verb	5	3	""[""""違反する"""",""""改善する"""",""""説明する"""",""""確認する"""",""""支持する""""]""	""[""""violate"""",""""improve"""",""""explain"""",""""check"""",""""support""""]""	""[""""violate"""",""""vibrate"""",""""pilot"""",""""violent"""",""""video""""]""	""[{""""word"""":""""break"""",""""note"""":""""ruleやlawを破る意味で使える""""}]""	""[{""""word"""":""""obey"""",""""note"""":""""規則や法律に従う""""}]"""
500197	5	disrupt	妨げる	to stop something from continuing normally	The loud noise disrupted the class.	その大きな音が授業を妨げた。	verb	5	3	""[""""妨げる"""",""""集める"""",""""運ぶ"""",""""選ぶ"""",""""数える""""]""	""[""""disrupt"""",""""collect"""",""""carry"""",""""choose"""",""""count""""]""	""[""""disrupt"""",""""discuss"""",""""display"""",""""district"""",""""direct""""]""	""[{""""word"""":""""interrupt"""",""""note"""":""""途中で止める感じが強い""""}]""	""[{""""word"""":""""continue"""",""""note"""":""""そのまま続ける""""}]"""
500198	5	shatter	粉々に砕く	to break into many small pieces	The ball shattered the window.	そのボールが窓を粉々に砕いた。	verb	5	3	""[""""粉々に砕く"""",""""磨く"""",""""隠す"""",""""借りる"""",""""測る""""]""	""[""""shatter"""",""""polish"""",""""hide"""",""""borrow"""",""""measure""""]""	""[""""shatter"""",""""shadow"""",""""shelter"""",""""chapter"""",""""matter""""]""	""[{""""word"""":""""smash"""",""""note"""":""""強くこわす""""}]""	""[{""""word"""":""""repair"""",""""note"""":""""こわれた物を直す""""}]"""
500199	5	breach	違反	an act of breaking a law, rule, or promise	The company reported a breach of safety rules.	その会社は安全規則の違反を報告した。	noun	5	2	""[""""違反"""",""""改善"""",""""許可"""",""""協力"""",""""提案""""]""	""[""""breach"""",""""repair"""",""""permit"""",""""support"""",""""proposal""""]""	""[""""breach"""",""""bridge"""",""""branch"""",""""bright"""",""""bleach""""]""	""[{""""word"""":""""violation"""",""""note"""":""""よりかたい語""""}]""	""[{""""word"""":""""obedience"""",""""note"""":""""ruleに従うこと""""}]"""
500200	5	betray	裏切る	to hurt someone by not being loyal	He would never betray his friends.	彼は決して友達を裏切らないだろう。	verb	5	3	""[""""裏切る"""",""""助ける"""",""""信じる"""",""""招く"""",""""認める""""]""	""[""""betray"""",""""support"""",""""trust"""",""""invite"""",""""accept""""]""	""[""""betray"""",""""between"""",""""believe"""",""""began"""",""""delay""""]""	""[{""""word"""":""""deceive"""",""""note"""":""""だます意味が強い""""}]""	""[{""""word"""":""""support"""",""""note"""":""""味方する""""},{""""word"""":""""protect"""",""""note"""":""""守る""""}]"""
500201	5	smash	粉々に壊す	to break something badly into pieces	He smashed the glass by mistake.	彼はうっかりそのグラスを粉々に壊した。	verb	5	3	""[""""粉々に壊す"""",""""持ち上げる"""",""""隠す"""",""""修理する"""",""""運ぶ""""]""	""[""""smash"""",""""lift"""",""""hide"""",""""repair"""",""""carry""""]""	""[""""smash"""",""""flash"""",""""slash"""",""""small"""",""""smell""""]""	""[{""""word"""":""""break"""",""""note"""":""""より広い意味の基本語""""}]""	""[{""""word"""":""""repair"""",""""note"""":""""壊れたものを直す""""}]"""
500202	5	snap	ポキッと折る	to break something with a quick sharp sound	Be careful not to snap the branch.	その枝をポキッと折らないように気をつけて。	verb	5	3	""[""""ポキッと折る"""",""""結ぶ"""",""""洗う"""",""""借りる"""",""""集める""""]""	""[""""snap"""",""""tie"""",""""wash"""",""""borrow"""",""""collect""""]""	""[""""snap"""",""""snack"""",""""slap"""",""""step"""",""""soap""""]""	""[{""""word"""":""""break"""",""""note"""":""""snap は急に折る感じ""""}]""	""[{""""word"""":""""fix"""",""""note"""":""""壊れたものを直す""""}]"""
500203	5	destruction	破壊	great damage to something	The storm caused a lot of destruction.	その嵐は大きな破壊をもたらした。	noun	5	3	""[""""破壊"""",""""建設"""",""""発見"""",""""成長"""",""""移動""""]""	""[""""destruction"""",""""construction"""",""""discovery"""",""""growth"""",""""movement""""]""	""[""""destruction"""",""""instruction"""",""""discussion"""",""""direction"""",""""production""""]""	""[{""""word"""":""""damage"""",""""note"""":""""より広い意味での「損害」""""}]""	""[{""""word"""":""""construction"""",""""note"""":""""「建設」という反対の意味""""}]"""
500204	5	gasp	あえぐ	to take a quick breath in surprise or pain	He gasped when he saw the snake.	彼はそのヘビを見てあっと息をのんだ。	verb	5	2	""[""""あえぐ"""",""""ささやく"""",""""笑う"""",""""叫ぶ"""",""""うなずく""""]""	""[""""gasp"""",""""whisper"""",""""laugh"""",""""shout"""",""""nod""""]""	""[""""gasp"""",""""grasp"""",""""gap"""",""""guess"""",""""cast""""]""	[]	[]"
500205	5	out of breath	息切れして	breathing hard after exercise	I was out of breath after running.	走ったあと、私は息切れしていた。	adjective	4	3	""[""""息切れして"""",""""眠くて"""",""""空腹で"""",""""緊張して"""",""""退屈して""""]""	""[""""out of breath"""",""""sleepy"""",""""hungry"""",""""nervous"""",""""bored""""]""	""[""""out of breath"""",""""out of bed"""",""""out of time"""",""""out of place"""",""""out of work""""]""	""[{""""word"""":""""breathless"""",""""note"""":""""やや短い言い方""""}]""	[]"
500206	5	in short	要するに	in a few words; briefly	In short, we need more time.	要するに、私たちにはもっと時間が必要です。	adverb	5	3	""[""""要するに"""",""""実は"""",""""たとえば"""",""""その結果"""",""""一方で""""]""	""[""""in short"""",""""actually"""",""""for example"""",""""as a result"""",""""on the other hand""""]""	""[""""in short"""",""""insert"""",""""inside"""",""""ensure"""",""""in store""""]""	""[{""""word"""":""""briefly"""",""""note"""":""""より一般的な副詞""""},{""""word"""":""""in brief"""",""""note"""":""""ややかたい表現""""}]""	""[{""""word"""":""""in detail"""",""""note"""":""""詳しく言うと""""}]"""
500207	5	revive	生き返らせる	to make something live or become active again	The doctor tried to revive the patient.	その医者は患者を生き返らせようとした。	verb	5	2	""[""""生き返らせる"""",""""育てる"""",""""守る"""",""""運ぶ"""",""""隠す""""]""	""[""""revive"""",""""raise"""",""""protect"""",""""carry"""",""""hide""""]""	""[""""revive"""",""""arrive"""",""""review"""",""""remove"""",""""reply""""]""	""[{""""word"""":""""restore"""",""""note"""":""""元の状態に戻す意味でも使う""""}]""	""[{""""word"""":""""kill"""",""""note"""":""""命を奪う""""}]"""
500208	5	terminate	終わらせる	to end something completely	They decided to terminate the contract.	彼らはその契約を終わらせることに決めた。	verb	5	2	""[""""終わらせる"""",""""始める"""",""""続ける"""",""""支える"""",""""変える""""]""	""[""""terminate"""",""""begin"""",""""continue"""",""""support"""",""""change""""]""	""[""""terminate"""",""""determine"""",""""celebrate"""",""""generate"""",""""translate""""]""	""[{""""word"""":""""end"""",""""note"""":""""最も基本的な語""""},{""""word"""":""""stop"""",""""note"""":""""動作を止める意味で近い""""}]""	""[{""""word"""":""""begin"""",""""note"""":""""始める""""},{""""word"""":""""continue"""",""""note"""":""""続ける""""}]"""
500209	5	fracture	骨折	a broken bone	He got a fracture in his arm.	彼は腕を骨折した。	noun	5	2	""[""""骨折"""",""""やけど"""",""""ねんざ"""",""""傷"""",""""発熱""""]""	""[""""fracture"""",""""burn"""",""""sprain"""",""""wound"""",""""fever""""]""	""[""""fracture"""",""""factor"""",""""capture"""",""""picture"""",""""tractor""""]""	""[{""""word"""":""""break"""",""""note"""":""""骨の骨折を表すときに使うことがある""""}]""	[]"
500210	5	out of order	故障して	not working correctly	This vending machine is out of order.	この自動販売機は故障している。	adjective	4	3	""[""""故障して"""",""""満員で"""",""""空いていて"""",""""静かで"""",""""安全で""""]""	""[""""out of order"""",""""crowded"""",""""empty"""",""""quiet"""",""""safe""""]""	""[""""out of order"""",""""out of water"""",""""out of danger"""",""""out of season"""",""""out of control""""]""	""[{""""word"""":""""broken"""",""""note"""":""""機械などがこわれている""""}]""	""[{""""word"""":""""working"""",""""note"""":""""正常に動いている""""}]"""
500211	5	defect	欠陥	a fault in something	The car had a defect in the engine.	その車にはエンジンに欠陥があった。	noun	5	2	""[""""欠陥"""",""""特徴"""",""""表面"""",""""材料"""",""""模様""""]""	""[""""defect"""",""""feature"""",""""surface"""",""""material"""",""""pattern""""]""	""[""""defect"""",""""detect"""",""""direct"""",""""detail"""",""""default""""]""	""[{""""word"""":""""fault"""",""""note"""":""""より一般的な語""""}]""	[]"
500212	5	bronze	青銅	a brown metal made from copper and tin	The old statue is made of bronze.	その古い像は青銅でできています。	noun	5	2	""[""""青銅"""",""""鉄"""",""""銀"""",""""金"""",""""銅""""]""	""[""""bronze"""",""""iron"""",""""silver"""",""""gold"""",""""copper""""]""	""[""""bronze"""",""""brains"""",""""branch"""",""""brown"""",""""broom""""]""	[]	[]"
500213	5	tan	黄褐色の	light brown in color	He wore a tan jacket to school.	彼は学校に黄褐色のジャケットを着ていきました。	adjective	4	2	""[""""黄褐色の"""",""""灰色の"""",""""黒い"""",""""白い"""",""""青い""""]""	""[""""tan"""",""""gray"""",""""black"""",""""white"""",""""blue""""]""	""[""""tan"""",""""ten"""",""""tin"""",""""town"""",""""tap""""]""	""[{""""word"""":""""brown"""",""""note"""":""""tan はより薄い茶色""""}]""	[]"
500214	5	pesticide	殺虫剤	a chemical used to kill harmful insects	Farmers use pesticide on some crops.	農家は一部の作物に殺虫剤を使います。	noun	6	2	""[""""殺虫剤"""",""""肥料"""",""""種"""",""""土"""",""""農具""""]""	""[""""pesticide"""",""""fertilizer"""",""""seed"""",""""soil"""",""""tool""""]""	""[""""pesticide"""",""""beside"""",""""plastic"""",""""festival"""",""""medicine""""]""	[]	[]"
500215	5	germ	細菌	a very small living thing that can make you sick	Wash your hands to keep away germs.	細菌を防ぐために手を洗いなさい。	noun	5	3	""[""""細菌"""",""""植物"""",""""金属"""",""""布"""",""""砂""""]""	""[""""germ"""",""""plant"""",""""metal"""",""""cloth"""",""""sand""""]""	""[""""germ"""",""""term"""",""""jam"""",""""game"""",""""girl""""]""	""[{""""word"""":""""bacteria"""",""""note"""":""""ふつうは複数形で使うことが多い""""}]""	[]"
500216	5	assemble	集める	to bring people or things together	The teacher asked us to assemble in the gym.	先生は私たちに体育館に集まるように言いました。	verb	6	2	""[""""集める"""",""""壊す"""",""""隠す"""",""""運ぶ"""",""""洗う""""]""	""[""""assemble"""",""""break"""",""""hide"""",""""carry"""",""""wash""""]""	""[""""assemble"""",""""assume"""",""""assist"""",""""example"""",""""simple""""]""	""[{""""word"""":""""gather"""",""""note"""":""""より基本的な語""""}]""	""[{""""word"""":""""separate"""",""""note"""":""""別々にする""""}]"""
500217	5	erect	建てる	to build something upright	They will erect a new bridge here.	彼らはここに新しい橋を建てるでしょう。	verb	7	1	""[""""建てる"""",""""壊す"""",""""描く"""",""""選ぶ"""",""""借りる""""]""	""[""""erect"""",""""destroy"""",""""draw"""",""""choose"""",""""borrow""""]""	""[""""erect"""",""""elect"""",""""effect"""",""""direct"""",""""event""""]""	""[{""""word"""":""""build"""",""""note"""":""""より基本的で広い意味""""}]""	""[{""""word"""":""""destroy"""",""""note"""":""""建てるの反対""""}]"""
500218	5	engineering	工学	the study of building machines, roads, and other things	She wants to study engineering in college.	彼女は大学で工学を学びたいと思っています。	noun	5	3	""[""""工学"""",""""建築"""",""""建設"""",""""農業"""",""""医学""""]""	""[""""engineering"""",""""architecture"""",""""construction"""",""""agriculture"""",""""medicine""""]""	""[""""engineering"""",""""engine"""",""""energetic"""",""""education"""",""""entering""""]""	[]	[]"
500219	5	architecture	建築	the art and study of designing buildings	He is interested in architecture and design.	彼は建築とデザインに興味があります。	noun	5	2	""[""""建築"""",""""工学"""",""""建設"""",""""芸術"""",""""歴史""""]""	""[""""architecture"""",""""engineering"""",""""construction"""",""""art"""",""""history""""]""	""[""""architecture"""",""""architect"""",""""article"""",""""artistic"""",""""agriculture""""]""	[]	[]"
500220	5	construction	建設	the work of building something	The construction of the new bridge started last year.	その新しい橋の建設は昨年始まりました。	noun	5	3	""[""""建設"""",""""建築"""",""""工学"""",""""修理"""",""""発明""""]""	""[""""construction"""",""""architecture"""",""""engineering"""",""""repair"""",""""invention""""]""	""[""""construction"""",""""instruction"""",""""condition"""",""""connection"""",""""collection""""]""	""[{""""word"""":""""building"""",""""note"""":""""日常的でやや広い語""""}]""	[]"
500221	5	be based on	～に基づいている	to use something as the main idea or source	The movie is based on a true story.	その映画は実話に基づいている。	verb	5	3	""[""""～に基づいている"""",""""～を避ける"""",""""～を信じる"""",""""～を調べる"""",""""～を選ぶ""""]""	""[""""be based on"""",""""depend on"""",""""look for"""",""""believe in"""",""""agree with""""]""	""[""""be based on"""",""""be passed on"""",""""be back on"""",""""be face to face"""",""""be late for""""]""	""[{""""word"""":""""depend on"""",""""note"""":""""意味は近いが、based on は「根拠にする」""""}]""	[]"
500222	5	ash	灰	the gray powder left after something burns	The fire left ash on the ground.	火事のあと、地面に灰が残った。	noun	5	2	""[""""灰"""",""""煙"""",""""土"""",""""砂"""",""""石""""]""	""[""""ash"""",""""smoke"""",""""dust"""",""""sand"""",""""stone""""]""	""[""""ash"""",""""ask"""",""""cash"""",""""dish"""",""""rush""""]""	[]	[]"
500223	5	transaction	取引	an act of buying, selling, or paying	The store records every transaction.	その店はすべての取引を記録する。	noun	5	2	""[""""取引"""",""""会話"""",""""旅行"""",""""発明"""",""""試合""""]""	""[""""transaction"""",""""conversation"""",""""journey"""",""""invention"""",""""match""""]""	""[""""transaction"""",""""translation"""",""""tradition"""",""""transition"""",""""transportation""""]""	""[{""""word"""":""""deal"""",""""note"""":""""よりくだけた語""""}]""	[]"
500224	5	enterprise	事業	a business or a new project	The company started a new enterprise last year.	その会社は昨年、新しい事業を始めた。	noun	5	3	""[""""事業"""",""""産業"""",""""計画"""",""""会社"""",""""工場""""]""	""[""""enterprise"""",""""industry"""",""""project"""",""""company"""",""""factory""""]""	""[""""enterprise"""",""""entertain"""",""""entire"""",""""entrance"""",""""exercise""""]""	""[{""""word"""":""""business"""",""""note"""":""""より一般的な語""""},{""""word"""":""""project"""",""""note"""":""""新しい計画という意味で近い""""}]""	[]"
500225	5	entrepreneur	起業家	a person who starts a business	She wants to become an entrepreneur someday.	彼女はいつか起業家になりたいと思っている。	noun	5	2	""[""""起業家"""",""""経営者"""",""""店員"""",""""技術者"""",""""作家""""]""	""[""""entrepreneur"""",""""manager"""",""""clerk"""",""""engineer"""",""""writer""""]""	""[""""entrepreneur"""",""""engineer"""",""""entertain"""",""""introduce"""",""""interview""""]""	""[{""""word"""":""""business owner"""",""""note"""":""""会社や店を持つ人""""},{""""word"""":""""founder"""",""""note"""":""""会社を作った人""""}]""	[]"
500226	5	order from	～から注文する	to ask a store or company to send something to you	We often order books from that shop.	私たちはよくその店から本を注文します。	verb	5	3	""[""""～から注文する"""",""""～を借りる"""",""""～を受け取る"""",""""～を選ぶ"""",""""～を送る""""]""	""[""""order from"""",""""borrow from"""",""""receive from"""",""""choose from"""",""""send to""""]""	""[""""order from"""",""""older room"""",""""under form"""",""""other farm"""",""""over from""""]""	[]	[]"
500227	5	consumer	消費者	a person who buys and uses goods or services	The company listens to the needs of the consumer.	その会社は消費者のニーズに耳を傾ける。	noun	5	3	""[""""消費者"""",""""生産者"""",""""店員"""",""""客"""",""""労働者""""]""	""[""""consumer"""",""""producer"""",""""customer"""",""""worker"""",""""seller""""]""	""[""""consumer"""",""""costume"""",""""computer"""",""""customer"""",""""concert""""]""	""[{""""word"""":""""customer"""",""""note"""":""""店で物やサービスを買う人""""}]""	""[{""""word"""":""""producer"""",""""note"""":""""物を作る側の人""""}]"""
500228	5	whereby	それによって	by which; through which	They made a rule whereby everyone must wear a helmet.	彼らは、全員がヘルメットをかぶらなければならないという規則を作った。	conjunction	6	2	""[""""それによって"""",""""その前に"""",""""その後で"""",""""その間に"""",""""その代わりに""""]""	""[""""whereby"""",""""before"""",""""after"""",""""while"""",""""instead""""]""	""[""""whereby"""",""""nearby"""",""""whereas"""",""""wherever"""",""""thereby""""]""	[]	[]"
500229	5	vocation	職業	a job or type of work	Teaching was her vocation for many years.	教えることは長年、彼女の職業だった。	noun	6	2	""[""""職業"""",""""趣味"""",""""約束"""",""""旅行"""",""""試験""""]""	""[""""vocation"""",""""hobby"""",""""promise"""",""""travel"""",""""exam""""]""	""[""""vocation"""",""""vacation"""",""""location"""",""""occasion"""",""""education""""]""	""[{""""word"""":""""occupation"""",""""note"""":""""ややかたい語で「職業」""""}]""	[]"
500230	5	compose	作曲する	to write music	She wants to compose a song.	彼女は歌を作曲したいと思っています。	verb	5	3	""[""""作曲する"""",""""演奏する"""",""""録音する"""",""""練習する"""",""""歌う""""]""	""[""""compose"""",""""perform"""",""""record"""",""""practice"""",""""sing""""]""	""[""""compose"""",""""compare"""",""""complete"""",""""compete"""",""""command""""]""	""[{""""word"""":""""write"""",""""note"""":""""音楽について使うと「作曲する」""""}]""	[]"
500231	5	soothe	落ち着かせる	to make someone feel calm	Her soft voice can soothe the baby.	彼女のやさしい声はその赤ちゃんを落ち着かせることができます。	verb	6	2	""[""""落ち着かせる"""",""""驚かせる"""",""""起こす"""",""""困らせる"""",""""急がせる""""]""	""[""""soothe"""",""""surprise"""",""""wake"""",""""trouble"""",""""hurry""""]""	""[""""soothe"""",""""smooth"""",""""south"""",""""soup"""",""""truth""""]""	""[{""""word"""":""""calm"""",""""note"""":""""calm down に近い意味""""}]""	""[{""""word"""":""""upset"""",""""note"""":""""気持ちを乱す""""}]"""
500232	5	Pacific	太平洋の	related to the Pacific Ocean	Japan is in the Pacific region.	日本は太平洋地域にあります。	adjective	5	3	""[""""太平洋の"""",""""大西洋の"""",""""北極の"""",""""南極の"""",""""海岸の""""]""	""[""""Pacific"""",""""Atlantic"""",""""Arctic"""",""""Antarctic"""",""""coastal""""]""	""[""""Pacific"""",""""specific"""",""""terrific"""",""""scientific"""",""""public""""]""	[]	[]"
500233	5	capable	有能な	able to do things well	She is capable of doing the job.	彼女はその仕事をする能力がある。	adjective	5	3	""[""""有能な"""",""""親切な"""",""""正直な"""",""""静かな"""",""""勇敢な""""]""	""[""""capable"""",""""careful"""",""""honest"""",""""quiet"""",""""brave""""]""	""[""""capable"""",""""careful"""",""""table"""",""""cable"""",""""terrible""""]""	""[{""""word"""":""""able"""",""""note"""":""""より基本的な語""""},{""""word"""":""""skillful"""",""""note"""":""""技能がある感じ""""}]""	""[{""""word"""":""""incapable"""",""""note"""":""""能力がない""""},{""""word"""":""""unable"""",""""note"""":""""できない""""}]"""
500234	5	renewable	再生可能な	able to be used again naturally	Solar power is renewable energy.	太陽光発電は再生可能エネルギーです。	adjective	5	2	""[""""再生可能な"""",""""危険な"""",""""便利な"""",""""伝統的な"""",""""高価な""""]""	""[""""renewable"""",""""dangerous"""",""""useful"""",""""traditional"""",""""expensive""""]""	""[""""renewable"""",""""remarkable"""",""""reliable"""",""""removable"""",""""reasonable""""]""	[]	""[{""""word"""":""""limited"""",""""note"""":""""量に限りがある""""},{""""word"""":""""nonrenewable"""",""""note"""":""""再生できない""""}]"""
500235	5	recyclable	リサイクルできる	able to be used again after processing	These bottles are recyclable.	これらのびんはリサイクルできます。	adjective	5	2	""[""""リサイクルできる"""",""""壊れやすい"""",""""使いやすい"""",""""安全な"""",""""必要な""""]""	""[""""recyclable"""",""""fragile"""",""""useful"""",""""safe"""",""""necessary""""]""	""[""""recyclable"""",""""reliable"""",""""remarkable"""",""""reusable"""",""""recycle""""]""	""[{""""word"""":""""reusable"""",""""note"""":""""再利用できるが意味は少し違う""""}]""	""[{""""word"""":""""disposable"""",""""note"""":""""使い捨ての""""}]"""
500236	5	invisible	見えない	unable to be seen	The small stars were almost invisible in the bright sky.	明るい空では、小さな星はほとんど見えなかった。	adjective	5	3	""[""""見えない"""",""""静かな"""",""""危険な"""",""""有名な"""",""""必要な""""]""	""[""""invisible"""",""""silent"""",""""dangerous"""",""""famous"""",""""necessary""""]""	""[""""invisible"""",""""inviting"""",""""important"""",""""impossible"""",""""individual""""]""	""[{""""word"""":""""unseen"""",""""note"""":""""やや文語的""""}]""	""[{""""word"""":""""visible"""",""""note"""":""""見える""""}]"""
500237	5	illiterate	読み書きができない	unable to read or write	Some people in the village were illiterate many years ago.	何年も前、その村では読み書きができない人もいました。	adjective	6	2	""[""""読み書きができない"""",""""正直な"""",""""疲れている"""",""""空腹の"""",""""有名な""""]""	""[""""illiterate"""",""""honest"""",""""tired"""",""""hungry"""",""""famous""""]""	""[""""illiterate"""",""""immediate"""",""""immigrant"""",""""delicate"""",""""separate""""]""	[]	""[{""""word"""":""""literate"""",""""note"""":""""読み書きができる""""}]"""
500238	5	ambulance	救急車	a vehicle that takes sick or hurt people to a hospital	We called an ambulance after the accident.	事故のあと、私たちは救急車を呼びました。	noun	4	4	""[""""救急車"""",""""消防車"""",""""パトカー"""",""""バス"""",""""タクシー""""]""	""[""""ambulance"""",""""fire engine"""",""""police car"""",""""bus"""",""""taxi""""]""	""[""""ambulance"""",""""entrance"""",""""audience"""",""""balance"""",""""alliance""""]""	[]	[]"
500239	5	precaution	用心	care taken to avoid danger or trouble	We took a precaution before the storm.	私たちは嵐の前に用心した。	noun	5	3	""[""""用心"""",""""警告"""",""""危険"""",""""準備"""",""""規則""""]""	""[""""precaution"""",""""warning"""",""""danger"""",""""preparation"""",""""rule""""]""	""[""""precaution"""",""""prediction"""",""""position"""",""""protection"""",""""question""""]""	""[{""""word"""":""""care"""",""""note"""":""""より広い意味の「注意」""""},{""""word"""":""""safety measure"""",""""note"""":""""安全のための対策""""}]""	[]"
500240	5	foster	育てる	to help something grow or develop	Good teachers foster confidence in students.	よい先生は生徒の自信を育てる。	verb	5	3	""[""""育てる"""",""""防ぐ"""",""""集める"""",""""運ぶ"""",""""隠す""""]""	""[""""foster"""",""""prevent"""",""""gather"""",""""carry"""",""""hide""""]""	""[""""foster"""",""""faster"""",""""father"""",""""poster"""",""""forest""""]""	""[{""""word"""":""""encourage"""",""""note"""":""""発達や成長をうながす""""},{""""word"""":""""develop"""",""""note"""":""""育てて伸ばす""""}]""	""[{""""word"""":""""prevent"""",""""note"""":""""成長や進行を止める""""}]"""
500241	5	caution	注意	great care to avoid danger or mistakes	Use caution when you cross the street.	通りを渡るときは注意しなさい。	noun	4	4	""[""""注意"""",""""自信"""",""""希望"""",""""方法"""",""""計画""""]""	""[""""caution"""",""""confidence"""",""""hope"""",""""method"""",""""plan""""]""	""[""""caution"""",""""option"""",""""motion"""",""""nation"""",""""question""""]""	""[{""""word"""":""""care"""",""""note"""":""""広い意味の「注意」""""},{""""word"""":""""warning"""",""""note"""":""""危険を知らせる注意""""}]""	""[{""""word"""":""""carelessness"""",""""note"""":""""不注意""""}]"""
500242	5	investigation	調査	a careful search to find facts	The police started an investigation yesterday.	警察は昨日、調査を始めた。	noun	5	3	""[""""調査"""",""""発見"""",""""計画"""",""""事故"""",""""証拠""""]""	""[""""investigation"""",""""discovery"""",""""plan"""",""""accident"""",""""evidence""""]""	""[""""investigation"""",""""invitation"""",""""instruction"""",""""information"""",""""inspection""""]""	""[{""""word"""":""""inquiry"""",""""note"""":""""ややかたい語だが近い意味""""}]""	[]"
500243	5	haul	引っぱる	to pull something heavy with effort	They had to haul the boat onto the beach.	彼らはそのボートを浜へ引っぱらなければならなかった。	verb	5	2	""[""""引っぱる"""",""""押す"""",""""運ぶ"""",""""持ち上げる"""",""""投げる""""]""	""[""""haul"""",""""push"""",""""carry"""",""""lift"""",""""throw""""]""	""[""""haul"""",""""hall"""",""""hold"""",""""whole"""",""""hole""""]""	""[{""""word"""":""""pull"""",""""note"""":""""より基本的な語""""}]""	""[{""""word"""":""""push"""",""""note"""":""""反対方向に力をかける""""}]"""
500244	5	arrest	逮捕する	to catch someone for breaking the law	The police arrested the man last night.	警察は昨夜その男を逮捕した。	verb	5	4	""[""""逮捕する"""",""""助ける"""",""""調べる"""",""""追いかける"""",""""守る""""]""	""[""""arrest"""",""""help"""",""""investigate"""",""""chase"""",""""protect""""]""	""[""""arrest"""",""""around"""",""""arrive"""",""""artist"""",""""alert""""]""	""[{""""word"""":""""catch"""",""""note"""":""""文脈によって近い意味""""}]""	""[{""""word"""":""""release"""",""""note"""":""""身柄を放す""""}]"""
500245	5	torment	苦しめる	to cause great pain or worry	The loud noise began to torment him.	その大きな音が彼を苦しめ始めた。	verb	5	2	""[""""苦しめる"""",""""助ける"""",""""守る"""",""""驚かせる"""",""""励ます""""]""	""[""""torment"""",""""protect"""",""""encourage"""",""""surprise"""",""""support""""]""	""[""""torment"""",""""tournament"""",""""moment"""",""""comment"""",""""garment""""]""	""[{""""word"""":""""torture"""",""""note"""":""""より強く苦しめる意味""""}]""	""[{""""word"""":""""comfort"""",""""note"""":""""苦しめるの反対で安心させる""""}]"""
500246	5	bring on	引き起こす	to cause something to happen	Too much stress can bring on headaches.	強すぎるストレスは頭痛を引き起こすことがある。	verb	5	3	""[""""引き起こす"""",""""防ぐ"""",""""隠す"""",""""集める"""",""""選ぶ""""]""	""[""""bring on"""",""""prevent"""",""""hide"""",""""collect"""",""""choose""""]""	""[""""bring on"""",""""belong"""",""""bring up"""",""""brown"""",""""broken""""]""	""[{""""word"""":""""cause"""",""""note"""":""""最も基本的な類義語""""}]""	""[{""""word"""":""""prevent"""",""""note"""":""""起こるのを防ぐ""""}]"""
500247	5	bring about	もたらす	to make something happen	The new plan may bring about big changes.	その新しい計画は大きな変化をもたらすかもしれない。	verb	5	3	""[""""もたらす"""",""""止める"""",""""失う"""",""""避ける"""",""""壊す""""]""	""[""""bring about"""",""""stop"""",""""lose"""",""""avoid"""",""""destroy""""]""	""[""""bring about"""",""""think about"""",""""bring around"""",""""bright"""",""""brown""""]""	""[{""""word"""":""""cause"""",""""note"""":""""出来事を起こす意味""""}]""	""[{""""word"""":""""prevent"""",""""note"""":""""起こるのを防ぐ""""}]"""
500248	5	give rise to	を引き起こす	to cause something to happen	Lack of sleep can give rise to mistakes.	睡眠不足はミスを引き起こすことがある。	verb	5	2	""[""""を引き起こす"""",""""を防ぐ"""",""""を選ぶ"""",""""を集める"""",""""を運ぶ""""]""	""[""""give rise to"""",""""prevent"""",""""choose"""",""""collect"""",""""carry""""]""	""[""""give rise to"""",""""give way to"""",""""give back"""",""""get close to"""",""""go right to""""]""	""[{""""word"""":""""cause"""",""""note"""":""""より基本的な語""""},{""""word"""":""""lead to"""",""""note"""":""""結果として〜になる""""}]""	""[{""""word"""":""""prevent"""",""""note"""":""""起こるのを防ぐ""""}]"""
500249	5	result from	から生じる	to happen because of something	Many problems result from poor planning.	多くの問題は計画不足から生じる。	verb	5	2	""[""""から生じる"""",""""を解決する"""",""""に参加する"""",""""を共有する"""",""""に到着する""""]""	""[""""result from"""",""""solve"""",""""join"""",""""share"""",""""arrive""""]""	""[""""result from"""",""""rescue from"""",""""respect for"""",""""rest from"""",""""receive from""""]""	""[{""""word"""":""""come from"""",""""note"""":""""より基本的な表現""""},{""""word"""":""""be caused by"""",""""note"""":""""受け身の言い方""""}]""	[]"
500250	5	be due to	が原因である	to be caused by something	The delay was due to heavy rain.	その遅れは大雨が原因だった。	verb	5	3	""[""""が原因である"""",""""を信じる"""",""""に反対する"""",""""を改善する"""",""""に気づく""""]""	""[""""be due to"""",""""believe"""",""""oppose"""",""""improve"""",""""notice""""]""	""[""""be due to"""",""""be true to"""",""""be new to"""",""""be close to"""",""""be kind to""""]""	""[{""""word"""":""""be caused by"""",""""note"""":""""意味が近い""""},{""""word"""":""""come from"""",""""note"""":""""より基本的な表現""""}]""	[]"
500251	5	controversial	物議をかもす	causing a lot of disagreement	The plan was controversial in the town.	その計画は町で物議をかもした。	adjective	5	3	""[""""物議をかもす"""",""""危険な"""",""""伝統的な"""",""""公平な"""",""""静かな""""]""	""[""""controversial"""",""""dangerous"""",""""traditional"""",""""fair"""",""""quiet""""]""	""[""""controversial"""",""""commercial"""",""""conversation"""",""""control"""",""""central""""]""	""[{""""word"""":""""debatable"""",""""note"""":""""議論の余地がある""""}]""	""[{""""word"""":""""accepted"""",""""note"""":""""広く受け入れられた""""}]"""
500252	5	revolutionary	革命的な	completely new and very important	This smartphone was revolutionary at that time.	このスマートフォンは当時、革命的だった。	adjective	5	3	""[""""革命的な"""",""""伝統的な"""",""""高価な"""",""""安全な"""",""""単純な""""]""	""[""""revolutionary"""",""""traditional"""",""""expensive"""",""""safe"""",""""simple""""]""	""[""""revolutionary"""",""""relation"""",""""solution"""",""""dictionary"""",""""celebatory""""]""	""[{""""word"""":""""innovative"""",""""note"""":""""新しい考えや方法の""""}]""	""[{""""word"""":""""traditional"""",""""note"""":""""昔からのやり方の""""}]"""
500253	5	deadly	致命的な	able to cause death	The snake is deadly if it bites you.	そのヘビは、かむと致命的だ。	adjective	5	4	""[""""致命的な"""",""""無害な"""",""""穏やかな"""",""""軽い"""",""""安全な""""]""	""[""""deadly"""",""""harmless"""",""""calm"""",""""light"""",""""safe""""]""	""[""""deadly"""",""""deeply"""",""""daily"""",""""dearly"""",""""dead""""]""	""[{""""word"""":""""fatal"""",""""note"""":""""より硬い語で「致命的な」""""}]""	""[{""""word"""":""""harmless"""",""""note"""":""""害のない""""},{""""word"""":""""safe"""",""""note"""":""""安全な""""}]"""
500254	5	scary	こわい	making you feel afraid	That movie was really scary.	その映画は本当にこわかった。	adjective	5	4	""[""""こわい"""",""""楽しい"""",""""静かな"""",""""明るい"""",""""安全な""""]""	""[""""scary"""",""""funny"""",""""quiet"""",""""bright"""",""""safe""""]""	""[""""scary"""",""""square"""",""""skinny"""",""""sleepy"""",""""sunny""""]""	""[{""""word"""":""""frightening"""",""""note"""":""""ややかたい言い方""""}]""	""[{""""word"""":""""safe"""",""""note"""":""""危険やこわさがない""""}]"""
500255	5	core	中心	the central or most important part	Trust is at the core of friendship.	信頼は友情の中心にある。	noun	6	3	""[""""中心"""",""""表面"""",""""端"""",""""外側"""",""""底""""]""	""[""""core"""",""""surface"""",""""edge"""",""""outside"""",""""bottom""""]""	""[""""core"""",""""call"""",""""cold"""",""""corn"""",""""care""""]""	""[{""""word"""":""""center"""",""""note"""":""""より一般的な語""""}]""	""[{""""word"""":""""edge"""",""""note"""":""""中心ではなく端""""}]"""
500256	5	middle	真ん中	the center part of something	She sat in the middle of the room.	彼女は部屋の真ん中に座った。	noun	4	5	""[""""真ん中"""",""""上"""",""""下"""",""""前"""",""""後ろ""""]""	""[""""middle"""",""""top"""",""""bottom"""",""""front"""",""""back""""]""	""[""""middle"""",""""medal"""",""""model"""",""""little"""",""""needle""""]""	""[{""""word"""":""""center"""",""""note"""":""""ほぼ同じ意味""""}]""	""[{""""word"""":""""edge"""",""""note"""":""""真ん中ではなく端""""}]"""
500257	5	be bound to	きっと～する	to be certain or very likely to do something	She is bound to win the game.	彼女はきっとその試合に勝つ。	verb	5	3	""[""""きっと～する"""",""""たぶん～しない"""",""""～するべきだ"""",""""～したい"""",""""～できる""""]""	""[""""be bound to"""",""""be able to"""",""""want to"""",""""have to"""",""""plan to""""]""	""[""""be bound to"""",""""be born to"""",""""be back to"""",""""be blind to"""",""""be close to""""]""	""[{""""word"""":""""be sure to"""",""""note"""":""""ほぼ同じ意味""""},{""""word"""":""""be certain to"""",""""note"""":""""ややかたい表現""""}]""	[]"
500258	5	throne	王座	the special chair of a king or queen	The king sat on the throne.	王は王座に座った。	noun	5	2	""[""""王座"""",""""王冠"""",""""宮殿"""",""""王国"""",""""城""""]""	""[""""throne"""",""""crown"""",""""palace"""",""""kingdom"""",""""castle""""]""	""[""""throne"""",""""thrown"""",""""tone"""",""""stone"""",""""phone""""]""	[]	[]"
500259	5	coincidence	偶然の一致	a surprising event that happens by chance	It was a strange coincidence.	それは不思議な偶然の一致だった。	noun	5	3	""[""""偶然の一致"""",""""習慣"""",""""結果"""",""""理由"""",""""計画""""]""	""[""""coincidence"""",""""habit"""",""""result"""",""""reason"""",""""plan""""]""	""[""""coincidence"""",""""confidence"""",""""conference"""",""""convenience"""",""""science""""]""	""[{""""word"""":""""chance"""",""""note"""":""""より広い意味の「偶然」""""}]""	[]"
500260	5	probability	可能性	the chance that something will happen	There is a high probability of rain today.	今日は雨が降る可能性が高い。	noun	5	3	""[""""可能性"""",""""必要"""",""""結果"""",""""方法"""",""""理由""""]""	""[""""probability"""",""""necessity"""",""""result"""",""""method"""",""""reason""""]""	""[""""probability"""",""""possibility"""",""""probably"""",""""property"""",""""publicly""""]""	""[{""""word"""":""""possibility"""",""""note"""":""""より日常的で広い意味""""}]""	[]"
500261	5	alter	変える	to change something	We need to alter the plan a little.	私たちはその計画を少し変える必要がある。	verb	5	3	""[""""変える"""",""""集める"""",""""選ぶ"""",""""運ぶ"""",""""比べる""""]""	""[""""alter"""",""""collect"""",""""choose"""",""""carry"""",""""compare""""]""	""[""""alter"""",""""after"""",""""actor"""",""""outer"""",""""shelter""""]""	""[{""""word"""":""""change"""",""""note"""":""""最も基本的な言い方""""}]""	[]"
500262	5	convert	変換する	to change something into a different form	You can convert this file to PDF.	このファイルをPDFに変換できます。	verb	5	3	""[""""変換する"""",""""保存する"""",""""印刷する"""",""""共有する"""",""""削除する""""]""	""[""""convert"""",""""save"""",""""print"""",""""share"""",""""delete""""]""	""[""""convert"""",""""concert"""",""""connect"""",""""collect"""",""""control""""]""	""[{""""word"""":""""change"""",""""note"""":""""広い意味では近いが convert の方が形を変える感じ""""}]""	[]"
500263	5	transform into	〜に変わる	to change into something else	The caterpillar will transform into a butterfly.	その毛虫は蝶に変わるでしょう。	verb	5	2	""[""""〜に変わる"""",""""〜を集める"""",""""〜を隠す"""",""""〜を選ぶ"""",""""〜を運ぶ""""]""	""[""""transform into"""",""""gather"""",""""hide"""",""""choose"""",""""carry""""]""	""[""""transform into"""",""""transfer"""",""""translate"""",""""transport"""",""""transit""""]""	""[{""""word"""":""""change into"""",""""note"""":""""より基本的な表現""""}]""	[]"
500264	5	translate into	〜に翻訳する	to change words from one language into another language	Can you translate this letter into Japanese?	この手紙を日本語に翻訳できますか。	verb	5	3	""[""""〜に翻訳する"""",""""〜に説明する"""",""""〜に送る"""",""""〜に見せる"""",""""〜に変える""""]""	""[""""translate into"""",""""explain to"""",""""send to"""",""""show to"""",""""change into""""]""	""[""""translate into"""",""""transport into"""",""""turn into"""",""""trade into"""",""""translate from""""]""	[]	[]"
500265	5	transition	移り変わり	a change from one state or stage to another	The transition to high school was not easy for him.	高校への移り変わりは彼にとって簡単ではありませんでした。	noun	5	3	""[""""移り変わり"""",""""発明"""",""""到着"""",""""提案"""",""""選択""""]""	""[""""transition"""",""""invention"""",""""arrival"""",""""proposal"""",""""choice""""]""	""[""""transition"""",""""tradition"""",""""transport"""",""""translation"""",""""condition""""]""	""[{""""word"""":""""change"""",""""note"""":""""より広い意味の基本語""""}]""	""[{""""word"""":""""stability"""",""""note"""":""""変化がない状態""""}]"""
500266	5	adapt	適応する	to change yourself to fit new conditions	Animals adapt to their environment.	動物は環境に適応します。	verb	4	4	""[""""適応する"""",""""拒否する"""",""""比較する"""",""""説明する"""",""""修理する""""]""	""[""""adapt"""",""""refuse"""",""""compare"""",""""explain"""",""""repair""""]""	""[""""adapt"""",""""adopt"""",""""adult"""",""""effect"""",""""attack""""]""	""[{""""word"""":""""adjust"""",""""note"""":""""状況に合わせて変える""""}]""	""[{""""word"""":""""resist"""",""""note"""":""""変化を受け入れない""""}]"""
500267	5	revise	見直す	to change something to make it better	I need to revise my report before class.	授業の前にレポートを見直す必要があります。	verb	4	3	""[""""見直す"""",""""借りる"""",""""招待する"""",""""配る"""",""""隠す""""]""	""[""""revise"""",""""borrow"""",""""invite"""",""""hand"""",""""hide""""]""	""[""""revise"""",""""realize"""",""""review"""",""""reply"""",""""reduce""""]""	""[{""""word"""":""""review"""",""""note"""":""""内容を確認し直す""""}]""	[]"
500268	5	amendment	修正	a small change made to improve something	The plan needs one more amendment.	その計画にはもう一つ修正が必要です。	noun	5	2	""[""""修正"""",""""改善"""",""""提案"""",""""規則"""",""""意見""""]""	""[""""amendment"""",""""improvement"""",""""proposal"""",""""rule"""",""""opinion""""]""	""[""""amendment"""",""""agreement"""",""""apartment"""",""""movement"""",""""assignment""""]""	""[{""""word"""":""""revision"""",""""note"""":""""文章や計画の修正でよく使う""""}]""	[]"
500269	5	on second thought	考え直して	after thinking again	On second thought, I will stay home.	考え直して、私は家にいます。	adverb	5	2	""[""""考え直して"""",""""突然"""",""""結局"""",""""実は"""",""""少なくとも""""]""	""[""""on second thought"""",""""suddenly"""",""""finally"""",""""actually"""",""""at least""""]""	""[""""on second thought"""",""""on Sunday morning"""",""""at second base"""",""""in a short time"""",""""for a second""""]""	""[{""""word"""":""""after thinking again"""",""""note"""":""""意味をやさしく言い換えた表現""""}]""	[]"
500270	5	improvement	改善	a change that makes something better	We saw a big improvement in her English.	私たちは彼女の英語に大きな改善を見ました。	noun	4	3	""[""""改善"""",""""修正"""",""""成長"""",""""変化"""",""""結果""""]""	""[""""improvement"""",""""revision"""",""""growth"""",""""change"""",""""result""""]""	""[""""improvement"""",""""movement"""",""""agreement"""",""""important"""",""""government""""]""	""[{""""word"""":""""progress"""",""""note"""":""""前進という意味で近い""""}]""	""[{""""word"""":""""decline"""",""""note"""":""""よくない方向への変化""""}]"""
500271	5	in pursuit of	～を求めて	trying to get or achieve something	He traveled abroad in pursuit of his dream.	彼は夢を求めて海外へ行った。	preposition	5	3	""[""""～を求めて"""",""""～の代わりに"""",""""～のおかげで"""",""""～に反対して"""",""""～と比べて""""]""	""[""""in pursuit of"""",""""instead of"""",""""because of"""",""""against"""",""""compared with""""]""	""[""""in pursuit of"""",""""in front of"""",""""in place of"""",""""in spite of"""",""""in charge of""""]""	[]	[]"
500272	5	pursuit	追求	the act of trying to get or achieve something	The pursuit of knowledge is important.	知識の追求は大切だ。	noun	5	3	""[""""追求"""",""""発見"""",""""選択"""",""""到着"""",""""提案""""]""	""[""""pursuit"""",""""discovery"""",""""choice"""",""""arrival"""",""""suggestion""""]""	""[""""pursuit"""",""""purse"""",""""result"""",""""respect"""",""""project""""]""	[]	[]"
500273	5	economical	節約になる	saving money or using little waste	This small car is economical to drive.	この小型車は運転するのに節約になる。	adjective	5	3	""[""""節約になる"""",""""危険な"""",""""快適な"""",""""静かな"""",""""高価な""""]""	""[""""economical"""",""""dangerous"""",""""comfortable"""",""""quiet"""",""""expensive""""]""	""[""""economical"""",""""electrical"""",""""historical"""",""""practical"""",""""chemical""""]""	""[{""""word"""":""""cheap"""",""""note"""":""""値段が安い意味で使うことが多い""""}]""	""[{""""word"""":""""wasteful"""",""""note"""":""""むだが多い""""}]"""
500274	5	audit	監査する	to check money records carefully	The company will audit its accounts this year.	その会社は今年、会計を監査します。	verb	5	2	""[""""監査する"""",""""確認する"""",""""調査する"""",""""修理する"""",""""記録する""""]""	""[""""audit"""",""""verify"""",""""inspect"""",""""repair"""",""""record""""]""	""[""""audit"""",""""adult"""",""""edit"""",""""avoid"""",""""added""""]""	""[{""""word"""":""""inspect"""",""""note"""":""""より広く「点検する」""""},{""""word"""":""""check"""",""""note"""":""""より基本的な語""""}]""	[]"
500275	5	verify	確かめる	to make sure something is true	Please verify the answer before you send it.	送る前にその答えを確かめてください。	verb	5	3	""[""""確かめる"""",""""監査する"""",""""調査する"""",""""隠す"""",""""修理する""""]""	""[""""verify"""",""""audit"""",""""probe"""",""""hide"""",""""repair""""]""	""[""""verify"""",""""terrify"""",""""very"""",""""varied"""",""""clarify""""]""	""[{""""word"""":""""confirm"""",""""note"""":""""正しいと確認する""""},{""""word"""":""""check"""",""""note"""":""""より基本的な語""""}]""	""[{""""word"""":""""doubt"""",""""note"""":""""本当かどうか疑う""""}]"""
500276	5	probe	調査する	to examine something closely	The police will probe the cause of the fire.	警察はその火事の原因を調査します。	verb	5	2	""[""""調査する"""",""""確かめる"""",""""監査する"""",""""飾る"""",""""運ぶ""""]""	""[""""probe"""",""""verify"""",""""audit"""",""""decorate"""",""""carry""""]""	""[""""probe"""",""""prove"""",""""proud"""",""""broke"""",""""globe""""]""	""[{""""word"""":""""investigate"""",""""note"""":""""より詳しく調べる""""},{""""word"""":""""examine"""",""""note"""":""""注意して調べる""""}]""	[]"
500277	5	compare A with B	AをBと比べる	to look at two things to see how they are different or similar	Let's compare this bag with that one.	このかばんをあのかばんと比べてみよう。	verb	5	3	""[""""AをBと比べる"""",""""AをBに加える"""",""""AをBに送る"""",""""AをBに見せる"""",""""AをBに変える""""]""	""[""""compare A with B"""",""""add A to B"""",""""send A to B"""",""""show A to B"""",""""change A to B""""]""	""[""""compare A with B"""",""""come back"""",""""complete"""",""""company"""",""""camera""""]""	""[{""""word"""":""""contrast A with B"""",""""note"""":""""違いに注目して比べる""""}]""	[]"
500278	5	validate	正しいと認める	to show that something is correct or acceptable	The test results validate our idea.	そのテスト結果は私たちの考えが正しいと認めている。	verb	5	2	""[""""正しいと認める"""",""""変える"""",""""断る"""",""""隠す"""",""""集める""""]""	""[""""validate"""",""""change"""",""""refuse"""",""""hide"""",""""collect""""]""	""[""""validate"""",""""value"""",""""vacant"""",""""varied"""",""""visit""""]""	""[{""""word"""":""""confirm"""",""""note"""":""""正しいと確かめる""""}]""	""[{""""word"""":""""deny"""",""""note"""":""""正しくないとする""""}]"""
500279	5	look over	ざっと見る	to check something quickly	Please look over my homework.	私の宿題をざっと見てください。	verb	4	3	""[""""ざっと見る"""",""""書き写す"""",""""持ち上げる"""",""""片づける"""",""""引き返す""""]""	""[""""look over"""",""""copy"""",""""lift"""",""""put away"""",""""turn back""""]""	""[""""look over"""",""""look up"""",""""look out"""",""""take over"""",""""left over""""]""	""[{""""word"""":""""check"""",""""note"""":""""内容を確かめる""""},{""""word"""":""""review"""",""""note"""":""""見直す感じがある""""}]""	[]"
500280	5	inspection	点検	a careful check of something	The car passed the safety inspection.	その車は安全点検に合格した。	noun	5	3	""[""""点検"""",""""修理"""",""""建設"""",""""配達"""",""""発明""""]""	""[""""inspection"""",""""repair"""",""""construction"""",""""delivery"""",""""invention""""]""	""[""""inspection"""",""""instruction"""",""""injection"""",""""selection"""",""""direction""""]""	""[{""""word"""":""""check"""",""""note"""":""""より日常的な語""""}]""	[]"
500281	5	orphan	孤児	a child whose parents are dead	The orphan lived with his aunt.	その孤児はおばと一緒に暮らしていた。	noun	5	2	""[""""孤児"""",""""王子"""",""""兵士"""",""""画家"""",""""患者""""]""	""[""""orphan"""",""""prince"""",""""soldier"""",""""artist"""",""""patient""""]""	""[""""orphan"""",""""often"""",""""order"""",""""organ"""",""""open""""]""	[]	[]"
500282	5	grandchildren	孫たち	the children of your son or daughter	Their grandchildren visit every summer.	彼らの孫たちは毎年夏に訪ねて来る。	noun	4	3	""[""""孫たち"""",""""子どもたち"""",""""親たち"""",""""いとこたち"""",""""兄弟たち""""]""	""[""""grandchildren"""",""""children"""",""""parents"""",""""cousins"""",""""brothers""""]""	""[""""grandchildren"""",""""grandparents"""",""""classchildren"""",""""playchildren"""",""""schoolchildren""""]""	[]	[]"
500283	5	rather than	〜よりむしろ	instead of; more willingly than	I want tea rather than coffee.	私はコーヒーよりむしろ紅茶がほしい。	conjunction	4	3	""[""""〜よりむしろ"""",""""〜の前に"""",""""〜の間に"""",""""〜のために"""",""""〜のあとで""""]""	""[""""rather than"""",""""before"""",""""between"""",""""for"""",""""after""""]""	""[""""rather than"""",""""other than"""",""""brother"""",""""weather"""",""""whether""""]""	""[{""""word"""":""""instead of"""",""""note"""":""""置きかえて「〜の代わりに」""""}]""	[]"
500284	5	appoint	任命する	to choose someone for a job or position	They will appoint a new captain today.	彼らは今日、新しいキャプテンを任命するでしょう。	verb	5	3	""[""""任命する"""",""""説明する"""",""""招待する"""",""""修理する"""",""""発見する""""]""	""[""""appoint"""",""""explain"""",""""invite"""",""""repair"""",""""discover""""]""	""[""""appoint"""",""""a point"""",""""avoid"""",""""approve"""",""""adopt""""]""	""[{""""word"""":""""choose"""",""""note"""":""""広い意味で「選ぶ」""""},{""""word"""":""""name"""",""""note"""":""""役職に選んで決める時に使う""""}]""	""[{""""word"""":""""dismiss"""",""""note"""":""""役職から外す""""}]"""
500285	5	vote for	〜に投票する	to choose someone or something in an election	Many students will vote for her.	多くの生徒が彼女に投票するでしょう。	verb	4	3	""[""""〜に投票する"""",""""〜を応援する"""",""""〜を訪ねる"""",""""〜を信じる"""",""""〜を必要とする""""]""	""[""""vote for"""",""""cheer for"""",""""visit"""",""""believe"""",""""need""""]""	""[""""vote for"""",""""wait for"""",""""hope for"""",""""go for"""",""""look for""""]""	""[{""""word"""":""""support"""",""""note"""":""""文脈によって近い意味""""}]""	[]"
500286	5	pick out	選び出す	to choose something from a group	Please pick out a nice gift for her.	彼女にすてきな贈り物を選び出してください。	verb	5	3	""[""""選び出す"""",""""片づける"""",""""持ち上げる"""",""""書き留める"""",""""呼び戻す""""]""	""[""""pick out"""",""""put away"""",""""pick up"""",""""write down"""",""""call back""""]""	""[""""pick out"""",""""check out"""",""""kick off"""",""""point out"""",""""take out""""]""	""[{""""word"""":""""choose"""",""""note"""":""""より基本的な語""""},{""""word"""":""""select"""",""""note"""":""""少しかたい言い方""""}]""	[]"
500287	5	adopt	採用する	to take and use something such as an idea or plan	Our school will adopt a new rule next month.	私たちの学校は来月新しい規則を採用します。	verb	5	3	""[""""採用する"""",""""拒否する"""",""""説明する"""",""""修理する"""",""""発見する""""]""	""[""""adopt"""",""""reject"""",""""explain"""",""""repair"""",""""discover""""]""	""[""""adopt"""",""""adapt"""",""""admit"""",""""adult"""",""""about""""]""	""[{""""word"""":""""accept"""",""""note"""":""""受け入れる意味で近い""""}]""	""[{""""word"""":""""reject"""",""""note"""":""""受け入れない""""}]"""
500288	5	lump	こぶ	a small hard round mass	I found a lump in the dough.	私はその生地の中にこぶを見つけた。	noun	5	2	""[""""こぶ"""",""""穴"""",""""線"""",""""しみ"""",""""割れ目""""]""	""[""""lump"""",""""hole"""",""""line"""",""""spot"""",""""crack""""]""	""[""""lump"""",""""lamp"""",""""jump"""",""""long"""",""""luck""""]""	[]	[]"
500289	5	priest	司祭	a person who leads religious services in a church	The priest spoke to the people in the church.	その司祭は教会で人々に話しました。	noun	5	3	""[""""司祭"""",""""医師"""",""""画家"""",""""兵士"""",""""農家""""]""	""[""""priest"""",""""doctor"""",""""painter"""",""""soldier"""",""""farmer""""]""	""[""""priest"""",""""price"""",""""please"""",""""print"""",""""prize""""]""	""[{""""word"""":""""clergyman"""",""""note"""":""""ややかたい語""""}]""	[]"
500290	5	scrub	ごしごし洗う	to wash something hard with a brush or your hands	I scrub the floor every Saturday.	私は毎週土曜日に床をごしごし洗います。	verb	5	3	""[""""ごしごし洗う"""",""""磨く"""",""""拭く"""",""""乾かす"""",""""運ぶ""""]""	""[""""scrub"""",""""polish"""",""""wipe"""",""""dry"""",""""carry""""]""	""[""""scrub"""",""""scratch"""",""""scream"""",""""strip"""",""""skrub""""]""	""[{""""word"""":""""rub"""",""""note"""":""""こする意味で近い""""}]""	[]"
500291	5	wipe	拭く	to clean or dry something with a cloth or your hand	Please wipe the table after dinner.	夕食のあとでテーブルを拭いてください。	verb	4	4	""[""""拭く"""",""""洗う"""",""""切る"""",""""押す"""",""""運ぶ""""]""	""[""""wipe"""",""""wash"""",""""cut"""",""""push"""",""""carry""""]""	""[""""wipe"""",""""wide"""",""""wife"""",""""pipe"""",""""ripe""""]""	""[{""""word"""":""""clean"""",""""note"""":""""意味は広いが近い""""},{""""word"""":""""dry"""",""""note"""":""""水分を取る文脈で近い""""}]""	[]"
500292	5	hygiene	衛生	clean habits that keep you healthy	Good hygiene helps prevent illness.	よい衛生習慣は病気を防ぐのに役立ちます。	noun	5	3	""[""""衛生"""",""""栄養"""",""""運動"""",""""睡眠"""",""""治療""""]""	""[""""hygiene"""",""""nutrition"""",""""exercise"""",""""sleep"""",""""treatment""""]""	""[""""hygiene"""",""""high"""",""""giant"""",""""hidden"""",""""higher""""]""	""[{""""word"""":""""cleanliness"""",""""note"""":""""より直接的に「清潔さ」""""}]""	[]"
500293	5	distinction	区別	a clear difference between things	There is a clear distinction between the two ideas.	その二つの考えには明確な区別があります。	noun	6	2	""[""""区別"""",""""一致"""",""""変化"""",""""関係"""",""""目的""""]""	""[""""distinction"""",""""agreement"""",""""change"""",""""relation"""",""""purpose""""]""	""[""""distinction"""",""""direction"""",""""discussion"""",""""decision"""",""""description""""]""	""[{""""word"""":""""difference"""",""""note"""":""""より基本的な語""""}]""	[]"
500294	5	explicit	明確な	clear and easy to understand	The teacher gave explicit instructions.	先生は明確な指示を出しました。	adjective	6	2	""[""""明確な"""",""""静かな"""",""""危険な"""",""""公平な"""",""""柔らかい""""]""	""[""""explicit"""",""""quiet"""",""""dangerous"""",""""fair"""",""""soft""""]""	""[""""explicit"""",""""explain"""",""""excited"""",""""exact"""",""""expert""""]""	""[{""""word"""":""""clear"""",""""note"""":""""より基本的な語""""},{""""word"""":""""direct"""",""""note"""":""""遠回しでない""""}]""	""[{""""word"""":""""vague"""",""""note"""":""""はっきりしない""""}]"""
500295	5	definite	確かな	clear and certain	We need a definite answer by tomorrow.	私たちは明日までに確かな答えが必要です。	adjective	5	3	""[""""確かな"""",""""明らかな"""",""""見かけの"""",""""重要な"""",""""静かな""""]""	""[""""definite"""",""""evident"""",""""apparent"""",""""important"""",""""silent""""]""	""[""""definite"""",""""delicate"""",""""different"""",""""desperate"""",""""favorite""""]""	""[{""""word"""":""""certain"""",""""note"""":""""より基本的な語""""},{""""word"""":""""clear"""",""""note"""":""""はっきりしている時に使う""""}]""	""[{""""word"""":""""uncertain"""",""""note"""":""""確かでない""""}]"""
500296	5	evident	明らかな	easy to see or understand	It was evident that she was tired.	彼女が疲れているのは明らかだった。	adjective	5	3	""[""""明らかな"""",""""確かな"""",""""見かけの"""",""""重要な"""",""""静かな""""]""	""[""""evident"""",""""definite"""",""""apparent"""",""""important"""",""""silent""""]""	""[""""evident"""",""""elephant"""",""""event"""",""""evening"""",""""excellent""""]""	""[{""""word"""":""""clear"""",""""note"""":""""意味がわかりやすい基本語""""},{""""word"""":""""obvious"""",""""note"""":""""より強く『明白な』""""}]""	""[{""""word"""":""""hidden"""",""""note"""":""""見えない・隠れた""""}]"""
500297	5	apparent	見かけの	seeming to be true or real	His calm smile was only apparent.	彼の落ち着いた笑顔は見かけだけだった。	adjective	5	3	""[""""見かけの"""",""""明らかな"""",""""確かな"""",""""重要な"""",""""静かな""""]""	""[""""apparent"""",""""evident"""",""""definite"""",""""important"""",""""silent""""]""	""[""""apparent"""",""""parent"""",""""appear"""",""""apart"""",""""important""""]""	[]	""[{""""word"""":""""real"""",""""note"""":""""本当の・実際の""""}]"""
500298	5	textile	織物	cloth made by weaving or knitting	This town is famous for textile products.	この町は織物製品で有名です。	noun	5	2	""[""""織物"""",""""包帯"""",""""布"""",""""糸"""",""""革""""]""	""[""""textile"""",""""bandage"""",""""fabric"""",""""thread"""",""""leather""""]""	""[""""textile"""",""""testify"""",""""texture"""",""""temple"""",""""taxi""""]""	[]	[]"
500299	5	bandage	包帯	a strip of cloth used to cover a wound	The nurse put a bandage on my arm.	看護師は私の腕に包帯を巻きました。	noun	4	3	""[""""包帯"""",""""薬"""",""""注射"""",""""傷"""",""""石こう""""]""	""[""""bandage"""",""""medicine"""",""""injection"""",""""wound"""",""""cast""""]""	""[""""bandage"""",""""baggage"""",""""sandwich"""",""""manage"""",""""village""""]""	[]	[]"
500300	5	fabric	布	cloth used for making clothes and other things	This shirt is made of soft fabric.	このシャツはやわらかい布でできています。	noun	4	4	""[""""布"""",""""織物"""",""""革"""",""""綿"""",""""糸""""]""	""[""""fabric"""",""""textile"""",""""leather"""",""""cotton"""",""""thread""""]""	""[""""fabric"""",""""traffic"""",""""magic"""",""""panic"""",""""public""""]""	""[{""""word"""":""""cloth"""",""""note"""":""""より日常的な語""""}]""	[]"
500301	5	garment	衣服	a piece of clothing	This garment is made of cotton.	この衣服は綿でできています。	noun	5	2	""[""""衣服"""",""""靴"""",""""帽子"""",""""手袋"""",""""かばん""""]""	""[""""garment"""",""""jacket"""",""""sweater"""",""""uniform"""",""""costume""""]""	""[""""garment"""",""""garden"""",""""gallon"""",""""golden"""",""""target""""]""	""[{""""word"""":""""clothing"""",""""note"""":""""集合的に「衣類」""""},{""""word"""":""""clothes"""",""""note"""":""""ふつう日常会話で使う語""""}]""	[]"
500302	5	tailor	仕立て屋	a person who makes or fixes clothes	The tailor made a new suit for my father.	その仕立て屋は父のために新しいスーツを作りました。	noun	5	2	""[""""仕立て屋"""",""""画家"""",""""農家"""",""""運転手"""",""""店員""""]""	""[""""tailor"""",""""painter"""",""""farmer"""",""""driver"""",""""clerk""""]""	""[""""tailor"""",""""sailor"""",""""table"""",""""tiger"""",""""tower""""]""	[]	[]"
500303	5	hint	ヒント	a small clue or helpful idea	Can you give me a hint?	私にヒントをくれますか。	noun	4	4	""[""""ヒント"""",""""答え"""",""""質問"""",""""約束"""",""""理由""""]""	""[""""hint"""",""""answer"""",""""question"""",""""promise"""",""""reason""""]""	""[""""hint"""",""""hand"""",""""heat"""",""""hunt"""",""""hill""""]""	""[{""""word"""":""""clue"""",""""note"""":""""答えを見つける手がかり""""}]""	[]"
500304	5	carbon dioxide	二酸化炭素	a gas in the air that people and animals breathe out	Trees take in carbon dioxide from the air.	木は空気中の二酸化炭素を取り込みます。	noun	5	3	""[""""二酸化炭素"""",""""酸素"""",""""窒素"""",""""水蒸気"""",""""一酸化炭素""""]""	""[""""carbon dioxide"""",""""oxygen"""",""""nitrogen"""",""""steam"""",""""carbon monoxide""""]""	""[""""carbon dioxide"""",""""cardboard"""",""""camera"""",""""common"""",""""cotton""""]""	[]	[]"
500305	5	chill	冷やす	to make something cold	Please chill the juice before dinner.	夕食の前にそのジュースを冷やしてください。	verb	5	3	""[""""冷やす"""",""""温める"""",""""混ぜる"""",""""切る"""",""""注ぐ""""]""	""[""""chill"""",""""heat"""",""""mix"""",""""cut"""",""""pour""""]""	""[""""chill"""",""""child"""",""""chip"""",""""cheer"""",""""chain""""]""	""[{""""word"""":""""cool"""",""""note"""":""""少し冷たくする""""}]""	""[{""""word"""":""""heat"""",""""note"""":""""熱くする""""}]"""
500306	5	compile	まとめる	to collect information and put it together	She will compile the class report.	彼女はクラスのレポートをまとめます。	verb	6	2	""[""""まとめる"""",""""配る"""",""""比べる"""",""""説明する"""",""""選ぶ""""]""	""[""""compile"""",""""distribute"""",""""compare"""",""""explain"""",""""choose""""]""	""[""""compile"""",""""complete"""",""""comply"""",""""compose"""",""""combine""""]""	""[{""""word"""":""""collect"""",""""note"""":""""集めることに重点""""},{""""word"""":""""gather"""",""""note"""":""""集めてまとめる感じ""""}]""	[]"
500307	5	faculty	学部	a department of study in a university	She wants to enter the science faculty.	彼女は理学部に入りたがっています。	noun	5	3	""[""""学部"""",""""学科"""",""""教室"""",""""図書館"""",""""寮""""]""	""[""""faculty"""",""""department"""",""""classroom"""",""""library"""",""""dormitory""""]""	""[""""faculty"""",""""factory"""",""""factual"""",""""fancy"""",""""family""""]""	[]	[]"
500308	5	intervene	介入する	to become involved in a situation to help or stop trouble	The teacher had to intervene in the fight.	先生はそのけんかに介入しなければなりませんでした。	verb	5	2	""[""""介入する"""",""""観察する"""",""""説明する"""",""""拒否する"""",""""到着する""""]""	""[""""intervene"""",""""observe"""",""""explain"""",""""refuse"""",""""arrive""""]""	""[""""intervene"""",""""interview"""",""""internet"""",""""introduce"""",""""interrupt""""]""	[]	[]"
500309	5	occur to	思いつく	to come into someone's mind	A good idea occurred to me on the bus.	バスの中でよい考えが思いつきました。	verb	5	2	""[""""思いつく"""",""""あきらめる"""",""""申し込む"""",""""片づける"""",""""引き返す""""]""	""[""""occur to"""",""""give up"""",""""apply for"""",""""put away"""",""""turn back""""]""	""[""""occur to"""",""""according to"""",""""look up to"""",""""belong to"""",""""talk to""""]""	""[{""""word"""":""""come to mind"""",""""note"""":""""より説明的な表現""""}]""	[]"
500310	5	be derived from	〜に由来する	to come from something as its source	Many English words are derived from Latin.	多くの英単語はラテン語に由来する。	verb	5	3	""[""""〜に由来する"""",""""〜を含む"""",""""〜を表す"""",""""〜を比べる"""",""""〜を支える""""]""	""[""""be derived from"""",""""belong to"""",""""depend on"""",""""result in"""",""""consist of""""]""	""[""""be derived from"""",""""be divided from"""",""""be delayed from"""",""""be decided from"""",""""be designed from""""]""	""[{""""word"""":""""come from"""",""""note"""":""""より基本的な言い方""""}]""	[]"
500311	5	forthcoming	来たる	coming soon or about to happen	We are excited about the forthcoming festival.	私たちは来たる祭りを楽しみにしている。	adjective	5	3	""[""""来たる"""",""""重要な"""",""""静かな"""",""""有名な"""",""""安全な""""]""	""[""""forthcoming"""",""""famous"""",""""quiet"""",""""useful"""",""""careful""""]""	""[""""forthcoming"""",""""following"""",""""forming"""",""""forgetting"""",""""welcoming""""]""	""[{""""word"""":""""coming"""",""""note"""":""""より基本的で近い意味""""}]""	""[{""""word"""":""""past"""",""""note"""":""""すでに過ぎた""""}]"""
500312	5	feedback	意見	comments or advice about something	The teacher gave us helpful feedback.	先生は私たちに役立つ意見をくれた。	noun	4	4	""[""""意見"""",""""予定"""",""""方法"""",""""結果"""",""""機会""""]""	""[""""feedback"""",""""schedule"""",""""method"""",""""result"""",""""chance""""]""	""[""""feedback"""",""""fieldwork"""",""""feature"""",""""feeling"""",""""playback""""]""	""[{""""word"""":""""comment"""",""""note"""":""""一つ一つの意見を表すことが多い""""},{""""word"""":""""opinion"""",""""note"""":""""考えや意見""""}]""	[]"
500313	5	what is called	いわゆる	used to name something in a common way	This is what is called a lucky day.	これはいわゆる幸運な日です。	phrase	5	2	""[""""いわゆる"""",""""たとえば"""",""""実は"""",""""その結果"""",""""少なくとも""""]""	""[""""what is called"""",""""for example"""",""""in fact"""",""""as a result"""",""""at least""""]""	""[""""what is called"""",""""what is cold"""",""""what is good"""",""""what is close"""",""""what is kind""""]""	""[{""""word"""":""""so-called"""",""""note"""":""""より短い形で同じ意味""""}]""	[]"
500314	5	interact	交流する	to communicate or work with others	Students interact with each other online.	生徒たちはオンラインでお互いに交流します。	verb	5	3	""[""""交流する"""",""""説明する"""",""""比較する"""",""""到着する"""",""""提案する""""]""	""[""""interact"""",""""explain"""",""""compare"""",""""arrive"""",""""suggest""""]""	""[""""interact"""",""""interrupt"""",""""interest"""",""""internet"""",""""interview""""]""	""[{""""word"""":""""communicate"""",""""note"""":""""気持ちや情報を伝え合う""""}]""	[]"
500315	5	in comparison with	～と比べて	when compared to something	This car is cheap in comparison with that one.	この車はあれと比べて安いです。	preposition	5	2	""[""""～と比べて"""",""""～のおかげで"""",""""～の代わりに"""",""""～の前に"""",""""～の間に""""]""	""[""""in comparison with"""",""""because of"""",""""instead of"""",""""before"""",""""during""""]""	""[""""in comparison with"""",""""in connection with"""",""""in condition with"""",""""in conversation with"""",""""in competition with""""]""	""[{""""word"""":""""compared with"""",""""note"""":""""ほぼ同じ意味で使う""""}]""	[]"
500316	5	make up for	埋め合わせをする	to do something good after a mistake or loss	I will make up for the lost time.	私は失った時間の埋め合わせをします。	verb	5	3	""[""""埋め合わせをする"""",""""延期する"""",""""あきらめる"""",""""片づける"""",""""断る""""]""	""[""""make up for"""",""""put off"""",""""give up"""",""""clean up"""",""""turn down""""]""	""[""""make up for"""",""""take up"""",""""wake up"""",""""make it"""",""""look for""""]""	""[{""""word"""":""""compensate for"""",""""note"""":""""ややかたい表現""""}]""	[]"
500317	5	complement	補完する	to make something complete or better by adding to it	This sauce will complement the fish well.	このソースはその魚料理によく合います。	verb	6	2	""[""""補完する"""",""""比較する"""",""""分ける"""",""""修理する"""",""""運ぶ""""]""	""[""""complement"""",""""compare"""",""""divide"""",""""repair"""",""""carry""""]""	""[""""complement"""",""""compliment"""",""""component"""",""""company"""",""""comment""""]""	[]	[]"
500318	5	sheer	まったくの	complete or total	It was sheer luck that we met there.	そこで私たちが会ったのはまったくの幸運でした。	adjective	6	2	""[""""まったくの"""",""""静かな"""",""""安全な"""",""""公平な"""",""""柔らかい""""]""	""[""""sheer"""",""""quiet"""",""""safe"""",""""fair"""",""""soft""""]""	""[""""sheer"""",""""share"""",""""cheer"""",""""shell"""",""""shirt""""]""	""[{""""word"""":""""pure"""",""""note"""":""""pure luck でも使う""""}]""	[]"
500319	5	fully	十分に	completely or as much as needed	I fully understand your idea.	私はあなたの考えを十分に理解しています。	adverb	5	3	""[""""十分に"""",""""部分的に"""",""""静かに"""",""""突然"""",""""簡単に""""]""	""[""""fully"""",""""partly"""",""""quietly"""",""""suddenly"""",""""easily""""]""	""[""""fully"""",""""foolish"""",""""fairly"""",""""freely"""",""""finally""""]""	""[{""""word"""":""""completely"""",""""note"""":""""より直接的に「完全に」""""},{""""word"""":""""entirely"""",""""note"""":""""ややかたいが近い意味""""}]""	""[{""""word"""":""""partly"""",""""note"""":""""一部だけ""""},{""""word"""":""""partially"""",""""note"""":""""fully の反対に近い""""}]"""
500320	5	be made up of	〜でできている	to consist of something	The team is made up of ten students.	そのチームは10人の生徒でできている。	verb	5	2	""[""""〜でできている"""",""""〜を含む"""",""""〜に属する"""",""""〜を支える"""",""""〜を運ぶ""""]""	""[""""be made up of"""",""""include"""",""""belong to"""",""""support"""",""""carry""""]""	""[""""be made up of"""",""""be proud of"""",""""be part of"""",""""be aware of"""",""""be fond of""""]""	""[{""""word"""":""""consist of"""",""""note"""":""""ほぼ同じ意味の表現""""}]""	[]"
500321	5	with respect to	〜に関して	about a particular thing or topic	I have a question with respect to this plan.	私はこの計画に関して質問があります。	preposition	5	2	""[""""〜に関して"""",""""〜の前に"""",""""〜の代わりに"""",""""〜のおかげで"""",""""〜と一緒に""""]""	""[""""with respect to"""",""""before"""",""""instead of"""",""""because of"""",""""along with""""]""	""[""""with respect to"""",""""with regard to"""",""""with reply to"""",""""with return to"""",""""with relation to""""]""	""[{""""word"""":""""regarding"""",""""note"""":""""より短い言い方""""},{""""word"""":""""about"""",""""note"""":""""より基本的な語""""}]""	[]"
500322	5	cement	セメント	a gray material used for building	The workers used cement to make the wall.	作業員たちは壁を作るためにセメントを使った。	noun	5	3	""[""""セメント"""",""""れんが"""",""""木材"""",""""砂"""",""""ガラス""""]""	""[""""cement"""",""""brick"""",""""wood"""",""""sand"""",""""glass""""]""	""[""""cement"""",""""comment"""",""""segment"""",""""second"""",""""silent""""]""	[]	[]"
500323	5	provided that	〜という条件で	only if a condition is true	You can go out provided that you finish your homework.	宿題を終えるという条件で、あなたは外出してよい。	conjunction	6	2	""[""""〜という条件で"""",""""〜なので"""",""""〜の前に"""",""""〜したあとで"""",""""〜だけれども""""]""	""[""""provided that"""",""""because"""",""""before"""",""""after"""",""""although""""]""	""[""""provided that"""",""""provide"""",""""probable"""",""""protected"""",""""promised""""]""	""[{""""word"""":""""if"""",""""note"""":""""より基本的な語""""},{""""word"""":""""as long as"""",""""note"""":""""条件を表す""""}]""	[]"
500324	5	mistake A for B	AをBと間違える	to think that one thing is another thing	I mistook salt for sugar.	私は塩を砂糖と間違えた。	verb	5	2	""[""""AをBと間違える"""",""""AをBに加える"""",""""AをBに変える"""",""""AをBから守る"""",""""AをBと比べる""""]""	""[""""mistake A for B"""",""""add A to B"""",""""change A into B"""",""""protect A from B"""",""""compare A with B""""]""	""[""""mistake A for B"""",""""miss A for B"""",""""mix A with B"""",""""make A for B"""",""""take A from B""""]""	[]	[]"
500325	5	at a loss	困って	not knowing what to do or say	I was at a loss when he asked me that question.	彼がその質問をしたとき、私は困っていた。	adjective	5	3	""[""""困って"""",""""驚いて"""",""""安心して"""",""""怒って"""",""""疲れて""""]""	""[""""at a loss"""",""""surprised"""",""""relaxed"""",""""angry"""",""""tired""""]""	""[""""at a loss"""",""""at a glance"""",""""at last"""",""""across"""",""""atlas""""]""	""[{""""word"""":""""confused"""",""""note"""":""""気持ちを表すより一般的な語""""},{""""word"""":""""puzzled"""",""""note"""":""""何が起きているか分からない感じ""""}]""	""[{""""word"""":""""certain"""",""""note"""":""""確信している""""},{""""word"""":""""calm"""",""""note"""":""""落ち着いている""""}]"""
500326	5	in relation to	〜に関して	about or connected with something	He asked a question in relation to the new rule.	彼は新しい規則に関して質問した。	preposition	5	3	""[""""〜に関して"""",""""〜の前に"""",""""〜の代わりに"""",""""〜のおかげで"""",""""〜から離れて""""]""	""[""""in relation to"""",""""before"""",""""instead of"""",""""thanks to"""",""""away from""""]""	""[""""in relation to"""",""""in addition to"""",""""in reply to"""",""""in regard to"""",""""in return for""""]""	""[{""""word"""":""""about"""",""""note"""":""""より基本的で広い語""""},{""""word"""":""""regarding"""",""""note"""":""""ややかたい表現""""}]""	[]"
500327	5	be associated with	〜と関係がある	to be connected with something	This problem may be associated with stress.	この問題はストレスと関係があるかもしれない。	verb	5	3	""[""""〜と関係がある"""",""""〜を避ける"""",""""〜を解決する"""",""""〜を信じる"""",""""〜を説明する""""]""	""[""""be associated with"""",""""avoid"""",""""solve"""",""""believe"""",""""explain""""]""	""[""""be associated with"""",""""be connected with"""",""""be satisfied with"""",""""be familiar with"""",""""be crowded with""""]""	""[{""""word"""":""""be connected with"""",""""note"""":""""ほぼ同じ意味の基本表現""""},{""""word"""":""""relate to"""",""""note"""":""""文脈によっては近い意味""""}]""	[]"
500328	5	be related to	〜に関係している	to have a connection with something	This problem may be related to the weather.	この問題は天気に関係しているかもしれません。	verb	5	3	""[""""〜に関係している"""",""""〜を解決する"""",""""〜を比較する"""",""""〜を説明する"""",""""〜を集める""""]""	""[""""be related to"""",""""solve"""",""""compare"""",""""explain"""",""""collect""""]""	""[""""be related to"""",""""be ready to"""",""""be close to"""",""""be useful to"""",""""be kind to""""]""	""[{""""word"""":""""be connected with"""",""""note"""":""""ほぼ同じ意味""""}]""	[]"
500329	5	be linked to	〜と結びついている	to be connected with something	His idea is be linked to the plan.	彼の考えはその計画と結びついています。	verb	5	3	""[""""〜と結びついている"""",""""〜を断る"""",""""〜を運ぶ"""",""""〜を隠す"""",""""〜を選ぶ""""]""	""[""""be linked to"""",""""refuse"""",""""carry"""",""""hide"""",""""choose""""]""	""[""""be linked to"""",""""be limited to"""",""""be kind to"""",""""be late to"""",""""be close to""""]""	""[{""""word"""":""""be connected to"""",""""note"""":""""ほぼ同じ意味""""}]""	[]"
500330	5	think over	よく考える	to think carefully about something	Please think over my idea tonight.	今夜、私の考えをよく考えてください。	verb	5	3	""[""""よく考える"""",""""すぐに始める"""",""""声に出して読む"""",""""順番に並べる"""",""""静かに座る""""]""	""[""""think over"""",""""start"""",""""read aloud"""",""""arrange"""",""""sit quietly""""]""	""[""""think over"""",""""think about"""",""""talk over"""",""""take over"""",""""look over""""]""	""[{""""word"""":""""consider"""",""""note"""":""""ややかたいが近い意味""""}]""	""[{""""word"""":""""ignore"""",""""note"""":""""考えないで放っておく""""}]"""
500331	5	get in touch with	～に連絡を取る	to contact someone	I will get in touch with my teacher tomorrow.	私は明日先生に連絡を取ります。	verb	5	3	""[""""～に連絡を取る"""",""""～を手伝う"""",""""～を待つ"""",""""～を訪ねる"""",""""～を信じる""""]""	""[""""get in touch with"""",""""help"""",""""wait for"""",""""visit"""",""""believe""""]""	""[""""get in touch with"""",""""get along with"""",""""get away with"""",""""get back to"""",""""get over""""]""	""[{""""word"""":""""contact"""",""""note"""":""""より短い一般的な語""""}]""	[]"
500332	5	tank	戦車	a large military vehicle with guns	The tank moved slowly across the field.	その戦車は野原をゆっくり進みました。	noun	5	2	""[""""戦車"""",""""船"""",""""飛行機"""",""""トラック"""",""""列車""""]""	""[""""tank"""",""""ship"""",""""plane"""",""""truck"""",""""train""""]""	""[""""tank"""",""""thank"""",""""bank"""",""""track"""",""""tent""""]""	[]	[]"
500333	5	keep on	続ける	to continue doing something	Please keep on studying every day.	毎日勉強を続けてください。	verb	5	3	""[""""続ける"""",""""始める"""",""""止める"""",""""変える"""",""""選ぶ""""]""	""[""""keep on"""",""""start"""",""""stop"""",""""change"""",""""choose""""]""	""[""""keep on"""",""""carry on"""",""""keep up"""",""""go on"""",""""move on""""]""	""[{""""word"""":""""continue"""",""""note"""":""""ややかたいが近い意味""""},{""""word"""":""""go on"""",""""note"""":""""句動詞で近い意味""""}]""	""[{""""word"""":""""stop"""",""""note"""":""""続けるの反対""""}]"""
500334	5	at the mercy of	〜に左右されて	controlled by someone or something with no power to change it	Small boats are at the mercy of the weather.	小さなボートは天気に左右される。	preposition	5	2	""[""""〜に左右されて"""",""""〜に反対して"""",""""〜に気づいて"""",""""〜に満足して"""",""""〜に似ていて""""]""	""[""""at the mercy of"""",""""in charge of"""",""""proud of"""",""""afraid of"""",""""similar to""""]""	""[""""at the mercy of"""",""""at the center of"""",""""at the top of"""",""""at the side of"""",""""at the end of""""]""	[]	[]"
500335	5	persuasion	説得	the act of making someone agree or do something	He joined us after some persuasion.	少し説得されて、彼は私たちに加わった。	noun	5	2	""[""""説得"""",""""提案"""",""""説明"""",""""招待"""",""""警告""""]""	""[""""persuasion"""",""""suggestion"""",""""explanation"""",""""invitation"""",""""warning""""]""	""[""""persuasion"""",""""permission"""",""""position"""",""""discussion"""",""""decision""""]""	""[{""""word"""":""""convincing"""",""""note"""":""""やや口語的な言い換え""""}]""	[]"
500336	5	duplicate	複製する	to make an exact copy of something	Please duplicate this page for me.	このページを私のために複製してください。	verb	5	2	""[""""複製する"""",""""修理する"""",""""配達する"""",""""発見する"""",""""比較する""""]""	""[""""duplicate"""",""""repair"""",""""deliver"""",""""discover"""",""""compare""""]""	""[""""duplicate"""",""""complicate"""",""""decorate"""",""""educate"""",""""indicate""""]""	""[{""""word"""":""""copy"""",""""note"""":""""より基本的な語""""}]""	""[{""""word"""":""""delete"""",""""note"""":""""内容を消すこと""""}]"""
500337	5	nucleus	中心	the central part of something	The nucleus of the city is the station area.	その町の中心は駅の周辺です。	noun	5	2	""[""""中心"""",""""表面"""",""""端"""",""""外側"""",""""影""""]""	""[""""nucleus"""",""""surface"""",""""edge"""",""""outside"""",""""shadow""""]""	""[""""nucleus"""",""""numerous"""",""""curious"""",""""previous"""",""""natural""""]""	""[{""""word"""":""""center"""",""""note"""":""""より一般的な語""""}]""	""[{""""word"""":""""edge"""",""""note"""":""""中心ではなく端""""}]"""
500338	5	essence	本質	the most important part of something	Trust is the essence of friendship.	信頼は友情の本質です。	noun	5	2	""[""""本質"""",""""結果"""",""""方法"""",""""表面"""",""""習慣""""]""	""[""""essence"""",""""result"""",""""method"""",""""surface"""",""""habit""""]""	""[""""essence"""",""""absence"""",""""instance"""",""""lesson"""",""""science""""]""	""[{""""word"""":""""core"""",""""note"""":""""中心となる大切な部分""""}]""	""[{""""word"""":""""surface"""",""""note"""":""""本質ではなく表面""""}]"""
500339	5	angle	角度	the space between two lines or surfaces	Draw a right angle on the paper.	紙に直角をかきなさい。	noun	4	3	""[""""角度"""",""""長さ"""",""""重さ"""",""""速さ"""",""""深さ""""]""	""[""""angle"""",""""length"""",""""weight"""",""""speed"""",""""depth""""]""	""[""""angle"""",""""ankle"""",""""single"""",""""eagle"""",""""apple""""]""	[]	[]"
500340	5	accurate	正確な	correct and exact	The map is accurate.	その地図は正確です。	adjective	5	3	""[""""正確な"""",""""危険な"""",""""静かな"""",""""簡単な"""",""""重要な""""]""	""[""""accurate"""",""""dangerous"""",""""quiet"""",""""easy"""",""""important""""]""	""[""""accurate"""",""""active"""",""""actor"""",""""actual"""",""""acute""""]""	""[{""""word"""":""""correct"""",""""note"""":""""結果や答えが正しいときによく使う""""},{""""word"""":""""exact"""",""""note"""":""""細かい点までぴったり正しい""""}]""	""[{""""word"""":""""wrong"""",""""note"""":""""正しくない""""},{""""word"""":""""inaccurate"""",""""note"""":""""不正確な""""}]"""
500341	5	premium	高級な	of very high quality	They sell premium coffee.	彼らは高級なコーヒーを売っています。	adjective	5	2	""[""""高級な"""",""""安い"""",""""新しい"""",""""重い"""",""""有名な""""]""	""[""""premium"""",""""cheap"""",""""new"""",""""heavy"""",""""famous""""]""	""[""""premium"""",""""museum"""",""""medium"""",""""freedom"""",""""previous""""]""	""[{""""word"""":""""high-quality"""",""""note"""":""""質が高いことを表す""""}]""	""[{""""word"""":""""cheap"""",""""note"""":""""安い""""},{""""word"""":""""low-quality"""",""""note"""":""""質が低い""""}]"""
500342	5	at the expense of	～を犠牲にして	by causing loss or harm to something else	He worked long hours at the expense of his health.	彼は健康を犠牲にして長時間働きました。	preposition	6	2	""[""""～を犠牲にして"""",""""～のおかげで"""",""""～の前で"""",""""～と一緒に"""",""""～の代わりに""""]""	""[""""at the expense of"""",""""thanks to"""",""""in front of"""",""""together with"""",""""instead of""""]""	""[""""at the expense of"""",""""at the end of"""",""""at the back of"""",""""in the face of"""",""""on the left of""""]""	[]	[]"
500343	5	nationality	国籍	the country a person belongs to	What is your nationality?	あなたの国籍は何ですか。	noun	3	3	""[""""国籍"""",""""言語"""",""""文化"""",""""人口"""",""""歴史""""]""	""[""""nationality"""",""""language"""",""""culture"""",""""population"""",""""history""""]""	""[""""nationality"""",""""national"""",""""natural"""",""""nation"""",""""international""""]""	[]	[]"
500344	5	Britain	イギリス	a country in Europe	My uncle lives in Britain.	私のおじはイギリスに住んでいます。	noun	2	3	""[""""イギリス"""",""""フランス"""",""""ドイツ"""",""""イタリア"""",""""スペイン""""]""	""[""""Britain"""",""""France"""",""""Germany"""",""""Italy"""",""""Spain""""]""	""[""""Britain"""",""""brighten"""",""""brother"""",""""broken"""",""""button""""]""	[]	[]"
500345	5	Egypt	エジプト	a country in Africa	They visited Egypt last year.	彼らは去年エジプトを訪れました。	noun	2	2	""[""""エジプト"""",""""インド"""",""""中国"""",""""カナダ"""",""""ブラジル""""]""	""[""""Egypt"""",""""India"""",""""China"""",""""Canada"""",""""Brazil""""]""	""[""""Egypt"""",""""eager"""",""""equal"""",""""event"""",""""email""""]""	[]	[]"
500346	5	Holland	オランダ	a country in Europe	My uncle visited Holland last year.	私のおじは去年オランダを訪れました。	noun	3	3	""[""""オランダ"""",""""ギリシャ"""",""""スイス"""",""""ベルギー"""",""""デンマーク""""]""	""[""""Holland"""",""""Greece"""",""""Switzerland"""",""""Belgium"""",""""Denmark""""]""	""[""""Holland"""",""""Poland"""",""""island"""",""""holiday"""",""""holding""""]""	""[{""""word"""":""""the Netherlands"""",""""note"""":""""正式な国名としてよく使う""""}]""	[]"
500347	5	Greece	ギリシャ	a country in Europe	They want to travel to Greece someday.	彼らはいつかギリシャへ旅行したいと思っています。	noun	3	3	""[""""ギリシャ"""",""""オランダ"""",""""スイス"""",""""イタリア"""",""""スペイン""""]""	""[""""Greece"""",""""Holland"""",""""Switzerland"""",""""Italy"""",""""Spain""""]""	""[""""Greece"""",""""green"""",""""great"""",""""glass"""",""""grape""""]""	[]	[]"
500348	5	Switzerland	スイス	a country in Europe	She bought a watch in Switzerland.	彼女はスイスで時計を買いました。	noun	4	3	""[""""スイス"""",""""オーストリア"""",""""ベルギー"""",""""ギリシャ"""",""""オランダ""""]""	""[""""Switzerland"""",""""Austria"""",""""Belgium"""",""""Greece"""",""""Holland""""]""	""[""""Switzerland"""",""""sweet"""",""""swing"""",""""winter"""",""""wonderland""""]""	[]	[]"
500349	5	Spain	スペイン	a country in Europe	My aunt lives in Spain.	私のおばはスペインに住んでいます。	noun	2	3	""[""""スペイン"""",""""イタリア"""",""""フランス"""",""""ドイツ"""",""""メキシコ""""]""	""[""""Spain"""",""""Italy"""",""""France"""",""""Germany"""",""""Mexico""""]""	""[""""Spain"""",""""space"""",""""spin"""",""""spoon"""",""""spring""""]""	[]	[]"
500350	5	Brazil	ブラジル	a country in South America	Coffee is an important product in Brazil.	コーヒーはブラジルの重要な産物です。	noun	2	3	""[""""ブラジル"""",""""アルゼンチン"""",""""チリ"""",""""ペルー"""",""""カナダ""""]""	""[""""Brazil"""",""""Argentina"""",""""Chile"""",""""Peru"""",""""Canada""""]""	""[""""Brazil"""",""""brave"""",""""bridge"""",""""broken"""",""""breeze""""]""	[]	[]"
500351	5	the UK	イギリス	the United Kingdom	My friend moved to the UK last year.	私の友だちは去年イギリスに引っ越しました。	noun	2	4	""[""""イギリス"""",""""アメリカ"""",""""カナダ"""",""""オーストラリア"""",""""アイルランド""""]""	""[""""the UK"""",""""the US"""",""""Canada"""",""""Australia"""",""""Ireland""""]""	""[""""the UK"""",""""the US"""",""""the EU"""",""""okay"""",""""today""""]""	""[{""""word"""":""""Britain"""",""""note"""":""""日常会話でよく使う言い方""""}]""	[]"
500352	5	tribunal	法廷	a special court that judges a case	The case was heard by an international tribunal.	その事件は国際法廷で審理された。	noun	5	2	""[""""法廷"""",""""陪審"""",""""判決"""",""""証拠"""",""""弁護士""""]""	""[""""tribunal"""",""""jury"""",""""verdict"""",""""evidence"""",""""lawyer""""]""	""[""""tribunal"""",""""triangle"""",""""trial"""",""""travel"""",""""tropical""""]""	""[{""""word"""":""""court"""",""""note"""":""""より一般的な「裁判所」""""}]""	[]"
500353	5	jury	陪審	a group of people who decide a case in court	The jury listened to both sides carefully.	陪審は双方の話を注意深く聞いた。	noun	4	3	""[""""陪審"""",""""法廷"""",""""判事"""",""""証人"""",""""弁護士""""]""	""[""""jury"""",""""tribunal"""",""""judge"""",""""witness"""",""""lawyer""""]""	""[""""jury"""",""""jelly"""",""""July"""",""""truly"""",""""sorry""""]""	[]	[]"
500354	5	pave	舗装する	to cover a road or path with a hard surface	They will pave the road next week.	彼らは来週その道を舗装する。	verb	4	3	""[""""舗装する"""",""""建てる"""",""""壊す"""",""""運ぶ"""",""""洗う""""]""	""[""""pave"""",""""build"""",""""break"""",""""carry"""",""""wash""""]""	""[""""pave"""",""""save"""",""""wave"""",""""page"""",""""paid""""]""	[]	[]"
500355	5	comprehensive	包括的な	including many parts or details	We need a comprehensive plan for the event.	私たちはその行事のために包括的な計画が必要です。	adjective	5	2	""[""""包括的な"""",""""限定的な"""",""""基本的な"""",""""個人的な"""",""""一時的な""""]""	""[""""comprehensive"""",""""limited"""",""""basic"""",""""personal"""",""""temporary""""]""	""[""""comprehensive"""",""""compromise"""",""""composition"""",""""comparison"""",""""conference""""]""	""[{""""word"""":""""complete"""",""""note"""":""""より基本的な語""""},{""""word"""":""""thorough"""",""""note"""":""""細かい点まで十分な""""}]""	""[{""""word"""":""""limited"""",""""note"""":""""範囲が限られた""""},{""""word"""":""""partial"""",""""note"""":""""一部だけの""""}]"""
500356	5	cattle	牛	cows and bulls kept on a farm	The farmer keeps cattle on the hill.	その農家は丘で牛を飼っています。	noun	4	2	""[""""牛"""",""""羊"""",""""馬"""",""""豚"""",""""やぎ""""]""	""[""""cattle"""",""""sheep"""",""""horse"""",""""pig"""",""""goat""""]""	""[""""cattle"""",""""castle"""",""""kettle"""",""""capital"""",""""cat""""]""	""[{""""word"""":""""cows"""",""""note"""":""""日常的な言い方""""}]""	[]"
500357	5	collision	衝突	an accident in which things hit each other	The collision blocked the road for an hour.	その衝突で道路は1時間ふさがれました。	noun	5	2	""[""""衝突"""",""""爆発"""",""""転倒"""",""""到着"""",""""修理""""]""	""[""""collision"""",""""explosion"""",""""fall"""",""""arrival"""",""""repair""""]""	""[""""collision"""",""""collection"""",""""condition"""",""""connection"""",""""decision""""]""	""[{""""word"""":""""crash"""",""""note"""":""""特に車などの衝突""""}]""	[]"
500358	5	be made from	～から作られる	to be produced using a material	Paper is made from wood.	紙は木から作られる。	verb	5	3	""[""""～から作られる"""",""""～に属する"""",""""～で満たされる"""",""""～に似ている"""",""""～で覆われる""""]""	""[""""be made from"""",""""belong to"""",""""be filled with"""",""""look like"""",""""be covered with""""]""	""[""""be made from"""",""""be made of"""",""""be known for"""",""""be good at"""",""""be late for""""]""	[]	[]"
500359	5	traverse	横切る	to travel across an area	They traversed the desert on foot.	彼らは歩いて砂漠を横切った。	verb	7	2	""[""""横切る"""",""""登る"""",""""探検する"""",""""囲む"""",""""避ける""""]""	""[""""traverse"""",""""climb"""",""""explore"""",""""surround"""",""""avoid""""]""	""[""""traverse"""",""""travel"""",""""transfer"""",""""reverse"""",""""traffic""""]""	""[{""""word"""":""""cross"""",""""note"""":""""より基本的な語""""}]""	[]"
500360	5	tyranny	圧政	cruel and unfair rule by a leader	The people suffered under tyranny.	人々は圧政のもとで苦しんだ。	noun	8	1	""[""""圧政"""",""""自由"""",""""法律"""",""""平和"""",""""選挙""""]""	""[""""tyranny"""",""""freedom"""",""""law"""",""""peace"""",""""election""""]""	""[""""tyranny"""",""""tiny"""",""""tiger"""",""""tunnel"""",""""terrible""""]""	[]	""[{""""word"""":""""freedom"""",""""note"""":""""支配されない状態""""}]"""
500361	5	tyrant	暴君	a cruel ruler who uses power badly	The people feared the tyrant.	人々はその暴君を恐れた。	noun	5	2	""[""""暴君"""",""""王"""",""""兵士"""",""""市長"""",""""農民""""]""	""[""""tyrant"""",""""ruler"""",""""soldier"""",""""leader"""",""""farmer""""]""	""[""""tyrant"""",""""giant"""",""""tired"""",""""silent"""",""""pilot""""]""	""[{""""word"""":""""dictator"""",""""note"""":""""より現代的に使われることが多い""""}]""	[]"
500362	5	vicious	凶暴な	dangerous and likely to hurt people	Be careful of that vicious dog.	あの凶暴な犬に気をつけなさい。	adjective	5	3	""[""""凶暴な"""",""""親切な"""",""""静かな"""",""""正直な"""",""""陽気な""""]""	""[""""vicious"""",""""kind"""",""""quiet"""",""""honest"""",""""cheerful""""]""	""[""""vicious"""",""""vision"""",""""visit"""",""""famous"""",""""village""""]""	""[{""""word"""":""""cruel"""",""""note"""":""""残酷なという意味が強い""""},{""""word"""":""""violent"""",""""note"""":""""行動が荒々しいときに使う""""}]""	""[{""""word"""":""""gentle"""",""""note"""":""""やさしくおだやか""""}]"""
500363	5	grind	すりつぶす	to crush something into small pieces or powder	They grind the beans for coffee.	彼らはコーヒーのために豆をすりつぶす。	verb	5	3	""[""""すりつぶす"""",""""混ぜる"""",""""切る"""",""""洗う"""",""""運ぶ""""]""	""[""""grind"""",""""mix"""",""""cut"""",""""wash"""",""""carry""""]""	""[""""grind"""",""""grand"""",""""ground"""",""""glide"""",""""grade""""]""	""[{""""word"""":""""crush"""",""""note"""":""""強く押してつぶす""""}]""	[]"
500364	5	grieve	深く悲しむ	to feel very sad, especially after a loss	They still grieve for their lost dog.	彼らは今でもいなくなった犬を深く悲しんでいる。	verb	5	2	""[""""深く悲しむ"""",""""喜ぶ"""",""""驚く"""",""""怒る"""",""""安心する""""]""	""[""""grieve"""",""""rejoice"""",""""wonder"""",""""shout"""",""""relax""""]""	""[""""grieve"""",""""green"""",""""grave"""",""""grew"""",""""glove""""]""	""[{""""word"""":""""mourn"""",""""note"""":""""ややかたい語""""}]""	""[{""""word"""":""""rejoice"""",""""note"""":""""喜ぶ""""}]"""
500365	5	chop	切る	to cut something into pieces with a sharp tool	Please chop the onions for dinner.	夕食のために玉ねぎを切ってください。	verb	3	3	""[""""切る"""",""""混ぜる"""",""""焼く"""",""""洗う"""",""""運ぶ""""]""	""[""""chop"""",""""mix"""",""""bake"""",""""wash"""",""""carry""""]""	""[""""chop"""",""""shop"""",""""chip"""",""""chat"""",""""top""""]""	""[{""""word"""":""""cut"""",""""note"""":""""より広い意味で使う""""}]""	[]"
500366	5	wound	傷つける	to hurt someone by making a cut or injury	The broken glass could wound your hand.	その割れたガラスは手を傷つけるおそれがある。	verb	4	2	""[""""傷つける"""",""""守る"""",""""押す"""",""""持ち上げる"""",""""隠す""""]""	""[""""wound"""",""""protect"""",""""push"""",""""lift"""",""""hide""""]""	""[""""wound"""",""""round"""",""""sound"""",""""found"""",""""want""""]""	""[{""""word"""":""""injure"""",""""note"""":""""より一般的な語""""}]""	""[{""""word"""":""""heal"""",""""note"""":""""傷を治す""""}]"""
500367	5	trim	刈り込む	to cut something to make it neat	He will trim the hedge this afternoon.	彼は今日の午後、その生け垣を刈り込むでしょう。	verb	5	3	""[""""刈り込む"""",""""植える"""",""""洗う"""",""""運ぶ"""",""""折る""""]""	""[""""trim"""",""""plant"""",""""wash"""",""""carry"""",""""break""""]""	""[""""trim"""",""""trip"""",""""track"""",""""train"""",""""dream""""]""	""[{""""word"""":""""cut"""",""""note"""":""""より広い意味の「切る」""""}]""	""[{""""word"""":""""grow"""",""""note"""":""""切らずに伸びる・育つ""""}]"""
500368	5	pierce	穴をあける	to make a hole in something	She wants to pierce her ears.	彼女は耳に穴をあけたいと思っています。	verb	6	2	""[""""穴をあける"""",""""包む"""",""""磨く"""",""""押す"""",""""混ぜる""""]""	""[""""pierce"""",""""wrap"""",""""polish"""",""""push"""",""""mix""""]""	""[""""pierce"""",""""peace"""",""""piece"""",""""place"""",""""price""""]""	[]	[]"
500369	5	carve	彫る	to cut wood or stone into a shape	My grandfather can carve animals from wood.	私の祖父は木から動物を彫ることができます。	verb	5	2	""[""""彫る"""",""""数える"""",""""借りる"""",""""招く"""",""""比べる""""]""	""[""""carve"""",""""count"""",""""borrow"""",""""invite"""",""""compare""""]""	""[""""carve"""",""""curve"""",""""calm"""",""""card"""",""""care""""]""	[]	[]"
500370	5	slash	大幅に減らす	to cut or reduce something by a lot	The company will slash its costs this year.	その会社は今年、費用を大幅に減らす。	verb	5	3	""[""""大幅に減らす"""",""""増やす"""",""""集める"""",""""守る"""",""""比べる""""]""	""[""""slash"""",""""increase"""",""""collect"""",""""protect"""",""""compare""""]""	""[""""slash"""",""""flash"""",""""smash"""",""""crash"""",""""brush""""]""	""[{""""word"""":""""cut"""",""""note"""":""""より基本的な語""""},{""""word"""":""""reduce"""",""""note"""":""""量を減らすときに使う""""}]""	""[{""""word"""":""""increase"""",""""note"""":""""増やす""""}]"""
500371	5	deforestation	森林破壊	the cutting down of many trees in a large area	Deforestation is harming animals in the area.	森林破壊はその地域の動物たちに害を与えている。	noun	5	2	""[""""森林破壊"""",""""大気汚染"""",""""地震"""",""""洪水"""",""""干ばつ""""]""	""[""""deforestation"""",""""air pollution"""",""""earthquake"""",""""flood"""",""""drought""""]""	""[""""deforestation"""",""""destination"""",""""decoration"""",""""generation"""",""""operation""""]""	[]	[]"
500372	5	hazard	危険	something that may cause harm or danger	Smoking is a serious health hazard.	喫煙は深刻な健康上の危険だ。	noun	5	3	""[""""危険"""",""""利益"""",""""方法"""",""""習慣"""",""""選択""""]""	""[""""hazard"""",""""benefit"""",""""method"""",""""habit"""",""""choice""""]""	""[""""hazard"""",""""wizard"""",""""lizard"""",""""harder"""",""""handsome""""]""	""[{""""word"""":""""danger"""",""""note"""":""""より基本的な語""""}]""	""[{""""word"""":""""safety"""",""""note"""":""""安全""""}]"""
500373	5	statistics	統計	numbers and facts collected for study	These statistics show a big change.	これらの統計は大きな変化を示している。	noun	5	3	""[""""統計"""",""""予算"""",""""利益"""",""""契約"""",""""調査""""]""	""[""""statistics"""",""""budget"""",""""profit"""",""""contract"""",""""survey""""]""	""[""""statistics"""",""""static"""",""""status"""",""""specific"""",""""states""""]""	""[{""""word"""":""""data"""",""""note"""":""""より広い意味で使う""""}]""	[]"
500374	5	bargain	お買い得品	something sold at a low price	I found a bargain at the store.	私はその店でお買い得品を見つけた。	noun	4	4	""[""""お買い得品"""",""""定価"""",""""領収書"""",""""在庫"""",""""割引""""]""	""[""""bargain"""",""""retail"""",""""receipt"""",""""stock"""",""""discount""""]""	""[""""bargain"""",""""garden"""",""""target"""",""""bottom"""",""""borrow""""]""	""[{""""word"""":""""deal"""",""""note"""":""""口語でよく使う""""}]""	[]"
500375	5	negotiation	交渉	a discussion to reach an agreement	The negotiation took two hours.	その交渉は2時間かかった。	noun	5	3	""[""""交渉"""",""""競争"""",""""会議"""",""""契約"""",""""提案""""]""	""[""""negotiation"""",""""competition"""",""""meeting"""",""""contract"""",""""proposal""""]""	""[""""negotiation"""",""""navigation"""",""""education"""",""""vacation"""",""""generation""""]""	""[{""""word"""":""""discussion"""",""""note"""":""""より広い意味の語""""}]""	[]"
500376	5	cope with	対処する	to deal with a difficult situation	She can cope with the problem.	彼女はその問題に対処できる。	verb	5	3	""[""""対処する"""",""""発見する"""",""""説明する"""",""""拒否する"""",""""改善する""""]""	""[""""cope with"""",""""discover"""",""""explain"""",""""refuse"""",""""improve""""]""	""[""""cope with"""",""""come with"""",""""go with"""",""""deal with"""",""""hope""""]""	""[{""""word"""":""""deal with"""",""""note"""":""""より一般的な言い方""""}]""	[]"
500377	5	rot	腐る	to go bad and decay	The fruit will rot in the sun.	その果物は日なたで腐るだろう。	verb	5	2	""[""""腐る"""",""""凍る"""",""""乾く"""",""""沈む"""",""""割れる""""]""	""[""""rot"""",""""freeze"""",""""dry"""",""""sink"""",""""break""""]""	""[""""rot"""",""""rock"""",""""rod"""",""""lot"""",""""hot""""]""	[]	[]"
500378	5	rotten	腐った	bad because it has started to decay	Do not eat the rotten apple.	その腐ったりんごを食べてはいけません。	adjective	5	2	""[""""腐った"""",""""新鮮な"""",""""甘い"""",""""固い"""",""""丸い""""]""	""[""""rotten"""",""""fresh"""",""""sweet"""",""""hard"""",""""round""""]""	""[""""rotten"""",""""written"""",""""button"""",""""cotton"""",""""bottom""""]""	""[{""""word"""":""""bad"""",""""note"""":""""意味は広いが文脈で近い""""}]""	""[{""""word"""":""""fresh"""",""""note"""":""""食べ物などが新鮮""""}]"""
500379	5	make up one's mind	決心する	to decide something	I made up my mind to study abroad.	私は留学することを決心した。	verb	5	3	""[""""決心する"""",""""延期する"""",""""説明する"""",""""比較する"""",""""準備する""""]""	""[""""make up one's mind"""",""""put off"""",""""explain"""",""""compare"""",""""prepare""""]""	""[""""make up one's mind"""",""""make up your mind"""",""""make up my mind"""",""""make up his mind"""",""""make up our mind""""]""	""[{""""word"""":""""decide"""",""""note"""":""""より短く基本的な語""""}]""	""[{""""word"""":""""hesitate"""",""""note"""":""""決められずためらう""""}]"""
500380	5	at heart	心は	in one's true character	He is kind at heart.	彼は心は優しい。	adverb	5	2	""[""""心は"""",""""実際に"""",""""突然"""",""""少なくとも"""",""""結局""""]""	""[""""at heart"""",""""in fact"""",""""suddenly"""",""""at least"""",""""in the end""""]""	""[""""at heart"""",""""apart"""",""""at first"""",""""a part"""",""""hard""""]""	""[{""""word"""":""""deep down"""",""""note"""":""""本心では""""}]""	[]"
500381	5	roar	ほえる	to make a loud deep sound	The lion roared loudly.	そのライオンは大きな声でほえた。	verb	5	2	""[""""ほえる"""",""""ささやく"""",""""笑う"""",""""歌う"""",""""叫ぶ""""]""	""[""""roar"""",""""whisper"""",""""laugh"""",""""sing"""",""""shout""""]""	""[""""roar"""",""""road"""",""""role"""",""""raw"""",""""row""""]""	""[{""""word"""":""""shout"""",""""note"""":""""人が大声を出すときにも使う""""}]""	""[{""""word"""":""""whisper"""",""""note"""":""""小声で話す""""}]"""
500382	5	profound	深い	very deep or strongly felt	The book had a profound effect on me.	その本は私に深い影響を与えた。	adjective	5	2	""[""""深い"""",""""浅い"""",""""強い"""",""""静かな"""",""""明るい""""]""	""[""""profound"""",""""shallow"""",""""strong"""",""""quiet"""",""""bright""""]""	""[""""profound"""",""""provide"""",""""protect"""",""""promise"""",""""pronounce""""]""	""[{""""word"""":""""deep"""",""""note"""":""""意味が近いが、profound のほうがより強い""""}]""	""[{""""word"""":""""shallow"""",""""note"""":""""深さや内容が浅い""""}]"""
500383	5	grief	悲しみ	great sadness, especially after a loss	She felt deep grief after her dog died.	彼女は犬が死んだあと、深い悲しみを感じた。	noun	5	3	""[""""悲しみ"""",""""喜び"""",""""怒り"""",""""驚き"""",""""不安""""]""	""[""""grief"""",""""joy"""",""""anger"""",""""surprise"""",""""worry""""]""	""[""""grief"""",""""green"""",""""great"""",""""ground"""",""""glass""""]""	""[{""""word"""":""""sorrow"""",""""note"""":""""ややかたいが意味が近い""""},{""""word"""":""""sadness"""",""""note"""":""""より一般的な語""""}]""	""[{""""word"""":""""joy"""",""""note"""":""""うれしい気持ち""""}]"""
500384	5	insight	洞察	a clear understanding of something	Her report gave us useful insight into the problem.	彼女の報告はその問題への有益な洞察を私たちに与えた。	noun	5	2	""[""""洞察"""",""""記憶"""",""""方法"""",""""結果"""",""""意見""""]""	""[""""insight"""",""""memory"""",""""method"""",""""result"""",""""opinion""""]""	""[""""insight"""",""""inside"""",""""invite"""",""""insect"""",""""instead""""]""	""[{""""word"""":""""understanding"""",""""note"""":""""より広い意味の基本語""""}]""	[]"
500385	5	be absorbed in	〜に夢中である	to be very interested in something	She was absorbed in the book.	彼女はその本に夢中だった。	verb	5	3	""[""""〜に夢中である"""",""""〜をあきらめる"""",""""〜を片づける"""",""""〜に参加する"""",""""〜を避ける""""]""	""[""""be absorbed in"""",""""give up"""",""""put away"""",""""join in"""",""""stay away from""""]""	""[""""be absorbed in"""",""""be involved in"""",""""be interested in"""",""""be surprised at"""",""""be worried about""""]""	""[{""""word"""":""""be into"""",""""note"""":""""口語で「〜に夢中」""""}]""	""[{""""word"""":""""be bored with"""",""""note"""":""""「〜に飽きている」""""}]"""
500386	5	stand up for	〜を支持する	to support or defend someone or something	You should stand up for your friend.	あなたは友達を支持するべきです。	verb	5	3	""[""""〜を支持する"""",""""〜を調べる"""",""""〜を断る"""",""""〜を持ち上げる"""",""""〜を連れ戻す""""]""	""[""""stand up for"""",""""look into"""",""""turn down"""",""""pick up"""",""""bring back""""]""	""[""""stand up for"""",""""start up with"""",""""stay up late"""",""""send for"""",""""step aside""""]""	""[{""""word"""":""""support"""",""""note"""":""""より基本的な語""""},{""""word"""":""""defend"""",""""note"""":""""守る意味が強い""""}]""	""[{""""word"""":""""oppose"""",""""note"""":""""反対する""""}]"""
500387	5	bachelor	独身男性	an unmarried man	My uncle is still a bachelor.	私のおじはまだ独身男性です。	noun	5	3	""[""""独身男性"""",""""既婚男性"""",""""若い男性"""",""""医者"""",""""先生""""]""	""[""""bachelor"""",""""husband"""",""""boy"""",""""doctor"""",""""teacher""""]""	""[""""bachelor"""",""""calendar"""",""""visitor"""",""""character"""",""""manager""""]""	[]	""[{""""word"""":""""husband"""",""""note"""":""""結婚している男性""""}]"""
500388	5	setback	挫折	a problem that slows progress	The team had a setback in the final game.	そのチームは最後の試合で挫折を経験した。	noun	5	3	""[""""挫折"""",""""成功"""",""""進歩"""",""""努力"""",""""計画""""]""	""[""""setback"""",""""success"""",""""progress"""",""""effort"""",""""plan""""]""	""[""""setback"""",""""step back"""",""""send back"""",""""sit back"""",""""sandbag""""]""	""[{""""word"""":""""problem"""",""""note"""":""""より広い意味の基本語""""},{""""word"""":""""difficulty"""",""""note"""":""""困難という意味で近い""""}]""	""[{""""word"""":""""success"""",""""note"""":""""うまくいくこと""""}]"""
500389	5	insist on	強く求める	to say firmly that something must be done	She insisted on paying for lunch.	彼女は昼食代を払うと強く求めた。	verb	5	4	""[""""強く求める"""",""""あきらめる"""",""""避ける"""",""""説明する"""",""""選ぶ""""]""	""[""""insist on"""",""""give up"""",""""avoid"""",""""explain"""",""""choose""""]""	""[""""insist on"""",""""exist on"""",""""invest in"""",""""inside of"""",""""instant""""]""	""[{""""word"""":""""demand"""",""""note"""":""""より強い言い方""""},{""""word"""":""""request"""",""""note"""":""""insist on よりやわらかい""""}]""	""[{""""word"""":""""give up"""",""""note"""":""""求めるのをやめる""""}]"""
500390	5	be worthy of	〜に値する	to deserve something good or respect	His work is worthy of praise.	彼の仕事は賞賛に値する。	adjective	5	3	""[""""〜に値する"""",""""〜を避ける"""",""""〜に反対する"""",""""〜を失う"""",""""〜を集める""""]""	""[""""be worthy of"""",""""avoid"""",""""oppose"""",""""lose"""",""""collect""""]""	""[""""be worthy of"""",""""be worried of"""",""""be wordy of"""",""""be weary of"""",""""be proud of""""]""	""[{""""word"""":""""deserve"""",""""note"""":""""動詞で近い意味""""}]""	""[{""""word"""":""""be unworthy of"""",""""note"""":""""値しない""""}]"""
500391	5	temptation	誘惑	a strong wish to do something you should not do	I fought the temptation to eat the whole cake.	私はケーキを全部食べたいという誘惑と戦った。	noun	5	3	""[""""誘惑"""",""""挑戦"""",""""習慣"""",""""約束"""",""""秘密""""]""	""[""""temptation"""",""""challenge"""",""""habit"""",""""promise"""",""""secret""""]""	""[""""temptation"""",""""transportation"""",""""celebration"""",""""invitation"""",""""station""""]""	""[{""""word"""":""""desire"""",""""note"""":""""より広い意味の「欲求」""""},{""""word"""":""""urge"""",""""note"""":""""一時的な強い気持ち""""}]""	""[{""""word"""":""""self-control"""",""""note"""":""""誘惑に負けない力""""}]"""
500392	5	devastate	壊滅させる	to destroy something very badly	The storm could devastate the small town.	その嵐はその小さな町を壊滅させるかもしれない。	verb	5	3	""[""""壊滅させる"""",""""修理する"""",""""建てる"""",""""守る"""",""""運ぶ""""]""	""[""""devastate"""",""""repair"""",""""build"""",""""protect"""",""""carry""""]""	""[""""devastate"""",""""decorate"""",""""demonstrate"""",""""estimate"""",""""hesitate""""]""	""[{""""word"""":""""destroy"""",""""note"""":""""より基本的な語""""},{""""word"""":""""ruin"""",""""note"""":""""だめにする""""}]""	""[{""""word"""":""""protect"""",""""note"""":""""守る""""},{""""word"""":""""save"""",""""note"""":""""助けて守る""""}]"""
500393	5	wipe out	全滅させる	to destroy or remove completely	The fire wiped out several houses.	その火事で数軒の家が全滅した。	verb	5	4	""[""""全滅させる"""",""""集める"""",""""隠す"""",""""育てる"""",""""選ぶ""""]""	""[""""wipe out"""",""""collect"""",""""hide"""",""""raise"""",""""choose""""]""	""[""""wipe out"""",""""white out"""",""""find out"""",""""write down"""",""""point out""""]""	""[{""""word"""":""""destroy"""",""""note"""":""""完全にこわす""""},{""""word"""":""""eliminate"""",""""note"""":""""取り除く意味でも使う""""}]""	""[{""""word"""":""""save"""",""""note"""":""""失われないようにする""""},{""""word"""":""""protect"""",""""note"""":""""守る""""}]"""
500394	5	wreck	難破船	a ship or car that has been badly damaged	We saw an old wreck on the beach.	私たちは浜辺で古い難破船を見ました。	noun	5	3	""[""""難破船"""",""""機関車"""",""""消防車"""",""""旅客機"""",""""潜水艦""""]""	""[""""wreck"""",""""engine"""",""""ladder"""",""""rocket"""",""""subway""""]""	""[""""wreck"""",""""check"""",""""brick"""",""""track"""",""""crack""""]""	""[{""""word"""":""""ruin"""",""""note"""":""""より広く「廃墟・残骸」""""}]""	[]"
500395	5	elaborate	入念な	carefully planned with many details	She gave an elaborate answer to the question.	彼女はその質問に入念な答えをしました。	adjective	6	3	""[""""入念な"""",""""簡単な"""",""""静かな"""",""""危険な"""",""""有名な""""]""	""[""""elaborate"""",""""simple"""",""""silent"""",""""dangerous"""",""""famous""""]""	""[""""elaborate"""",""""elevator"""",""""celebrate"""",""""separate"""",""""estimate""""]""	""[{""""word"""":""""detailed"""",""""note"""":""""細かい点まである""""},{""""word"""":""""careful"""",""""note"""":""""注意深く丁寧な""""}]""	""[{""""word"""":""""simple"""",""""note"""":""""複雑でなく簡単な""""}]"""
500396	5	be bent on	〜に夢中である	to be strongly determined to do something	He is bent on winning the game.	彼はその試合に勝つことに夢中です。	verb	6	2	""[""""〜に夢中である"""",""""〜を避ける"""",""""〜をあきらめる"""",""""〜を手伝う"""",""""〜を信じる""""]""	""[""""be bent on"""",""""give up"""",""""depend on"""",""""believe in"""",""""care for""""]""	""[""""be bent on"""",""""be based on"""",""""be back on"""",""""be best at"""",""""be bad at""""]""	""[{""""word"""":""""be determined to"""",""""note"""":""""〜しようと強く決めている""""}]""	""[{""""word"""":""""give up on"""",""""note"""":""""〜をあきらめる""""}]"""
500397	5	filter	ろ過する	to pass something through to remove unwanted parts	We filter the water before drinking it.	私たちは飲む前にその水をろ過する。	verb	5	3	""[""""ろ過する"""",""""混ぜる"""",""""冷やす"""",""""運ぶ"""",""""測る""""]""	""[""""filter"""",""""mix"""",""""cool"""",""""carry"""",""""measure""""]""	""[""""filter"""",""""filler"""",""""winter"""",""""sister"""",""""finger""""]""	""[{""""word"""":""""strain"""",""""note"""":""""液体から不要なものをこす""""}]""	[]"
500398	5	be dedicated to	打ち込んでいる	to give a lot of time and effort to something	She is dedicated to her work.	彼女は仕事に打ち込んでいる。	verb	6	3	""[""""打ち込んでいる"""",""""驚いている"""",""""疲れている"""",""""遅れている"""",""""満足している""""]""	""[""""be dedicated to"""",""""be surprised at"""",""""be tired of"""",""""be late for"""",""""be satisfied with""""]""	""[""""be dedicated to"""",""""be related to"""",""""be ready to"""",""""be close to"""",""""be kind to""""]""	""[{""""word"""":""""be committed to"""",""""note"""":""""より強い責任感を表す""""}]""	[]"
500399	5	perish	死ぬ	to die, especially in a terrible way	Many fish perish in dirty water.	多くの魚が汚れた水の中で死ぬ。	verb	7	2	""[""""死ぬ"""",""""育つ"""",""""集まる"""",""""逃げる"""",""""眠る""""]""	""[""""perish"""",""""grow"""",""""gather"""",""""escape"""",""""sleep""""]""	""[""""perish"""",""""parrot"""",""""polish"""",""""finish"""",""""ferry""""]""	""[{""""word"""":""""die"""",""""note"""":""""最も基本的な語""""}]""	[]"
500400	5	pass away	亡くなる	to die	His grandfather passed away last year.	彼の祖父は去年亡くなりました。	verb	5	3	""[""""亡くなる"""",""""生まれる"""",""""眠る"""",""""休む"""",""""去る""""]""	""[""""pass away"""",""""be born"""",""""sleep"""",""""rest"""",""""leave""""]""	""[""""pass away"""",""""push away"""",""""put away"""",""""far away"""",""""fade away""""]""	""[{""""word"""":""""die"""",""""note"""":""""より直接的な表現""""}]""	""[{""""word"""":""""be born"""",""""note"""":""""生まれる""""}]"""
500401	5	unlike	〜と違って	different from someone or something	Unlike my brother, I like math.	兄と違って、私は数学が好きです。	preposition	5	4	""[""""〜と違って"""",""""〜のように"""",""""〜の前に"""",""""〜の後に"""",""""〜の近くに""""]""	""[""""unlike"""",""""like"""",""""before"""",""""after"""",""""near""""]""	""[""""unlike"""",""""unlock"""",""""unload"""",""""invite"""",""""inside""""]""	""[{""""word"""":""""different from"""",""""note"""":""""意味が近い表現""""}]""	""[{""""word"""":""""like"""",""""note"""":""""〜のように、〜に似て""""}]"""
500402	5	plow	耕す	to turn over soil for farming	Farmers plow the field in spring.	農家の人たちは春に畑を耕します。	verb	5	2	""[""""耕す"""",""""植える"""",""""刈る"""",""""運ぶ"""",""""洗う""""]""	""[""""plow"""",""""plant"""",""""cut"""",""""carry"""",""""wash""""]""	""[""""plow"""",""""play"""",""""blow"""",""""cloud"""",""""proud""""]""	[]	[]"
500403	5	orient	慣れさせる	to help someone become familiar with something new	The teacher helped new students orient themselves to the school.	先生は新入生が学校に慣れるのを手伝った。	verb	5	2	""[""""慣れさせる"""",""""集める"""",""""守る"""",""""比べる"""",""""選ぶ""""]""	""[""""orient"""",""""gather"""",""""protect"""",""""compare"""",""""choose""""]""	""[""""orient"""",""""orange"""",""""order"""",""""ordinary"""",""""origin""""]""	""[{""""word"""":""""familiarize"""",""""note"""":""""ややかたい語""""}]""	[]"
500404	5	pollutant	汚染物質	a substance that makes air, water, or land dirty	This factory must reduce the amount of pollutant in the river.	この工場は川の汚染物質の量を減らさなければならない。	noun	5	2	""[""""汚染物質"""",""""栄養"""",""""燃料"""",""""資源"""",""""材料""""]""	""[""""pollutant"""",""""nutrient"""",""""fuel"""",""""resource"""",""""material""""]""	""[""""pollutant"""",""""important"""",""""resident"""",""""president"""",""""elephant""""]""	[]	[]"
500405	5	handicap	障害	a condition that makes some activities difficult	He did not let his handicap stop him from playing sports.	彼は障害があってもスポーツをするのをあきらめなかった。	noun	5	2	""[""""障害"""",""""才能"""",""""習慣"""",""""責任"""",""""経験""""]""	""[""""handicap"""",""""talent"""",""""habit"""",""""responsibility"""",""""experience""""]""	""[""""handicap"""",""""handy"""",""""handle"""",""""holiday"""",""""candidate""""]""	[]	[]"
500406	5	argument	口論	an angry disagreement between people	They had an argument about money.	彼らはお金のことで口論をした。	noun	5	3	""[""""口論"""",""""会話"""",""""約束"""",""""意見"""",""""質問""""]""	""[""""argument"""",""""conversation"""",""""promise"""",""""opinion"""",""""question""""]""	""[""""argument"""",""""apartment"""",""""agreement"""",""""arrangement"""",""""government""""]""	""[{""""word"""":""""quarrel"""",""""note"""":""""より日常的な「口げんか」""""}]""	""[{""""word"""":""""agreement"""",""""note"""":""""意見が一致すること""""}]"""
500407	5	die out	絶滅する	to disappear completely	Some animals may die out soon.	いくつかの動物はまもなく絶滅するかもしれない。	verb	5	3	""[""""絶滅する"""",""""成長する"""",""""移動する"""",""""隠れる"""",""""回復する""""]""	""[""""die out"""",""""grow"""",""""move"""",""""hide"""",""""recover""""]""	""[""""die out"""",""""dry out"""",""""find out"""",""""ride on"""",""""write down""""]""	""[{""""word"""":""""disappear"""",""""note"""":""""より広い意味で「姿を消す」""""}]""	""[{""""word"""":""""survive"""",""""note"""":""""生き残る""""}]"""
500408	5	calamity	災害	a serious event that causes great damage	The flood was a great calamity for the town.	その洪水は町にとって大きな災害だった。	noun	6	2	""[""""災害"""",""""事故"""",""""祝日"""",""""計画"""",""""試合""""]""	""[""""calamity"""",""""accident"""",""""holiday"""",""""plan"""",""""match""""]""	""[""""calamity"""",""""community"""",""""activity"""",""""ability"""",""""family""""]""	""[{""""word"""":""""disaster"""",""""note"""":""""より一般的な語""""}]""	[]"
500409	5	epidemic	流行病	a disease that spreads quickly among many people	The town faced an epidemic last winter.	その町は昨年の冬に流行病に直面した。	noun	5	3	""[""""流行病"""",""""感染"""",""""治療"""",""""けが"""",""""症状""""]""	""[""""epidemic"""",""""infection"""",""""treatment"""",""""injury"""",""""symptom""""]""	""[""""epidemic"""",""""academic"""",""""electric"""",""""economic"""",""""energetic""""]""	""[{""""word"""":""""outbreak"""",""""note"""":""""より短期間の発生を表すことが多い""""}]""	[]"
500410	5	infection	感染	a condition caused by harmful germs in the body	He got an infection in his leg.	彼は足に感染を起こした。	noun	4	4	""[""""感染"""",""""流行病"""",""""治療"""",""""発熱"""",""""けが""""]""	""[""""infection"""",""""epidemic"""",""""treatment"""",""""fever"""",""""injury""""]""	""[""""infection"""",""""inspection"""",""""invention"""",""""instruction"""",""""intention""""]""	[]	[]"
500411	5	tell A from B	AとBを見分ける	to know the difference between two things	I can't tell A from B in this picture.	この写真ではAとBを見分けられない。	verb	5	3	""[""""AとBを見分ける"""",""""AとBを比べる"""",""""AとBを選ぶ"""",""""AとBを集める"""",""""AとBを数える""""]""	""[""""tell A from B"""",""""compare A with B"""",""""choose A or B"""",""""collect A and B"""",""""count A and B""""]""	""[""""tell A from B"""",""""tell me the way"""",""""take it from me"""",""""turn on the TV"""",""""talk with me""""]""	""[{""""word"""":""""distinguish A from B"""",""""note"""":""""ややかたい表現""""}]""	[]"
500412	5	execute	実行する	to do or carry out a plan or order	The computer can execute this program quickly.	そのコンピューターはこのプログラムをすばやく実行できる。	verb	5	3	""[""""実行する"""",""""計算する"""",""""指揮する"""",""""修理する"""",""""説明する""""]""	""[""""execute"""",""""calculate"""",""""conduct"""",""""repair"""",""""explain""""]""	""[""""execute"""",""""exercise"""",""""except"""",""""excuse"""",""""extra""""]""	""[{""""word"""":""""carry out"""",""""note"""":""""計画や命令などを実行する""""}]""	[]"
500413	5	calculate	計算する	to find an answer by using numbers	Can you calculate the total cost?	合計金額を計算できますか。	verb	4	4	""[""""計算する"""",""""実行する"""",""""測る"""",""""比べる"""",""""集める""""]""	""[""""calculate"""",""""execute"""",""""measure"""",""""compare"""",""""collect""""]""	""[""""calculate"""",""""calendar"""",""""candidate"""",""""celebrate"""",""""captain""""]""	""[{""""word"""":""""work out"""",""""note"""":""""答えを計算して出す""""}]""	[]"
500414	5	conduct	行う	to organize and carry out an activity	They will conduct a survey at school.	彼らは学校で調査を行う予定です。	verb	5	3	""[""""行う"""",""""計算する"""",""""実行する"""",""""発見する"""",""""共有する""""]""	""[""""conduct"""",""""calculate"""",""""execute"""",""""discover"""",""""share""""]""	""[""""conduct"""",""""contact"""",""""connect"""",""""contest"""",""""concert""""]""	""[{""""word"""":""""carry out"""",""""note"""":""""調査や実験などを行う""""}]""	[]"
500415	5	implement	実行する	to start using a plan or idea	The school will implement the new rule next month.	その学校は来月その新しい規則を実行する予定です。	verb	5	3	""[""""実行する"""",""""説明する"""",""""変更する"""",""""中止する"""",""""確認する""""]""	""[""""implement"""",""""explain"""",""""change"""",""""cancel"""",""""check""""]""	""[""""implement"""",""""important"""",""""improve"""",""""invent"""",""""include""""]""	""[{""""word"""":""""carry out"""",""""note"""":""""計画などを実行する""""},{""""word"""":""""put into practice"""",""""note"""":""""考えや計画を実際に行う""""}]""	[]"
500416	5	succeed in	成功する	to do something well and get the result you wanted	She succeeded in passing the test.	彼女はその試験に合格することに成功しました。	verb	5	3	""[""""成功する"""",""""失敗する"""",""""挑戦する"""",""""練習する"""",""""準備する""""]""	""[""""succeed in"""",""""fail in"""",""""try"""",""""practice"""",""""prepare""""]""	""[""""succeed in"""",""""believe in"""",""""take in"""",""""join in"""",""""speak in""""]""	[]	""[{""""word"""":""""fail in"""",""""note"""":""""うまくいかない""""}]"""
500417	5	put into practice	実行に移す	to actually do something you planned or learned	We should put into practice what we learned today.	私たちは今日学んだことを実行に移すべきです。	verb	5	2	""[""""実行に移す"""",""""書き留める"""",""""あきらめる"""",""""比較する"""",""""思い出す""""]""	""[""""put into practice"""",""""write down"""",""""give up"""",""""compare"""",""""remember""""]""	""[""""put into practice"""",""""point to the class"""",""""go into the park"""",""""talk in the back"""",""""come to the place""""]""	""[{""""word"""":""""carry out"""",""""note"""":""""計画などを実行する""""},{""""word"""":""""implement"""",""""note"""":""""ややかたい語""""}]""	[]"
500418	5	feasible	実行可能な	possible and able to be done	The plan is feasible for our team.	その計画は私たちのチームにとって実行可能です。	adjective	5	2	""[""""実行可能な"""",""""危険な"""",""""高価な"""",""""複雑な"""",""""有名な""""]""	""[""""feasible"""",""""dangerous"""",""""expensive"""",""""complex"""",""""famous""""]""	""[""""feasible"""",""""peaceful"""",""""feature"""",""""reason"""",""""season""""]""	""[{""""word"""":""""possible"""",""""note"""":""""より基本的な語""""}]""	""[{""""word"""":""""impossible"""",""""note"""":""""実行できない""""}]"""
500419	5	practitioner	開業医	a person who works in a profession	She is a medical practitioner in the town.	彼女はその町の開業医です。	noun	5	2	""[""""開業医"""",""""教師"""",""""画家"""",""""運転手"""",""""店員""""]""	""[""""practitioner"""",""""teacher"""",""""painter"""",""""driver"""",""""clerk""""]""	""[""""practitioner"""",""""prediction"""",""""passenger"""",""""principal"""",""""professor""""]""	[]	[]"
500420	5	obedient	従順な	willing to do what someone tells you	The dog is obedient to its owner.	その犬は飼い主に従順です。	adjective	5	2	""[""""従順な"""",""""勇敢な"""",""""正直な"""",""""静かな"""",""""陽気な""""]""	""[""""obedient"""",""""brave"""",""""honest"""",""""quiet"""",""""cheerful""""]""	""[""""obedient"""",""""ingredient"""",""""opinion"""",""""obedience"""",""""audience""""]""	""[{""""word"""":""""dutiful"""",""""note"""":""""義務をよく守る感じ""""}]""	""[{""""word"""":""""disobedient"""",""""note"""":""""言うことを聞かない""""}]"""
500421	5	efficiency	効率	the ability to do something well without wasting time or energy	This machine improves the efficiency of our work.	この機械は私たちの仕事の効率を高めます。	noun	5	3	""[""""効率"""",""""努力"""",""""方法"""",""""結果"""",""""計画""""]""	""[""""efficiency"""",""""effort"""",""""method"""",""""result"""",""""plan""""]""	""[""""efficiency"""",""""emergency"""",""""electricity"""",""""activity"""",""""difference""""]""	""[{""""word"""":""""effectiveness"""",""""note"""":""""結果をうまく出すことに近い""""}]""	""[{""""word"""":""""inefficiency"""",""""note"""":""""非効率""""}]"""
500422	5	be engaged in	従事している	to be busy doing a particular activity or work	She is engaged in volunteer work.	彼女はボランティア活動に従事しています。	verb	5	2	""[""""従事している"""",""""到着する"""",""""参加する"""",""""準備する"""",""""説明する""""]""	""[""""be engaged in"""",""""arrive at"""",""""take part in"""",""""prepare for"""",""""explain to""""]""	""[""""be engaged in"""",""""be interested in"""",""""be involved in"""",""""be excited about"""",""""be invited to""""]""	""[{""""word"""":""""be involved in"""",""""note"""":""""関わっている""""},{""""word"""":""""work on"""",""""note"""":""""取り組む""""}]""	[]"
500423	5	solitary	ひとりの	alone and not with other people	He took a solitary walk in the park.	彼は公園をひとりで散歩しました。	adjective	5	2	""[""""ひとりの"""",""""にぎやかな"""",""""親切な"""",""""危険な"""",""""有名な""""]""	""[""""solitary"""",""""lively"""",""""kind"""",""""dangerous"""",""""famous""""]""	""[""""solitary"""",""""solid"""",""""salary"""",""""holiday"""",""""secretary""""]""	""[{""""word"""":""""alone"""",""""note"""":""""叙述用でよく使う""""},{""""word"""":""""lonely"""",""""note"""":""""さびしい気持ちを含むことがある""""}]""	""[{""""word"""":""""social"""",""""note"""":""""人と関わる""""},{""""word"""":""""shared"""",""""note"""":""""一人ではない""""}]"""
500424	5	systematic	体系的な	done in an organized and careful way	She made a systematic plan for her study.	彼女は勉強のために体系的な計画を立てた。	adjective	5	2	""[""""体系的な"""",""""効果的な"""",""""具体的な"""",""""伝統的な"""",""""個人的な""""]""	""[""""systematic"""",""""effective"""",""""specific"""",""""traditional"""",""""personal""""]""	""[""""systematic"""",""""sympathetic"""",""""symbolic"""",""""dramatic"""",""""scientific""""]""	""[{""""word"""":""""organized"""",""""note"""":""""より基本的な語""""},{""""word"""":""""methodical"""",""""note"""":""""順序立っている感じ""""}]""	""[{""""word"""":""""random"""",""""note"""":""""無作為な""""},{""""word"""":""""disorganized"""",""""note"""":""""整理されていない""""}]"""
500425	5	be guilty of	～の罪がある	to have done something wrong or illegal	He was found to be guilty of theft.	彼は盗みの罪があると判断された。	verb	5	2	""[""""～の罪がある"""",""""～に賛成する"""",""""～を恐れる"""",""""～に気づく"""",""""～に成功する""""]""	""[""""be guilty of"""",""""agree with"""",""""be afraid of"""",""""notice"""",""""succeed in""""]""	""[""""be guilty of"""",""""be careful of"""",""""be proud of"""",""""be tired of"""",""""be full of""""]""	[]	""[{""""word"""":""""be innocent of"""",""""note"""":""""～の罪がない""""}]"""
500426	5	habitual	習慣的な	done regularly as a habit	He is a habitual late sleeper on Sundays.	彼は日曜日にはいつも遅くまで寝る。	adjective	5	2	""[""""習慣的な"""",""""一時的な"""",""""公式の"""",""""危険な"""",""""静かな""""]""	""[""""habitual"""",""""temporary"""",""""official"""",""""dangerous"""",""""quiet""""]""	""[""""habitual"""",""""actual"""",""""natural"""",""""helpful"""",""""careful""""]""	""[{""""word"""":""""usual"""",""""note"""":""""ふつうの、いつもの""""},{""""word"""":""""regular"""",""""note"""":""""定期的な感じ""""}]""	""[{""""word"""":""""unusual"""",""""note"""":""""ふつうではない""""},{""""word"""":""""temporary"""",""""note"""":""""一時的な""""}]"""
500427	5	suspect A of B	AがBをしたと疑う	to think that someone may have done something wrong	The police suspected him of stealing the bike.	警察は彼がその自転車を盗んだと疑った。	verb	6	2	""[""""AがBをしたと疑う"""",""""AにBを頼む"""",""""AにBを許す"""",""""AにBを教える"""",""""AにBを勧める""""]""	""[""""suspect A of B"""",""""ask A for B"""",""""allow A to B"""",""""teach A to B"""",""""advise A to B""""]""	""[""""suspect A of B"""",""""subject A to B"""",""""support A in B"""",""""suggest A for B"""",""""select A for B""""]""	[]	[]"
500428	5	suspicion	疑い	a feeling that something may be wrong	Her answer raised my suspicion.	彼女の答えで私は疑いを持った。	noun	5	3	""[""""疑い"""",""""安心"""",""""証拠"""",""""約束"""",""""意見""""]""	""[""""suspicion"""",""""confidence"""",""""evidence"""",""""promise"""",""""opinion""""]""	""[""""suspicion"""",""""position"""",""""decision"""",""""condition"""",""""division""""]""	""[{""""word"""":""""doubt"""",""""note"""":""""より一般的な「疑い」""""}]""	""[{""""word"""":""""trust"""",""""note"""":""""信頼""""}]"""
500429	5	skeptical	懐疑的な	not easily believing something	She was skeptical about the plan.	彼女はその計画に懐疑的だった。	adjective	5	3	""[""""懐疑的な"""",""""積極的な"""",""""正確な"""",""""静かな"""",""""公平な""""]""	""[""""skeptical"""",""""positive"""",""""accurate"""",""""quiet"""",""""fair""""]""	""[""""skeptical"""",""""special"""",""""careful"""",""""typical"""",""""chemical""""]""	""[{""""word"""":""""doubtful"""",""""note"""":""""信じきれない感じ""""}]""	""[{""""word"""":""""convinced"""",""""note"""":""""確信している""""}]"""
500430	5	depict	描く	to show something in a picture or story	The picture depicts life in the old town.	その絵は古い町での暮らしを描いている。	verb	5	2	""[""""描く"""",""""隠す"""",""""壊す"""",""""集める"""",""""運ぶ""""]""	""[""""depict"""",""""hide"""",""""break"""",""""collect"""",""""carry""""]""	""[""""depict"""",""""detect"""",""""depend"""",""""deposit"""",""""decide""""]""	""[{""""word"""":""""portray"""",""""note"""":""""ややかたい語だが意味は近い""""}]""	[]"
500431	5	illustrate	説明する	to explain something with pictures or examples	This chart illustrates the change in weather.	この図は天気の変化を説明している。	verb	5	3	""[""""説明する"""",""""比較する"""",""""選ぶ"""",""""数える"""",""""防ぐ""""]""	""[""""illustrate"""",""""compare"""",""""choose"""",""""count"""",""""prevent""""]""	""[""""illustrate"""",""""imitate"""",""""estimate"""",""""celebrate"""",""""integrate""""]""	""[{""""word"""":""""explain"""",""""note"""":""""より基本的な語""""},{""""word"""":""""show"""",""""note"""":""""文脈によって近い""""}]""	[]"
500432	5	fantasy	空想	a story or idea from imagination	She likes reading fantasy after dinner.	彼女は夕食後にファンタジーを読むのが好きだ。	noun	4	3	""[""""空想"""",""""現実"""",""""歴史"""",""""科学"""",""""習慣""""]""	""[""""fantasy"""",""""reality"""",""""history"""",""""science"""",""""habit""""]""	""[""""fantasy"""",""""factory"""",""""family"""",""""famous"""",""""festival""""]""	""[{""""word"""":""""imagination"""",""""note"""":""""心の中で思いえがくこと""""}]""	""[{""""word"""":""""reality"""",""""note"""":""""現実という反対の意味""""}]"""
500433	5	beverage	飲み物	a drink such as water, tea, or juice	This restaurant serves cold beverages.	このレストランは冷たい飲み物を出します。	noun	5	3	""[""""飲み物"""",""""食べ物"""",""""皿"""",""""材料"""",""""味""""]""	""[""""beverage"""",""""meal"""",""""plate"""",""""ingredient"""",""""flavor""""]""	""[""""beverage"""",""""village"""",""""average"""",""""message"""",""""cabbage""""]""	""[{""""word"""":""""drink"""",""""note"""":""""より一般的でやさしい語""""}]""	[]"
500434	5	alcohol	アルコール	a drink ingredient that can make people drunk	This drink does not contain alcohol.	この飲み物にはアルコールが入っていません。	noun	5	4	""[""""アルコール"""",""""砂糖"""",""""塩"""",""""油"""",""""水""""]""	""[""""alcohol"""",""""sugar"""",""""salt"""",""""oil"""",""""water""""]""	""[""""alcohol"""",""""article"""",""""allergy"""",""""already"""",""""always""""]""	[]	[]"
500435	5	clumsy	不器用な	moving or doing things in a careless and awkward way	I am clumsy with my hands.	私は手先が不器用です。	adjective	5	3	""[""""不器用な"""",""""器用な"""",""""静かな"""",""""親切な"""",""""元気な""""]""	""[""""clumsy"""",""""skillful"""",""""quiet"""",""""kind"""",""""cheerful""""]""	""[""""clumsy"""",""""cloudy"""",""""closely"""",""""classy"""",""""crazy""""]""	""[{""""word"""":""""awkward"""",""""note"""":""""動きややり方がぎこちない""""}]""	""[{""""word"""":""""skillful"""",""""note"""":""""上手にできる""""}]"""
500436	5	dump	捨てる	to throw something away carelessly	Please do not dump trash here.	ここにごみを捨てないでください。	verb	5	3	""[""""捨てる"""",""""集める"""",""""運ぶ"""",""""隠す"""",""""洗う""""]""	""[""""dump"""",""""collect"""",""""carry"""",""""hide"""",""""wash""""]""	""[""""dump"""",""""bump"""",""""jump"""",""""damp"""",""""lamp""""]""	""[{""""word"""":""""throw away"""",""""note"""":""""より一般的な言い方""""}]""	""[{""""word"""":""""keep"""",""""note"""":""""捨てずに持っておく""""}]"""
500437	5	wither	しおれる	to become dry and weak	The flowers will wither without water.	その花は水がないとしおれてしまいます。	verb	6	2	""[""""しおれる"""",""""咲く"""",""""育つ"""",""""倒れる"""",""""曲がる""""]""	""[""""wither"""",""""bloom"""",""""grow"""",""""fall"""",""""bend""""]""	""[""""wither"""",""""winter"""",""""winner"""",""""whether"""",""""writer""""]""	[]	""[{""""word"""":""""bloom"""",""""note"""":""""花が咲く""""}]"""
500438	5	in the course of	〜の間に	during a period of time	Many things changed in the course of the year.	その年の間に多くのことが変わりました。	preposition	6	2	""[""""〜の間に"""",""""〜の前に"""",""""〜の後に"""",""""〜の近くに"""",""""〜の代わりに""""]""	""[""""in the course of"""",""""before"""",""""after"""",""""near"""",""""instead of""""]""	""[""""in the course of"""",""""in the corner of"""",""""in the middle of"""",""""in the care of"""",""""in the case of""""]""	""[{""""word"""":""""during"""",""""note"""":""""より短く基本的な語""""}]""	[]"
500439	5	extinction	絶滅	the state of no longer existing	Many animals face extinction today.	今日、多くの動物が絶滅の危機に直面している。	noun	5	3	""[""""絶滅"""",""""汚染"""",""""洪水"""",""""干ばつ"""",""""地震""""]""	""[""""extinction"""",""""pollution"""",""""flood"""",""""drought"""",""""earthquake""""]""	""[""""extinction"""",""""extension"""",""""attention"""",""""direction"""",""""condition""""]""	[]	[]"
500440	5	endangered	絶滅の危機にある	likely to disappear soon	This bird is endangered now.	この鳥は今、絶滅の危機にある。	adjective	5	4	""[""""絶滅の危機にある"""",""""安全な"""",""""有名な"""",""""静かな"""",""""健康な""""]""	""[""""endangered"""",""""safe"""",""""famous"""",""""quiet"""",""""healthy""""]""	""[""""endangered"""",""""encouraged"""",""""engaged"""",""""enlarged"""",""""invented""""]""	""[{""""word"""":""""at risk"""",""""note"""":""""やや説明的な表現""""}]""	""[{""""word"""":""""safe"""",""""note"""":""""危険がない""""}]"""
500441	5	global warming	地球温暖化	the rise in the Earth's temperature	Global warming is a serious problem.	地球温暖化は深刻な問題です。	noun	5	4	""[""""地球温暖化"""",""""大気汚染"""",""""森林破壊"""",""""水不足"""",""""ごみ問題""""]""	""[""""global warming"""",""""air pollution"""",""""deforestation"""",""""water shortage"""",""""garbage problem""""]""	""[""""global warming"""",""""global warning"""",""""golden morning"""",""""local warming"""",""""global world""""]""	[]	[]"
500442	5	convenience	便利さ	the state of being easy to use or helpful	Online shopping offers great convenience.	オンラインショッピングは大きな便利さをもたらします。	noun	5	3	""[""""便利さ"""",""""静けさ"""",""""危険"""",""""重さ"""",""""広さ""""]""	""[""""convenience"""",""""silence"""",""""danger"""",""""weight"""",""""width""""]""	""[""""convenience"""",""""confidence"""",""""conference"""",""""continent"""",""""conscience""""]""	""[{""""word"""":""""ease"""",""""note"""":""""より基本的な語で「楽さ」""""}]""	""[{""""word"""":""""inconvenience"""",""""note"""":""""「不便」の意味""""}]"""
500443	5	timid	臆病な	shy and not brave	The timid boy spoke very softly.	その臆病な少年はとても小さな声で話しました。	adjective	5	3	""[""""臆病な"""",""""陽気な"""",""""正直な"""",""""活発な"""",""""親切な""""]""	""[""""timid"""",""""cheerful"""",""""honest"""",""""active"""",""""kind""""]""	""[""""timid"""",""""limit"""",""""minute"""",""""ticket"""",""""vivid""""]""	""[{""""word"""":""""shy"""",""""note"""":""""人前で控えめな感じ""""},{""""word"""":""""nervous"""",""""note"""":""""不安でおどおどした感じ""""}]""	""[{""""word"""":""""brave"""",""""note"""":""""勇気がある""""}]"""
500444	5	portable	持ち運びできる	easy to carry or move	This portable speaker is very useful.	この持ち運びできるスピーカーはとても便利です。	adjective	5	3	""[""""持ち運びできる"""",""""壊れやすい"""",""""高価な"""",""""静かな"""",""""危険な""""]""	""[""""portable"""",""""fragile"""",""""expensive"""",""""quiet"""",""""dangerous""""]""	""[""""portable"""",""""possible"""",""""powerful"""",""""popular"""",""""personal""""]""	""[{""""word"""":""""handy"""",""""note"""":""""日常会話で使う「便利で持ちやすい」""""}]""	""[{""""word"""":""""fixed"""",""""note"""":""""動かせない感じ""""},{""""word"""":""""heavy"""",""""note"""":""""重くて持ち運びにくい""""}]"""
500445	5	digest	消化する	to break down food in the body	It takes time to digest a big meal.	たくさん食べた食事を消化するには時間がかかります。	verb	5	3	""[""""消化する"""",""""保存する"""",""""混ぜる"""",""""運ぶ"""",""""冷やす""""]""	""[""""digest"""",""""store"""",""""mix"""",""""carry"""",""""cool""""]""	""[""""digest"""",""""suggest"""",""""direct"""",""""discuss"""",""""device""""]""	[]	[]"
500446	5	nutrition	栄養	the food and substances your body needs	Good nutrition is important for children.	子どもたちにとって、よい栄養は大切です。	noun	5	4	""[""""栄養"""",""""運動"""",""""睡眠"""",""""体温"""",""""食欲""""]""	""[""""nutrition"""",""""exercise"""",""""sleep"""",""""temperature"""",""""appetite""""]""	""[""""nutrition"""",""""condition"""",""""tradition"""",""""vacation"""",""""position""""]""	""[{""""word"""":""""nourishment"""",""""note"""":""""ややかたい語""""}]""	[]"
500447	5	sustainable	持続可能な	able to continue for a long time without harm	We need sustainable ways to use energy.	私たちはエネルギーを使う持続可能な方法を必要としています。	adjective	6	3	""[""""持続可能な"""",""""危険な"""",""""高価な"""",""""便利な"""",""""伝統的な""""]""	""[""""sustainable"""",""""dangerous"""",""""expensive"""",""""convenient"""",""""traditional""""]""	""[""""sustainable"""",""""comfortable"""",""""acceptable"""",""""dependable"""",""""remarkable""""]""	""[{""""word"""":""""lasting"""",""""note"""":""""長く続くという意味で近い""""}]""	""[{""""word"""":""""temporary"""",""""note"""":""""一時的な""""}]"""
500448	5	brink	瀬戸際	the edge of a dangerous situation	The company was on the brink of failure.	その会社は倒産の瀬戸際にあった。	noun	5	2	""[""""瀬戸際"""",""""余裕"""",""""中心"""",""""始まり"""",""""結果""""]""	""[""""brink"""",""""margin"""",""""center"""",""""beginning"""",""""result""""]""	""[""""brink"""",""""bring"""",""""brick"""",""""blink"""",""""drink""""]""	""[{""""word"""":""""edge"""",""""note"""":""""比喩でも物理的な端でも使える""""},{""""word"""":""""verge"""",""""note"""":""""on the verge of でよく使う""""}]""	[]"
500449	5	margin	余白	the empty space at the edge of a page	Write your name in the top margin.	上の余白に名前を書きなさい。	noun	5	3	""[""""余白"""",""""本文"""",""""表紙"""",""""段落"""",""""題名""""]""	""[""""margin"""",""""text"""",""""cover"""",""""paragraph"""",""""title""""]""	""[""""margin"""",""""Martin"""",""""market"""",""""marble"""",""""march""""]""	[]	[]"
500450	5	verge	瀬戸際	the point just before something happens	She was on the verge of tears.	彼女は今にも泣きそうだった。	noun	5	2	""[""""瀬戸際"""",""""途中"""",""""原因"""",""""計画"""",""""習慣""""]""	""[""""verge"""",""""middle"""",""""cause"""",""""plan"""",""""habit""""]""	""[""""verge"""",""""verse"""",""""very"""",""""vase"""",""""voice""""]""	""[{""""word"""":""""brink"""",""""note"""":""""on the brink of と似た表現""""},{""""word"""":""""edge"""",""""note"""":""""比喩的に『瀬戸際』の意味でも使う""""}]""	[]"
500451	5	hatch	かえる	to come out of an egg	The chicks hatch in spring.	ひよこは春に卵からかえる。	verb	5	3	""[""""かえる"""",""""育つ"""",""""飛ぶ"""",""""集まる"""",""""眠る""""]""	""[""""hatch"""",""""grow"""",""""fly"""",""""gather"""",""""sleep""""]""	""[""""hatch"""",""""match"""",""""catch"""",""""patch"""",""""hat""""]""	""[{""""word"""":""""come out"""",""""note"""":""""卵などから出てくる""""}]""	[]"
500452	5	oval	卵形の	shaped like an egg	She drew an oval table.	彼女は卵形のテーブルを描いた。	adjective	4	4	""[""""卵形の"""",""""丸い"""",""""四角い"""",""""平らな"""",""""細い""""]""	""[""""oval"""",""""round"""",""""square"""",""""flat"""",""""thin""""]""	""[""""oval"""",""""over"""",""""open"""",""""owner"""",""""oral""""]""	""[{""""word"""":""""egg-shaped"""",""""note"""":""""より説明的な言い方""""}]""	[]"
500453	5	circuit	回路	a path that electricity follows	The light went out because the circuit was broken.	回路がこわれていたので、その明かりは消えた。	noun	6	3	""[""""回路"""",""""電池"""",""""電球"""",""""機械"""",""""配線""""]""	""[""""circuit"""",""""battery"""",""""bulb"""",""""machine"""",""""wire""""]""	""[""""circuit"""",""""circle"""",""""secret"""",""""ticket"""",""""jacket""""]""	[]	[]"
500454	5	plug	プラグ	a thing you put into a socket to use electricity	Please put the plug into the wall.	そのプラグを壁の差し込み口に入れてください。	noun	5	3	""[""""プラグ"""",""""電池"""",""""画面"""",""""鍵"""",""""ひも""""]""	""[""""plug"""",""""battery"""",""""screen"""",""""key"""",""""string""""]""	""[""""plug"""",""""plan"""",""""plus"""",""""plate"""",""""pluck""""]""	[]	[]"
500455	5	carbon	炭素	a chemical element found in all living things	Plants need carbon to grow.	植物は育つために炭素を必要とします。	noun	6	2	""[""""炭素"""",""""酸素"""",""""水素"""",""""鉄"""",""""金""""]""	""[""""carbon"""",""""oxygen"""",""""hydrogen"""",""""iron"""",""""gold""""]""	""[""""carbon"""",""""carton"""",""""garden"""",""""careful"""",""""cabin""""]""	[]	[]"
500456	5	on earth	いったい	used to show surprise or strong feeling in a question	What on earth are you doing?	いったい何をしているのですか。	adverb	5	3	""[""""いったい"""",""""たぶん"""",""""すぐに"""",""""たしかに"""",""""とつぜん""""]""	""[""""on earth"""",""""probably"""",""""soon"""",""""certainly"""",""""suddenly""""]""	""[""""on earth"""",""""on sale"""",""""on time"""",""""at first"""",""""in case""""]""	""[{""""word"""":""""in the world"""",""""note"""":""""疑問文で強調するときに使う""""}]""	[]"
500457	5	hollow	空洞の	empty inside	The tree is hollow inside.	その木は中が空洞です。	adjective	5	2	""[""""空洞の"""",""""固い"""",""""深い"""",""""狭い"""",""""厚い""""]""	""[""""hollow"""",""""solid"""",""""deep"""",""""narrow"""",""""thick""""]""	""[""""hollow"""",""""follow"""",""""yellow"""",""""hello"""",""""holiday""""]""	""[{""""word"""":""""empty"""",""""note"""":""""中に何もない感じ""""}]""	""[{""""word"""":""""solid"""",""""note"""":""""中まで詰まっている""""}]"""
500458	5	vacancy	空き	an empty room, seat, or job	There is no vacancy at the hotel.	そのホテルには空きがありません。	noun	5	2	""[""""空き"""",""""予約"""",""""案内"""",""""景色"""",""""荷物""""]""	""[""""vacancy"""",""""reservation"""",""""guide"""",""""view"""",""""baggage""""]""	""[""""vacancy"""",""""agency"""",""""balcony"""",""""factory"""",""""family""""]""	""[{""""word"""":""""opening"""",""""note"""":""""仕事の空きにも使う""""},{""""word"""":""""space"""",""""note"""":""""場所の空きという意味""""}]""	""[{""""word"""":""""full"""",""""note"""":""""空きがない状態""""}]"""
500459	5	vacuum	掃除機をかける	to clean with a vacuum cleaner	I vacuum the living room every Sunday.	私は毎週日曜日に居間に掃除機をかけます。	verb	5	3	""[""""掃除機をかける"""",""""洗う"""",""""片づける"""",""""磨く"""",""""修理する""""]""	""[""""vacuum"""",""""wash"""",""""clean"""",""""polish"""",""""repair""""]""	""[""""vacuum"""",""""value"""",""""visit"""",""""volume"""",""""victim""""]""	""[{""""word"""":""""clean"""",""""note"""":""""より広い意味の「掃除する」""""}]""	[]"
500460	5	drain	排水する	to make water or liquid flow away	They drain the water from the pool.	彼らはプールから水を抜きます。	verb	5	3	""[""""排水する"""",""""満たす"""",""""運ぶ"""",""""混ぜる"""",""""温める""""]""	""[""""drain"""",""""fill"""",""""carry"""",""""mix"""",""""heat""""]""	""[""""drain"""",""""train"""",""""brain"""",""""draw"""",""""dream""""]""	[]	""[{""""word"""":""""fill"""",""""note"""":""""中をいっぱいにする""""}]"""
500461	5	stimulate	刺激する	to make something more active or interested	Good teachers stimulate students to think.	よい先生は生徒が考えるように刺激します。	verb	6	2	""[""""刺激する"""",""""守る"""",""""選ぶ"""",""""支える"""",""""導く""""]""	""[""""stimulate"""",""""protect"""",""""choose"""",""""support"""",""""guide""""]""	""[""""stimulate"""",""""simulate"""",""""separate"""",""""celebrate"""",""""estimate""""]""	""[{""""word"""":""""encourage"""",""""note"""":""""やる気を出させるときによく使う""""}]""	[]"
500462	5	spur	促す	to encourage someone to do something	Her words will spur him to study harder.	彼女の言葉は彼にもっと熱心に勉強するよう促すだろう。	verb	5	2	""[""""促す"""",""""防ぐ"""",""""隠す"""",""""運ぶ"""",""""選ぶ""""]""	""[""""spur"""",""""prevent"""",""""hide"""",""""carry"""",""""choose""""]""	""[""""spur"""",""""spare"""",""""spin"""",""""star"""",""""sport""""]""	""[{""""word"""":""""encourage"""",""""note"""":""""より一般的な語""""},{""""word"""":""""motivate"""",""""note"""":""""やる気を起こさせる""""}]""	""[{""""word"""":""""discourage"""",""""note"""":""""やる気をなくさせる""""}]"""
500463	5	result in	結果として〜になる	to cause something to happen	Too much rain can result in floods.	雨が多すぎると洪水になることがある。	verb	5	3	""[""""結果として〜になる"""",""""〜を防ぐ"""",""""〜に気づく"""",""""〜に参加する"""",""""〜を信じる""""]""	""[""""result in"""",""""prevent"""",""""notice"""",""""join"""",""""believe""""]""	""[""""result in"""",""""rest in"""",""""resulted"""",""""rescue"""",""""reason""""]""	""[{""""word"""":""""cause"""",""""note"""":""""より短く一般的""""},{""""word"""":""""lead to"""",""""note"""":""""同じようによく使う""""}]""	""[{""""word"""":""""prevent"""",""""note"""":""""起こるのを防ぐ""""}]"""
500464	5	expire	期限が切れる	to come to an end after a fixed time	My train pass will expire next week.	私の電車の定期券は来週期限が切れます。	verb	5	3	""[""""期限が切れる"""",""""始まる"""",""""増える"""",""""届く"""",""""続く""""]""	""[""""expire"""",""""begin"""",""""increase"""",""""arrive"""",""""continue""""]""	""[""""expire"""",""""explain"""",""""express"""",""""admire"""",""""inspire""""]""	""[{""""word"""":""""end"""",""""note"""":""""より広い意味の基本語""""}]""	""[{""""word"""":""""begin"""",""""note"""":""""始まる""""},{""""word"""":""""continue"""",""""note"""":""""続く""""}]"""
500465	5	carbohydrate	炭水化物	a food substance like rice, bread, or sugar that gives energy	Rice is rich in carbohydrate.	米は炭水化物を多く含んでいます。	noun	5	3	""[""""炭水化物"""",""""たんぱく質"""",""""脂肪"""",""""ビタミン"""",""""ミネラル""""]""	""[""""carbohydrate"""",""""protein"""",""""fat"""",""""vitamin"""",""""mineral""""]""	""[""""carbohydrate"""",""""carbonate"""",""""cardboard"""",""""calculate"""",""""celebrate""""]""	[]	[]"
500466	5	adequate	十分な	enough for a need or purpose	We have adequate time to finish the work.	私たちにはその仕事を終えるのに十分な時間があります。	adjective	5	3	""[""""十分な"""",""""不十分な"""",""""高価な"""",""""危険な"""",""""複雑な""""]""	""[""""adequate"""",""""insufficient"""",""""expensive"""",""""dangerous"""",""""complex""""]""	""[""""adequate"""",""""accurate"""",""""delicate"""",""""educate"""",""""estimate""""]""	""[{""""word"""":""""enough"""",""""note"""":""""より基本的な語""""}]""	""[{""""word"""":""""insufficient"""",""""note"""":""""必要な量に足りない""""}]"""
500467	5	break into	押し入る	to enter a place by force or without permission	Someone tried to break into the house last night.	昨夜、だれかがその家に押し入ろうとしました。	verb	5	3	""[""""押し入る"""",""""立ち去る"""",""""片づける"""",""""見つける"""",""""借りる""""]""	""[""""break into"""",""""leave"""",""""clean"""",""""find"""",""""borrow""""]""	""[""""break into"""",""""break in"""",""""bring into"""",""""get into"""",""""make into""""]""	[]	[]"
500468	5	threshold	境目	the point where something begins or changes	She stood at the threshold of the room.	彼女は部屋の入り口に立っていた。	noun	5	2	""[""""境目"""",""""頂上"""",""""通路"""",""""表面"""",""""底""""]""	""[""""threshold"""",""""summit"""",""""passage"""",""""surface"""",""""bottom""""]""	""[""""threshold"""",""""thread"""",""""threat"""",""""throat"""",""""threefold""""]""	""[{""""word"""":""""border"""",""""note"""":""""一般的な「境界」""""},{""""word"""":""""entrance"""",""""note"""":""""文脈によっては「入り口」""""}]""	[]"
500469	5	be jealous of	をうらやむ	to want what another person has	He is jealous of his brother's new bike.	彼は兄弟の新しい自転車をうらやんでいる。	verb	4	3	""[""""をうらやむ"""",""""を尊敬する"""",""""を信じる"""",""""を助ける"""",""""を招く""""]""	""[""""be jealous of"""",""""respect"""",""""trust"""",""""help"""",""""invite""""]""	""[""""be jealous of"""",""""be careful of"""",""""be proud of"""",""""be afraid of"""",""""be tired of""""]""	""[{""""word"""":""""envy"""",""""note"""":""""やや短く硬い語""""}]""	""[{""""word"""":""""admire"""",""""note"""":""""うらやむより前向きに評価する""""}]"""
500470	5	equivalent	同等の	equal in value, meaning, or amount	One dollar is equivalent to about 150 yen.	1ドルは約150円に相当する。	adjective	5	2	""[""""同等の"""",""""正確な"""",""""十分な"""",""""複雑な"""",""""私的な""""]""	""[""""equivalent"""",""""exact"""",""""enough"""",""""complex"""",""""private""""]""	""[""""equivalent"""",""""efficient"""",""""elegant"""",""""important"""",""""different""""]""	""[{""""word"""":""""equal"""",""""note"""":""""より基本的な語""""},{""""word"""":""""same"""",""""note"""":""""文脈によって近い意味""""}]""	""[{""""word"""":""""different"""",""""note"""":""""同じでない""""},{""""word"""":""""unequal"""",""""note"""":""""等しくない""""}]"""
500471	5	socialism	社会主義	a political system in which society owns and controls major industries	They studied socialism in history class.	彼らは歴史の授業で社会主義を学んだ。	noun	5	2	""[""""社会主義"""",""""資本主義"""",""""民主主義"""",""""共産主義"""",""""独裁政治""""]""	""[""""socialism"""",""""capitalism"""",""""democracy"""",""""communism"""",""""dictatorship""""]""	""[""""socialism"""",""""specialism"""",""""journalism"""",""""socialist"""",""""society""""]""	[]	""[{""""word"""":""""capitalism"""",""""note"""":""""私有財産を重視する経済体制""""}]"""
500472	5	in particular	特に	more than others; especially	I like fruit, in particular apples.	私は果物が好きで、特にりんごが好きです。	adverb	4	4	""[""""特に"""",""""たぶん"""",""""突然"""",""""すでに"""",""""まったく""""]""	""[""""in particular"""",""""probably"""",""""suddenly"""",""""already"""",""""completely""""]""	""[""""in particular"""",""""in general"""",""""in public"""",""""in danger"""",""""in common""""]""	""[{""""word"""":""""especially"""",""""note"""":""""ほぼ同じ意味でよく使う""""}]""	[]"
500473	5	affair	出来事	an event or situation	The meeting was a serious affair.	その会議は重大な出来事だった。	noun	5	3	""[""""出来事"""",""""計画"""",""""習慣"""",""""意見"""",""""方法""""]""	""[""""affair"""",""""plan"""",""""habit"""",""""opinion"""",""""method""""]""	""[""""affair"""",""""aware"""",""""again"""",""""appear"""",""""offer""""]""	""[{""""word"""":""""event"""",""""note"""":""""より一般的な語""""}]""	[]"
500474	5	occurrence	出来事	something that happens	The occurrence surprised everyone.	その出来事はみんなを驚かせた。	noun	5	2	""[""""出来事"""",""""事故"""",""""変化"""",""""結果"""",""""計画""""]""	""[""""occurrence"""",""""accident"""",""""change"""",""""result"""",""""plan""""]""	""[""""occurrence"""",""""occasion"""",""""occur"""",""""conference"""",""""difference""""]""	""[{""""word"""":""""event"""",""""note"""":""""より一般的な語""""}]""	[]"
500475	5	wicked	悪い	morally bad or evil	The story has a wicked king.	その物語には悪い王が出てくる。	adjective	5	2	""[""""悪い"""",""""親切な"""",""""正直な"""",""""賢い"""",""""勇敢な""""]""	""[""""wicked"""",""""kind"""",""""honest"""",""""wise"""",""""brave""""]""	""[""""wicked"""",""""wicket"""",""""ticket"""",""""picked"""",""""liquid""""]""	""[{""""word"""":""""evil"""",""""note"""":""""より強く「邪悪な」""""}]""	""[{""""word"""":""""kind"""",""""note"""":""""人にやさしい""""}]"""
500476	5	literal	文字どおりの	following the exact words or original meaning	That is the literal meaning of the sentence.	それはその文の文字どおりの意味です。	adjective	5	2	""[""""文字どおりの"""",""""比ゆ的な"""",""""簡単な"""",""""重要な"""",""""個人的な""""]""	""[""""literal"""",""""figurative"""",""""simple"""",""""important"""",""""personal""""]""	""[""""literal"""",""""little"""",""""litter"""",""""mineral"""",""""general""""]""	[]	""[{""""word"""":""""figurative"""",""""note"""":""""比ゆ的な表現の""""}]"""
500477	5	identical	同一の	exactly the same	The two bags look identical.	その二つのかばんは同一に見える。	adjective	5	3	""[""""同一の"""",""""異なる"""",""""似ている"""",""""特別な"""",""""重要な""""]""	""[""""identical"""",""""different"""",""""similar"""",""""special"""",""""important""""]""	""[""""identical"""",""""electrical"""",""""historical"""",""""practical"""",""""typical""""]""	""[{""""word"""":""""same"""",""""note"""":""""より基本的な語""""}]""	""[{""""word"""":""""different"""",""""note"""":""""同じではない""""}]"""
500478	5	precision	正確さ	the quality of being exact	This machine works with great precision.	この機械はとても正確に動く。	noun	5	2	""[""""正確さ"""",""""速さ"""",""""強さ"""",""""美しさ"""",""""静けさ""""]""	""[""""precision"""",""""speed"""",""""strength"""",""""beauty"""",""""silence""""]""	""[""""precision"""",""""decision"""",""""division"""",""""television"""",""""revision""""]""	""[{""""word"""":""""accuracy"""",""""note"""":""""より一般的な近い語""""}]""	[]"
500479	5	thrill	興奮	a strong feeling of excitement	The game gave us a real thrill.	その試合は私たちに本当の興奮を与えた。	noun	5	2	""[""""興奮"""",""""安心"""",""""退屈"""",""""悲しみ"""",""""驚き""""]""	""[""""thrill"""",""""relief"""",""""boredom"""",""""sadness"""",""""surprise""""]""	""[""""thrill"""",""""three"""",""""throw"""",""""drill"""",""""trail""""]""	""[{""""word"""":""""excitement"""",""""note"""":""""より一般的な語""""}]""	[]"
500480	5	rule out	除外する	to decide that something is not possible	The police could not rule out an accident.	警察は事故の可能性を除外できなかった。	verb	5	3	""[""""除外する"""",""""確認する"""",""""発見する"""",""""説明する"""",""""比較する""""]""	""[""""rule out"""",""""check"""",""""find"""",""""explain"""",""""compare""""]""	""[""""rule out"""",""""roll out"""",""""read out"""",""""run out"""",""""write out""""]""	""[{""""word"""":""""exclude"""",""""note"""":""""ややかたい語""""}]""	""[{""""word"""":""""include"""",""""note"""":""""中に含める""""}]"""
500481	5	be tired from	〜で疲れている	to feel tired because of something	I was tired from the long walk.	私は長い散歩で疲れていた。	verb	4	3	""[""""〜で疲れている"""",""""〜に驚いている"""",""""〜に興味がある"""",""""〜を心配している"""",""""〜に満足している""""]""	""[""""be tired from"""",""""be surprised at"""",""""be interested in"""",""""be worried about"""",""""be satisfied with""""]""	""[""""be tired from"""",""""be tired of"""",""""be away from"""",""""be famous for"""",""""be ready for""""]""	""[{""""word"""":""""be exhausted from"""",""""note"""":""""より強く疲れている""""}]""	""[{""""word"""":""""be refreshed by"""",""""note"""":""""元気になる""""}]"""
500482	5	consultant	相談役	a person who gives expert advice	We asked a consultant for advice.	私たちは相談役に助言を求めた。	noun	5	2	""[""""相談役"""",""""記者"""",""""店員"""",""""運転手"""",""""画家""""]""	""[""""consultant"""",""""reporter"""",""""clerk"""",""""driver"""",""""painter""""]""	""[""""consultant"""",""""constant"""",""""contest"""",""""concert"""",""""contact""""]""	""[{""""word"""":""""adviser"""",""""note"""":""""より一般的な語""""}]""	[]"
500483	5	specialist	専門家	a person who knows a lot about one subject	She talked to a heart specialist.	彼女は心臓の専門家に相談しました。	noun	5	3	""[""""専門家"""",""""記者"""",""""画家"""",""""研究者"""",""""案内人""""]""	""[""""specialist"""",""""journalist"""",""""artist"""",""""researcher"""",""""guide""""]""	""[""""specialist"""",""""species"""",""""special"""",""""speech"""",""""specific""""]""	""[{""""word"""":""""expert"""",""""note"""":""""より一般的な『専門家』""""}]""	[]"
500484	5	economist	経済学者	a person who studies money and business	The economist spoke on TV last night.	その経済学者は昨夜テレビで話しました。	noun	6	2	""[""""経済学者"""",""""科学者"""",""""歴史家"""",""""記者"""",""""作家""""]""	""[""""economist"""",""""scientist"""",""""historian"""",""""journalist"""",""""writer""""]""	""[""""economist"""",""""ecology"""",""""economy"""",""""comic"""",""""chemist""""]""	[]	[]"
500485	5	sociologist	社会学者	a person who studies society and people	The sociologist studied city life.	その社会学者は都市生活を研究しました。	noun	7	1	""[""""社会学者"""",""""心理学者"""",""""生物学者"""",""""言語学者"""",""""歴史家""""]""	""[""""sociologist"""",""""psychologist"""",""""biologist"""",""""linguist"""",""""historian""""]""	""[""""sociologist"""",""""social"""",""""soccer"""",""""scientist"""",""""psychologist""""]""	[]	[]"
500486	5	erupt	噴火する	to suddenly send out fire, smoke, or lava	The volcano may erupt again soon.	その火山はまたすぐに噴火するかもしれません。	verb	5	2	""[""""噴火する"""",""""爆発する"""",""""燃える"""",""""沈む"""",""""凍る""""]""	""[""""erupt"""",""""explode"""",""""burn"""",""""sink"""",""""freeze""""]""	""[""""erupt"""",""""adopt"""",""""arrive"""",""""effect"""",""""except""""]""	""[{""""word"""":""""explode"""",""""note"""":""""爆発する。erupt は火山などに使うことが多い""""}]""	[]"
500487	5	blow up	爆発する	to explode suddenly	The bomb could blow up at any time.	その爆弾はいつ爆発してもおかしくありません。	verb	5	3	""[""""爆発する"""",""""噴火する"""",""""消す"""",""""壊す"""",""""落とす""""]""	""[""""blow up"""",""""erupt"""",""""put out"""",""""break"""",""""drop""""]""	""[""""blow up"""",""""grow up"""",""""show up"""",""""throw out"""",""""slow down""""]""	""[{""""word"""":""""explode"""",""""note"""":""""より一般的な一語の表現""""}]""	[]"
500488	5	put out	消す	to stop a fire or light from burning	Please put out the campfire before you leave.	出発する前にたき火を消してください。	verb	4	4	""[""""消す"""",""""爆発する"""",""""噴火する"""",""""燃やす"""",""""こぼす""""]""	""[""""put out"""",""""blow up"""",""""erupt"""",""""burn"""",""""spill""""]""	""[""""put out"""",""""pull out"""",""""point out"""",""""pick out"""",""""put off""""]""	""[{""""word"""":""""extinguish"""",""""note"""":""""ややかたい語。火を消す""""}]""	""[{""""word"""":""""light"""",""""note"""":""""火をつける""""}]"""
500489	5	surplus	余り	more than what is needed	The store had a surplus of rice this year.	その店は今年、米が余っていた。	noun	5	2	""[""""余り"""",""""不足"""",""""借金"""",""""値上げ"""",""""残業""""]""	""[""""surplus"""",""""shortage"""",""""debt"""",""""fee"""",""""waste""""]""	""[""""surplus"""",""""surface"""",""""service"""",""""purpose"""",""""circus""""]""	""[{""""word"""":""""extra"""",""""note"""":""""より基本的な語""""}]""	""[{""""word"""":""""shortage"""",""""note"""":""""必要な量に足りないこと""""}]"""
500490	5	surcharge	追加料金	an extra charge added to a price	There is a surcharge for late payment.	支払いが遅れると追加料金がかかります。	noun	6	2	""[""""追加料金"""",""""割引"""",""""運賃"""",""""給料"""",""""税金""""]""	""[""""surcharge"""",""""discount"""",""""fare"""",""""salary"""",""""tax""""]""	""[""""surcharge"""",""""storage"""",""""shortage"""",""""surface"""",""""search""""]""	""[{""""word"""":""""fee"""",""""note"""":""""より広い意味の料金""""}]""	""[{""""word"""":""""discount"""",""""note"""":""""値引き""""}]"""
500491	5	overtime	残業	work done after regular hours	My father worked overtime last night.	父は昨夜、残業した。	noun	4	4	""[""""残業"""",""""休暇"""",""""出張"""",""""昇進"""",""""欠勤""""]""	""[""""overtime"""",""""vacation"""",""""business trip"""",""""promotion"""",""""absence""""]""	""[""""overtime"""",""""overlook"""",""""overnight"""",""""outline"""",""""owner""""]""	[]	[]"
500492	5	cloth	布	material used for making clothes or other things	She wiped the table with a clean cloth.	彼女はきれいな布でテーブルをふいた。	noun	5	3	""[""""布"""",""""紙"""",""""革"""",""""糸"""",""""綿""""]""	""[""""cloth"""",""""paper"""",""""leather"""",""""thread"""",""""cotton""""]""	""[""""cloth"""",""""clap"""",""""clock"""",""""close"""",""""cloud""""]""	""[{""""word"""":""""fabric"""",""""note"""":""""やや一般的で少しかたい語""""}]""	[]"
500493	5	veil	ベール	a thin cover worn over the face or head	The bride wore a white veil.	花嫁は白いベールをつけていた。	noun	6	2	""[""""ベール"""",""""帽子"""",""""手袋"""",""""スカーフ"""",""""リボン""""]""	""[""""veil"""",""""hat"""",""""glove"""",""""scarf"""",""""ribbon""""]""	""[""""veil"""",""""mail"""",""""rail"""",""""vase"""",""""very""""]""	[]	[]"
500494	5	confront	立ち向かう	to face a problem or difficult situation	We must confront this problem now.	私たちは今この問題に立ち向かわなければならない。	verb	7	2	""[""""立ち向かう"""",""""避ける"""",""""隠す"""",""""失う"""",""""集める""""]""	""[""""confront"""",""""avoid"""",""""hide"""",""""lose"""",""""gather""""]""	""[""""confront"""",""""confirm"""",""""connect"""",""""control"""",""""concert""""]""	""[{""""word"""":""""face"""",""""note"""":""""より基本的な語""""}]""	""[{""""word"""":""""avoid"""",""""note"""":""""向き合わず避ける""""}]"""
500495	5	in the face of	〜にもかかわらず	despite a difficult situation	She smiled in the face of danger.	彼女は危険にもかかわらずほほえんだ。	preposition	5	2	""[""""〜にもかかわらず"""",""""〜の前で"""",""""〜のせいで"""",""""〜に向かって"""",""""〜と一緒に""""]""	""[""""in the face of"""",""""because of"""",""""in front of"""",""""instead of"""",""""along with""""]""	""[""""in the face of"""",""""in the case of"""",""""in the name of"""",""""in the place of"""",""""on the face of""""]""	""[{""""word"""":""""despite"""",""""note"""":""""より短い形""""},{""""word"""":""""in spite of"""",""""note"""":""""ほぼ同じ意味""""}]""	[]"
500496	5	parameter	要因	a limit or condition that affects something	Cost is an important parameter in this plan.	費用はこの計画の重要な要因です。	noun	5	2	""[""""要因"""",""""結果"""",""""方法"""",""""目的"""",""""変化""""]""	""[""""parameter"""",""""factor"""",""""result"""",""""method"""",""""purpose""""]""	""[""""parameter"""",""""perimeter"""",""""parachute"""",""""paragraph"""",""""parent""""]""	""[{""""word"""":""""factor"""",""""note"""":""""より基本的な語""""}]""	[]"
500497	5	impartial	公平な	fair and not supporting one side	A judge must be impartial.	裁判官は公平でなければならない。	adjective	5	2	""[""""公平な"""",""""不公平な"""",""""正直な"""",""""親切な"""",""""静かな""""]""	""[""""impartial"""",""""unfair"""",""""honest"""",""""kind"""",""""quiet""""]""	""[""""impartial"""",""""important"""",""""impossible"""",""""patient"""",""""special""""]""	""[{""""word"""":""""fair"""",""""note"""":""""より基本的な語""""},{""""word"""":""""neutral"""",""""note"""":""""どちらの側にも立たない""""}]""	""[{""""word"""":""""biased"""",""""note"""":""""一方にかたよった""""},{""""word"""":""""unfair"""",""""note"""":""""公平でない""""}]"""
500498	5	equality	平等	the state of being treated the same	We should work for equality in society.	私たちは社会の平等のために努力すべきです。	noun	5	3	""[""""平等"""",""""自由"""",""""平和"""",""""正義"""",""""安全""""]""	""[""""equality"""",""""freedom"""",""""peace"""",""""justice"""",""""safety""""]""	""[""""equality"""",""""quality"""",""""quietly"""",""""equally"""",""""reality""""]""	""[{""""word"""":""""fairness"""",""""note"""":""""よりやさしい語で、公平さの意味""""}]""	""[{""""word"""":""""inequality"""",""""note"""":""""不平等""""}]"""
500499	5	fraud	詐欺	the crime of cheating people for money	The old man lost money in a fraud.	その老人は詐欺でお金を失った。	noun	5	3	""[""""詐欺"""",""""盗み"""",""""事故"""",""""借金"""",""""罰""""]""	""[""""fraud"""",""""theft"""",""""accident"""",""""debt"""",""""punishment""""]""	""[""""fraud"""",""""frog"""",""""front"""",""""fruit"""",""""flood""""]""	""[{""""word"""":""""cheating"""",""""note"""":""""より広い意味でのごまかし""""}]""	[]"
500500	5	illusion	錯覚	something that seems real but is not	The picture creates an illusion of movement.	その絵は動いているような錯覚を生み出す。	noun	5	3	""[""""錯覚"""",""""現実"""",""""記憶"""",""""夢"""",""""希望""""]""	""[""""illusion"""",""""reality"""",""""memory"""",""""dream"""",""""hope""""]""	""[""""illusion"""",""""decision"""",""""division"""",""""version"""",""""vision""""]""	""[{""""word"""":""""trick"""",""""note"""":""""見た目や感覚をだますもの""""}]""	""[{""""word"""":""""reality"""",""""note"""":""""現実""""}]"""
500501	5	tumble	転ぶ	to fall suddenly	He tumbled down the stairs.	彼は階段から転げ落ちた。	verb	5	2	""[""""転ぶ"""",""""跳ぶ"""",""""歩く"""",""""押す"""",""""登る""""]""	""[""""tumble"""",""""jump"""",""""walk"""",""""push"""",""""climb""""]""	""[""""tumble"""",""""jumble"""",""""humble"""",""""tunnel"""",""""table""""]""	""[{""""word"""":""""fall"""",""""note"""":""""より一般的な語""""}]""	""[{""""word"""":""""stand"""",""""note"""":""""倒れず立つ""""}]"""
500502	5	plunge	飛び込む	to jump or fall quickly into something	She plunged into the pool.	彼女はプールに飛び込んだ。	verb	5	2	""[""""飛び込む"""",""""浮かぶ"""",""""泳ぐ"""",""""投げる"""",""""登る""""]""	""[""""plunge"""",""""float"""",""""swim"""",""""throw"""",""""climb""""]""	""[""""plunge"""",""""plump"""",""""plant"""",""""plus"""",""""prince""""]""	""[{""""word"""":""""dive"""",""""note"""":""""水中へ入るときによく使う""""}]""	[]"
500503	5	superstition	迷信	a belief not based on reason or science	Some people believe in superstition.	迷信を信じる人もいる。	noun	5	2	""[""""迷信"""",""""伝統"""",""""習慣"""",""""規則"""",""""文化""""]""	""[""""superstition"""",""""tradition"""",""""custom"""",""""rule"""",""""culture""""]""	""[""""superstition"""",""""supposition"""",""""competition"""",""""position"""",""""celebration""""]""	[]	[]"
500504	5	prestige	名声	respect and admiration from other people	The school has a lot of prestige in the city.	その学校はその市で大きな名声がある。	noun	5	2	""[""""名声"""",""""評判"""",""""人気"""",""""伝統"""",""""権力""""]""	""[""""prestige"""",""""reputation"""",""""popularity"""",""""tradition"""",""""power""""]""	""[""""prestige"""",""""protect"""",""""practice"""",""""predict"""",""""present""""]""	""[{""""word"""":""""reputation"""",""""note"""":""""より一般的な「評判」""""}]""	""[{""""word"""":""""disgrace"""",""""note"""":""""不名誉""""}]"""
500505	5	dynasty	王朝	a line of rulers from the same family	The museum has art from an old dynasty.	その博物館には古い王朝の美術品がある。	noun	5	1	""[""""王朝"""",""""帝国"""",""""政府"""",""""王国"""",""""歴史""""]""	""[""""dynasty"""",""""empire"""",""""government"""",""""kingdom"""",""""history""""]""	""[""""dynasty"""",""""diamond"""",""""dynamic"""",""""diary"""",""""dinosaur""""]""	[]	[]"
500506	5	notorious	悪名高い	famous for something bad	That street is notorious for heavy traffic.	その通りはひどい交通渋滞で悪名高い。	adjective	5	2	""[""""悪名高い"""",""""有名な"""",""""危険な"""",""""不人気な"""",""""失礼な""""]""	""[""""notorious"""",""""famous"""",""""dangerous"""",""""unpopular"""",""""rude""""]""	""[""""notorious"""",""""noticeable"""",""""nervous"""",""""natural"""",""""mysterious""""]""	""[{""""word"""":""""infamous"""",""""note"""":""""より強く「悪いことで有名な」""""}]""	""[{""""word"""":""""respected"""",""""note"""":""""尊敬される""""}]"""
500507	5	glorious	輝かしい	very beautiful, wonderful, or full of honor	It was a glorious day for our team.	その日は私たちのチームにとって輝かしい日だった。	adjective	5	2	""[""""輝かしい"""",""""有名な"""",""""静かな"""",""""危険な"""",""""遠い""""]""	""[""""glorious"""",""""famous"""",""""quiet"""",""""dangerous"""",""""distant""""]""	""[""""glorious"""",""""curious"""",""""serious"""",""""glory"""",""""various""""]""	""[{""""word"""":""""wonderful"""",""""note"""":""""より広く使う基本語""""},{""""word"""":""""splendid"""",""""note"""":""""ややかたいが近い意味""""}]""	""[{""""word"""":""""terrible"""",""""note"""":""""すばらしいの反対に近い""""}]"""
500508	5	prestigious	名声のある	respected and admired because of success or importance	She wants to study at a prestigious university.	彼女は名声のある大学で学びたがっている。	adjective	6	2	""[""""名声のある"""",""""危険な"""",""""静かな"""",""""高価な"""",""""遠い""""]""	""[""""prestigious"""",""""dangerous"""",""""quiet"""",""""expensive"""",""""distant""""]""	""[""""prestigious"""",""""precious"""",""""previous"""",""""mysterious"""",""""religious""""]""	""[{""""word"""":""""famous"""",""""note"""":""""有名という意味で近い""""},{""""word"""":""""respected"""",""""note"""":""""尊敬される点が近い""""}]""	""[{""""word"""":""""ordinary"""",""""note"""":""""特別ではない""""},{""""word"""":""""unknown"""",""""note"""":""""知られていない""""}]"""
500509	5	distant	遠くの	far away in space or time	We could see distant mountains from the train.	私たちは電車から遠くの山々が見えた。	adjective	4	3	""[""""遠くの"""",""""静かな"""",""""明るい"""",""""狭い"""",""""有名な""""]""	""[""""distant"""",""""quiet"""",""""bright"""",""""narrow"""",""""famous""""]""	""[""""distant"""",""""distance"""",""""instant"""",""""different"""",""""assistant""""]""	""[{""""word"""":""""far"""",""""note"""":""""より基本的な語""""},{""""word"""":""""remote"""",""""note"""":""""人や場所が離れている""""}]""	""[{""""word"""":""""near"""",""""note"""":""""近い""""},{""""word"""":""""close"""",""""note"""":""""近くにある""""}]"""
500510	5	poultry	家きん	birds such as chickens kept for meat or eggs	The farm keeps poultry for eggs.	その農場は卵のために家きんを飼っている。	noun	5	2	""[""""家きん"""",""""作物"""",""""農場"""",""""牧草地"""",""""果樹園""""]""	""[""""poultry"""",""""crop"""",""""farm"""",""""pasture"""",""""orchard""""]""	""[""""poultry"""",""""poetry"""",""""porter"""",""""country"""",""""paltry""""]""	""[{""""word"""":""""fowl"""",""""note"""":""""やや古い言い方""""}]""	[]"
500511	5	peasant	農民	a person who works on a small farm	The peasant worked in the field all day.	その農民は一日中畑で働いた。	noun	5	2	""[""""農民"""",""""漁師"""",""""大工"""",""""商人"""",""""兵士""""]""	""[""""peasant"""",""""fisherman"""",""""carpenter"""",""""merchant"""",""""soldier""""]""	""[""""peasant"""",""""present"""",""""pleasant"""",""""reason"""",""""season""""]""	""[{""""word"""":""""farmer"""",""""note"""":""""peasant は小規模農民の意味が強い""""}]""	[]"
500512	5	agriculture	農業	the work of farming and growing food	Agriculture is important in this area.	この地域では農業が重要です。	noun	5	3	""[""""農業"""",""""工業"""",""""貿易"""",""""漁業"""",""""林業""""]""	""[""""agriculture"""",""""industry"""",""""trade"""",""""fishery"""",""""forestry""""]""	""[""""agriculture"""",""""culture"""",""""adventure"""",""""picture"""",""""nature""""]""	""[{""""word"""":""""farming"""",""""note"""":""""より日常的な語""""}]""	[]"
500513	5	destiny	運命	the power that decides what happens in life	She believed it was her destiny to help others.	彼女は、人を助けることが自分の運命だと信じていた。	noun	5	3	""[""""運命"""",""""未来"""",""""希望"""",""""機会"""",""""約束""""]""	""[""""destiny"""",""""future"""",""""hope"""",""""chance"""",""""promise""""]""	""[""""destiny"""",""""density"""",""""festival"""",""""desert"""",""""history""""]""	""[{""""word"""":""""fate"""",""""note"""":""""より一般的な言い方""""}]""	[]"
500514	5	shortcoming	欠点	a weak point or fault	Everyone has a shortcoming or two.	だれにでも一つや二つ欠点がある。	noun	5	2	""[""""欠点"""",""""長所"""",""""特徴"""",""""習慣"""",""""才能""""]""	""[""""shortcoming"""",""""strength"""",""""feature"""",""""habit"""",""""talent""""]""	""[""""shortcoming"""",""""shoreline"""",""""shopping"""",""""shocking"""",""""shortcut""""]""	""[{""""word"""":""""fault"""",""""note"""":""""より広い意味で使う""""},{""""word"""":""""weakness"""",""""note"""":""""弱い点という意味""""}]""	""[{""""word"""":""""strength"""",""""note"""":""""強い点・長所""""}]"""
500515	5	dread	ひどく恐れる	to feel very afraid of something	I dread speaking in front of a large crowd.	私は大勢の人の前で話すことをひどく恐れている。	verb	5	2	""[""""ひどく恐れる"""",""""期待する"""",""""避ける"""",""""疑う"""",""""我慢する""""]""	""[""""dread"""",""""expect"""",""""avoid"""",""""doubt"""",""""endure""""]""	""[""""dread"""",""""dream"""",""""dress"""",""""drill"""",""""drop""""]""	""[{""""word"""":""""fear"""",""""note"""":""""より基本的な語""""}]""	""[{""""word"""":""""welcome"""",""""note"""":""""喜んで受け入れる""""}]"""
500516	5	anxiety	不安	a worried feeling about something	She felt anxiety before the test.	彼女はテストの前に不安を感じた。	noun	5	3	""[""""不安"""",""""喜び"""",""""怒り"""",""""驚き"""",""""安心""""]""	""[""""anxiety"""",""""joy"""",""""anger"""",""""surprise"""",""""relief""""]""	""[""""anxiety"""",""""society"""",""""variety"""",""""activity"""",""""entirely""""]""	""[{""""word"""":""""worry"""",""""note"""":""""より日常的な語""""}]""	""[{""""word"""":""""calm"""",""""note"""":""""落ち着いた状態""""}]"""
500517	5	royalty	王族	members of a king's or queen's family	The hotel welcomed royalty from abroad.	そのホテルは海外からの王族を迎えた。	noun	5	2	""[""""王族"""",""""兵士"""",""""農民"""",""""画家"""",""""医者""""]""	""[""""royalty"""",""""soldier"""",""""farmer"""",""""artist"""",""""doctor""""]""	""[""""royalty"""",""""loyalty"""",""""reality"""",""""royal"""",""""boil""""]""	[]	[]"
500518	5	texture	手触り	the way a surface feels	I like the texture of this cloth.	私はこの布の手触りが好きです。	noun	5	3	""[""""手触り"""",""""色"""",""""形"""",""""重さ"""",""""大きさ""""]""	""[""""texture"""",""""color"""",""""shape"""",""""weight"""",""""size""""]""	""[""""texture"""",""""lecture"""",""""mixture"""",""""picture"""",""""teacher""""]""	""[{""""word"""":""""feel"""",""""note"""":""""表面の感じという意味で近い""""}]""	[]"
500519	5	sympathize	同情する	to understand and care about someone's feelings	I sympathize with her after hearing the news.	私はその知らせを聞いて彼女に同情した。	verb	5	3	""[""""同情する"""",""""感謝する"""",""""応援する"""",""""信頼する"""",""""尊敬する""""]""	""[""""sympathize"""",""""appreciate"""",""""support"""",""""trust"""",""""respect""""]""	""[""""sympathize"""",""""summarize"""",""""surprise"""",""""symbolize"""",""""supervise""""]""	""[{""""word"""":""""feel for"""",""""note"""":""""やや口語的な言い方""""}]""	[]"
500520	5	identify with	共感する	to feel that you understand and share someone's feelings	Many students identify with the main character.	多くの生徒がその主人公に共感する。	verb	5	2	""[""""共感する"""",""""反対する"""",""""無視する"""",""""疑う"""",""""批判する""""]""	""[""""identify with"""",""""oppose"""",""""ignore"""",""""doubt"""",""""criticize""""]""	""[""""identify with"""",""""identify"""",""""idea"""",""""idle"""",""""invite""""]""	""[{""""word"""":""""relate to"""",""""note"""":""""気持ちや経験に共感する""""}]""	[]"
500521	5	guilt	罪悪感	the feeling that you have done something wrong	He felt guilt after telling a lie.	彼はうそをついたあと、罪悪感を感じた。	noun	5	3	""[""""罪悪感"""",""""安心"""",""""誇り"""",""""希望"""",""""勇気""""]""	""[""""guilt"""",""""relief"""",""""pride"""",""""hope"""",""""courage""""]""	""[""""guilt"""",""""gift"""",""""gate"""",""""goat"""",""""guide""""]""	""[{""""word"""":""""shame"""",""""note"""":""""恥の気持ち。guiltより広い""""}]""	""[{""""word"""":""""innocence"""",""""note"""":""""罪がないこと""""}]"""
500522	5	be sensitive to	～に敏感である	to notice or react easily to something	He is sensitive to loud sounds.	彼は大きな音に敏感です。	verb	5	3	""[""""～に敏感である"""",""""～に慣れている"""",""""～に興味がある"""",""""～を恐れている"""",""""～に満足している""""]""	""[""""be sensitive to"""",""""be used to"""",""""be interested in"""",""""be afraid of"""",""""be pleased with""""]""	""[""""be sensitive to"""",""""be similar to"""",""""be serious about"""",""""be ready for"""",""""be sorry for""""]""	[]	[]"
500523	5	sympathetic	思いやりのある	kind and understanding to other people	She was sympathetic to my problem.	彼女は私の問題に思いやりを示してくれました。	adjective	5	3	""[""""思いやりのある"""",""""正直な"""",""""活発な"""",""""慎重な"""",""""勇敢な""""]""	""[""""sympathetic"""",""""honest"""",""""active"""",""""careful"""",""""brave""""]""	""[""""sympathetic"""",""""synthetic"""",""""specific"""",""""symbolic"""",""""athletic""""]""	""[{""""word"""":""""kind"""",""""note"""":""""より基本的な語""""},{""""word"""":""""understanding"""",""""note"""":""""気持ちをよく分かる感じ""""}]""	""[{""""word"""":""""unkind"""",""""note"""":""""親切でない""""}]"""
500524	5	boredom	退屈	the feeling of being tired because nothing is interesting	Rainy days often bring boredom.	雨の日はよく退屈をもたらします。	noun	5	2	""[""""退屈"""",""""喜び"""",""""驚き"""",""""不安"""",""""希望""""]""	""[""""boredom"""",""""joy"""",""""surprise"""",""""anxiety"""",""""hope""""]""	""[""""boredom"""",""""border"""",""""burden"""",""""bottom"""",""""balloon""""]""	""[{""""word"""":""""dullness"""",""""note"""":""""やや書き言葉""""}]""	""[{""""word"""":""""excitement"""",""""note"""":""""わくわくする気持ち""""}]"""
500525	5	satisfaction	満足	a happy feeling because something is good	She felt satisfaction after finishing her homework.	彼女は宿題を終えて満足を感じた。	noun	5	3	""[""""満足"""",""""失望"""",""""喜び"""",""""安心"""",""""誇り""""]""	""[""""satisfaction"""",""""disappointment"""",""""pleasure"""",""""relief"""",""""pride""""]""	""[""""satisfaction"""",""""situation"""",""""celebration"""",""""station"""",""""suggestion""""]""	""[{""""word"""":""""pleasure"""",""""note"""":""""より広く「喜び」""""}]""	""[{""""word"""":""""disappointment"""",""""note"""":""""期待どおりでなくがっかりすること""""}]"""
500526	5	disappointment	失望	a sad feeling because something was not as good as you hoped	The game result was a disappointment to the fans.	その試合結果はファンにとって失望だった。	noun	5	3	""[""""失望"""",""""満足"""",""""安心"""",""""希望"""",""""誇り""""]""	""[""""disappointment"""",""""satisfaction"""",""""relief"""",""""hope"""",""""pride""""]""	""[""""disappointment"""",""""department"""",""""development"""",""""agreement"""",""""appointment""""]""	""[{""""word"""":""""letdown"""",""""note"""":""""ややくだけた言い方""""}]""	""[{""""word"""":""""satisfaction"""",""""note"""":""""満ち足りた気持ち""""}]"""
500527	5	under the weather	気分が悪い	feeling a little sick	I stayed home because I was under the weather.	私は気分が悪かったので家にいました。	adjective	5	2	""[""""気分が悪い"""",""""元気な"""",""""眠い"""",""""忙しい"""",""""空腹の""""]""	""[""""under the weather"""",""""healthy"""",""""sleepy"""",""""busy"""",""""hungry""""]""	""[""""under the weather"""",""""over the river"""",""""out of order"""",""""on the way"""",""""after dinner""""]""	""[{""""word"""":""""sick"""",""""note"""":""""より直接的な表現""""},{""""word"""":""""ill"""",""""note"""":""""少しかたい言い方""""}]""	""[{""""word"""":""""healthy"""",""""note"""":""""健康な""""},{""""word"""":""""well"""",""""note"""":""""気分がよい""""}]"""
500528	5	thankful	感謝している	feeling glad and grateful	I am thankful for your help.	私はあなたの助けに感謝しています。	adjective	5	3	""[""""感謝している"""",""""心配している"""",""""退屈している"""",""""怒っている"""",""""驚いている""""]""	""[""""thankful"""",""""careful"""",""""peaceful"""",""""helpful"""",""""useful""""]""	""[""""thankful"""",""""tankful"""",""""careful"""",""""painful"""",""""helpful""""]""	""[{""""word"""":""""grateful"""",""""note"""":""""より一般的な語""""}]""	""[{""""word"""":""""ungrateful"""",""""note"""":""""感謝していない""""}]"""
500529	5	aggressive	攻撃的な	ready to fight or push strongly	The dog became aggressive.	その犬は攻撃的になった。	adjective	6	3	""[""""攻撃的な"""",""""親切な"""",""""静かな"""",""""正直な"""",""""陽気な""""]""	""[""""aggressive"""",""""active"""",""""attractive"""",""""sensitive"""",""""creative""""]""	""[""""aggressive"""",""""active"""",""""attractive"""",""""agreeable"""",""""progressive""""]""	""[{""""word"""":""""hostile"""",""""note"""":""""より強く敵意がある""""}]""	""[{""""word"""":""""gentle"""",""""note"""":""""やさしくおだやか""""}]"""
500530	5	clash	衝突する	to hit together or strongly disagree	The two teams will clash tomorrow.	その2つのチームは明日対戦する。	verb	6	3	""[""""衝突する"""",""""到着する"""",""""説明する"""",""""借りる"""",""""選ぶ""""]""	""[""""clash"""",""""crash"""",""""catch"""",""""cheer"""",""""climb""""]""	""[""""clash"""",""""crash"""",""""class"""",""""flash"""",""""crush""""]""	""[{""""word"""":""""crash"""",""""note"""":""""物がぶつかる意味で近い""""}]""	[]"
500531	5	combat	戦う	to fight against something	They worked together to combat the fire.	彼らは火事と戦うために協力した。	verb	5	3	""[""""戦う"""",""""守る"""",""""隠れる"""",""""逃げる"""",""""集まる""""]""	""[""""combat"""",""""protect"""",""""hide"""",""""escape"""",""""gather""""]""	""[""""combat"""",""""compact"""",""""contact"""",""""command"""",""""compare""""]""	""[{""""word"""":""""fight"""",""""note"""":""""より基本的な語""""}]""	[]"
500532	5	warrior	戦士	a person who fights in a battle	The story is about a brave warrior.	その物語は勇敢な戦士についてです。	noun	5	2	""[""""戦士"""",""""兵士"""",""""王"""",""""農民"""",""""船員""""]""	""[""""warrior"""",""""soldier"""",""""king"""",""""farmer"""",""""sailor""""]""	""[""""warrior"""",""""worker"""",""""worry"""",""""world"""",""""warm""""]""	[]	[]"
500533	5	conclusion	結論	the final decision or idea	We reached a conclusion after the meeting.	私たちは会議のあとで結論に達した。	noun	5	4	""[""""結論"""",""""理由"""",""""方法"""",""""計画"""",""""意見""""]""	""[""""conclusion"""",""""reason"""",""""method"""",""""plan"""",""""opinion""""]""	""[""""conclusion"""",""""confusion"""",""""condition"""",""""connection"""",""""collection""""]""	""[{""""word"""":""""result"""",""""note"""":""""文脈によって近い""""}]""	[]"
500534	5	eventual	最終的な	happening at the end after a long time	The eventual winner smiled on the stage.	最終的な勝者はステージでほほえんだ。	adjective	5	3	""[""""最終的な"""",""""突然の"""",""""重要な"""",""""明確な"""",""""静かな""""]""	""[""""eventual"""",""""sudden"""",""""important"""",""""clear"""",""""quiet""""]""	""[""""eventual"""",""""essential"""",""""usual"""",""""equal"""",""""special""""]""	""[{""""word"""":""""final"""",""""note"""":""""より基本的で「最後の」""""}]""	""[{""""word"""":""""temporary"""",""""note"""":""""一時的な""""}]"""
500535	5	decisive	決定的な	important in making a final result or decision	Her goal was decisive in the game.	彼女のゴールはその試合で決定的だった。	adjective	5	4	""[""""決定的な"""",""""一般的な"""",""""安全な"""",""""穏やかな"""",""""正確な""""]""	""[""""decisive"""",""""general"""",""""safe"""",""""calm"""",""""exact""""]""	""[""""decisive"""",""""delicious"""",""""desert"""",""""design"""",""""device""""]""	""[{""""word"""":""""critical"""",""""note"""":""""結果に大きく関わる""""}]""	""[{""""word"""":""""minor"""",""""note"""":""""重要でない""""}]"""
500536	5	end up	結局〜になる	to finally be in a place or situation	We ended up taking the bus home.	私たちは結局、バスで家に帰ることになった。	verb	5	4	""[""""結局〜になる"""",""""すぐに始める"""",""""完全に忘れる"""",""""静かに座る"""",""""急いで出発する""""]""	""[""""end up"""",""""start at once"""",""""forget completely"""",""""sit quietly"""",""""leave in a hurry""""]""	""[""""end up"""",""""send back"""",""""stand by"""",""""hand out"""",""""turn up""""]""	""[{""""word"""":""""finally become"""",""""note"""":""""説明的な言い換え""""}]""	[]"
500537	5	in conclusion	結論として	used to introduce the final part of what you say or write	In conclusion, we should work together.	結論として、私たちは協力すべきです。	conjunction	5	3	""[""""結論として"""",""""例えば"""",""""突然"""",""""実は"""",""""その間に""""]""	""[""""in conclusion"""",""""for example"""",""""suddenly"""",""""actually"""",""""meanwhile""""]""	""[""""in conclusion"""",""""in condition"""",""""including"""",""""introduction"""",""""conclusion""""]""	""[{""""word"""":""""finally"""",""""note"""":""""会話でより一般的""""},{""""word"""":""""to sum up"""",""""note"""":""""要点をまとめる時に使う""""}]""	[]"
500538	5	accomplish	達成する	to succeed in doing something	She worked hard to accomplish her goal.	彼女は目標を達成するために一生懸命働いた。	verb	5	3	""[""""達成する"""",""""失う"""",""""集める"""",""""隠す"""",""""借りる""""]""	""[""""accomplish"""",""""lose"""",""""collect"""",""""hide"""",""""borrow""""]""	""[""""accomplish"""",""""astonish"""",""""accompany"""",""""complete"""",""""promise""""]""	""[{""""word"""":""""achieve"""",""""note"""":""""最も近い基本語""""},{""""word"""":""""complete"""",""""note"""":""""終える意味が強い""""}]""	""[{""""word"""":""""fail"""",""""note"""":""""達成できない""""}]"""
500539	5	flame	炎	the bright burning part of a fire	A small flame burned in the candle.	ろうそくの中で小さな炎が燃えていた。	noun	5	3	""[""""炎"""",""""煙"""",""""灰"""",""""熱"""",""""光""""]""	""[""""flame"""",""""smoke"""",""""ash"""",""""heat"""",""""light""""]""	""[""""flame"""",""""frame"""",""""plane"""",""""claim"""",""""game""""]""	""[{""""word"""":""""fire"""",""""note"""":""""より広い意味の基本語""""}]""	[]"
500540	5	resolution	決意	a strong decision to do something	She made a resolution to study harder.	彼女はもっと一生懸命勉強すると決意した。	noun	5	3	""[""""決意"""",""""約束"""",""""計画"""",""""意見"""",""""習慣""""]""	""[""""resolution"""",""""promise"""",""""plan"""",""""opinion"""",""""habit""""]""	""[""""resolution"""",""""revolution"""",""""reservation"""",""""relation"""",""""solution""""]""	""[{""""word"""":""""decision"""",""""note"""":""""より一般的な語""""},{""""word"""":""""determination"""",""""note"""":""""強い意志を表す""""}]""	""[{""""word"""":""""indecision"""",""""note"""":""""決められないこと""""}]"""
500541	5	pioneer	先駆者	a person who is one of the first to do something	She was a pioneer in medical research.	彼女は医学研究の先駆者だった。	noun	5	3	""[""""先駆者"""",""""発明家"""",""""研究者"""",""""指導者"""",""""冒険家""""]""	""[""""pioneer"""",""""inventor"""",""""researcher"""",""""leader"""",""""explorer""""]""	""[""""pioneer"""",""""peanut"""",""""player"""",""""poet"""",""""buyer""""]""	""[{""""word"""":""""trailblazer"""",""""note"""":""""新しい道を開く人""""}]""	[]"
500542	5	preliminary	予備の	coming before the main part	We had a preliminary meeting yesterday.	私たちは昨日、予備の会議をした。	adjective	5	2	""[""""予備の"""",""""主要な"""",""""公式の"""",""""最終の"""",""""簡単な""""]""	""[""""preliminary"""",""""main"""",""""official"""",""""final"""",""""simple""""]""	""[""""preliminary"""",""""primary"""",""""probably"""",""""properly"""",""""preference""""]""	""[{""""word"""":""""initial"""",""""note"""":""""最初の段階の""""},{""""word"""":""""early"""",""""note"""":""""初期の意味で近い""""}]""	""[{""""word"""":""""final"""",""""note"""":""""最後の、最終の""""}]"""
500543	5	priority	優先事項	something more important than other things	Safety is our first priority.	安全が私たちの最優先事項です。	noun	5	3	""[""""優先事項"""",""""責任"""",""""方法"""",""""結果"""",""""計画""""]""	""[""""priority"""",""""responsibility"""",""""method"""",""""result"""",""""plan""""]""	""[""""priority"""",""""private"""",""""primary"""",""""property"""",""""probably""""]""	""[{""""word"""":""""main concern"""",""""note"""":""""いちばん大切なこと""""}]""	[]"
500544	5	fin	ひれ	a flat part used for swimming or steering in water	The fish moved its fin slowly.	その魚はひれをゆっくり動かした。	noun	4	2	""[""""ひれ"""",""""うろこ"""",""""えら"""",""""しっぽ"""",""""くちばし""""]""	""[""""fin"""",""""scale"""",""""gill"""",""""tail"""",""""beak""""]""	""[""""fin"""",""""fan"""",""""fun"""",""""pin"""",""""thin""""]""	[]	[]"
500545	5	accommodate	収容する	to provide enough room or space for someone or something	This hotel can accommodate 200 guests.	このホテルは200人の宿泊客を収容できる。	verb	6	2	""[""""収容する"""",""""建てる"""",""""案内する"""",""""招待する"""",""""修理する""""]""	""[""""accommodate"""",""""build"""",""""guide"""",""""invite"""",""""repair""""]""	""[""""accommodate"""",""""communicate"""",""""decorate"""",""""calculate"""",""""celebrate""""]""	""[{""""word"""":""""hold"""",""""note"""":""""中に入れるという意味で近い""""}]""	[]"
500546	5	compatible	相性がよい	able to work well together	This software is compatible with my computer.	このソフトは私のコンピューターに対応している。	adjective	5	3	""[""""相性がよい"""",""""危険な"""",""""高価な"""",""""便利な"""",""""有名な""""]""	""[""""compatible"""",""""dangerous"""",""""expensive"""",""""useful"""",""""famous""""]""	""[""""compatible"""",""""comfortable"""",""""compete"""",""""complete"""",""""company""""]""	""[{""""word"""":""""suitable"""",""""note"""":""""条件や目的に合う""""}]""	""[{""""word"""":""""incompatible"""",""""note"""":""""合わない""""}]"""
500547	5	adjust	調整する	to change something a little to make it better	You should adjust the chair height.	いすの高さを調整したほうがよい。	verb	4	4	""[""""調整する"""",""""修理する"""",""""運ぶ"""",""""選ぶ"""",""""隠す""""]""	""[""""adjust"""",""""repair"""",""""carry"""",""""choose"""",""""hide""""]""	""[""""adjust"""",""""adopt"""",""""admit"""",""""assist"""",""""attach""""]""	""[{""""word"""":""""change"""",""""note"""":""""少し変えて合うようにする""""}]""	[]"
500548	5	stereotype	固定観念	a fixed idea about a group of people	We should not judge people by stereotype.	私たちは固定観念で人を判断するべきではない。	noun	5	2	""[""""固定観念"""",""""証拠"""",""""意見"""",""""習慣"""",""""責任""""]""	""[""""stereotype"""",""""evidence"""",""""opinion"""",""""custom"""",""""responsibility""""]""	""[""""stereotype"""",""""story"""",""""straight"""",""""student"""",""""stomach""""]""	[]	[]"
500549	5	horizontal	水平な	flat and going from side to side	Draw a horizontal line on the paper.	紙に水平な線を引きなさい。	adjective	5	3	""[""""水平な"""",""""垂直な"""",""""曲がった"""",""""丸い"""",""""厚い""""]""	""[""""horizontal"""",""""vertical"""",""""curved"""",""""round"""",""""thick""""]""	""[""""horizontal"""",""""hospital"""",""""historical"""",""""original"""",""""honorable""""]""	""[{""""word"""":""""flat"""",""""note"""":""""平らなという意味で近い""""}]""	""[{""""word"""":""""vertical"""",""""note"""":""""縦の方向""""}]"""
500550	5	tile	タイル	a hard flat piece used on floors or walls	The kitchen floor has blue tile.	その台所の床には青いタイルがあります。	noun	5	3	""[""""タイル"""",""""れんが"""",""""板"""",""""石"""",""""ガラス""""]""	""[""""tile"""",""""brick"""",""""board"""",""""stone"""",""""glass""""]""	""[""""tile"""",""""time"""",""""tie"""",""""tide"""",""""style""""]""	[]	[]"
500551	5	refugee	難民	a person who leaves their country for safety	The country accepted many refugee families.	その国は多くの難民家族を受け入れました。	noun	5	3	""[""""難民"""",""""移民"""",""""旅行者"""",""""兵士"""",""""農家""""]""	""[""""refugee"""",""""immigrant"""",""""traveler"""",""""soldier"""",""""farmer""""]""	""[""""refugee"""",""""referee"""",""""recipe"""",""""memory"""",""""remedy""""]""	[]	[]"
500552	5	departure	出発	the act of leaving a place	Our departure is at seven this morning.	私たちの出発は今朝7時です。	noun	5	3	""[""""出発"""",""""到着"""",""""旅行"""",""""案内"""",""""予約""""]""	""[""""departure"""",""""arrival"""",""""journey"""",""""guide"""",""""reservation""""]""	""[""""departure"""",""""adventure"""",""""department"""",""""picture"""",""""teacher""""]""	""[{""""word"""":""""leaving"""",""""note"""":""""より日常的な言い方""""}]""	""[{""""word"""":""""arrival"""",""""note"""":""""着くこと""""}]"""
500553	5	drift	漂う	to move slowly on water or in air	The boat began to drift away from the shore.	そのボートは岸から離れて漂い始めた。	verb	5	3	""[""""漂う"""",""""沈む"""",""""進む"""",""""止まる"""",""""引く""""]""	""[""""drift"""",""""sink"""",""""move"""",""""stop"""",""""pull""""]""	""[""""drift"""",""""draft"""",""""gift"""",""""lift"""",""""drop""""]""	""[{""""word"""":""""float"""",""""note"""":""""水に浮かんで動く感じ""""}]""	[]"
500554	5	pollen	花粉	fine powder made by flowers	Pollen makes my eyes itchy in spring.	春には花粉で目がかゆくなる。	noun	5	3	""[""""花粉"""",""""種"""",""""葉"""",""""根"""",""""つぼみ""""]""	""[""""pollen"""",""""seed"""",""""leaf"""",""""root"""",""""bud""""]""	""[""""pollen"""",""""fallen"""",""""problem"""",""""golden"""",""""pilot""""]""	[]	[]"
500555	5	soar	急上昇する	to rise quickly to a high level	Prices began to soar last year.	物価は昨年急上昇し始めた。	verb	5	3	""[""""急上昇する"""",""""減少する"""",""""止まる"""",""""広がる"""",""""続く""""]""	""[""""soar"""",""""drop"""",""""stop"""",""""spread"""",""""continue""""]""	""[""""soar"""",""""sore"""",""""sort"""",""""saw"""",""""store""""]""	""[{""""word"""":""""rise"""",""""note"""":""""より基本的な語""""},{""""word"""":""""climb"""",""""note"""":""""数や値が上がる時にも使う""""}]""	""[{""""word"""":""""fall"""",""""note"""":""""上がる⇔下がる""""},{""""word"""":""""drop"""",""""note"""":""""価格や数が下がる""""}]"""
500556	5	concentrate	集中する	to give all your attention to something	Please concentrate on your homework.	宿題に集中してください。	verb	5	4	""[""""集中する"""",""""説明する"""",""""比較する"""",""""準備する"""",""""想像する""""]""	""[""""concentrate"""",""""explain"""",""""compare"""",""""prepare"""",""""imagine""""]""	""[""""concentrate"""",""""celebrate"""",""""calculate"""",""""communicate"""",""""create""""]""	""[{""""word"""":""""focus"""",""""note"""":""""より短くよく使う""""}]""	""[{""""word"""":""""relax"""",""""note"""":""""力を抜く""""},{""""word"""":""""ignore"""",""""note"""":""""注意を向けない""""}]"""
500557	5	attention	注意	careful thought or notice	Pay attention to the teacher.	先生に注意を向けなさい。	noun	4	4	""[""""注意"""",""""努力"""",""""経験"""",""""意見"""",""""方法""""]""	""[""""attention"""",""""effort"""",""""experience"""",""""opinion"""",""""method""""]""	""[""""attention"""",""""action"""",""""addition"""",""""station"""",""""mention""""]""	""[{""""word"""":""""notice"""",""""note"""":""""気づくことの意味で近い""""},{""""word"""":""""care"""",""""note"""":""""注意深さの意味で近い""""}]""	""[{""""word"""":""""carelessness"""",""""note"""":""""不注意""""}]"""
500558	5	conform	従う	to follow rules or customs	Students must conform to the school rules.	生徒は学校の規則に従わなければなりません。	verb	5	2	""[""""従う"""",""""断る"""",""""隠す"""",""""広げる"""",""""疑う""""]""	""[""""conform"""",""""refuse"""",""""hide"""",""""spread"""",""""doubt""""]""	""[""""conform"""",""""confirm"""",""""comfort"""",""""control"""",""""compose""""]""	""[{""""word"""":""""obey"""",""""note"""":""""規則や命令に従うときによく使う""""}]""	""[{""""word"""":""""disobey"""",""""note"""":""""命令や規則に従わない""""}]"""
500559	5	trace back to	さかのぼる	to find the origin of something	This custom can be traced back to ancient times.	この習慣は古代までさかのぼることができます。	verb	5	2	""[""""さかのぼる"""",""""書き留める"""",""""取り替える"""",""""持ち上げる"""",""""見送る""""]""	""[""""trace back to"""",""""write down"""",""""replace"""",""""lift up"""",""""see off""""]""	""[""""trace back to"""",""""take back to"""",""""trade back to"""",""""turn back to"""",""""talk back to""""]""	[]	[]"
500560	5	successive	連続した	coming one after another	We had three successive days of rain.	私たちは雨が3日連続で続きました。	adjective	5	2	""[""""連続した"""",""""突然の"""",""""静かな"""",""""正確な"""",""""公平な""""]""	""[""""successive"""",""""sudden"""",""""quiet"""",""""exact"""",""""fair""""]""	""[""""successive"""",""""successful"""",""""suggestive"""",""""sensitive"""",""""selective""""]""	""[{""""word"""":""""continuous"""",""""note"""":""""切れ目なく続く感じが強い""""}]""	""[{""""word"""":""""separate"""",""""note"""":""""続かず別々の状態""""}]"""
500561	5	in accordance with	〜に従って	following a rule, plan, or request	We acted in accordance with the school rules.	私たちは校則に従って行動した。	preposition	5	3	""[""""〜に従って"""",""""〜の代わりに"""",""""〜のおかげで"""",""""〜に反して"""",""""〜の前に""""]""	""[""""in accordance with"""",""""instead of"""",""""because of"""",""""against"""",""""before""""]""	""[""""in accordance with"""",""""in common with"""",""""according to"""",""""in contact with"""",""""in contrast to""""]""	""[{""""word"""":""""according to"""",""""note"""":""""より基本的な表現""""}]""	""[{""""word"""":""""against"""",""""note"""":""""反対して、従わずに""""}]"""
500562	5	affection	愛情	a feeling of love or liking	Children need affection from their parents.	子どもは親からの愛情を必要とする。	noun	5	3	""[""""愛情"""",""""勇気"""",""""怒り"""",""""希望"""",""""興味""""]""	""[""""affection"""",""""courage"""",""""anger"""",""""hope"""",""""interest""""]""	""[""""affection"""",""""attention"""",""""direction"""",""""collection"""",""""election""""]""	""[{""""word"""":""""love"""",""""note"""":""""より広く基本的な語""""}]""	""[{""""word"""":""""hate"""",""""note"""":""""強い反対の感情""""}]"""
500563	5	bait	えさ	food used to catch fish or animals	He put bait on the hook.	彼は釣り針にえさをつけた。	noun	5	2	""[""""えさ"""",""""網"""",""""針"""",""""舟"""",""""池""""]""	""[""""bait"""",""""net"""",""""hook"""",""""boat"""",""""pond""""]""	""[""""bait"""",""""bat"""",""""bite"""",""""date"""",""""gate""""]""	""[{""""word"""":""""lure"""",""""note"""":""""おびき寄せるためのもの""""}]""	[]"
500564	5	for the time being	当分の間	for now; until the situation changes	We will stay here for the time being.	私たちは当分の間ここに滞在します。	adverb	5	3	""[""""当分の間"""",""""結局"""",""""突然"""",""""少なくとも"""",""""実際に""""]""	""[""""for the time being"""",""""in the end"""",""""all at once"""",""""at least"""",""""in fact""""]""	""[""""for the time being"""",""""for the first time"""",""""from time to time"""",""""for a long time"""",""""at the same time""""]""	""[{""""word"""":""""for now"""",""""note"""":""""より短く日常的""""}]""	[]"
500565	5	for the sake of	〜のために	for the good or benefit of someone or something	She studied hard for the sake of her family.	彼女は家族のために一生懸命勉強しました。	preposition	5	3	""[""""〜のために"""",""""〜の前に"""",""""〜の代わりに"""",""""〜と一緒に"""",""""〜にもかかわらず""""]""	""[""""for the sake of"""",""""before"""",""""instead of"""",""""with"""",""""despite""""]""	""[""""for the sake of"""",""""for the sale of"""",""""for the shape of"""",""""for the name of"""",""""for the face of""""]""	[]	[]"
500566	5	compel	強いる	to force someone to do something	The heavy rain compelled us to stay inside.	大雨のため、私たちは中にいることを強いられました。	verb	6	2	""[""""強いる"""",""""防ぐ"""",""""許す"""",""""助ける"""",""""招く""""]""	""[""""compel"""",""""prevent"""",""""allow"""",""""assist"""",""""invite""""]""	""[""""compel"""",""""compare"""",""""complete"""",""""complain"""",""""compose""""]""	""[{""""word"""":""""force"""",""""note"""":""""より基本的な語""""}]""	""[{""""word"""":""""allow"""",""""note"""":""""無理にさせず許す""""}]"""
500567	5	oblige	義務づける	to make someone do something	The law will oblige drivers to wear seat belts.	その法律は運転者にシートベルトの着用を義務づけるだろう。	verb	5	3	""[""""義務づける"""",""""拒否する"""",""""説明する"""",""""隠す"""",""""修理する""""]""	""[""""oblige"""",""""refuse"""",""""explain"""",""""hide"""",""""repair""""]""	""[""""oblige"""",""""object"""",""""observe"""",""""orange"""",""""arrive""""]""	""[{""""word"""":""""require"""",""""note"""":""""より一般的な語""""},{""""word"""":""""force"""",""""note"""":""""より強い意味""""}]""	""[{""""word"""":""""allow"""",""""note"""":""""許可する""""},{""""word"""":""""refuse"""",""""note"""":""""することを断る""""}]"""
500568	5	impose on	押しつける	to force something on someone	Don't impose your ideas on others.	自分の考えをほかの人に押しつけてはいけません。	verb	5	2	""[""""押しつける"""",""""受け入れる"""",""""共有する"""",""""集める"""",""""選ぶ""""]""	""[""""impose on"""",""""accept"""",""""share"""",""""collect"""",""""choose""""]""	""[""""impose on"""",""""improve on"""",""""important"""",""""impossible"""",""""impress""""]""	""[{""""word"""":""""force on"""",""""note"""":""""無理に与える""""}]""	""[{""""word"""":""""share"""",""""note"""":""""分け合う""""},{""""word"""":""""accept"""",""""note"""":""""受け入れる""""}]"""
500569	5	eternal	永遠の	lasting forever	They dreamed of eternal peace.	彼らは永遠の平和を夢見た。	adjective	5	2	""[""""永遠の"""",""""短い"""",""""静かな"""",""""深い"""",""""柔らかい""""]""	""[""""eternal"""",""""short"""",""""quiet"""",""""deep"""",""""soft""""]""	""[""""eternal"""",""""internal"""",""""external"""",""""general"""",""""natural""""]""	""[{""""word"""":""""endless"""",""""note"""":""""終わりがない""""},{""""word"""":""""forever"""",""""note"""":""""副詞としてよく使う""""}]""	""[{""""word"""":""""temporary"""",""""note"""":""""一時的な""""},{""""word"""":""""short"""",""""note"""":""""短い期間の""""}]"""
500570	5	excuse A for B	AをBのことで許す	to forgive A because of B	Please excuse me for being late.	遅れたことを許してください。	verb	5	2	""[""""AをBのことで許す"""",""""AをBに加える"""",""""AをBに変える"""",""""AをBに任せる"""",""""AをBから守る""""]""	""[""""excuse A for B"""",""""blame A for B"""",""""thank A for B"""",""""choose A for B"""",""""pay A for B""""]""	""[""""excuse A for B"""",""""exclude A from B"""",""""exchange A for B"""",""""accept A from B"""",""""excite A with B""""]""	""[{""""word"""":""""forgive A for B"""",""""note"""":""""より直接的に「AをBのことで許す」""""}]""	""[{""""word"""":""""blame A for B"""",""""note"""":""""「AをBのことで責める」""""}]"""
500571	5	treaty	条約	a formal agreement between countries	The two countries signed a peace treaty.	その2国は平和条約に署名した。	noun	5	2	""[""""条約"""",""""法律"""",""""会議"""",""""貿易"""",""""政府""""]""	""[""""treaty"""",""""law"""",""""meeting"""",""""trade"""",""""government""""]""	""[""""treaty"""",""""treat"""",""""tree"""",""""truly"""",""""twenty""""]""	""[{""""word"""":""""agreement"""",""""note"""":""""より広い意味の語""""}]""	[]"
500572	5	petition	請願書	a written request signed by many people	They started a petition to save the park.	彼らはその公園を守るために請願書を始めた。	noun	5	2	""[""""請願書"""",""""広告"""",""""報告"""",""""提案"""",""""招待状""""]""	""[""""petition"""",""""advertisement"""",""""report"""",""""proposal"""",""""invitation""""]""	""[""""petition"""",""""position"""",""""vacation"""",""""condition"""",""""addition""""]""	""[{""""word"""":""""request"""",""""note"""":""""より一般的な語""""}]""	[]"
500573	5	examination	試験	a formal test of knowledge or ability	I have an examination tomorrow.	私は明日試験があります。	noun	4	3	""[""""試験"""",""""面接"""",""""宿題"""",""""練習"""",""""会議""""]""	""[""""examination"""",""""interview"""",""""homework"""",""""practice"""",""""meeting""""]""	""[""""examination"""",""""explanation"""",""""invitation"""",""""education"""",""""information""""]""	""[{""""word"""":""""test"""",""""note"""":""""より一般的で短い語""""},{""""word"""":""""exam"""",""""note"""":""""examination の短い形""""}]""	[]"
500574	5	widespread	広まった	existing or happening in many places	The news became widespread online.	そのニュースはオンラインで広まった。	adjective	5	3	""[""""広まった"""",""""限られた"""",""""人気の"""",""""危険な"""",""""静かな""""]""	""[""""widespread"""",""""limited"""",""""popular"""",""""dangerous"""",""""quiet""""]""	""[""""widespread"""",""""wide"""",""""white"""",""""wild"""",""""wise""""]""	""[{""""word"""":""""common"""",""""note"""":""""より基本的な語""""},{""""word"""":""""popular"""",""""note"""":""""人や物に広く知られる時に近い""""}]""	""[{""""word"""":""""limited"""",""""note"""":""""広がりが小さい""""}]"""
500575	5	democratic	民主的な	based on the idea that people choose their leaders	They want a more democratic system.	彼らはより民主的な制度を望んでいます。	adjective	5	2	""[""""民主的な"""",""""経済的な"""",""""歴史的な"""",""""科学的な"""",""""文化的な""""]""	""[""""democratic"""",""""economic"""",""""historical"""",""""scientific"""",""""cultural""""]""	""[""""democratic"""",""""dramatic"""",""""domestic"""",""""dynamic"""",""""automatic""""]""	[]	""[{""""word"""":""""dictatorial"""",""""note"""":""""独裁的な""""}]"""
500576	5	exempt	免除された	not required to do something	Students under twelve are exempt from the fee.	12歳未満の生徒は料金を免除されます。	adjective	5	2	""[""""免除された"""",""""禁止された"""",""""驚いた"""",""""必要な"""",""""混雑した""""]""	""[""""exempt"""",""""forbidden"""",""""surprised"""",""""necessary"""",""""crowded""""]""	""[""""exempt"""",""""except"""",""""expect"""",""""event"""",""""effect""""]""	""[{""""word"""":""""free"""",""""note"""":""""この意味では obligation から自由""""}]""	""[{""""word"""":""""required"""",""""note"""":""""する必要がある""""}]"""
500577	5	be independent of	〜に頼らない	to not need help or support from something	The country wants to be independent of foreign oil.	その国は外国の石油に頼らないようにしたいと思っています。	verb	5	2	""[""""〜に頼らない"""",""""〜を信じる"""",""""〜に参加する"""",""""〜を避ける"""",""""〜を調べる""""]""	""[""""be independent of"""",""""believe in"""",""""take part in"""",""""stay away from"""",""""look into""""]""	""[""""be independent of"""",""""be interested in"""",""""be proud of"""",""""be aware of"""",""""be tired of""""]""	[]	""[{""""word"""":""""depend on"""",""""note"""":""""〜に頼る""""}]"""
500578	5	capitalism	資本主義	an economic system based on private business and trade	They studied capitalism in social studies class.	彼らは社会の授業で資本主義を学びました。	noun	5	2	""[""""資本主義"""",""""民主主義"""",""""共産主義"""",""""産業"""",""""経済""""]""	""[""""capitalism"""",""""democracy"""",""""communism"""",""""industry"""",""""economy""""]""	""[""""capitalism"""",""""capital"""",""""catapult"""",""""catalog"""",""""capable""""]""	[]	""[{""""word"""":""""communism"""",""""note"""":""""共産主義""""}]"""
500579	5	bail	保釈金	money paid to let someone leave jail until trial	His family paid bail for him.	彼の家族は彼のために保釈金を払った。	noun	5	2	""[""""保釈金"""",""""罰金"""",""""借金"""",""""運賃"""",""""寄付金""""]""	""[""""bail"""",""""fine"""",""""debt"""",""""fare"""",""""donation""""]""	""[""""bail"""",""""mail"""",""""rail"""",""""bell"""",""""ball""""]""	[]	[]"
500580	5	at large	逃走中で	free and not caught	The dangerous dog is still at large.	その危険な犬はまだ逃走中だ。	adjective	5	2	""[""""逃走中で"""",""""安全で"""",""""静かで"""",""""有名で"""",""""空腹で""""]""	""[""""at large"""",""""safe"""",""""quiet"""",""""famous"""",""""hungry""""]""	""[""""at large"""",""""at last"""",""""alarm"""",""""alive"""",""""apart""""]""	[]	""[{""""word"""":""""caught"""",""""note"""":""""捕まった状態""""}]"""
500581	5	independence	独立	freedom to control your own life or country	The country won its independence many years ago.	その国は何年も前に独立を勝ち取った。	noun	5	3	""[""""独立"""",""""平和"""",""""自由"""",""""発展"""",""""責任""""]""	""[""""independence"""",""""peace"""",""""freedom"""",""""development"""",""""responsibility""""]""	""[""""independence"""",""""importance"""",""""difference"""",""""influence"""",""""evidence""""]""	""[{""""word"""":""""freedom"""",""""note"""":""""より広い意味での自由""""}]""	""[{""""word"""":""""dependence"""",""""note"""":""""頼っている状態""""}]"""
500582	5	right	正しい	correct or true	Your answer is right.	あなたの答えは正しいです。	adjective	5	5	""[""""正しい"""",""""危険な"""",""""簡単な"""",""""有名な"""",""""必要な""""]""	""[""""right"""",""""wrong"""",""""easy"""",""""famous"""",""""necessary""""]""	""[""""right"""",""""light"""",""""night"""",""""write"""",""""ride""""]""	""[{""""word"""":""""correct"""",""""note"""":""""よりはっきり「正しい」""""}]""	""[{""""word"""":""""wrong"""",""""note"""":""""「間違った」""""}]"""
500583	5	sociable	社交的な	friendly and liking to talk with people	She is very sociable at school.	彼女は学校でとても社交的です。	adjective	6	3	""[""""社交的な"""",""""静かな"""",""""親切な"""",""""正直な"""",""""活発な""""]""	""[""""sociable"""",""""quiet"""",""""kind"""",""""honest"""",""""active""""]""	""[""""sociable"""",""""social"""",""""sudden"""",""""special"""",""""suitable""""]""	""[{""""word"""":""""friendly"""",""""note"""":""""より広い意味で「親しみやすい」""""}]""	""[{""""word"""":""""shy"""",""""note"""":""""人前で話すのが苦手""""}]"""
500584	5	British	イギリスの	from the United Kingdom	He likes British music.	彼はイギリスの音楽が好きです。	adjective	5	4	""[""""イギリスの"""",""""フランスの"""",""""中国の"""",""""日本の"""",""""韓国の""""]""	""[""""British"""",""""French"""",""""Chinese"""",""""Japanese"""",""""Korean""""]""	""[""""British"""",""""brisk"""",""""bridge"""",""""bright"""",""""breadish""""]""	[]	[]"
500585	5	be native to	〜原産である	to come from a place naturally	These flowers are native to Japan.	これらの花は日本原産です。	verb	6	2	""[""""〜原産である"""",""""〜に住んでいる"""",""""〜へ旅行する"""",""""〜で育てる"""",""""〜から運ぶ""""]""	""[""""be native to"""",""""live in"""",""""travel to"""",""""grow in"""",""""bring from""""]""	""[""""be native to"""",""""be close to"""",""""be useful to"""",""""be kind to"""",""""be new to""""]""	[]	[]"
500586	5	Dutch	オランダの	from the Netherlands	He is learning Dutch history.	彼はオランダの歴史を学んでいます。	adjective	5	2	""[""""オランダの"""",""""ドイツの"""",""""スペインの"""",""""ロシアの"""",""""韓国の""""]""	""[""""Dutch"""",""""German"""",""""Spanish"""",""""Russian"""",""""Korean""""]""	""[""""Dutch"""",""""touch"""",""""much"""",""""duck"""",""""dust""""]""	[]	[]"
500587	5	western	西の	from the west part of a place	They traveled across western Japan.	彼らは日本の西部を旅しました。	adjective	5	3	""[""""西の"""",""""東の"""",""""南の"""",""""北の"""",""""中央の""""]""	""[""""western"""",""""eastern"""",""""southern"""",""""northern"""",""""central""""]""	""[""""western"""",""""question"""",""""visitor"""",""""winter"""",""""whistle""""]""	""[{""""word"""":""""west"""",""""note"""":""""方向を表す基本語""""}]""	""[{""""word"""":""""eastern"""",""""note"""":""""東の""""}]"""
500588	5	petrol	ガソリン	fuel used for cars	We need more petrol for the trip.	私たちは旅行のためにもっとガソリンが必要です。	noun	5	2	""[""""ガソリン"""",""""石油"""",""""灯油"""",""""軽油"""",""""燃料""""]""	""[""""petrol"""",""""oil"""",""""kerosene"""",""""diesel"""",""""fuel""""]""	""[""""petrol"""",""""pedal"""",""""metal"""",""""pencil"""",""""parcel""""]""	""[{""""word"""":""""gas"""",""""note"""":""""主に米語""""}]""	[]"
500589	5	be crowded with	〜で混んでいる	to be full of many people or things	The station was crowded with people.	その駅は人で混んでいました。	verb	5	3	""[""""〜で混んでいる"""",""""〜で満たされている"""",""""〜に富んでいる"""",""""〜に驚く"""",""""〜に興味がある""""]""	""[""""be crowded with"""",""""be filled with"""",""""be rich in"""",""""be surprised at"""",""""be interested in""""]""	""[""""be crowded with"""",""""be covered with"""",""""be connected with"""",""""be careful with"""",""""be compared with""""]""	""[{""""word"""":""""be packed with"""",""""note"""":""""より口語的で、ぎっしりの感じ""""}]""	[]"
500590	5	be filled with	〜で満たされている	to have a lot of something inside	The room was filled with smoke.	その部屋は煙で満たされていました。	verb	5	3	""[""""〜で満たされている"""",""""〜で混んでいる"""",""""〜に富んでいる"""",""""〜を探している"""",""""〜に遅れる""""]""	""[""""be filled with"""",""""be crowded with"""",""""be rich in"""",""""look for"""",""""be late for""""]""	""[""""be filled with"""",""""be fixed with"""",""""be faced with"""",""""be friends with"""",""""be pleased with""""]""	""[{""""word"""":""""be full of"""",""""note"""":""""より基本的な表現""""}]""	""[{""""word"""":""""be empty of"""",""""note"""":""""中にほとんどない""""}]"""
500591	5	be rich in	〜に富んでいる	to have a lot of something good or useful	This food is rich in vitamins.	この食べ物はビタミンに富んでいます。	verb	5	3	""[""""〜に富んでいる"""",""""〜で満たされている"""",""""〜で混んでいる"""",""""〜を必要とする"""",""""〜を待つ""""]""	""[""""be rich in"""",""""be filled with"""",""""be crowded with"""",""""need"""",""""wait for""""]""	""[""""be rich in"""",""""be written in"""",""""be risen in"""",""""be reading"""",""""be reaching""""]""	""[{""""word"""":""""contain a lot of"""",""""note"""":""""意味をやさしく言い換えた表現""""}]""	""[{""""word"""":""""be poor in"""",""""note"""":""""〜が乏しい""""}]"""
500592	5	humorous	おかしい	funny and making people laugh	His story was humorous and easy to enjoy.	彼の話はおかしくて楽しみやすかった。	adjective	5	3	""[""""おかしい"""",""""まじめな"""",""""退屈な"""",""""静かな"""",""""親切な""""]""	""[""""humorous"""",""""serious"""",""""boring"""",""""quiet"""",""""kind""""]""	""[""""humorous"""",""""numerous"""",""""famous"""",""""curious"""",""""dangerous""""]""	""[{""""word"""":""""funny"""",""""note"""":""""より日常的な語""""},{""""word"""":""""comical"""",""""note"""":""""やや書き言葉""""}]""	""[{""""word"""":""""serious"""",""""note"""":""""まじめな""""}]"""
500593	5	irony	皮肉	a situation or remark with an opposite meaning	She smiled at the irony of the situation.	彼女はその状況の皮肉さに微笑んだ。	noun	6	2	""[""""皮肉"""",""""冗談"""",""""真実"""",""""約束"""",""""習慣""""]""	""[""""irony"""",""""joke"""",""""truth"""",""""promise"""",""""custom""""]""	""[""""irony"""",""""ivory"""",""""island"""",""""idea"""",""""item""""]""	[]	[]"
500594	5	amusing	おもしろい	fun and interesting	The movie was amusing for everyone.	その映画はみんなにとっておもしろかった。	adjective	5	3	""[""""おもしろい"""",""""悲しい"""",""""危険な"""",""""有名な"""",""""厳しい""""]""	""[""""amusing"""",""""sad"""",""""dangerous"""",""""famous"""",""""strict""""]""	""[""""amusing"""",""""amazing"""",""""confusing"""",""""using"""",""""music""""]""	""[{""""word"""":""""entertaining"""",""""note"""":""""楽しませる感じ""""},{""""word"""":""""funny"""",""""note"""":""""笑える感じが強い""""}]""	""[{""""word"""":""""boring"""",""""note"""":""""退屈な""""}]"""
500595	5	prophecy	予言	a statement about what will happen in the future	The old prophecy came true.	その古い予言は実現した。	noun	5	2	""[""""予言"""",""""約束"""",""""計画"""",""""秘密"""",""""意見""""]""	""[""""prophecy"""",""""promise"""",""""plan"""",""""secret"""",""""opinion""""]""	""[""""prophecy"""",""""property"""",""""properly"""",""""progress"""",""""professor""""]""	""[{""""word"""":""""prediction"""",""""note"""":""""より一般的な「予測」""""}]""	[]"
500596	5	outlook	見通し	an idea about what may happen in the future	The economic outlook is not good.	経済の見通しはよくない。	noun	4	3	""[""""見通し"""",""""方法"""",""""結果"""",""""理由"""",""""記録""""]""	""[""""outlook"""",""""method"""",""""result"""",""""reason"""",""""record""""]""	""[""""outlook"""",""""output"""",""""outside"""",""""outline"""",""""outdoor""""]""	""[{""""word"""":""""prospect"""",""""note"""":""""やや硬い語だが近い意味""""}]""	[]"
500597	5	bet	賭ける	to risk money on the result of something	He likes to bet on horse races.	彼は競馬に賭けるのが好きだ。	verb	3	4	""[""""賭ける"""",""""借りる"""",""""選ぶ"""",""""隠す"""",""""運ぶ""""]""	""[""""bet"""",""""borrow"""",""""choose"""",""""hide"""",""""carry""""]""	""[""""bet"""",""""bat"""",""""bed"""",""""best"""",""""belt""""]""	[]	[]"
500598	5	competition	競争	a situation in which people try to win	There is strong competition between the two teams.	その2つのチームの間には激しい競争がある。	noun	5	3	""[""""競争"""",""""協力"""",""""練習"""",""""試合"""",""""計画""""]""	""[""""competition"""",""""cooperation"""",""""practice"""",""""match"""",""""plan""""]""	""[""""competition"""",""""condition"""",""""composition"""",""""conversation"""",""""connection""""]""	""[{""""word"""":""""contest"""",""""note"""":""""勝敗を決める競争""""}]""	[]"
500599	5	hydrogen	水素	the lightest gas element	Water contains hydrogen and oxygen.	水には水素と酸素が含まれている。	noun	5	2	""[""""水素"""",""""酸素"""",""""窒素"""",""""炭素"""",""""鉄""""]""	""[""""hydrogen"""",""""oxygen"""",""""nitrogen"""",""""carbon"""",""""iron""""]""	""[""""hydrogen"""",""""oxygen"""",""""nitrogen"""",""""holiday"""",""""history""""]""	[]	[]"
500600	5	ozone	オゾン	a gas in the air high above the earth	The ozone layer protects the earth from the sun.	オゾン層は太陽から地球を守る。	noun	5	2	""[""""オゾン"""",""""酸素"""",""""水素"""",""""二酸化炭素"""",""""窒素""""]""	""[""""ozone"""",""""oxygen"""",""""hydrogen"""",""""carbon dioxide"""",""""nitrogen""""]""	""[""""ozone"""",""""ocean"""",""""open"""",""""orange"""",""""order""""]""	[]	[]"
500601	5	emission	排出	the act of sending out gas, light, or heat	The factory reduced carbon emission last year.	その工場は昨年、炭素の排出を減らした。	noun	5	2	""[""""排出"""",""""吸収"""",""""拡大"""",""""移動"""",""""保存""""]""	""[""""emission"""",""""absorption"""",""""expansion"""",""""movement"""",""""storage""""]""	""[""""emission"""",""""edition"""",""""decision"""",""""position"""",""""condition""""]""	""[{""""word"""":""""release"""",""""note"""":""""gasなどを外に出すこと""""}]""	""[{""""word"""":""""absorption"""",""""note"""":""""吸収すること""""}]"""
500602	5	concept	概念	a general idea or thought	The concept of the game is easy to understand.	そのゲームの概念は理解しやすい。	noun	5	2	""[""""概念"""",""""方法"""",""""結果"""",""""目的"""",""""経験""""]""	""[""""concept"""",""""method"""",""""result"""",""""purpose"""",""""experience""""]""	""[""""concept"""",""""concert"""",""""contact"""",""""contest"""",""""connect""""]""	""[{""""word"""":""""idea"""",""""note"""":""""より一般的でやさしい語""""}]""	[]"
500603	5	breeze	そよ風	a light and gentle wind	A cool breeze came through the window.	涼しいそよ風が窓から入ってきた。	noun	5	3	""[""""そよ風"""",""""強風"""",""""雨雲"""",""""日差し"""",""""波""""]""	""[""""breeze"""",""""storm"""",""""cloud"""",""""sunlight"""",""""wave""""]""	""[""""breeze"""",""""bridge"""",""""brick"""",""""breed"""",""""bright""""]""	""[{""""word"""":""""wind"""",""""note"""":""""より広い意味の「風」""""}]""	[]"
500604	5	inherit	受け継ぐ	to get money, property, or traits from someone before you	She will inherit her grandmother's house.	彼女は祖母の家を受け継ぐでしょう。	verb	6	3	""[""""受け継ぐ"""",""""借りる"""",""""失う"""",""""集める"""",""""隠す""""]""	""[""""inherit"""",""""borrow"""",""""lose"""",""""collect"""",""""hide""""]""	""[""""inherit"""",""""inhale"""",""""invite"""",""""invent"""",""""include""""]""	""[{""""word"""":""""receive"""",""""note"""":""""inherit は遺産などを受け継ぐときに使う""""}]""	[]"
500605	5	derive	引き出す	to get something from a source	Many English words derive from Latin.	多くの英単語はラテン語から生じている。	verb	7	2	""[""""引き出す"""",""""運ぶ"""",""""壊す"""",""""選ぶ"""",""""数える""""]""	""[""""derive"""",""""carry"""",""""break"""",""""choose"""",""""count""""]""	""[""""derive"""",""""drive"""",""""dream"""",""""drill"""",""""drain""""]""	""[{""""word"""":""""get"""",""""note"""":""""derive は何かから得る意味で使う""""}]""	[]"
500606	5	dispose	処分する	to get rid of something	Please dispose of the old boxes.	古い箱を処分してください。	verb	5	3	""[""""処分する"""",""""集める"""",""""隠す"""",""""修理する"""",""""運ぶ""""]""	""[""""dispose"""",""""collect"""",""""hide"""",""""repair"""",""""carry""""]""	""[""""dispose"""",""""discuss"""",""""display"""",""""suppose"""",""""device""""]""	""[{""""word"""":""""throw away"""",""""note"""":""""より日常的な言い方""""},{""""word"""":""""get rid of"""",""""note"""":""""句でよく使う""""}]""	""[{""""word"""":""""keep"""",""""note"""":""""捨てずに持っておく""""}]"""
500607	5	shed	落とす	to let something fall off	Dogs shed hair in summer.	犬は夏に毛が抜けます。	verb	5	3	""[""""落とす"""",""""集める"""",""""洗う"""",""""結ぶ"""",""""借りる""""]""	""[""""shed"""",""""collect"""",""""wash"""",""""tie"""",""""borrow""""]""	""[""""shed"""",""""said"""",""""shape"""",""""ship"""",""""send""""]""	""[{""""word"""":""""drop"""",""""note"""":""""物を落とすときにも使う""""}]""	""[{""""word"""":""""keep"""",""""note"""":""""そのまま保つ""""}]"""
500608	5	diminish	減る	to become smaller or less	The noise began to diminish.	その騒音はだんだん小さくなり始めた。	verb	6	2	""[""""減る"""",""""増える"""",""""止まる"""",""""広がる"""",""""続く""""]""	""[""""diminish"""",""""increase"""",""""stop"""",""""spread"""",""""continue""""]""	""[""""diminish"""",""""finish"""",""""deliver"""",""""dinner"""",""""damage""""]""	""[{""""word"""":""""decrease"""",""""note"""":""""量が減るときに使う""""},{""""word"""":""""reduce"""",""""note"""":""""他動詞で使うことが多い""""}]""	""[{""""word"""":""""increase"""",""""note"""":""""増える・増やす""""}]"""
500609	5	retrieve	取り戻す	to get something back	She went back to retrieve her bag.	彼女はかばんを取り戻すために戻った。	verb	5	3	""[""""取り戻す"""",""""失う"""",""""隠す"""",""""運ぶ"""",""""壊す""""]""	""[""""retrieve"""",""""remove"""",""""replace"""",""""release"""",""""return""""]""	""[""""retrieve"""",""""relieve"""",""""receive"""",""""repeat"""",""""return""""]""	""[{""""word"""":""""recover"""",""""note"""":""""失ったものを取り戻す""""}]""	""[{""""word"""":""""lose"""",""""note"""":""""なくす""""}]"""
500610	5	deteriorate	悪化する	to become worse	His health began to deteriorate last winter.	彼の健康は去年の冬に悪化し始めた。	verb	6	2	""[""""悪化する"""",""""改善する"""",""""広がる"""",""""止まる"""",""""続く""""]""	""[""""deteriorate"""",""""improve"""",""""increase"""",""""develop"""",""""continue""""]""	""[""""deteriorate"""",""""decorate"""",""""determine"""",""""delicate"""",""""different""""]""	""[{""""word"""":""""worsen"""",""""note"""":""""より悪くなる""""}]""	""[{""""word"""":""""improve"""",""""note"""":""""より良くなる""""}]"""
500611	5	come by	手に入れる	to get something	It is hard to come by good tickets.	よいチケットを手に入れるのは難しい。	verb	5	3	""[""""手に入れる"""",""""捨てる"""",""""選ぶ"""",""""借りる"""",""""数える""""]""	""[""""come by"""",""""give up"""",""""pick out"""",""""borrow"""",""""count""""]""	""[""""come by"""",""""come back"""",""""come in"""",""""go by"""",""""goodbye""""]""	""[{""""word"""":""""get"""",""""note"""":""""最も基本的な語""""}]""	""[{""""word"""":""""lose"""",""""note"""":""""手に入れたものをなくす""""}]"""
500612	5	expansion	拡大	the act of becoming larger	The company plans an expansion next year.	その会社は来年、拡大を計画している。	noun	5	3	""[""""拡大"""",""""減少"""",""""移動"""",""""発見"""",""""到着""""]""	""[""""expansion"""",""""reduction"""",""""movement"""",""""discovery"""",""""arrival""""]""	""[""""expansion"""",""""expression"""",""""attention"""",""""extension"""",""""invention""""]""	""[{""""word"""":""""growth"""",""""note"""":""""より一般的な「成長・増加」""""}]""	""[{""""word"""":""""reduction"""",""""note"""":""""大きさや量が減ること""""}]"""
500613	5	haunt	つきまとう	to stay in someone's mind or to appear often in a place	The sad memory still haunts him.	その悲しい記憶は今でも彼につきまとう。	verb	5	2	""[""""つきまとう"""",""""支える"""",""""避ける"""",""""集める"""",""""隠す""""]""	""[""""haunt"""",""""support"""",""""avoid"""",""""gather"""",""""hide""""]""	""[""""haunt"""",""""hunt"""",""""heart"""",""""hard"""",""""hot""""]""	[]	[]"
500614	5	donation	寄付	money or things given to help others	We collected a donation for the hospital.	私たちはその病院のために寄付を集めた。	noun	4	3	""[""""寄付"""",""""報酬"""",""""借金"""",""""費用"""",""""利益""""]""	""[""""donation"""",""""reward"""",""""debt"""",""""cost"""",""""profit""""]""	""[""""donation"""",""""location"""",""""vacation"""",""""relation"""",""""notation""""]""	""[{""""word"""":""""gift"""",""""note"""":""""helpのために与える物や金""""}]""	[]"
500615	5	counsel	助言	advice or help for making a decision	She asked her teacher for counsel.	彼女は先生に助言を求めた。	noun	5	2	""[""""助言"""",""""命令"""",""""約束"""",""""報告"""",""""質問""""]""	""[""""counsel"""",""""order"""",""""promise"""",""""report"""",""""question""""]""	""[""""counsel"""",""""cancel"""",""""candle"""",""""castle"""",""""cancer""""]""	""[{""""word"""":""""advice"""",""""note"""":""""より一般的な語""""}]""	[]"
500616	5	dedicate	ささげる	to give time or effort to something	He will dedicate his life to music.	彼は人生を音楽にささげるだろう。	verb	5	3	""[""""ささげる"""",""""集める"""",""""隠す"""",""""壊す"""",""""選ぶ""""]""	""[""""dedicate"""",""""collect"""",""""hide"""",""""break"""",""""choose""""]""	""[""""dedicate"""",""""decorate"""",""""indicate"""",""""delicate"""",""""educate""""]""	""[{""""word"""":""""devote"""",""""note"""":""""より強く打ち込む感じ""""}]""	[]"
500617	5	bestow	授ける	to give something as an honor or gift	The school will bestow an award on her.	その学校は彼女に賞を授けるだろう。	verb	6	1	""[""""授ける"""",""""借りる"""",""""失う"""",""""運ぶ"""",""""探す""""]""	""[""""bestow"""",""""borrow"""",""""lose"""",""""carry"""",""""search""""]""	""[""""bestow"""",""""below"""",""""best"""",""""belong"""",""""borrow""""]""	""[{""""word"""":""""give"""",""""note"""":""""最も基本的な語""""},{""""word"""":""""award"""",""""note"""":""""賞などを与えるとき""""}]""	[]"
500618	5	provide A with B	AにBを与える	to give someone something they need	The school provides students with lunch.	その学校は生徒たちに昼食を与える。	verb	5	3	""[""""AにBを与える"""",""""AをBに変える"""",""""AをBから守る"""",""""AをBに見せる"""",""""AをBに運ぶ""""]""	""[""""provide A with B"""",""""change A into B"""",""""protect A from B"""",""""show A to B"""",""""carry A to B""""]""	""[""""provide A with B"""",""""protect A from B"""",""""prepare for"""",""""prove"""",""""private""""]""	""[{""""word"""":""""supply A with B"""",""""note"""":""""ほぼ同じ意味""""}]""	[]"
500619	5	yield to	屈する	to stop resisting and accept something	He finally yielded to pressure.	彼はついに圧力に屈した。	verb	6	2	""[""""屈する"""",""""反対する"""",""""避ける"""",""""支える"""",""""隠す""""]""	""[""""yield to"""",""""resist"""",""""avoid"""",""""support"""",""""hide""""]""	""[""""yield to"""",""""yearn to"""",""""deal with"""",""""lead to"""",""""yell at""""]""	""[{""""word"""":""""give in to"""",""""note"""":""""より口語的""""}]""	""[{""""word"""":""""resist"""",""""note"""":""""抵抗する""""}]"""
500620	5	supply A with B	AにBを供給する	to give someone something that is needed	This shop supplies farmers with tools.	この店は農家に道具を供給する。	verb	5	2	""[""""AにBを供給する"""",""""AをBに借りる"""",""""AをBに送る"""",""""AをBに教える"""",""""AをBに招く""""]""	""[""""supply A with B"""",""""lend A to B"""",""""send A to B"""",""""teach A B"""",""""invite A to B""""]""	""[""""supply A with B"""",""""support"""",""""surprise"""",""""suppose"""",""""reply""""]""	""[{""""word"""":""""provide A with B"""",""""note"""":""""ほぼ同じ意味""""}]""	[]"
500621	5	name A after B	AをBにちなんで名づける	to give A the same name as B	They named the baby after his grandfather.	彼らはその赤ちゃんを祖父にちなんで名づけた。	verb	5	2	""[""""AをBにちなんで名づける"""",""""AをBに紹介する"""",""""AをBに送る"""",""""AをBに変える"""",""""AをBに見せる""""]""	""[""""name A after B"""",""""call A from B"""",""""send A to B"""",""""show A to B"""",""""change A into B""""]""	""[""""name A after B"""",""""make A after B"""",""""take A after B"""",""""save A after B"""",""""gave A after B""""]""	[]	[]"
500622	5	authorize	許可する	to give official permission	The manager authorized the payment.	その支配人は支払いを許可した。	verb	5	3	""[""""許可する"""",""""拒否する"""",""""説明する"""",""""確認する"""",""""延期する""""]""	""[""""authorize"""",""""refuse"""",""""explain"""",""""confirm"""",""""delay""""]""	""[""""authorize"""",""""organize"""",""""autumn"""",""""audience"""",""""automatic""""]""	""[{""""word"""":""""allow"""",""""note"""":""""より一般的な語""""},{""""word"""":""""permit"""",""""note"""":""""ややかたい語""""}]""	""[{""""word"""":""""forbid"""",""""note"""":""""禁止する""""}]"""
500623	5	entitle	題名をつける	to give a title to something	She entitled her book My Summer.	彼女は自分の本に「My Summer」という題名をつけた。	verb	5	2	""[""""題名をつける"""",""""要約する"""",""""印刷する"""",""""借りる"""",""""翻訳する""""]""	""[""""entitle"""",""""summarize"""",""""print"""",""""borrow"""",""""translate""""]""	""[""""entitle"""",""""entire"""",""""enter"""",""""invite"""",""""inside""""]""	""[{""""word"""":""""title"""",""""note"""":""""動詞で「題名をつける」""""}]""	[]"
500624	5	hand over	手渡す	to give something to another person	Please hand over your ticket at the door.	ドアでチケットを手渡してください。	verb	5	3	""[""""手渡す"""",""""借りる"""",""""隠す"""",""""選ぶ"""",""""壊す""""]""	""[""""hand over"""",""""borrow"""",""""hide"""",""""choose"""",""""break""""]""	""[""""hand over"""",""""hang over"""",""""turn over"""",""""send over"""",""""hold over""""]""	""[{""""word"""":""""give"""",""""note"""":""""より広い意味の基本語""""},{""""word"""":""""pass"""",""""note"""":""""手から手へ渡す感じ""""}]""	""[{""""word"""":""""keep"""",""""note"""":""""渡さず持っておく""""}]"""
500625	5	provide with	〜に与える	to give someone something needed	The school provides students with lunch.	その学校は生徒に昼食を与える。	verb	5	3	""[""""〜に与える"""",""""〜を断る"""",""""〜を集める"""",""""〜を運ぶ"""",""""〜を比べる""""]""	""[""""provide with"""",""""refuse"""",""""collect"""",""""carry"""",""""compare""""]""	""[""""provide with"""",""""protect"""",""""promise"""",""""prepare"""",""""produce""""]""	""[{""""word"""":""""give"""",""""note"""":""""最も基本的な語""""},{""""word"""":""""supply"""",""""note"""":""""必要なものを与える""""}]""	""[{""""word"""":""""deprive"""",""""note"""":""""難しめなので注意""""}]"""
500626	5	assign	割り当てる	to give someone a job or duty	The teacher assigned us a new project.	先生は私たちに新しい課題を割り当てた。	verb	5	3	""[""""割り当てる"""",""""拒否する"""",""""修理する"""",""""発見する"""",""""招待する""""]""	""[""""assign"""",""""refuse"""",""""repair"""",""""discover"""",""""invite""""]""	""[""""assign"""",""""aside"""",""""design"""",""""align"""",""""arrive""""]""	""[{""""word"""":""""give"""",""""note"""":""""文脈によって近い""""},{""""word"""":""""appoint"""",""""note"""":""""役目を与えるときに使う""""}]""	""[{""""word"""":""""remove"""",""""note"""":""""役目や仕事を外す""""}]"""
500627	5	contribute to	〜に貢献する	to help make something happen or become better	Good sleep can contribute to better health.	十分な睡眠はよりよい健康に貢献することがある。	verb	5	3	""[""""〜に貢献する"""",""""〜を防ぐ"""",""""〜を発見する"""",""""〜を比較する"""",""""〜を拒否する""""]""	""[""""contribute to"""",""""prevent"""",""""discover"""",""""compare"""",""""refuse""""]""	""[""""contribute to"""",""""continue"""",""""control"""",""""connect"""",""""consider""""]""	""[{""""word"""":""""help"""",""""note"""":""""より基本的な語""""},{""""word"""":""""support"""",""""note"""":""""支える意味が強い""""}]""	""[{""""word"""":""""harm"""",""""note"""":""""害を与える""""},{""""word"""":""""prevent"""",""""note"""":""""起こるのを妨げる""""}]"""
500628	5	equip	備え付ける	to give someone or something what is needed	The school will equip each room with a computer.	その学校は各教室にコンピューターを備え付ける予定です。	verb	5	3	""[""""備え付ける"""",""""修理する"""",""""運ぶ"""",""""借りる"""",""""隠す""""]""	""[""""equip"""",""""repair"""",""""carry"""",""""borrow"""",""""hide""""]""	""[""""equip"""",""""escape"""",""""except"""",""""effect"""",""""attack""""]""	""[{""""word"""":""""provide"""",""""note"""":""""必要なものを与える""""},{""""word"""":""""supply"""",""""note"""":""""物を与える意味で近い""""}]""	""[{""""word"""":""""remove"""",""""note"""":""""取り除く""""},{""""word"""":""""lack"""",""""note"""":""""不足している""""}]"""
500629	5	surrender	降伏する	to stop fighting and give up	The soldiers had to surrender at last.	その兵士たちはついに降伏しなければならなかった。	verb	5	2	""[""""降伏する"""",""""攻撃する"""",""""逃げる"""",""""守る"""",""""訓練する""""]""	""[""""surrender"""",""""attack"""",""""escape"""",""""defend"""",""""train""""]""	""[""""surrender"""",""""surround"""",""""remember"""",""""calendar"""",""""several""""]""	""[{""""word"""":""""give up"""",""""note"""":""""より基本的な表現""""}]""	""[{""""word"""":""""resist"""",""""note"""":""""抵抗する""""},{""""word"""":""""fight"""",""""note"""":""""戦い続ける""""}]"""
500630	5	vaccinate	予防接種をする	to give a vaccine to protect from disease	Doctors vaccinate children against some diseases.	医師は子どもたちにいくつかの病気の予防接種をする。	verb	5	3	""[""""予防接種をする"""",""""治療する"""",""""検査する"""",""""手術する"""",""""看病する""""]""	""[""""vaccinate"""",""""treat"""",""""examine"""",""""operate"""",""""nurse""""]""	""[""""vaccinate"""",""""calculate"""",""""celebrate"""",""""decorate"""",""""graduate""""]""	[]	[]"
500631	5	turn in	提出する	to give something to a teacher or office	Please turn in your homework by Friday.	金曜日までに宿題を提出してください。	verb	4	4	""[""""提出する"""",""""借りる"""",""""写す"""",""""選ぶ"""",""""隠す""""]""	""[""""turn in"""",""""borrow"""",""""copy"""",""""choose"""",""""hide""""]""	""[""""turn in"""",""""burn"""",""""learn"""",""""turn"""",""""train""""]""	""[{""""word"""":""""hand in"""",""""note"""":""""特に書類や宿題を出すとき""""}]""	[]"
500632	5	be devoted to	～に熱心である	to give a lot of time and care to something	She is devoted to her work.	彼女は仕事に熱心です。	verb	5	3	""[""""～に熱心である"""",""""～を避ける"""",""""～に反対する"""",""""～をあきらめる"""",""""～を疑う""""]""	""[""""be devoted to"""",""""be opposed to"""",""""give up"""",""""stay away from"""",""""doubt""""]""	""[""""be devoted to"""",""""be related to"""",""""be ready to"""",""""be close to"""",""""be useful to""""]""	""[{""""word"""":""""be dedicated to"""",""""note"""":""""ややかたい表現""""}]""	[]"
500633	5	provision	供給	the act of providing something needed	The provision of clean water is important.	きれいな水の供給は重要です。	noun	5	3	""[""""供給"""",""""消費"""",""""発見"""",""""移動"""",""""修理""""]""	""[""""provision"""",""""consumption"""",""""discovery"""",""""movement"""",""""repair""""]""	""[""""provision"""",""""permission"""",""""decision"""",""""division"""",""""television""""]""	""[{""""word"""":""""supply"""",""""note"""":""""より基本的な語""""}]""	[]"
500634	5	climate change	気候変動	long-term changes in the world's weather	Climate change affects many animals.	気候変動は多くの動物に影響を与えます。	noun	5	4	""[""""気候変動"""",""""大気汚染"""",""""森林破壊"""",""""水不足"""",""""地震""""]""	""[""""climate change"""",""""air pollution"""",""""deforestation"""",""""water shortage"""",""""earthquake""""]""	""[""""climate change"""",""""private plane"""",""""quiet place"""",""""final stage"""",""""pilot name""""]""	""[{""""word"""":""""global warming"""",""""note"""":""""近い意味だが完全には同じではない""""}]""	[]"
500635	5	bypass	迂回する	to go around something instead of through it	We took a side road to bypass the traffic.	私たちは渋滞を迂回するために脇道を通った。	verb	5	2	""[""""迂回する"""",""""通過する"""",""""横切る"""",""""近づく"""",""""止まる""""]""	""[""""bypass"""",""""cross"""",""""approach"""",""""stop"""",""""pass""""]""	""[""""bypass"""",""""byline"""",""""biome"""",""""buying"""",""""bicycle""""]""	""[{""""word"""":""""avoid"""",""""note"""":""""問題や混雑を避けるときにも使う""""}]""	[]"
500636	5	precede	先行する	to come before something or someone	A short speech will precede the movie.	短いスピーチが映画に先行する。	verb	5	2	""[""""先行する"""",""""続く"""",""""止まる"""",""""囲む"""",""""支える""""]""	""[""""precede"""",""""follow"""",""""stop"""",""""surround"""",""""support""""]""	""[""""precede"""",""""proceed"""",""""predict"""",""""prevent"""",""""prepare""""]""	""[{""""word"""":""""come before"""",""""note"""":""""意味をやさしく言い換えた表現""""}]""	""[{""""word"""":""""follow"""",""""note"""":""""後に続く""""}]"""
500637	5	descend	降りる	to go down from a higher place	The hikers began to descend the mountain.	ハイカーたちは山を降り始めた。	verb	5	3	""[""""降りる"""",""""登る"""",""""進む"""",""""集まる"""",""""運ぶ""""]""	""[""""descend"""",""""climb"""",""""move"""",""""gather"""",""""carry""""]""	""[""""descend"""",""""defend"""",""""depend"""",""""design"""",""""desert""""]""	""[{""""word"""":""""go down"""",""""note"""":""""より基本的な表現""""}]""	""[{""""word"""":""""climb"""",""""note"""":""""上へ進む""""},{""""word"""":""""ascend"""",""""note"""":""""フォーマルな反対語""""}]"""
500638	5	kneel	ひざまずく	to go down on your knees	They kneel to pray.	彼らは祈るためにひざまずく。	verb	5	2	""[""""ひざまずく"""",""""立ち上がる"""",""""座る"""",""""歩く"""",""""振り向く""""]""	""[""""kneel"""",""""stand"""",""""sit"""",""""walk"""",""""turn""""]""	""[""""kneel"""",""""need"""",""""meal"""",""""near"""",""""peel""""]""	[]	""[{""""word"""":""""stand"""",""""note"""":""""立った姿勢になる""""}]"""
500639	5	exceed	超える	to be more than a limit or number	The cost may exceed our budget.	その費用は私たちの予算を超えるかもしれない。	verb	6	3	""[""""超える"""",""""含む"""",""""測る"""",""""減らす"""",""""支える""""]""	""[""""exceed"""",""""include"""",""""measure"""",""""reduce"""",""""support""""]""	""[""""exceed"""",""""accept"""",""""expect"""",""""excuse"""",""""indeed""""]""	""[{""""word"""":""""surpass"""",""""note"""":""""ややかたい語""""}]""	""[{""""word"""":""""fall below"""",""""note"""":""""基準より下になる""""}]"""
500640	5	pass through	通り抜ける	to go through a place	We pass through the park every day.	私たちは毎日その公園を通り抜ける。	verb	4	3	""[""""通り抜ける"""",""""見上げる"""",""""持ち上げる"""",""""書き留める"""",""""呼び戻す""""]""	""[""""pass through"""",""""look up"""",""""pick up"""",""""write down"""",""""call back""""]""	""[""""pass through"""",""""walk through"""",""""push through"""",""""run to"""",""""go around""""]""	""[{""""word"""":""""go through"""",""""note"""":""""最も近い言い換え""""}]""	""[{""""word"""":""""stay"""",""""note"""":""""通らずその場にいる""""}]"""
500641	5	commute	通勤する	to travel regularly between home and work or school	My father commutes by train every day.	父は毎日電車で通勤します。	verb	5	3	""[""""通勤する"""",""""旅行する"""",""""散歩する"""",""""到着する"""",""""引っ越す""""]""	""[""""commute"""",""""travel"""",""""walk"""",""""arrive"""",""""move""""]""	""[""""commute"""",""""compute"""",""""complete"""",""""command"""",""""compact""""]""	""[{""""word"""":""""travel"""",""""note"""":""""広い意味の「移動する」""""}]""	""[{""""word"""":""""stay"""",""""note"""":""""移動せずとどまる""""}]"""
500642	5	accompany	同行する	to go somewhere with someone	I will accompany my mother to the hospital.	私は母に同行して病院へ行きます。	verb	6	3	""[""""同行する"""",""""招待する"""",""""案内する"""",""""待つ"""",""""訪ねる""""]""	""[""""accompany"""",""""invite"""",""""guide"""",""""wait"""",""""visit""""]""	""[""""accompany"""",""""company"""",""""compare"""",""""accept"""",""""account""""]""	""[{""""word"""":""""go with"""",""""note"""":""""よりやさしい表現""""}]""	""[{""""word"""":""""leave"""",""""note"""":""""いっしょに行かず離れる""""}]"""
500643	5	aim	目標	something you want to achieve	Her aim is to become a doctor.	彼女の目標は医者になることです。	noun	4	4	""[""""目標"""",""""方法"""",""""結果"""",""""理由"""",""""計画""""]""	""[""""aim"""",""""method"""",""""result"""",""""reason"""",""""plan""""]""	""[""""aim"""",""""age"""",""""ace"""",""""air"""",""""end""""]""	""[{""""word"""":""""goal"""",""""note"""":""""ほぼ同じ意味でよく使う""""}]""	[]"
500644	5	be bound for	～へ向かっている	to be going to a place	We are bound for Osaka now.	私たちは今、大阪へ向かっています。	verb	5	2	""[""""～へ向かっている"""",""""～を通り過ぎる"""",""""～に滞在する"""",""""～から戻る"""",""""～を探している""""]""	""[""""be bound for"""",""""pass by"""",""""stay in"""",""""come back from"""",""""look for""""]""	""[""""be bound for"""",""""be back from"""",""""be late for"""",""""be ready for"""",""""be known for""""]""	""[{""""word"""":""""head for"""",""""note"""":""""より口語的""""}]""	[]"
500645	5	extinct	絶滅した	no longer existing	Some animals are now extinct.	今では絶滅した動物もいます。	adjective	5	3	""[""""絶滅した"""",""""危険な"""",""""珍しい"""",""""野生の"""",""""巨大な""""]""	""[""""extinct"""",""""dangerous"""",""""rare"""",""""wild"""",""""huge""""]""	""[""""extinct"""",""""expect"""",""""excite"""",""""extract"""",""""extend""""]""	""[{""""word"""":""""dead out"""",""""note"""":""""不自然""""}]""	""[{""""word"""":""""living"""",""""note"""":""""生きて存在している""""}]"""
500646	5	persuasive	説得力のある	able to make people agree	Her speech was very persuasive.	彼女のスピーチはとても説得力がありました。	adjective	6	2	""[""""説得力のある"""",""""正直な"""",""""静かな"""",""""有名な"""",""""丁寧な""""]""	""[""""persuasive"""",""""honest"""",""""quiet"""",""""famous"""",""""polite""""]""	""[""""persuasive"""",""""personal"""",""""positive"""",""""protective"""",""""expensive""""]""	""[{""""word"""":""""convincing"""",""""note"""":""""相手に納得させる感じ""""}]""	""[{""""word"""":""""unconvincing"""",""""note"""":""""納得させられない""""}]"""
500647	5	creative	創造的な	good at making new ideas	She is a creative student.	彼女は創造的な生徒です。	adjective	5	3	""[""""創造的な"""",""""親切な"""",""""有名な"""",""""正直な"""",""""活発な""""]""	""[""""creative"""",""""kind"""",""""famous"""",""""honest"""",""""active""""]""	""[""""creative"""",""""relative"""",""""negative"""",""""sensitive"""",""""native""""]""	""[{""""word"""":""""original"""",""""note"""":""""新しく独自の感じが強い""""}]""	""[{""""word"""":""""ordinary"""",""""note"""":""""ふつうの、ありふれた""""}]"""
500648	5	satisfactory	満足できる	good enough to make you pleased	His answer was satisfactory.	彼の答えは満足できるものでした。	adjective	6	2	""[""""満足できる"""",""""危険な"""",""""静かな"""",""""重要な"""",""""簡単な""""]""	""[""""satisfactory"""",""""dangerous"""",""""quiet"""",""""important"""",""""easy""""]""	""[""""satisfactory"""",""""factory"""",""""history"""",""""secretary"""",""""necessary""""]""	""[{""""word"""":""""good enough"""",""""note"""":""""基準を満たすという意味""""}]""	""[{""""word"""":""""unsatisfactory"""",""""note"""":""""満足できない""""}]"""
500649	5	beneficial	有益な	helpful and good for you	Exercise is beneficial to your health.	運動はあなたの健康に有益です。	adjective	6	2	""[""""有益な"""",""""危険な"""",""""公平な"""",""""静かな"""",""""複雑な""""]""	""[""""beneficial"""",""""dangerous"""",""""fair"""",""""quiet"""",""""complex""""]""	""[""""beneficial"""",""""official"""",""""artificial"""",""""special"""",""""financial""""]""	""[{""""word"""":""""helpful"""",""""note"""":""""役に立つという基本語""""},{""""word"""":""""useful"""",""""note"""":""""実用的に役立つ""""}]""	""[{""""word"""":""""harmful"""",""""note"""":""""害がある""""}]"""
500650	5	decent	まともな	good enough and proper	He found a decent job near his home.	彼は家の近くでまともな仕事を見つけた。	adjective	5	3	""[""""まともな"""",""""危険な"""",""""有名な"""",""""静かな"""",""""不便な""""]""	""[""""decent"""",""""dangerous"""",""""famous"""",""""quiet"""",""""inconvenient""""]""	""[""""decent"""",""""recent"""",""""desert"""",""""design"""",""""detail""""]""	""[{""""word"""":""""proper"""",""""note"""":""""よりフォーマルな語""""},{""""word"""":""""good"""",""""note"""":""""より広い意味で使う""""}]""	""[{""""word"""":""""bad"""",""""note"""":""""質が悪い""""},{""""word"""":""""rude"""",""""note"""":""""礼儀がない""""}]"""
500651	5	honorable	立派な	deserving respect for doing right things	She comes from an honorable family.	彼女は立派な家柄の出身です。	adjective	6	2	""[""""立派な"""",""""正直な"""",""""危険な"""",""""退屈な"""",""""不親切な""""]""	""[""""honorable"""",""""honest"""",""""dangerous"""",""""boring"""",""""unkind""""]""	""[""""honorable"""",""""holiday"""",""""horizontal"""",""""horrible"""",""""hospital""""]""	""[{""""word"""":""""respectable"""",""""note"""":""""尊敬されるという意味が近い""""}]""	""[{""""word"""":""""dishonest"""",""""note"""":""""正しくない・不正直な""""}]"""
500652	5	worthwhile	やりがいのある	useful or important enough to spend time on	The volunteer work was worthwhile.	そのボランティア活動はやりがいがあった。	adjective	6	2	""[""""やりがいのある"""",""""退屈な"""",""""簡単な"""",""""危険な"""",""""高価な""""]""	""[""""worthwhile"""",""""boring"""",""""easy"""",""""dangerous"""",""""expensive""""]""	""[""""worthwhile"""",""""worldwide"""",""""workshop"""",""""weekday"""",""""wording""""]""	""[{""""word"""":""""valuable"""",""""note"""":""""価値があるという意味で近い""""}]""	""[{""""word"""":""""useless"""",""""note"""":""""役に立たない""""},{""""word"""":""""pointless"""",""""note"""":""""意味がない""""}]"""
500653	5	cargo	貨物	goods carried by ship, plane, or truck	The plane carried cargo to the island.	その飛行機は島へ貨物を運んだ。	noun	5	3	""[""""貨物"""",""""乗客"""",""""荷物"""",""""郵便"""",""""食料""""]""	""[""""cargo"""",""""baggage"""",""""package"""",""""mail"""",""""supply""""]""	""[""""cargo"""",""""carpet"""",""""card"""",""""cart"""",""""candle""""]""	""[{""""word"""":""""load"""",""""note"""":""""積み荷としての意味で近い""""},{""""word"""":""""goods"""",""""note"""":""""品物全般を表す""""}]""	[]"
500654	5	shipment	出荷	the act of sending goods somewhere	The shipment will arrive tomorrow.	その出荷品は明日到着します。	noun	5	3	""[""""出荷"""",""""配達"""",""""注文"""",""""輸入"""",""""在庫""""]""	""[""""shipment"""",""""delivery"""",""""order"""",""""import"""",""""stock""""]""	""[""""shipment"""",""""apartment"""",""""moment"""",""""payment"""",""""segment""""]""	""[{""""word"""":""""delivery"""",""""note"""":""""届けることに近いが、shipmentは発送寄り""""}]""	[]"
500655	5	freight	貨物輸送	the moving of goods by ship, train, truck, or plane	Trains are used for freight in this area.	この地域では貨物輸送に列車が使われている。	noun	6	3	""[""""貨物輸送"""",""""旅客輸送"""",""""配達"""",""""出荷"""",""""輸入""""]""	""[""""freight"""",""""passenger"""",""""delivery"""",""""shipment"""",""""import""""]""	""[""""freight"""",""""flight"""",""""frame"""",""""fruit"""",""""front""""]""	""[{""""word"""":""""cargo"""",""""note"""":""""運ばれる貨物そのものを指すことが多い""""}]""	[]"
500656	5	commodity	商品	a product that is bought and sold	Oil is an important commodity in the world market.	石油は世界市場で重要な商品です。	noun	5	2	""[""""商品"""",""""材料"""",""""工場"""",""""価格"""",""""貿易""""]""	""[""""commodity"""",""""product"""",""""factory"""",""""market"""",""""material""""]""	""[""""commodity"""",""""community"""",""""company"""",""""common"""",""""compact""""]""	""[{""""word"""":""""product"""",""""note"""":""""より一般的な語""""}]""	[]"
500657	5	cabinet	戸棚	a piece of furniture with doors and shelves	The cups are in the kitchen cabinet.	そのカップは台所の戸棚の中にあります。	noun	4	3	""[""""戸棚"""",""""机"""",""""いす"""",""""引き出し"""",""""棚""""]""	""[""""cabinet"""",""""desk"""",""""chair"""",""""drawer"""",""""shelf""""]""	""[""""cabinet"""",""""cabin"""",""""habit"""",""""planet"""",""""packet""""]""	""[{""""word"""":""""cupboard"""",""""note"""":""""主に英で使うことが多い""""}]""	[]"
500658	5	chancellor	首相	a high government leader in some countries	The chancellor gave a speech on TV.	首相はテレビで演説をしました。	noun	5	1	""[""""首相"""",""""大統領"""",""""大臣"""",""""議員"""",""""市長""""]""	""[""""chancellor"""",""""president"""",""""minister"""",""""member"""",""""mayor""""]""	""[""""chancellor"""",""""channel"""",""""chance"""",""""cancel"""",""""challenger""""]""	[]	[]"
500659	5	subsidy	補助金	money given to help a person, company, or industry	The farm got a subsidy from the government.	その農場は政府から補助金を受けた。	noun	5	3	""[""""補助金"""",""""税金"""",""""給料"""",""""借金"""",""""寄付""""]""	""[""""subsidy"""",""""salary"""",""""tax"""",""""loan"""",""""donation""""]""	""[""""subsidy"""",""""sudden"""",""""Sunday"""",""""subway"""",""""supply""""]""	""[{""""word"""":""""grant"""",""""note"""":""""目的のために与えられるお金""""}]""	[]"
500660	5	federal	連邦の	related to the central government of a country	They work for the federal government.	彼らは連邦政府で働いている。	adjective	5	4	""[""""連邦の"""",""""地方の"""",""""国際的な"""",""""私的な"""",""""公式の""""]""	""[""""federal"""",""""local"""",""""global"""",""""private"""",""""official""""]""	""[""""federal"""",""""general"""",""""funeral"""",""""feather"""",""""festival""""]""	""[{""""word"""":""""national"""",""""note"""":""""国全体に関する意味で近い""""}]""	""[{""""word"""":""""local"""",""""note"""":""""地域の、中央政府ではない""""}]"""
500661	5	diplomat	外交官	a person who represents a country in another country	The diplomat spoke with foreign leaders.	その外交官は外国の指導者たちと話した。	noun	5	3	""[""""外交官"""",""""記者"""",""""裁判官"""",""""科学者"""",""""政治家""""]""	""[""""diplomat"""",""""reporter"""",""""judge"""",""""scientist"""",""""politician""""]""	""[""""diplomat"""",""""dinosaur"""",""""different"""",""""document"""",""""decorate""""]""	[]	[]"
500662	5	administration	行政	the management of public affairs or an organization	The new administration changed the school rules.	新しい行政は学校の規則を変えた。	noun	5	3	""[""""行政"""",""""制度"""",""""政策"""",""""組織"""",""""管理""""]""	""[""""administration"""",""""organization"""",""""management"""",""""policy"""",""""system""""]""	""[""""administration"""",""""admiration"""",""""animation"""",""""application"""",""""association""""]""	""[{""""word"""":""""management"""",""""note"""":""""組織や仕事の運営に使うことが多い""""},{""""word"""":""""government"""",""""note"""":""""国や地域の統治を表すことが多い""""}]""	[]"
500663	5	bureaucracy	官僚制度	a system run by many officials and rules	People complained about the slow bureaucracy.	人々は遅い官僚制度に不満を言った。	noun	6	2	""[""""官僚制度"""",""""民主主義"""",""""法律"""",""""政府"""",""""規則""""]""	""[""""bureaucracy"""",""""democracy"""",""""government"""",""""law"""",""""system""""]""	""[""""bureaucracy"""",""""biology"""",""""currency"""",""""accuracy"""",""""ceremony""""]""	[]	[]"
500664	5	regime	政権	a government, especially one in power	The regime controlled the news closely.	その政権はニュースを厳しく管理した。	noun	5	2	""[""""政権"""",""""政府"""",""""制度"""",""""法律"""",""""選挙""""]""	""[""""regime"""",""""government"""",""""system"""",""""law"""",""""election""""]""	""[""""regime"""",""""region"""",""""repair"""",""""remain"""",""""relief""""]""	""[{""""word"""":""""government"""",""""note"""":""""より一般的な語""""},{""""word"""":""""rule"""",""""note"""":""""支配という意味で近い""""}]""	[]"
500665	5	snatch	ひったくる	to take something quickly and suddenly	A thief tried to snatch her bag.	泥棒が彼女のかばんをひったくろうとした。	verb	5	2	""[""""ひったくる"""",""""投げる"""",""""隠す"""",""""壊す"""",""""拾う""""]""	""[""""snatch"""",""""throw"""",""""hide"""",""""break"""",""""pick""""]""	""[""""snatch"""",""""scratch"""",""""snap"""",""""smash"""",""""snack""""]""	""[{""""word"""":""""grab"""",""""note"""":""""より一般的に「つかむ」""""},{""""word"""":""""seize"""",""""note"""":""""少しかたい語""""}]""	""[{""""word"""":""""give"""",""""note"""":""""与える""""},{""""word"""":""""return"""",""""note"""":""""返す""""}]"""
500666	5	preposition	前置詞	a word like in, on, or at	We learned a new preposition in class.	私たちは授業で新しい前置詞を習った。	noun	5	2	""[""""前置詞"""",""""動詞"""",""""形容詞"""",""""副詞"""",""""代名詞""""]""	""[""""preposition"""",""""verb"""",""""adjective"""",""""adverb"""",""""pronoun""""]""	""[""""preposition"""",""""proposition"""",""""preparation"""",""""presentation"""",""""position""""]""	[]	[]"
500667	5	pasture	牧草地	land covered with grass for animals to eat	The cows were eating in the pasture.	牛は牧草地で草を食べていた。	noun	5	2	""[""""牧草地"""",""""砂漠"""",""""森"""",""""湖"""",""""畑""""]""	""[""""pasture"""",""""desert"""",""""forest"""",""""lake"""",""""field""""]""	""[""""pasture"""",""""picture"""",""""passage"""",""""posture"""",""""past""""]""	""[{""""word"""":""""grassland"""",""""note"""":""""草の多い土地""""}]""	[]"
500668	5	be thankful for	～に感謝する	to feel grateful for something	We should be thankful for our parents.	私たちは両親に感謝すべきです。	verb	5	3	""[""""～に感謝する"""",""""～を心配する"""",""""～を楽しみにする"""",""""～に反対する"""",""""～をあきらめる""""]""	""[""""be thankful for"""",""""worry about"""",""""look forward to"""",""""be against"""",""""give up""""]""	""[""""be thankful for"""",""""be careful of"""",""""be famous for"""",""""be ready for"""",""""be sorry for""""]""	""[{""""word"""":""""be grateful for"""",""""note"""":""""よりやや書き言葉""""}]""	""[{""""word"""":""""complain about"""",""""note"""":""""不満を言う""""}]"""
500669	5	cemetery	墓地	a place where dead people are buried	There is a cemetery near the church.	その教会の近くに墓地があります。	noun	5	2	""[""""墓地"""",""""寺"""",""""公園"""",""""工場"""",""""駅""""]""	""[""""cemetery"""",""""temple"""",""""park"""",""""factory"""",""""station""""]""	""[""""cemetery"""",""""symmetry"""",""""secretary"""",""""celery"""",""""center""""]""	""[{""""word"""":""""graveyard"""",""""note"""":""""より日常的な語""""}]""	[]"
500670	5	tomb	墓	a place where a dead person is buried	They visited the king's tomb.	彼らはその王の墓を訪れました。	noun	5	2	""[""""墓"""",""""塔"""",""""洞窟"""",""""橋"""",""""門""""]""	""[""""tomb"""",""""tower"""",""""cave"""",""""bridge"""",""""gate""""]""	""[""""tomb"""",""""tool"""",""""tone"""",""""top"""",""""tube""""]""	""[{""""word"""":""""grave"""",""""note"""":""""一般的な『墓』""""}]""	[]"
500671	5	excellence	優秀さ	very high quality or great skill	Her work showed excellence in every part.	彼女の作品はあらゆる点で優秀さを示していた。	noun	5	3	""[""""優秀さ"""",""""親切さ"""",""""静けさ"""",""""弱さ"""",""""速さ""""]""	""[""""excellence"""",""""kindness"""",""""silence"""",""""weakness"""",""""speed""""]""	""[""""excellence"""",""""exercise"""",""""excellent"""",""""experience"""",""""evidence""""]""	""[{""""word"""":""""quality"""",""""note"""":""""広い意味の「質」""""},{""""word"""":""""greatness"""",""""note"""":""""すぐれていること""""}]""	""[{""""word"""":""""poor quality"""",""""note"""":""""質が低いこと""""}]"""
500672	5	impressive	印象的な	making people feel admiration	She gave an impressive speech at school.	彼女は学校で印象的なスピーチをした。	adjective	5	4	""[""""印象的な"""",""""退屈な"""",""""静かな"""",""""簡単な"""",""""危険な""""]""	""[""""impressive"""",""""boring"""",""""quiet"""",""""easy"""",""""dangerous""""]""	""[""""impressive"""",""""important"""",""""improve"""",""""impossible"""",""""imperfect""""]""	""[{""""word"""":""""remarkable"""",""""note"""":""""より「目立つ」感じ""""},{""""word"""":""""striking"""",""""note"""":""""強く印象に残る""""}]""	""[{""""word"""":""""boring"""",""""note"""":""""印象に残らない""""}]"""
500673	5	terrific	すばらしい	very good or excellent	We had a terrific time at the beach.	私たちは海辺ですばらしい時間を過ごした。	adjective	4	4	""[""""すばらしい"""",""""普通の"""",""""悲しい"""",""""危険な"""",""""重い""""]""	""[""""terrific"""",""""normal"""",""""sad"""",""""dangerous"""",""""heavy""""]""	""[""""terrific"""",""""traffic"""",""""specific"""",""""scientific"""",""""terrible""""]""	""[{""""word"""":""""great"""",""""note"""":""""基本的な言い換え""""},{""""word"""":""""wonderful"""",""""note"""":""""より強いほめ言葉""""}]""	""[{""""word"""":""""terrible"""",""""note"""":""""とても悪い""""}]"""
500674	5	utmost	最大限の	greatest possible	She did her utmost to help him.	彼女は彼を助けるために最大限の努力をした。	adjective	5	2	""[""""最大限の"""",""""最小の"""",""""重要な"""",""""静かな"""",""""安全な""""]""	""[""""utmost"""",""""minimum"""",""""important"""",""""quiet"""",""""safe""""]""	""[""""utmost"""",""""almost"""",""""upset"""",""""utensil"""",""""atmosphere""""]""	""[{""""word"""":""""greatest"""",""""note"""":""""より一般的な語""""},{""""word"""":""""maximum"""",""""note"""":""""数量や程度の最大""""}]""	""[{""""word"""":""""least"""",""""note"""":""""最も少ない""""}]"""
500675	5	avocado	アボカド	a soft green fruit	I put avocado on my sandwich.	私はサンドイッチにアボカドを入れた。	noun	4	3	""[""""アボカド"""",""""バナナ"""",""""レモン"""",""""もも"""",""""ぶどう""""]""	""[""""avocado"""",""""banana"""",""""lemon"""",""""peach"""",""""grape""""]""	""[""""avocado"""",""""accordion"""",""""volcano"""",""""tomato"""",""""apricot""""]""	[]	[]"
500676	5	cluster	集まり	a group of things close together	A cluster of stars shone in the sky.	星の集まりが空で輝いていた。	noun	5	3	""[""""集まり"""",""""列"""",""""線"""",""""角"""",""""表面""""]""	""[""""cluster"""",""""row"""",""""line"""",""""corner"""",""""surface""""]""	""[""""cluster"""",""""climate"""",""""closet"""",""""custom"""",""""crystal""""]""	""[{""""word"""":""""group"""",""""note"""":""""より一般的な語""""},{""""word"""":""""bunch"""",""""note"""":""""くだけた言い方""""}]""	[]"
500677	5	ethnic	民族の	related to a group of people with the same culture	The city has many ethnic groups.	その都市には多くの民族集団がいます。	adjective	5	3	""[""""民族の"""",""""文化の"""",""""伝統的な"""",""""地域の"""",""""国際的な""""]""	""[""""ethnic"""",""""cultural"""",""""traditional"""",""""local"""",""""international""""]""	""[""""ethnic"""",""""ethic"""",""""picnic"""",""""technic"""",""""panic""""]""	""[{""""word"""":""""racial"""",""""note"""":""""人種・民族に関する文脈で使う""""}]""	[]"
500678	5	syndrome	症候群	a group of signs or problems that happen together	The doctor explained the syndrome to us.	医師はその症候群を私たちに説明しました。	noun	5	2	""[""""症候群"""",""""病気"""",""""症状"""",""""治療"""",""""診断""""]""	""[""""syndrome"""",""""disease"""",""""symptom"""",""""treatment"""",""""diagnosis""""]""	""[""""syndrome"""",""""symbol"""",""""system"""",""""signal"""",""""simple""""]""	[]	[]"
500679	5	panel	委員会	a small group of people chosen for a special purpose	A panel chose the winner.	委員会が勝者を選びました。	noun	4	3	""[""""委員会"""",""""観客"""",""""乗客"""",""""乗組員"""",""""チーム""""]""	""[""""panel"""",""""audience"""",""""passenger"""",""""crew"""",""""team""""]""	""[""""panel"""",""""pencil"""",""""channel"""",""""camel"""",""""tunnel""""]""	""[{""""word"""":""""committee"""",""""note"""":""""より一般的な語""""}]""	[]"
500680	5	assembly	集会	a group of people gathered together	The students had an assembly in the gym.	生徒たちは体育館で集会を開いた。	noun	5	3	""[""""集会"""",""""会議"""",""""式"""",""""授業"""",""""試合""""]""	""[""""assembly"""",""""meeting"""",""""ceremony"""",""""lesson"""",""""game""""]""	""[""""assembly"""",""""assume"""",""""assist"""",""""example"""",""""family""""]""	""[{""""word"""":""""meeting"""",""""note"""":""""より一般的な「会合」""""}]""	[]"
500681	5	commission	委員会	an official group given a special job	The city set up a commission to study the problem.	その市はその問題を調べるために委員会を設置した。	noun	6	2	""[""""委員会"""",""""協会"""",""""組合"""",""""議会"""",""""集会""""]""	""[""""commission"""",""""association"""",""""union"""",""""council"""",""""assembly""""]""	""[""""commission"""",""""condition"""",""""connection"""",""""collection"""",""""completion""""]""	""[{""""word"""":""""committee"""",""""note"""":""""より一般的な「委員会」""""}]""	[]"
500682	5	association	協会	an organized group of people with a shared purpose	She joined the local tennis association.	彼女は地元のテニス協会に入った。	noun	5	3	""[""""協会"""",""""委員会"""",""""組合"""",""""議会"""",""""集会""""]""	""[""""association"""",""""commission"""",""""union"""",""""council"""",""""assembly""""]""	""[""""association"""",""""application"""",""""education"""",""""situation"""",""""celebration""""]""	""[{""""word"""":""""organization"""",""""note"""":""""より広い意味の「組織」""""}]""	[]"
500683	5	batch	一群	a group of things made or dealt with together	The cookies are baked in one batch.	そのクッキーは一度に一まとめで焼かれる。	noun	5	3	""[""""一群"""",""""一部"""",""""一列"""",""""一対"""",""""一面""""]""	""[""""batch"""",""""group"""",""""pair"""",""""line"""",""""part""""]""	""[""""batch"""",""""match"""",""""catch"""",""""patch"""",""""back""""]""	""[{""""word"""":""""group"""",""""note"""":""""より一般的な『集まり』""""}]""	[]"
500684	5	classify	分類する	to put things into groups by type	We classify these books by subject.	私たちはこれらの本を科目ごとに分類する。	verb	5	3	""[""""分類する"""",""""比較する"""",""""測定する"""",""""修理する"""",""""翻訳する""""]""	""[""""classify"""",""""compare"""",""""measure"""",""""repair"""",""""translate""""]""	""[""""classify"""",""""clarify"""",""""class"""",""""glass"""",""""crash""""]""	""[{""""word"""":""""sort"""",""""note"""":""""より基本的な語""""}]""	[]"
500685	5	collective	共同の	done by people acting as a group	They made a collective decision.	彼らは共同の決定をした。	adjective	5	2	""[""""共同の"""",""""個人の"""",""""公式の"""",""""一般の"""",""""直接の""""]""	""[""""collective"""",""""personal"""",""""official"""",""""general"""",""""direct""""]""	""[""""collective"""",""""corrective"""",""""connective"""",""""creative"""",""""college""""]""	""[{""""word"""":""""shared"""",""""note"""":""""みんなで持つ・使う感じ""""}]""	""[{""""word"""":""""individual"""",""""note"""":""""個人の""""}]"""
500686	5	category	部門	a group of things of the same kind	This book belongs to a different category.	この本は別の部門に属します。	noun	5	3	""[""""部門"""",""""種類"""",""""方法"""",""""目的"""",""""結果""""]""	""[""""category"""",""""section"""",""""method"""",""""purpose"""",""""result""""]""	""[""""category"""",""""catering"""",""""calendar"""",""""cave"""",""""camera""""]""	""[{""""word"""":""""group"""",""""note"""":""""より広い意味の基本語""""}]""	[]"
500687	5	evolve	進化する	to develop slowly over time	Animals evolve over many years.	動物は長い年月をかけて進化します。	verb	5	3	""[""""進化する"""",""""成長する"""",""""変化する"""",""""減少する"""",""""移動する""""]""	""[""""evolve"""",""""grow"""",""""change"""",""""decrease"""",""""move""""]""	""[""""evolve"""",""""involve"""",""""resolve"""",""""erase"""",""""arrive""""]""	""[{""""word"""":""""develop"""",""""note"""":""""発達するという近い意味""""}]""	[]"
500688	5	cultivate	耕す	to prepare land and grow plants	They cultivate rice in this area.	この地域では米を耕作しています。	verb	6	2	""[""""耕す"""",""""植える"""",""""育てる"""",""""収穫する"""",""""運ぶ""""]""	""[""""cultivate"""",""""plant"""",""""grow"""",""""harvest"""",""""carry""""]""	""[""""cultivate"""",""""calculate"""",""""celebrate"""",""""captivate"""",""""concentrate""""]""	[]	[]"
500689	5	thrive	栄える	to grow well and become successful	Plants thrive in warm sunlight.	植物は暖かい日光の中でよく育つ。	verb	5	3	""[""""栄える"""",""""衰える"""",""""広がる"""",""""集まる"""",""""止まる""""]""	""[""""thrive"""",""""decline"""",""""spread"""",""""gather"""",""""stop""""]""	""[""""thrive"""",""""drive"""",""""tribe"""",""""three"""",""""throw""""]""	""[{""""word"""":""""prosper"""",""""note"""":""""特に仕事や生活がうまくいくとき""""}]""	""[{""""word"""":""""decline"""",""""note"""":""""衰える""""}]"""
500690	5	flourish	栄える	to grow or do very well	These flowers flourish in spring.	これらの花は春によく育つ。	verb	5	2	""[""""栄える"""",""""沈む"""",""""壊れる"""",""""隠れる"""",""""曲がる""""]""	""[""""flourish"""",""""sink"""",""""break"""",""""hide"""",""""bend""""]""	""[""""flourish"""",""""forest"""",""""finish"""",""""flower"""",""""foolish""""]""	""[{""""word"""":""""thrive"""",""""note"""":""""よく育つ、栄える""""}]""	""[{""""word"""":""""decline"""",""""note"""":""""衰える""""}]"""
500691	5	development	発達	growth or change into a better state	The development of the town was fast.	その町の発達は速かった。	noun	4	4	""[""""発達"""",""""減少"""",""""失敗"""",""""休息"""",""""出発""""]""	""[""""development"""",""""decrease"""",""""failure"""",""""rest"""",""""departure""""]""	""[""""development"""",""""department"""",""""discovery"""",""""government"""",""""movement""""]""	""[{""""word"""":""""growth"""",""""note"""":""""大きくなること""""}]""	""[{""""word"""":""""decline"""",""""note"""":""""発達・成長の反対""""}]"""
500692	5	evolution	進化	the slow change and development of living things or ideas over time	We learned about human evolution in science class.	私たちは理科の授業で人類の進化について学びました。	noun	5	3	""[""""進化"""",""""発明"""",""""成長"""",""""変化"""",""""発見""""]""	""[""""evolution"""",""""invention"""",""""growth"""",""""change"""",""""discovery""""]""	""[""""evolution"""",""""evaluation"""",""""revolution"""",""""solution"""",""""education""""]""	""[{""""word"""":""""development"""",""""note"""":""""より広い意味での発達""""}]""	[]"
500693	5	patrol	見回り	an act of going around an area to watch and protect it	The police made a patrol around the station.	警察は駅の周りを見回りしました。	noun	5	2	""[""""見回り"""",""""調査"""",""""警告"""",""""救助"""",""""訓練""""]""	""[""""patrol"""",""""survey"""",""""warning"""",""""rescue"""",""""training""""]""	""[""""patrol"""",""""petrol"""",""""pattern"""",""""parcel"""",""""paddle""""]""	""[{""""word"""":""""watch"""",""""note"""":""""見張りという近い意味""""}]""	[]"
500694	5	estimate	見積もる	to guess the size, cost, or number of something	We estimate the cost at 10,000 yen.	私たちはその費用を1万円と見積もる。	verb	5	3	""[""""見積もる"""",""""比較する"""",""""説明する"""",""""確認する"""",""""配達する""""]""	""[""""estimate"""",""""compare"""",""""explain"""",""""check"""",""""deliver""""]""	""[""""estimate"""",""""imitate"""",""""educate"""",""""separate"""",""""elevator""""]""	""[{""""word"""":""""guess"""",""""note"""":""""estimate のほうが少し客観的""""}]""	[]"
500695	5	assumption	思い込み	an idea accepted as true without proof	His assumption was wrong.	彼の思い込みは間違っていた。	noun	5	2	""[""""思い込み"""",""""提案"""",""""結論"""",""""証拠"""",""""意見""""]""	""[""""assumption"""",""""suggestion"""",""""conclusion"""",""""evidence"""",""""opinion""""]""	""[""""assumption"""",""""attention"""",""""addition"""",""""discussion"""",""""instruction""""]""	""[{""""word"""":""""belief"""",""""note"""":""""belief はより広い意味""""}]""	[]"
500696	5	hypothesis	仮説	an idea that may explain something but is not proved yet	The scientist tested his hypothesis in the lab.	その科学者は研究室で自分の仮説を検証した。	noun	5	2	""[""""仮説"""",""""予測"""",""""証拠"""",""""結論"""",""""理論""""]""	""[""""hypothesis"""",""""prediction"""",""""evidence"""",""""conclusion"""",""""theory""""]""	""[""""hypothesis"""",""""hypnotist"""",""""apology"""",""""analysis"""",""""historian""""]""	""[{""""word"""":""""theory"""",""""note"""":""""より広い意味で使うことが多い""""}]""	[]"
500697	5	speculate	推測する	to guess about something without knowing all the facts	Some people speculate about the cause of the fire.	その火事の原因について推測する人もいる。	verb	5	2	""[""""推測する"""",""""観察する"""",""""証明する"""",""""比較する"""",""""説明する""""]""	""[""""speculate"""",""""observe"""",""""prove"""",""""compare"""",""""explain""""]""	""[""""speculate"""",""""separate"""",""""celebrate"""",""""calculate"""",""""circulate""""]""	""[{""""word"""":""""guess"""",""""note"""":""""speculate のほうが少しかたい""""}]""	""[{""""word"""":""""prove"""",""""note"""":""""推測ではなく証明する""""}]"""
500698	5	prediction	予測	a statement about what will happen in the future	His prediction was correct.	彼の予測は正しかった。	noun	4	3	""[""""予測"""",""""仮説"""",""""結果"""",""""意見"""",""""方法""""]""	""[""""prediction"""",""""hypothesis"""",""""result"""",""""opinion"""",""""method""""]""	""[""""prediction"""",""""production"""",""""position"""",""""tradition"""",""""condition""""]""	""[{""""word"""":""""forecast"""",""""note"""":""""天気などにもよく使う""""}]""	[]"
500699	5	orientation	説明会	a meeting to give basic information	We had an orientation on the first day of school.	私たちは学校の初日に説明会を受けた。	noun	5	3	""[""""説明会"""",""""試験"""",""""遠足"""",""""宿題"""",""""面接""""]""	""[""""orientation"""",""""examination"""",""""trip"""",""""homework"""",""""interview""""]""	""[""""orientation"""",""""operation"""",""""invitation"""",""""vacation"""",""""station""""]""	""[{""""word"""":""""guidance"""",""""note"""":""""案内や説明の意味で近い""""}]""	[]"
500700	5	be accustomed to	〜に慣れている	to be used to something	I am accustomed to getting up early.	私は早起きすることに慣れている。	verb	5	3	""[""""〜に慣れている"""",""""〜を恐れている"""",""""〜に興味がある"""",""""〜に反対している"""",""""〜に驚いている""""]""	""[""""be accustomed to"""",""""be afraid of"""",""""be interested in"""",""""be against"""",""""be surprised at""""]""	""[""""be accustomed to"""",""""be connected to"""",""""be close to"""",""""be kind to"""",""""be ready to""""]""	""[{""""word"""":""""be used to"""",""""note"""":""""より基本的な言い方""""}]""	[]"
500701	5	corridor	廊下	a long passage inside a building	The students ran down the corridor.	生徒たちは廊下を走っていった。	noun	5	3	""[""""廊下"""",""""階段"""",""""教室"""",""""玄関"""",""""屋根""""]""	""[""""corridor"""",""""staircase"""",""""classroom"""",""""entrance"""",""""roof""""]""	""[""""corridor"""",""""calendar"""",""""customer"""",""""corner"""",""""color""""]""	""[{""""word"""":""""hallway"""",""""note"""":""""特に米語でよく使う""""}]""	[]"
500702	5	craft	工芸	skill in making things by hand	She learned a traditional craft at school.	彼女は学校で伝統的な工芸を学んだ。	noun	5	3	""[""""工芸"""",""""農業"""",""""産業"""",""""機械"""",""""材料""""]""	""[""""craft"""",""""industry"""",""""machine"""",""""material"""",""""farming""""]""	""[""""craft"""",""""crab"""",""""crack"""",""""clap"""",""""draft""""]""	""[{""""word"""":""""art"""",""""note"""":""""芸術全般。craft は手作りの技術や作品""""}]""	[]"
500703	5	simultaneous	同時の	happening at the same time	The two events were simultaneous.	その二つの出来事は同時に起こった。	adjective	8	2	""[""""同時の"""",""""突然の"""",""""定期的な"""",""""一時的な"""",""""最終の""""]""	""[""""simultaneous"""",""""sudden"""",""""regular"""",""""temporary"""",""""final""""]""	""[""""simultaneous"""",""""similar"""",""""serious"""",""""simple"""",""""silent""""]""	""[{""""word"""":""""same-time"""",""""note"""":""""説明的表現。意味の理解用""""}]""	""[{""""word"""":""""separate"""",""""note"""":""""同時ではなく別々の""""}]"""
500704	5	arise	生じる	to happen or begin to exist	A problem may arise during the trip.	旅行中に問題が生じるかもしれない。	verb	7	3	""[""""生じる"""",""""続く"""",""""防ぐ"""",""""解決する"""",""""変化する""""]""	""[""""arise"""",""""continue"""",""""prevent"""",""""solve"""",""""change""""]""	""[""""arise"""",""""arrive"""",""""alive"""",""""around"""",""""allow""""]""	""[{""""word"""":""""happen"""",""""note"""":""""より基本的な語""""},{""""word"""":""""occur"""",""""note"""":""""ややかたい表現""""}]""	[]"
500705	5	come about	起こる	to happen	How did this accident come about?	この事故はどうして起こったのですか。	verb	5	3	""[""""起こる"""",""""続く"""",""""広がる"""",""""変わる"""",""""戻る""""]""	""[""""come about"""",""""continue"""",""""spread"""",""""change"""",""""return""""]""	""[""""come about"""",""""come around"""",""""go about"""",""""talk about"""",""""turn around""""]""	""[{""""word"""":""""happen"""",""""note"""":""""最も基本的な言い方""""}]""	[]"
500706	5	subsequent	その後の	coming later or after something	Subsequent events changed our plan.	その後の出来事で私たちの計画は変わった。	adjective	6	2	""[""""その後の"""",""""以前の"""",""""現在の"""",""""最後の"""",""""主要な""""]""	""[""""subsequent"""",""""previous"""",""""current"""",""""final"""",""""main""""]""	""[""""subsequent"""",""""frequent"""",""""different"""",""""sufficient"""",""""significant""""]""	""[{""""word"""":""""later"""",""""note"""":""""より基本的な語""""}]""	""[{""""word"""":""""previous"""",""""note"""":""""前の""""}]"""
500707	5	everyday	毎日の	used or happening each day; ordinary	This bag is good for everyday use.	このかばんは毎日の使用に向いています。	adjective	4	4	""[""""毎日の"""",""""毎週の"""",""""毎月の"""",""""特別な"""",""""短時間の""""]""	""[""""everyday"""",""""weekly"""",""""monthly"""",""""special"""",""""short""""]""	""[""""everyday"""",""""everyone"""",""""everything"""",""""everywhere"""",""""holiday""""]""	""[{""""word"""":""""daily"""",""""note"""":""""毎日の""""}]""	""[{""""word"""":""""special"""",""""note"""":""""特別な""""}]"""
500708	5	sudden	突然の	happening quickly and unexpectedly	A sudden rain started in the afternoon.	午後に突然の雨が降り始めた。	adjective	5	3	""[""""突然の"""",""""静かな"""",""""安全な"""",""""重要な"""",""""有名な""""]""	""[""""sudden"""",""""quiet"""",""""safe"""",""""important"""",""""famous""""]""	""[""""sudden"""",""""southern"""",""""student"""",""""summer"""",""""Sunday""""]""	""[{""""word"""":""""unexpected"""",""""note"""":""""予期しないという意味""""}]""	""[{""""word"""":""""gradual"""",""""note"""":""""少しずつ起こる""""}]"""
500709	5	be content with	～に満足している	to be happy enough with something	She is content with her simple life.	彼女は自分の質素な生活に満足している。	verb	6	2	""[""""～に満足している"""",""""～を心配している"""",""""～に反対している"""",""""～を探している"""",""""～に驚いている""""]""	""[""""be content with"""",""""worry about"""",""""be against"""",""""look for"""",""""be surprised at""""]""	""[""""be content with"""",""""be careful with"""",""""be covered with"""",""""be connected to"""",""""be concerned about""""]""	""[{""""word"""":""""be satisfied with"""",""""note"""":""""より一般的な言い方""""}]""	""[{""""word"""":""""be dissatisfied with"""",""""note"""":""""不満である""""}]"""
500710	5	dilemma	板ばさみ	a difficult choice between two things	He faced a dilemma about his future.	彼は将来について板ばさみの状態だった。	noun	6	2	""[""""板ばさみ"""",""""約束"""",""""習慣"""",""""方法"""",""""意見""""]""	""[""""dilemma"""",""""promise"""",""""habit"""",""""method"""",""""opinion""""]""	""[""""dilemma"""",""""cinema"""",""""camera"""",""""dinner"""",""""dollar""""]""	""[{""""word"""":""""problem"""",""""note"""":""""より広い意味の語""""}]""	[]"
500711	5	hardship	苦難	a difficult condition in life	The family faced great hardship after the fire.	その家族は火事のあと大きな苦難に直面した。	noun	5	3	""[""""苦難"""",""""成功"""",""""平和"""",""""希望"""",""""快適さ""""]""	""[""""hardship"""",""""success"""",""""peace"""",""""hope"""",""""comfort""""]""	""[""""hardship"""",""""hardly"""",""""partly"""",""""friendship"""",""""hardness""""]""	""[{""""word"""":""""difficulty"""",""""note"""":""""より広い意味の「困難」""""},{""""word"""":""""trouble"""",""""note"""":""""日常的な「困りごと」""""}]""	""[{""""word"""":""""comfort"""",""""note"""":""""苦しさがない楽な状態""""},{""""word"""":""""ease"""",""""note"""":""""苦労のない状態""""}]"""
500712	5	scarce	不足している	not enough; hard to find	Clean water is scarce in that area.	その地域ではきれいな水が不足している。	adjective	5	3	""[""""不足している"""",""""豊富な"""",""""安全な"""",""""高価な"""",""""有名な""""]""	""[""""scarce"""",""""plentiful"""",""""safe"""",""""expensive"""",""""famous""""]""	""[""""scarce"""",""""scarf"""",""""scale"""",""""scare"""",""""school""""]""	""[{""""word"""":""""limited"""",""""note"""":""""量が限られている""""},{""""word"""":""""rare"""",""""note"""":""""数が少なく見つけにくい""""}]""	""[{""""word"""":""""plentiful"""",""""note"""":""""十分にたくさんある""""},{""""word"""":""""abundant"""",""""note"""":""""豊富である""""}]"""
500713	5	unpredictable	予測できない	not able to be known before it happens	The weather here is unpredictable in spring.	ここの天気は春には予測できない。	adjective	6	3	""[""""予測できない"""",""""静かな"""",""""危険な"""",""""正確な"""",""""単純な""""]""	""[""""unpredictable"""",""""quiet"""",""""dangerous"""",""""accurate"""",""""simple""""]""	""[""""unpredictable"""",""""understandable"""",""""unbelievable"""",""""uncomfortable"""",""""unusual""""]""	""[{""""word"""":""""uncertain"""",""""note"""":""""はっきり決まっていない""""},{""""word"""":""""changeable"""",""""note"""":""""変わりやすい""""}]""	""[{""""word"""":""""predictable"""",""""note"""":""""予測しやすい""""},{""""word"""":""""certain"""",""""note"""":""""確かである""""}]"""
500714	5	awkward	気まずい	feeling uncomfortable or embarrassing	There was an awkward silence in the room.	部屋には気まずい沈黙があった。	adjective	5	3	""[""""気まずい"""",""""危険な"""",""""退屈な"""",""""静かな"""",""""不公平な""""]""	""[""""awkward"""",""""dangerous"""",""""boring"""",""""quiet"""",""""unfair""""]""	""[""""awkward"""",""""upward"""",""""orchard"""",""""order"""",""""actor""""]""	""[{""""word"""":""""embarrassing"""",""""note"""":""""恥ずかしい感じを強く表す""""}]""	""[{""""word"""":""""comfortable"""",""""note"""":""""気楽な・居心地のよい""""}]"""
500715	5	slippery	滑りやすい	easy to slide on and hard to walk on	Be careful on the slippery road.	滑りやすい道路に気をつけて。	adjective	4	3	""[""""滑りやすい"""",""""狭い"""",""""深い"""",""""柔らかい"""",""""乾いた""""]""	""[""""slippery"""",""""narrow"""",""""deep"""",""""soft"""",""""dry""""]""	""[""""slippery"""",""""slipper"""",""""sleepy"""",""""slimy"""",""""slightly""""]""	[]	""[{""""word"""":""""rough"""",""""note"""":""""表面がざらざらした""""},{""""word"""":""""dry"""",""""note"""":""""ぬれていない""""}]"""
500716	5	qualified	資格がある	having the right skills or training for something	She is qualified for the job.	彼女はその仕事をする資格がある。	adjective	5	3	""[""""資格がある"""",""""有名な"""",""""正直な"""",""""慎重な"""",""""満足した""""]""	""[""""qualified"""",""""famous"""",""""honest"""",""""careful"""",""""satisfied""""]""	""[""""qualified"""",""""quality"""",""""quiet"""",""""questioned"""",""""quickly""""]""	""[{""""word"""":""""trained"""",""""note"""":""""訓練を受けた状態に近い""""}]""	""[{""""word"""":""""unqualified"""",""""note"""":""""資格がない""""}]"""
500717	5	hostility	敵意	strong unfriendly feeling toward someone	His words showed hostility toward the new student.	彼の言葉にはその新入生への敵意が表れていた。	noun	5	2	""[""""敵意"""",""""友情"""",""""好奇心"""",""""安心"""",""""敬意""""]""	""[""""hostility"""",""""friendship"""",""""curiosity"""",""""respect"""",""""peace""""]""	""[""""hostility"""",""""hospital"""",""""history"""",""""honesty"""",""""holiday""""]""	""[{""""word"""":""""hatred"""",""""note"""":""""より強い「憎しみ」""""}]""	""[{""""word"""":""""friendliness"""",""""note"""":""""親しみのある態度""""}]"""
500718	5	racism	人種差別	unfair treatment based on race	We must work together to end racism.	私たちは人種差別をなくすために協力しなければならない。	noun	5	3	""[""""人種差別"""",""""偏見"""",""""平等"""",""""自由"""",""""暴力""""]""	""[""""racism"""",""""prejudice"""",""""equality"""",""""freedom"""",""""violence""""]""	""[""""racism"""",""""raising"""",""""racing"""",""""reason"""",""""region""""]""	""[{""""word"""":""""prejudice"""",""""note"""":""""より広い意味の「偏見」""""}]""	""[{""""word"""":""""equality"""",""""note"""":""""平等であること""""}]"""
500719	5	give birth to	を産む	to have a baby	She gave birth to a healthy baby last week.	彼女は先週、元気な赤ちゃんを産んだ。	verb	5	3	""[""""を産む"""",""""を育てる"""",""""を助ける"""",""""を守る"""",""""を訪ねる""""]""	""[""""give birth to"""",""""raise"""",""""help"""",""""protect"""",""""visit""""]""	""[""""give birth to"""",""""give back to"""",""""get close to"""",""""go next to"""",""""come home to""""]""	""[{""""word"""":""""bear"""",""""note"""":""""やや硬い表現""""}]""	[]"
500720	5	get along	仲良くやっていく	to have a good relationship with someone	I get along with my classmates.	私はクラスメートと仲良くやっている。	verb	5	3	""[""""仲良くやっていく"""",""""あきらめる"""",""""片づける"""",""""外出する"""",""""参加する""""]""	""[""""get along"""",""""give up"""",""""clean up"""",""""go out"""",""""join in""""]""	""[""""get along"""",""""get around"""",""""get away"""",""""go along"""",""""come along""""]""	""[{""""word"""":""""be friendly with"""",""""note"""":""""やや説明的だが意味が近い""""}]""	""[{""""word"""":""""fight"""",""""note"""":""""仲良くせず争う""""}]"""
500721	5	think of	思いつく	to have an idea or bring something to mind	Can you think of a good name?	よい名前を思いつけますか。	verb	5	4	""[""""思いつく"""",""""持ち上げる"""",""""書き写す"""",""""呼び戻す"""",""""引き返す""""]""	""[""""think of"""",""""pick up"""",""""copy down"""",""""call back"""",""""turn back""""]""	""[""""think of"""",""""think over"""",""""thank for"""",""""thing of"""",""""sink in""""]""	""[{""""word"""":""""come up with"""",""""note"""":""""案を出すときに近い""""}]""	[]"
500722	5	run out	なくなる	to have no more of something left	We ran out of milk this morning.	私たちは今朝、牛乳がなくなった。	verb	5	4	""[""""なくなる"""",""""拾い上げる"""",""""書き留める"""",""""呼び返す"""",""""引き返す""""]""	""[""""run out"""",""""pick up"""",""""write down"""",""""call back"""",""""turn back""""]""	""[""""run out"""",""""run over"""",""""come out"""",""""turn out"""",""""walk out""""]""	""[{""""word"""":""""be used up"""",""""note"""":""""使い切ってなくなる""""}]""	""[{""""word"""":""""remain"""",""""note"""":""""まだ残っている""""}]"""
500723	5	wear	身につける	to have clothes or shoes on your body	I usually wear a hat in summer.	私はたいてい夏に帽子を身につけます。	verb	5	5	""[""""身につける"""",""""洗う"""",""""作る"""",""""選ぶ"""",""""脱ぐ""""]""	""[""""wear"""",""""wash"""",""""make"""",""""choose"""",""""take off""""]""	""[""""wear"""",""""where"""",""""were"""",""""warm"""",""""word""""]""	""[{""""word"""":""""put on"""",""""note"""":""""着る動作を表すことが多い""""}]""	""[{""""word"""":""""take off"""",""""note"""":""""衣服などを脱ぐ""""}]"""
500724	5	colorful	色彩豊かな	having many bright colors	She wore a colorful dress at the party.	彼女はパーティーで色彩豊かなドレスを着ていました。	adjective	5	4	""[""""色彩豊かな"""",""""暗い"""",""""静かな"""",""""柔らかい"""",""""狭い""""]""	""[""""colorful"""",""""dark"""",""""quiet"""",""""soft"""",""""narrow""""]""	""[""""colorful"""",""""careful"""",""""wonderful"""",""""powerful"""",""""color""""]""	""[{""""word"""":""""bright"""",""""note"""":""""明るい色の感じが強い""""}]""	""[{""""word"""":""""plain"""",""""note"""":""""地味な、飾り気のない""""}]"""
500725	5	varied	さまざまな	including many different kinds	The shop sells varied kinds of bread.	その店はいろいろな種類のパンを売っています。	adjective	6	3	""[""""さまざまな"""",""""同じ"""",""""簡単な"""",""""短い"""",""""安全な""""]""	""[""""varied"""",""""same"""",""""easy"""",""""short"""",""""safe""""]""	""[""""varied"""",""""buried"""",""""carried"""",""""married"""",""""valid""""]""	""[{""""word"""":""""different"""",""""note"""":""""より基本的な語""""},{""""word"""":""""various"""",""""note"""":""""やや書き言葉で使う""""}]""	""[{""""word"""":""""same"""",""""note"""":""""同じ""""}]"""
500726	5	spacious	広々とした	having a lot of space	The hotel room was spacious and clean.	そのホテルの部屋は広々としていて清潔だった。	adjective	5	3	""[""""広々とした"""",""""狭い"""",""""静かな"""",""""明るい"""",""""古い""""]""	""[""""spacious"""",""""narrow"""",""""quiet"""",""""bright"""",""""old""""]""	""[""""spacious"""",""""special"""",""""station"""",""""Spanish"""",""""space""""]""	""[{""""word"""":""""roomy"""",""""note"""":""""ややくだけた表現""""}]""	""[{""""word"""":""""narrow"""",""""note"""":""""幅や空間がせまい""""}]"""
500727	5	be equipped with	～を備えている	to have something useful as part of it	The classroom is equipped with new computers.	その教室は新しいコンピューターを備えている。	verb	5	3	""[""""～を備えている"""",""""～を必要とする"""",""""～を修理する"""",""""～を運ぶ"""",""""～を選ぶ""""]""	""[""""be equipped with"""",""""need"""",""""repair"""",""""carry"""",""""choose""""]""	""[""""be equipped with"""",""""be excited about"""",""""be careful with"""",""""be covered with"""",""""be connected to""""]""	[]	[]"
500728	5	be possessed of	～を持っている	to have a quality or ability	She is possessed of great patience.	彼女は大きな忍耐力を持っている。	verb	6	1	""[""""～を持っている"""",""""～を失う"""",""""～を求める"""",""""～を示す"""",""""～を学ぶ""""]""	""[""""be possessed of"""",""""lose"""",""""seek"""",""""show"""",""""learn""""]""	""[""""be possessed of"""",""""be protective of"""",""""be proud of"""",""""be part of"""",""""be fond of""""]""	[]	[]"
500729	5	cure A of B	AのBを治す	to make someone or something free from a disease or problem	This medicine can cure him of the disease.	この薬は彼の病気を治すことができます。	verb	5	2	""[""""AのBを治す"""",""""AにBを与える"""",""""AからBを隠す"""",""""AをBに変える"""",""""AにBを見せる""""]""	""[""""cure A of B"""",""""give A B"""",""""hide B from A"""",""""change A into B"""",""""show A B""""]""	""[""""cure A of B"""",""""care for"""",""""call up"""",""""cut off"""",""""come back""""]""	[]	[]"
500730	5	greenhouse effect	温室効果	the warming of the earth caused by gases in the air	The greenhouse effect is making the Earth warmer.	温室効果によって地球はより暖かくなっている。	noun	5	3	""[""""温室効果"""",""""地球温暖化"""",""""大気汚染"""",""""酸性雨"""",""""森林破壊""""]""	""[""""greenhouse effect"""",""""global warming"""",""""air pollution"""",""""acid rain"""",""""deforestation""""]""	""[""""greenhouse effect"""",""""green light"""",""""great effect"""",""""glasshouse"""",""""ground effect""""]""	[]	[]"
500731	5	paradise	楽園	a perfect or very beautiful place	The island looked like paradise.	その島は楽園のように見えた。	noun	5	3	""[""""楽園"""",""""砂漠"""",""""谷"""",""""洞窟"""",""""島""""]""	""[""""paradise"""",""""desert"""",""""valley"""",""""cave"""",""""island""""]""	""[""""paradise"""",""""pair of dice"""",""""parrot"""",""""practice"""",""""promise""""]""	""[{""""word"""":""""heaven"""",""""note"""":""""宗教的な意味で使うことが多い""""}]""	[]"
500732	5	burden	負担	something heavy or difficult to carry or deal with	The heavy bag was a burden to her.	その重いかばんは彼女にとって負担だった。	noun	5	3	""[""""負担"""",""""責任"""",""""努力"""",""""危険"""",""""習慣""""]""	""[""""burden"""",""""effort"""",""""danger"""",""""habit"""",""""choice""""]""	""[""""burden"""",""""garden"""",""""button"""",""""bottom"""",""""border""""]""	""[{""""word"""":""""load"""",""""note"""":""""物理的な重さの意味で近い""""}]""	""[{""""word"""":""""relief"""",""""note"""":""""負担が軽くなること""""}]"""
500733	5	grip	しっかり握る	to hold something tightly	Grip the handle with both hands.	両手で取っ手をしっかり握りなさい。	verb	4	4	""[""""しっかり握る"""",""""押す"""",""""引く"""",""""投げる"""",""""運ぶ""""]""	""[""""grip"""",""""push"""",""""pull"""",""""throw"""",""""carry""""]""	""[""""grip"""",""""trip"""",""""clip"""",""""great"""",""""green""""]""	""[{""""word"""":""""hold"""",""""note"""":""""より広い意味で「持つ」""""}]""	""[{""""word"""":""""release"""",""""note"""":""""手を離すこと""""}]"""
500734	5	contribution	貢献	something you do or give to help	Her contribution helped the team a lot.	彼女の貢献はチームをとても助けた。	noun	6	3	""[""""貢献"""",""""提案"""",""""経験"""",""""挑戦"""",""""意見""""]""	""[""""contribution"""",""""proposal"""",""""experience"""",""""challenge"""",""""opinion""""]""	""[""""contribution"""",""""condition"""",""""conversation"""",""""competition"""",""""connection""""]""	""[{""""word"""":""""help"""",""""note"""":""""より基本的な語""""}]""	[]"
500735	5	assistance	援助	help for someone	Thank you for your assistance.	ご援助ありがとうございます。	noun	5	3	""[""""援助"""",""""努力"""",""""経験"""",""""提案"""",""""計画""""]""	""[""""assistance"""",""""effort"""",""""experience"""",""""suggestion"""",""""plan""""]""	""[""""assistance"""",""""distance"""",""""instance"""",""""assistant"""",""""existence""""]""	""[{""""word"""":""""help"""",""""note"""":""""より基本的な語""""},{""""word"""":""""support"""",""""note"""":""""支える助け""""}]""	[]"
500736	5	aid	援助	help given to someone	The country sent aid after the storm.	その国は嵐の後に援助を送った。	noun	4	4	""[""""援助"""",""""被害"""",""""収入"""",""""意見"""",""""方法""""]""	""[""""aid"""",""""damage"""",""""income"""",""""opinion"""",""""method""""]""	""[""""aid"""",""""age"""",""""aim"""",""""add"""",""""end""""]""	""[{""""word"""":""""help"""",""""note"""":""""最も基本的な語""""},{""""word"""":""""support"""",""""note"""":""""支える助け""""}]""	[]"
500737	5	assistant	助手	a person who helps someone	She works as a shop assistant.	彼女は店員として働いている。	noun	4	4	""[""""助手"""",""""客"""",""""店長"""",""""選手"""",""""画家""""]""	""[""""assistant"""",""""customer"""",""""manager"""",""""player"""",""""artist""""]""	""[""""assistant"""",""""distant"""",""""instant"""",""""important"""",""""accident""""]""	""[{""""word"""":""""helper"""",""""note"""":""""助ける人""""}]""	[]"
500738	5	unseen	見えない	not seen or not visible	The bird stayed unseen in the trees.	その鳥は木々の中にいて見えなかった。	adjective	5	2	""[""""見えない"""",""""静かな"""",""""危険な"""",""""有名な"""",""""必要な""""]""	""[""""unseen"""",""""silent"""",""""dangerous"""",""""famous"""",""""necessary""""]""	""[""""unseen"""",""""unclean"""",""""unsafe"""",""""indeed"""",""""between""""]""	""[{""""word"""":""""invisible"""",""""note"""":""""よりはっきり「見えない」""""}]""	""[{""""word"""":""""visible"""",""""note"""":""""見える""""}]"""
500739	5	out of sight	見えない所に	in a place where you cannot see it	The ship soon went out of sight.	その船はすぐに見えない所へ行った。	adverb	5	3	""[""""見えない所に"""",""""家の中に"""",""""道の上に"""",""""手の中に"""",""""学校の前に""""]""	""[""""out of sight"""",""""at home"""",""""on the road"""",""""in hand"""",""""in front of the school""""]""	""[""""out of sight"""",""""out of time"""",""""outside"""",""""on the side"""",""""at night""""]""	[]	""[{""""word"""":""""in sight"""",""""note"""":""""見える所に""""}]"""
500740	5	implication	含み	a meaning that is suggested but not said directly	His words had a strange implication.	彼の言葉には奇妙な含みがあった。	noun	6	2	""[""""含み"""",""""結果"""",""""方法"""",""""意見"""",""""理由""""]""	""[""""implication"""",""""result"""",""""method"""",""""opinion"""",""""reason""""]""	""[""""implication"""",""""application"""",""""invitation"""",""""operation"""",""""education""""]""	""[{""""word"""":""""suggestion"""",""""note"""":""""それとなく示す意味""""}]""	[]"
500741	5	conceal	隠す	to hide something from others	He tried to conceal the truth.	彼は真実を隠そうとした。	verb	5	2	""[""""隠す"""",""""示す"""",""""集める"""",""""運ぶ"""",""""壊す""""]""	""[""""conceal"""",""""show"""",""""collect"""",""""carry"""",""""break""""]""	""[""""conceal"""",""""concern"""",""""concert"""",""""control"""",""""contain""""]""	""[{""""word"""":""""hide"""",""""note"""":""""より基本的な語""""}]""	""[{""""word"""":""""reveal"""",""""note"""":""""隠していたものを見せる""""}]"""
500742	5	cover up	隠す	to hide something bad or secret	They tried to cover up the mistake.	彼らはそのミスを隠そうとした。	verb	5	2	""[""""隠す"""",""""認める"""",""""直す"""",""""調べる"""",""""説明する""""]""	""[""""cover up"""",""""admit"""",""""fix"""",""""check"""",""""explain""""]""	""[""""cover up"""",""""come up"""",""""color"""",""""corner"""",""""camera""""]""	""[{""""word"""":""""hide"""",""""note"""":""""より広い意味で使う""""},{""""word"""":""""conceal"""",""""note"""":""""ややかたい語""""}]""	""[{""""word"""":""""reveal"""",""""note"""":""""隠さず明らかにする""""}]"""
500743	5	proficiency	熟達	a high level of skill	She showed proficiency in English.	彼女は英語に熟達していることを示した。	noun	5	2	""[""""熟達"""",""""努力"""",""""興味"""",""""方法"""",""""結果""""]""	""[""""proficiency"""",""""effort"""",""""interest"""",""""method"""",""""result""""]""	""[""""proficiency"""",""""property"""",""""professor"""",""""protect"""",""""project""""]""	""[{""""word"""":""""skill"""",""""note"""":""""より基本的な語""""}]""	[]"
500744	5	altitude	高度	the height of something above sea level	The plane flew at a high altitude.	その飛行機は高い高度を飛んだ。	noun	5	3	""[""""高度"""",""""深さ"""",""""速さ"""",""""温度"""",""""角度""""]""	""[""""altitude"""",""""depth"""",""""speed"""",""""temperature"""",""""angle""""]""	""[""""altitude"""",""""attitude"""",""""aptitude"""",""""latitude"""",""""magnitude""""]""	""[{""""word"""":""""height"""",""""note"""":""""一般的な「高さ」""""}]""	[]"
500745	5	priceless	非常に貴重な	very valuable and impossible to replace	This old photo is priceless to my family.	この古い写真は私の家族にとって非常に貴重だ。	adjective	5	3	""[""""非常に貴重な"""",""""高価な"""",""""安い"""",""""便利な"""",""""有名な""""]""	""[""""priceless"""",""""expensive"""",""""cheap"""",""""useful"""",""""famous""""]""	""[""""priceless"""",""""pricey"""",""""careless"""",""""hopeless"""",""""wireless""""]""	""[{""""word"""":""""valuable"""",""""note"""":""""価値がある""""},{""""word"""":""""precious"""",""""note"""":""""大切で貴重""""}]""	""[{""""word"""":""""worthless"""",""""note"""":""""価値がない""""}]"""
500746	5	imply	ほのめかす	to suggest something without saying it directly	His smile seemed to imply a yes.	彼のほほえみはイエスだとほのめかしているようだった。	verb	5	3	""[""""ほのめかす"""",""""説明する"""",""""否定する"""",""""繰り返す"""",""""選ぶ""""]""	""[""""imply"""",""""explain"""",""""deny"""",""""repeat"""",""""choose""""]""	""[""""imply"""",""""apply"""",""""reply"""",""""improve"""",""""empty""""]""	""[{""""word"""":""""suggest"""",""""note"""":""""やや一般的な語""""}]""	""[{""""word"""":""""state"""",""""note"""":""""はっきり述べる""""}]"""
500747	5	clue	手がかり	something that helps you find an answer	The police found a clue in the room.	警察はその部屋で手がかりを見つけた。	noun	5	3	""[""""手がかり"""",""""証拠"""",""""秘密"""",""""答え"""",""""地図""""]""	""[""""clue"""",""""proof"""",""""secret"""",""""answer"""",""""map""""]""	""[""""clue"""",""""crew"""",""""clean"""",""""cloud"""",""""blue""""]""	""[{""""word"""":""""hint"""",""""note"""":""""答えを考える助けになる語""""}]""	[]"
500748	5	recruit	募集する	to find new people to join a group or job	The company will recruit new workers next month.	その会社は来月新しい従業員を募集する。	verb	6	2	""[""""募集する"""",""""訓練する"""",""""雇う"""",""""選ぶ"""",""""紹介する""""]""	""[""""recruit"""",""""train"""",""""hire"""",""""choose"""",""""introduce""""]""	""[""""recruit"""",""""repeat"""",""""reduce"""",""""record"""",""""receive""""]""	""[{""""word"""":""""hire"""",""""note"""":""""hire は雇うこと、recruit は募集して集めること""""}]""	[]"
500749	5	tap	軽くたたく	to hit something gently with your hand or finger	She tapped my shoulder at the station.	彼女は駅で私の肩を軽くたたいた。	verb	4	4	""[""""軽くたたく"""",""""押す"""",""""引く"""",""""つかむ"""",""""投げる""""]""	""[""""tap"""",""""push"""",""""pull"""",""""grab"""",""""throw""""]""	""[""""tap"""",""""cap"""",""""map"""",""""top"""",""""tip""""]""	""[{""""word"""":""""pat"""",""""note"""":""""pat はやさしくぽんとたたく""""}]""	[]"
500750	5	bump	ぶつかる	to hit something by accident	I bump into the table in the dark.	私は暗闇でテーブルにぶつかる。	verb	5	3	""[""""ぶつかる"""",""""押す"""",""""引く"""",""""運ぶ"""",""""投げる""""]""	""[""""bump"""",""""push"""",""""pull"""",""""carry"""",""""throw""""]""	""[""""bump"""",""""dump"""",""""jump"""",""""bank"""",""""lamp""""]""	""[{""""word"""":""""hit"""",""""note"""":""""より広い意味で「当たる」""""}]""	[]"
500751	5	beat	打ち負かす	to win against someone	Our team can beat them today.	私たちのチームは今日、彼らに勝てる。	verb	5	4	""[""""打ち負かす"""",""""助ける"""",""""招く"""",""""選ぶ"""",""""訪れる""""]""	""[""""beat"""",""""help"""",""""invite"""",""""choose"""",""""visit""""]""	""[""""beat"""",""""bit"""",""""beach"""",""""bean"""",""""bet""""]""	""[{""""word"""":""""defeat"""",""""note"""":""""ややかたい語""""}]""	""[{""""word"""":""""lose"""",""""note"""":""""試合などで負ける""""}]"""
500752	5	clip	はさむ	to fasten things together with a clip	Please clip these papers together.	これらの紙をいっしょにはさんでください。	verb	5	2	""[""""はさむ"""",""""折る"""",""""数える"""",""""洗う"""",""""集める""""]""	""[""""clip"""",""""fold"""",""""count"""",""""wash"""",""""collect""""]""	""[""""clip"""",""""slip"""",""""clap"""",""""click"""",""""climb""""]""	""[{""""word"""":""""fasten"""",""""note"""":""""しっかり留める""""}]""	""[{""""word"""":""""separate"""",""""note"""":""""別々にする""""}]"""
500753	5	cling	しがみつく	to hold onto something tightly	The child tried to cling to his mother.	その子どもは母親にしがみつこうとした。	verb	5	3	""[""""しがみつく"""",""""押す"""",""""引く"""",""""投げる"""",""""運ぶ""""]""	""[""""cling"""",""""push"""",""""pull"""",""""throw"""",""""carry""""]""	""[""""cling"""",""""clean"""",""""king"""",""""clip"""",""""clock""""]""	""[{""""word"""":""""hold on"""",""""note"""":""""しっかりつかまる""""}]""	""[{""""word"""":""""let go"""",""""note"""":""""手を離す""""}]"""
500754	5	cavity	空洞	an empty space inside something	The old tree had a cavity in its trunk.	その古い木の幹には空洞があった。	noun	6	2	""[""""空洞"""",""""表面"""",""""角"""",""""列"""",""""底""""]""	""[""""cavity"""",""""surface"""",""""corner"""",""""row"""",""""bottom""""]""	""[""""cavity"""",""""gravity"""",""""calmly"""",""""cabinet"""",""""capture""""]""	""[{""""word"""":""""hole"""",""""note"""":""""より一般的な語""""}]""	[]"
500755	5	habitat	生息地	the natural home of an animal or plant	This forest is a habitat for many birds.	この森は多くの鳥の生息地です。	noun	6	3	""[""""生息地"""",""""気候"""",""""植物"""",""""砂漠"""",""""島""""]""	""[""""habitat"""",""""climate"""",""""plant"""",""""desert"""",""""island""""]""	""[""""habitat"""",""""holiday"""",""""helmet"""",""""hospital"""",""""harmony""""]""	""[{""""word"""":""""home"""",""""note"""":""""文脈によって近い意味""""}]""	[]"
500756	5	housing	住宅	buildings or places for people to live in	The city needs more housing for young families.	その市には若い家族のための住宅がもっと必要です。	noun	3	3	""[""""住宅"""",""""教育"""",""""交通"""",""""医療"""",""""環境""""]""	""[""""housing"""",""""education"""",""""traffic"""",""""medicine"""",""""environment""""]""	""[""""housing"""",""""houses"""",""""thousand"""",""""closing"""",""""washing""""]""	""[{""""word"""":""""homes"""",""""note"""":""""日常的な言い方""""},{""""word"""":""""residence"""",""""note"""":""""ややかたい語""""}]""	[]"
500757	5	frank	率直な	honest and direct in what you say	She was frank about her mistake.	彼女は自分のまちがいについて率直だった。	adjective	3	3	""[""""率直な"""",""""親切な"""",""""静かな"""",""""陽気な"""",""""慎重な""""]""	""[""""frank"""",""""kind"""",""""quiet"""",""""cheerful"""",""""careful""""]""	""[""""frank"""",""""front"""",""""fresh"""",""""flat"""",""""flag""""]""	""[{""""word"""":""""honest"""",""""note"""":""""うそをつかない感じが強い""""},{""""word"""":""""direct"""",""""note"""":""""遠回しでない言い方""""}]""	""[{""""word"""":""""shy"""",""""note"""":""""はっきり言わないことが多い""""},{""""word"""":""""dishonest"""",""""note"""":""""正直でない""""}]"""
500758	5	to tell the truth	実を言うと	used when saying what is really true	To tell the truth, I was nervous.	実を言うと、私は緊張していました。	adverb	3	3	""[""""実を言うと"""",""""その結果"""",""""たとえば"""",""""突然"""",""""今のところ""""]""	""[""""to tell the truth"""",""""as a result"""",""""for example"""",""""suddenly"""",""""for now""""]""	""[""""to tell the truth"""",""""to say the word"""",""""to take the train"""",""""to read the book"""",""""to close the door""""]""	""[{""""word"""":""""honestly"""",""""note"""":""""文頭で近い意味で使える""""}]""	[]"
500759	5	dignity	尊厳	the quality of being calm, worthy, and respected	She faced the problem with dignity.	彼女は尊厳を持ってその問題に立ち向かった。	noun	5	2	""[""""尊厳"""",""""勇気"""",""""名声"""",""""礼儀"""",""""誇り""""]""	""[""""dignity"""",""""courage"""",""""fame"""",""""manner"""",""""pride""""]""	""[""""dignity"""",""""digging"""",""""destiny"""",""""signal"""",""""activity""""]""	""[{""""word"""":""""pride"""",""""note"""":""""よい意味では自尊心""""}]""	""[{""""word"""":""""shame"""",""""note"""":""""恥、不名誉""""}]"""
500760	5	addict	中毒者	a person who cannot stop using or doing something	He is a video game addict.	彼はテレビゲーム中毒者です。	noun	5	3	""[""""中毒者"""",""""患者"""",""""愛好家"""",""""店員"""",""""選手""""]""	""[""""addict"""",""""patient"""",""""fan"""",""""clerk"""",""""player""""]""	""[""""addict"""",""""adult"""",""""adopt"""",""""effect"""",""""attack""""]""	[]	[]"
500761	5	dream of	を夢見る	to hope for something very much	I dream of becoming a pilot.	私はパイロットになることを夢見ています。	verb	4	3	""[""""を夢見る"""",""""を望む"""",""""を計画する"""",""""を避ける"""",""""を学ぶ""""]""	""[""""dream of"""",""""hope for"""",""""plan"""",""""avoid"""",""""learn""""]""	""[""""dream of"""",""""drop off"""",""""draw on"""",""""drink up"""",""""drive home""""]""	""[{""""word"""":""""hope for"""",""""note"""":""""より現実的な願いにも使う""""}]""	[]"
500762	5	expectancy	予想	a feeling that something will happen	There was a sense of expectancy in the room.	部屋には何かが起こりそうな予想の空気があった。	noun	5	2	""[""""予想"""",""""期待"""",""""不安"""",""""驚き"""",""""疑い""""]""	""[""""expectancy"""",""""surprise"""",""""worry"""",""""doubt"""",""""interest""""]""	""[""""expectancy"""",""""expectation"""",""""expensive"""",""""experience"""",""""excellent""""]""	[]	[]"
500763	5	expectation	期待	a strong belief that something will happen	Her parents have high expectation for her success.	彼女の両親は彼女の成功に大きな期待を持っている。	noun	5	3	""[""""期待"""",""""予想"""",""""希望"""",""""不安"""",""""計画""""]""	""[""""expectation"""",""""prediction"""",""""hope"""",""""worry"""",""""plan""""]""	""[""""expectation"""",""""explanation"""",""""invitation"""",""""education"""",""""operation""""]""	""[{""""word"""":""""hope"""",""""note"""":""""より日常的で気持ちが強い""""}]""	""[{""""word"""":""""disappointment"""",""""note"""":""""期待どおりでないこと""""}]"""
500764	5	carriage	馬車	a vehicle pulled by horses	They rode in a carriage through the park.	彼らは公園を馬車で進んだ。	noun	5	2	""[""""馬車"""",""""列車"""",""""自転車"""",""""船"""",""""トラック""""]""	""[""""carriage"""",""""train"""",""""bicycle"""",""""boat"""",""""truck""""]""	""[""""carriage"""",""""courage"""",""""college"""",""""village"""",""""garage""""]""	""[{""""word"""":""""coach"""",""""note"""":""""昔の馬車を表すことがある""""}]""	[]"
500765	5	burglar	泥棒	a person who enters a building to steal things	The burglar broke into the house at night.	その泥棒は夜にその家に押し入った。	noun	5	3	""[""""泥棒"""",""""警官"""",""""店員"""",""""運転手"""",""""画家""""]""	""[""""burglar"""",""""police officer"""",""""clerk"""",""""driver"""",""""painter""""]""	""[""""burglar"""",""""burger"""",""""bigger"""",""""brother"""",""""builder""""]""	""[{""""word"""":""""thief"""",""""note"""":""""より広い意味の「盗人」""""}]""	[]"
500766	5	importance	重要性	the quality of being important	She understands the importance of sleep.	彼女は睡眠の重要性を理解している。	noun	5	4	""[""""重要性"""",""""人気"""",""""必要"""",""""危険"""",""""違い""""]""	""[""""importance"""",""""popularity"""",""""need"""",""""danger"""",""""difference""""]""	""[""""importance"""",""""improvement"""",""""agreement"""",""""performance"""",""""difference""""]""	""[{""""word"""":""""value"""",""""note"""":""""文脈によって近い意味""""}]""	[]"
500767	5	popularity	人気	the state of being liked by many people	The singer gained popularity quickly.	その歌手はすぐに人気を得た。	noun	5	3	""[""""人気"""",""""重要性"""",""""有名さ"""",""""安全"""",""""静けさ""""]""	""[""""popularity"""",""""importance"""",""""fame"""",""""safety"""",""""quietness""""]""	""[""""popularity"""",""""possibility"""",""""community"""",""""opportunity"""",""""quality""""]""	""[{""""word"""":""""fame"""",""""note"""":""""有名で多く知られていること""""}]""	""[{""""word"""":""""unpopularity"""",""""note"""":""""あまり好かれていないこと""""}]"""
500768	5	appearance	外見	the way someone or something looks	Her appearance changed after the haircut.	彼女の外見はその散髪のあと変わった。	noun	5	3	""[""""外見"""",""""性格"""",""""表情"""",""""服装"""",""""姿勢""""]""	""[""""appearance"""",""""character"""",""""expression"""",""""clothing"""",""""posture""""]""	""[""""appearance"""",""""appliance"""",""""experience"""",""""importance"""",""""clearance""""]""	""[{""""word"""":""""look"""",""""note"""":""""日常的でややくだけた語""""},{""""word"""":""""image"""",""""note"""":""""見た目の印象""""}]""	""[{""""word"""":""""reality"""",""""note"""":""""見た目ではなく実際の姿""""}]"""
500769	5	density	密度	how closely things are packed together	The density of the fog made driving hard.	霧の密度が高くて運転は大変だった。	noun	6	2	""[""""密度"""",""""温度"""",""""濃さ"""",""""重さ"""",""""深さ""""]""	""[""""density"""",""""temperature"""",""""thickness"""",""""weight"""",""""depth""""]""	""[""""density"""",""""destiny"""",""""dentist"""",""""identity"""",""""industry""""]""	[]	[]"
500770	5	no matter how	どんなに〜でも	used to say something does not change in any way	No matter how busy he is, he calls his mother.	彼はどんなに忙しくても、母親に電話をする。	conjunction	5	3	""[""""どんなに〜でも"""",""""たとえ〜でも"""",""""〜なので"""",""""〜する前に"""",""""〜したあとで""""]""	""[""""no matter how"""",""""even if"""",""""because"""",""""before"""",""""after""""]""	""[""""no matter how"""",""""no matter what"""",""""no matter when"""",""""not very well"""",""""no better now""""]""	[]	[]"
500771	5	embrace	受け入れる	to accept something willingly	We should embrace new ideas.	私たちは新しい考えを受け入れるべきだ。	verb	5	3	""[""""受け入れる"""",""""拒否する"""",""""説明する"""",""""比較する"""",""""改善する""""]""	""[""""embrace"""",""""reject"""",""""explain"""",""""compare"""",""""improve""""]""	""[""""embrace"""",""""erase"""",""""amaze"""",""""embracee"""",""""replace""""]""	""[{""""word"""":""""accept"""",""""note"""":""""より基本的な語""""},{""""word"""":""""welcome"""",""""note"""":""""喜んで受け入れる感じ""""}]""	""[{""""word"""":""""reject"""",""""note"""":""""受け入れない""""}]"""
500772	5	appetite	食欲	the desire to eat food	The walk gave me a big appetite.	その散歩で私はとても食欲がわいた。	noun	5	3	""[""""食欲"""",""""睡眠"""",""""勇気"""",""""記憶"""",""""人気""""]""	""[""""appetite"""",""""sleep"""",""""courage"""",""""memory"""",""""popularity""""]""	""[""""appetite"""",""""apron"""",""""apply"""",""""opposite"""",""""apple""""]""	[]	[]"
500773	5	poach	密猟する	to catch or kill animals illegally	Some people poach elephants for money.	お金のためにゾウを密猟する人もいる。	verb	6	2	""[""""密猟する"""",""""保護する"""",""""観察する"""",""""訓練する"""",""""飼育する""""]""	""[""""poach"""",""""protect"""",""""observe"""",""""train"""",""""raise""""]""	""[""""poach"""",""""coach"""",""""poke"""",""""porch"""",""""patch""""]""	[]	""[{""""word"""":""""protect"""",""""note"""":""""守ること""""}]"""
500774	5	prey	獲物	an animal hunted by another animal	The lion caught its prey quickly.	そのライオンはすぐに獲物を捕まえた。	noun	5	3	""[""""獲物"""",""""天敵"""",""""巣"""",""""群れ"""",""""羽""""]""	""[""""prey"""",""""nest"""",""""herd"""",""""feather"""",""""hunter""""]""	""[""""prey"""",""""pray"""",""""play"""",""""gray"""",""""price""""]""	""[{""""word"""":""""victim"""",""""note"""":""""広く「被害者」、prey は主に動物の獲物""""}]""	""[{""""word"""":""""predator"""",""""note"""":""""prey を食べる側""""}]"""
500775	5	predator	捕食動物	an animal that hunts and eats other animals	A shark is a strong predator.	サメは強い捕食動物だ。	noun	5	3	""[""""捕食動物"""",""""獲物"""",""""巣"""",""""群れ"""",""""羽""""]""	""[""""predator"""",""""prey"""",""""nest"""",""""herd"""",""""feather""""]""	""[""""predator"""",""""presenter"""",""""protector"""",""""generator"""",""""elevator""""]""	""[{""""word"""":""""hunter"""",""""note"""":""""より一般的な「狩りをするもの」""""}]""	""[{""""word"""":""""prey"""",""""note"""":""""食べられる側の動物""""}]"""
500776	5	impair	損なう	to make something weaker or worse	Lack of sleep can impair your memory.	睡眠不足は記憶力を損なうことがある。	verb	6	2	""[""""損なう"""",""""改善する"""",""""防ぐ"""",""""支える"""",""""広げる""""]""	""[""""impair"""",""""improve"""",""""prevent"""",""""support"""",""""expand""""]""	""[""""impair"""",""""compare"""",""""repair"""",""""prepare"""",""""empire""""]""	""[{""""word"""":""""damage"""",""""note"""":""""より一般的な語""""},{""""word"""":""""harm"""",""""note"""":""""悪い影響を与える""""}]""	""[{""""word"""":""""improve"""",""""note"""":""""より良くする""""},{""""word"""":""""repair"""",""""note"""":""""直す""""}]"""
500777	5	sting	刺す	to hurt with a sharp part of an insect	A bee can sting you.	ハチはあなたを刺すことがある。	verb	5	3	""[""""刺す"""",""""かむ"""",""""たたく"""",""""押す"""",""""引く""""]""	""[""""sting"""",""""bite"""",""""hit"""",""""push"""",""""pull""""]""	""[""""sting"""",""""string"""",""""stick"""",""""sing"""",""""stand""""]""	[]	[]"
500778	5	casualty	死傷者	a person hurt or killed in an accident or war	The accident caused several casualties.	その事故で数人の死傷者が出た。	noun	6	2	""[""""死傷者"""",""""乗客"""",""""患者"""",""""警官"""",""""運転手""""]""	""[""""casualty"""",""""passenger"""",""""patient"""",""""officer"""",""""driver""""]""	""[""""casualty"""",""""faculty"""",""""carefully"""",""""castle"""",""""battery""""]""	[]	[]"
500779	5	bully	いじめる	to hurt or frighten a weaker person again and again	Do not bully younger students.	年下の生徒をいじめてはいけません。	verb	5	3	""[""""いじめる"""",""""助ける"""",""""守る"""",""""招く"""",""""ほめる""""]""	""[""""bully"""",""""help"""",""""protect"""",""""invite"""",""""praise""""]""	""[""""bully"""",""""fully"""",""""bullet"""",""""busy"""",""""belly""""]""	[]	""[{""""word"""":""""protect"""",""""note"""":""""傷つけずに守る""""}]"""
500780	5	spouse	配偶者	a husband or wife	Her spouse works at a hospital.	彼女の配偶者は病院で働いています。	noun	5	2	""[""""配偶者"""",""""親戚"""",""""隣人"""",""""同僚"""",""""友人""""]""	""[""""spouse"""",""""relative"""",""""neighbor"""",""""coworker"""",""""friend""""]""	""[""""spouse"""",""""house"""",""""space"""",""""mouse"""",""""south""""]""	""[{""""word"""":""""partner"""",""""note"""":""""文脈によっては夫・妻を指す""""}]""	[]"
500781	5	identification	身分証明書	an official card or document that shows who you are	Please show your identification at the door.	入口で身分証明書を見せてください。	noun	5	3	""[""""身分証明書"""",""""招待状"""",""""会員証"""",""""切符"""",""""領収書""""]""	""[""""identification"""",""""invitation"""",""""membership card"""",""""ticket"""",""""receipt""""]""	""[""""identification"""",""""invitation"""",""""information"""",""""education"""",""""inspection""""]""	""[{""""word"""":""""ID"""",""""note"""":""""口語でよく使う短い形""""}]""	[]"
500782	5	abstract	要約	a short summary of a longer text	I read the abstract before the full report.	私は全文の報告書の前に要約を読みました。	noun	5	2	""[""""要約"""",""""結論"""",""""題名"""",""""注"""",""""例""""]""	""[""""abstract"""",""""conclusion"""",""""title"""",""""note"""",""""example""""]""	""[""""abstract"""",""""object"""",""""absent"""",""""aspect"""",""""attack""""]""	""[{""""word"""":""""summary"""",""""note"""":""""より一般的な語""""}]""	[]"
500783	5	disregard	無視する	to pay no attention to something	Do not disregard the teacher's advice.	先生の助言を無視してはいけません。	verb	5	2	""[""""無視する"""",""""受け入れる"""",""""説明する"""",""""防ぐ"""",""""集める""""]""	""[""""disregard"""",""""accept"""",""""explain"""",""""prevent"""",""""collect""""]""	""[""""disregard"""",""""discover"""",""""discuss"""",""""disappear"""",""""dislike""""]""	""[{""""word"""":""""ignore"""",""""note"""":""""より基本的な語""""}]""	""[{""""word"""":""""notice"""",""""note"""":""""気づいて注意を向ける""""}]"""
500784	5	simulate	まねる	to copy the way something works or happens	The game can simulate real driving.	そのゲームは本当の運転をまねることができます。	verb	5	2	""[""""まねる"""",""""測る"""",""""混ぜる"""",""""解く"""",""""運ぶ""""]""	""[""""simulate"""",""""measure"""",""""mix"""",""""solve"""",""""carry""""]""	""[""""simulate"""",""""stimulate"""",""""separate"""",""""celebrate"""",""""calculate""""]""	""[{""""word"""":""""imitate"""",""""note"""":""""人や動作をまねるときによく使う""""}]""	""[{""""word"""":""""create"""",""""note"""":""""まねるのでなく新しく作る""""}]"""
500785	5	notable	注目すべき	important or interesting enough to notice	She made a notable improvement this year.	彼女は今年、注目すべき進歩を見せました。	adjective	5	3	""[""""注目すべき"""",""""静かな"""",""""危険な"""",""""正確な"""",""""一般的な""""]""	""[""""notable"""",""""quiet"""",""""dangerous"""",""""accurate"""",""""common""""]""	""[""""notable"""",""""notice"""",""""noble"""",""""normal"""",""""local""""]""	""[{""""word"""":""""remarkable"""",""""note"""":""""より強く『すばらしい』感じがある""""}]""	""[{""""word"""":""""ordinary"""",""""note"""":""""特に目立たない""""}]"""
500786	5	spectacle	見世物	an unusual or impressive public show	The festival was a colorful spectacle.	その祭りは色鮮やかな見世物だった。	noun	5	2	""[""""見世物"""",""""景色"""",""""舞台"""",""""行事"""",""""観客""""]""	""[""""spectacle"""",""""scenery"""",""""stage"""",""""event"""",""""audience""""]""	""[""""spectacle"""",""""special"""",""""spectator"""",""""article"""",""""practical""""]""	""[{""""word"""":""""show"""",""""note"""":""""より一般的な語""""},{""""word"""":""""display"""",""""note"""":""""見せるための催し""""}]""	[]"
500787	5	upgrade	向上させる	to improve something to a better level	We plan to upgrade the school computers.	私たちは学校のコンピューターを向上させる予定です。	verb	5	3	""[""""向上させる"""",""""修理する"""",""""交換する"""",""""確認する"""",""""運ぶ""""]""	""[""""upgrade"""",""""repair"""",""""replace"""",""""check"""",""""carry""""]""	""[""""upgrade"""",""""upset"""",""""update"""",""""upload"""",""""upright""""]""	""[{""""word"""":""""improve"""",""""note"""":""""より一般的な語""""}]""	""[{""""word"""":""""downgrade"""",""""note"""":""""質や水準を下げる""""}]"""
500788	5	markedly	著しく	in a very clear and noticeable way	Her English has improved markedly this year.	彼女の英語は今年著しく上達した。	adverb	5	2	""[""""著しく"""",""""静かに"""",""""ゆっくり"""",""""突然"""",""""完全に""""]""	""[""""markedly"""",""""quietly"""",""""slowly"""",""""suddenly"""",""""completely""""]""	""[""""markedly"""",""""mainly"""",""""hardly"""",""""brightly"""",""""partly""""]""	""[{""""word"""":""""greatly"""",""""note"""":""""程度が大きい""""},{""""word"""":""""clearly"""",""""note"""":""""はっきりと""""}]""	""[{""""word"""":""""slightly"""",""""note"""":""""わずかに""""}]"""
500789	5	clearly	はっきりと	in a way that is easy to see or understand	She spoke clearly in class.	彼女は授業で、はっきりと話した。	adverb	5	4	""[""""はっきりと"""",""""静かに"""",""""すばやく"""",""""ゆっくりと"""",""""突然""""]""	""[""""clearly"""",""""quietly"""",""""quickly"""",""""slowly"""",""""suddenly""""]""	""[""""clearly"""",""""carefully"""",""""cheerfully"""",""""cleanly"""",""""closely""""]""	""[{""""word"""":""""plainly"""",""""note"""":""""やや書き言葉でも使う""""},{""""word"""":""""obviously"""",""""note"""":""""「明らかに」の意味が強い""""}]""	""[{""""word"""":""""unclearly"""",""""note"""":""""不明確に""""},{""""word"""":""""vaguely"""",""""note"""":""""あいまいに""""}]"""
500790	5	disappointingly	がっかりするほど	in a way that makes you feel sad because it is not as good as expected	The movie ended disappointingly.	その映画は、がっかりするような終わり方をした。	adverb	7	2	""[""""がっかりするほど"""",""""静かに"""",""""急に"""",""""うれしそうに"""",""""ていねいに""""]""	""[""""disappointingly"""",""""quietly"""",""""suddenly"""",""""happily"""",""""politely""""]""	""[""""disappointingly"""",""""differently"""",""""directly"""",""""delightly"""",""""desperately""""]""	[]	""[{""""word"""":""""satisfyingly"""",""""note"""":""""期待どおりで満足できる感じに""""},{""""word"""":""""happily"""",""""note"""":""""意味は広く反対に近い""""}]"""
500791	5	sincerely	心から	in a true and honest way	I sincerely thank you for your help.	ご助力に心から感謝します。	adverb	6	3	""[""""心から"""",""""静かに"""",""""正確に"""",""""突然"""",""""ゆっくりと""""]""	""[""""sincerely"""",""""quietly"""",""""exactly"""",""""suddenly"""",""""slowly""""]""	""[""""sincerely"""",""""seriously"""",""""certainly"""",""""securely"""",""""simply""""]""	""[{""""word"""":""""truly"""",""""note"""":""""より広く使える""""},{""""word"""":""""honestly"""",""""note"""":""""正直に、の意味が強い""""}]""	""[{""""word"""":""""insincerely"""",""""note"""":""""心がこもらずに""""}]"""
500792	5	faithfully	忠実に	in a loyal and honest way	He served the king faithfully.	彼は王に忠実に仕えた。	adverb	5	2	""[""""忠実に"""",""""静かに"""",""""慎重に"""",""""突然"""",""""公平に""""]""	""[""""faithfully"""",""""quietly"""",""""carefully"""",""""suddenly"""",""""fairly""""]""	""[""""faithfully"""",""""fatefully"""",""""gratefully"""",""""carefully"""",""""painfully""""]""	""[{""""word"""":""""loyally"""",""""note"""":""""忠誠心を強調する""""}]""	""[{""""word"""":""""dishonestly"""",""""note"""":""""正直でなく""""}]"""
500793	5	severely	厳しく	in a very strict or serious way	The teacher spoke severely to him.	先生は彼に厳しく話した。	adverb	5	3	""[""""厳しく"""",""""静かに"""",""""優しく"""",""""ゆっくり"""",""""簡単に""""]""	""[""""severely"""",""""quietly"""",""""kindly"""",""""slowly"""",""""easily""""]""	""[""""severely"""",""""securely"""",""""seriously"""",""""clearly"""",""""softly""""]""	""[{""""word"""":""""strictly"""",""""note"""":""""規則や態度が厳しい""""}]""	""[{""""word"""":""""gently"""",""""note"""":""""やさしく""""}]"""
500794	5	fluently	流ちょうに	in a smooth and easy way when speaking	She speaks English fluently.	彼女は英語を流ちょうに話す。	adverb	5	3	""[""""流ちょうに"""",""""静かに"""",""""正確に"""",""""ゆっくり"""",""""大声で""""]""	""[""""fluently"""",""""quietly"""",""""accurately"""",""""slowly"""",""""loudly""""]""	""[""""fluently"""",""""frequently"""",""""quietly"""",""""clearly"""",""""brightly""""]""	""[{""""word"""":""""smoothly"""",""""note"""":""""なめらかにという近い意味""""}]""	""[{""""word"""":""""haltingly"""",""""note"""":""""たどたどしく""""}]"""
500795	5	gently	やさしく	in a soft and careful way	She closed the door gently.	彼女はドアをやさしく閉めた。	adverb	5	3	""[""""やさしく"""",""""すばやく"""",""""静かに"""",""""強く"""",""""ゆっくり""""]""	""[""""gently"""",""""quickly"""",""""quietly"""",""""strongly"""",""""slowly""""]""	""[""""gently"""",""""guilty"""",""""giantly"""",""""gatherly"""",""""gentry""""]""	""[{""""word"""":""""softly"""",""""note"""":""""より音や動きがやわらかい感じ""""},{""""word"""":""""carefully"""",""""note"""":""""注意して、という意味が強い""""}]""	""[{""""word"""":""""roughly"""",""""note"""":""""乱暴に""""},{""""word"""":""""harshly"""",""""note"""":""""きつく、荒々しく""""}]"""
500796	5	strictly	厳しく	in a firm and careful way that follows rules	Our coach spoke strictly to us.	私たちのコーチは私たちに厳しく話した。	adverb	6	3	""[""""厳しく"""",""""静かに"""",""""ゆっくり"""",""""正直に"""",""""簡単に""""]""	""[""""strictly"""",""""quietly"""",""""slowly"""",""""honestly"""",""""easily""""]""	""[""""strictly"""",""""strongly"""",""""strangely"""",""""streetly"""",""""swiftly""""]""	""[{""""word"""":""""firmly"""",""""note"""":""""態度がしっかりしている感じ""""}]""	""[{""""word"""":""""gently"""",""""note"""":""""やさしく""""},{""""word"""":""""loosely"""",""""note"""":""""厳しくなく""""}]"""
500797	5	surprisingly	驚くほど	in a way that makes you feel surprised	The test was surprisingly easy.	そのテストは驚くほど簡単だった。	adverb	6	3	""[""""驚くほど"""",""""静かに"""",""""完全に"""",""""たぶん"""",""""突然""""]""	""[""""surprisingly"""",""""quietly"""",""""completely"""",""""probably"""",""""suddenly""""]""	""[""""surprisingly"""",""""suddenly"""",""""certainly"""",""""seriously"""",""""supposedly""""]""	""[{""""word"""":""""unexpectedly"""",""""note"""":""""予想に反して""""}]""	""[{""""word"""":""""normally"""",""""note"""":""""ふつうに""""},{""""word"""":""""expectedly"""",""""note"""":""""予想どおりに""""}]"""
500798	5	thankfully	ありがたいことに	in a way that shows relief or good luck	Thankfully, no one was hurt.	ありがたいことに、けがをした人はいませんでした。	adverb	5	3	""[""""ありがたいことに"""",""""突然"""",""""静かに"""",""""慎重に"""",""""簡単に""""]""	""[""""thankfully"""",""""suddenly"""",""""quietly"""",""""carefully"""",""""easily""""]""	""[""""thankfully"""",""""thankful"""",""""carefully"""",""""peacefully"""",""""helpfully""""]""	""[{""""word"""":""""fortunately"""",""""note"""":""""より一般的な言い方""""}]""	""[{""""word"""":""""unfortunately"""",""""note"""":""""反対に、残念ながら""""}]"""
500799	5	significantly	大幅に	in an important or noticeable way	The price changed significantly last year.	その価格は去年、大幅に変わりました。	adverb	6	3	""[""""大幅に"""",""""静かに"""",""""ゆっくり"""",""""正確に"""",""""突然""""]""	""[""""significantly"""",""""quietly"""",""""slowly"""",""""exactly"""",""""suddenly""""]""	""[""""significantly"""",""""silently"""",""""certainly"""",""""suddenly"""",""""carefully""""]""	""[{""""word"""":""""greatly"""",""""note"""":""""程度が大きいときに使う""""}]""	""[{""""word"""":""""slightly"""",""""note"""":""""少しだけ""""}]"""
500800	5	importantly	重要なことに	in a way that shows something is important	More importantly, we need a clear plan.	さらに重要なことに、私たちには明確な計画が必要です。	adverb	5	3	""[""""重要なことに"""",""""静かに"""",""""最近"""",""""慎重に"""",""""たぶん""""]""	""[""""importantly"""",""""quietly"""",""""recently"""",""""carefully"""",""""probably""""]""	""[""""importantly"""",""""immediately"""",""""especially"""",""""carefully"""",""""certainly""""]""	""[{""""word"""":""""especially"""",""""note"""":""""文脈によって近い意味""""}]""	[]"
500801	5	at risk	危険にさらされて	in danger of being harmed or lost	Many animals are at risk now.	今、多くの動物が危険にさらされている。	adjective	5	3	""[""""危険にさらされて"""",""""安全で"""",""""有名で"""",""""静かで"""",""""健康で""""]""	""[""""at risk"""",""""safe"""",""""famous"""",""""quiet"""",""""healthy""""]""	""[""""at risk"""",""""at rest"""",""""a trick"""",""""artist"""",""""attack""""]""	""[{""""word"""":""""in danger"""",""""note"""":""""より基本的な表現""""}]""	""[{""""word"""":""""safe"""",""""note"""":""""安全な状態""""}]"""
500802	5	overall	全体的に	when everything is considered	Overall, the plan was a success.	全体的に、その計画は成功だった。	adverb	5	4	""[""""全体的に"""",""""突然"""",""""たぶん"""",""""すぐに"""",""""特に""""]""	""[""""overall"""",""""suddenly"""",""""probably"""",""""soon"""",""""especially""""]""	""[""""overall"""",""""overseas"""",""""owner"""",""""oval"""",""""over""""]""	""[{""""word"""":""""generally"""",""""note"""":""""だいたい同じ意味""""}]""	[]"
500803	5	in a sense	ある意味で	in one way of thinking	In a sense, he was right.	ある意味で、彼は正しかった。	adverb	5	3	""[""""ある意味で"""",""""実は"""",""""たとえば"""",""""その結果"""",""""少なくとも""""]""	""[""""in a sense"""",""""actually"""",""""for example"""",""""as a result"""",""""at least""""]""	""[""""in a sense"""",""""in a second"""",""""in a seat"""",""""innocent"""",""""in a way""""]""	""[{""""word"""":""""in a way"""",""""note"""":""""かなり近い表現""""}]""	[]"
500804	5	that is to say	つまり	used to explain something in a clearer way	He is my cousin, that is to say, my aunt's son.	彼は私のいとこです。つまり、私のおばの息子です。	conjunction	5	2	""[""""つまり"""",""""たとえば"""",""""そのため"""",""""実は"""",""""一方で""""]""	""[""""that is to say"""",""""for example"""",""""therefore"""",""""actually"""",""""on the other hand""""]""	""[""""that is to say"""",""""that was today"""",""""what did you say"""",""""that is okay"""",""""this is the way""""]""	""[{""""word"""":""""in other words"""",""""note"""":""""言いかえを示す表現""""},{""""word"""":""""namely"""",""""note"""":""""ややかたい表現""""}]""	[]"
500805	5	in the old days	昔は	in the time long ago	In the old days, people wrote letters by hand.	昔は、人々は手で手紙を書いていました。	adverb	4	3	""[""""昔は"""",""""最近は"""",""""今では"""",""""将来は"""",""""その間""""]""	""[""""in the old days"""",""""recently"""",""""nowadays"""",""""in the future"""",""""meanwhile""""]""	""[""""in the old days"""",""""in the cold rain"""",""""in the long day"""",""""in the hallway"""",""""in the school yard""""]""	""[{""""word"""":""""long ago"""",""""note"""":""""より短い表現""""}]""	""[{""""word"""":""""nowadays"""",""""note"""":""""今では""""}]"""
500806	5	ultimately	最終的に	in the end after everything	Ultimately, we chose the smaller house.	最終的に、私たちはより小さい家を選びました。	adverb	5	3	""[""""最終的に"""",""""突然"""",""""静かに"""",""""たぶん"""",""""すぐに""""]""	""[""""ultimately"""",""""suddenly"""",""""quietly"""",""""probably"""",""""soon""""]""	""[""""ultimately"""",""""usually"""",""""carefully"""",""""certainly"""",""""suddenly""""]""	""[{""""word"""":""""finally"""",""""note"""":""""より基本的な語""""},{""""word"""":""""in the end"""",""""note"""":""""句としてよく使う""""}]""	[]"
500807	5	central	中心の	in the middle of something	The library is in the central part of the city.	その図書館は市の中心部にあります。	adjective	5	3	""[""""中心の"""",""""重要な"""",""""静かな"""",""""安全な"""",""""近くの""""]""	""[""""central"""",""""local"""",""""quiet"""",""""safe"""",""""nearby""""]""	""[""""central"""",""""gentle"""",""""special"""",""""general"""",""""natural""""]""	""[{""""word"""":""""main"""",""""note"""":""""「主な」の意味で近い""""}]""	""[{""""word"""":""""outer"""",""""note"""":""""外側のという意味""""}]"""
500808	5	traditionally	伝統的に	in a way that follows old customs	This food is traditionally eaten in winter.	この食べ物は伝統的に冬に食べられます。	adverb	6	2	""[""""伝統的に"""",""""一般的に"""",""""特に"""",""""静かに"""",""""突然""""]""	""[""""traditionally"""",""""usually"""",""""especially"""",""""quietly"""",""""suddenly""""]""	""[""""traditionally"""",""""conditionally"""",""""additionally"""",""""nationally"""",""""carefully""""]""	[]	[]"
500809	5	brochure	パンフレット	a small book with information or pictures	I got a brochure at the travel center.	私は旅行案内所でパンフレットをもらいました。	noun	6	2	""[""""パンフレット"""",""""辞書"""",""""新聞"""",""""手紙"""",""""地図""""]""	""[""""brochure"""",""""dictionary"""",""""newspaper"""",""""letter"""",""""map""""]""	""[""""brochure"""",""""teacher"""",""""picture"""",""""brother"""",""""treasure""""]""	""[{""""word"""":""""pamphlet"""",""""note"""":""""ややかたい言い方""""}]""	[]"
500810	5	pamphlet	パンフレット	a small book with information	I got a pamphlet at the station.	私は駅でパンフレットをもらった。	noun	5	2	""[""""パンフレット"""",""""ポスター"""",""""地図"""",""""雑誌"""",""""新聞""""]""	""[""""pamphlet"""",""""poster"""",""""map"""",""""magazine"""",""""newspaper""""]""	""[""""pamphlet"""",""""hamlet"""",""""packet"""",""""planet"""",""""blanket""""]""	""[{""""word"""":""""brochure"""",""""note"""":""""少しかための語""""}]""	[]"
500811	5	let	させる	to allow someone to do something	My parents let me use the computer.	両親は私にコンピューターを使わせてくれる。	verb	3	5	""[""""させる"""",""""止める"""",""""教える"""",""""呼ぶ"""",""""待つ""""]""	""[""""let"""",""""stop"""",""""teach"""",""""call"""",""""wait""""]""	""[""""let"""",""""late"""",""""left"""",""""met"""",""""net""""]""	""[{""""word"""":""""allow"""",""""note"""":""""より一般的で少しかため""""}]""	""[{""""word"""":""""stop"""",""""note"""":""""させない""""}]"""
500812	5	succeed to	受け継ぐ	to take a position or role after someone else	She will succeed to her father's business.	彼女は父親の事業を受け継ぐでしょう。	verb	5	2	""[""""受け継ぐ"""",""""達成する"""",""""支える"""",""""断る"""",""""広げる""""]""	""[""""succeed to"""",""""achieve"""",""""support"""",""""refuse"""",""""expand""""]""	""[""""succeed to"""",""""secret"""",""""second"""",""""signal"""",""""suggest""""]""	""[{""""word"""":""""inherit"""",""""note"""":""""財産や地位を受け継ぐときによく使う""""}]""	[]"
500813	5	web	網	a net made by a spider	There is a spider web in the corner.	すみにクモの巣があります。	noun	3	4	""[""""網"""",""""壁"""",""""枝"""",""""穴"""",""""石""""]""	""[""""web"""",""""wall"""",""""branch"""",""""hole"""",""""stone""""]""	""[""""web"""",""""wet"""",""""west"""",""""bed"""",""""wave""""]""	[]	[]"
500814	5	devise	考え出す	to invent or plan something carefully	They devised a new way to save water.	彼らは水を節約する新しい方法を考え出した。	verb	5	2	""[""""考え出す"""",""""集める"""",""""壊す"""",""""運ぶ"""",""""隠す""""]""	""[""""devise"""",""""collect"""",""""break"""",""""carry"""",""""hide""""]""	""[""""devise"""",""""divide"""",""""decide"""",""""design"""",""""demand""""]""	""[{""""word"""":""""invent"""",""""note"""":""""新しいものを作り出す意味で近い""""},{""""word"""":""""plan"""",""""note"""":""""計画する意味で近い""""}]""	[]"
500815	5	sooner or later	いつかは	at some time in the future	Sooner or later, you will understand.	いつかは、あなたも分かるでしょう。	adverb	5	3	""[""""いつかは"""",""""たぶん"""",""""突然"""",""""しばらく"""",""""今すぐ""""]""	""[""""sooner or later"""",""""probably"""",""""suddenly"""",""""for a while"""",""""right now""""]""	""[""""sooner or later"""",""""summer or winter"""",""""softer and lighter"""",""""so long ago"""",""""so very late""""]""	""[{""""word"""":""""eventually"""",""""note"""":""""より一語で言う形""""}]""	""[{""""word"""":""""right now"""",""""note"""":""""今すぐ""""}]"""
500816	5	accomplishment	達成	something done successfully	Finishing the race was a great accomplishment.	レースを完走したことは大きな達成だった。	noun	6	2	""[""""達成"""",""""失敗"""",""""努力"""",""""目標"""",""""経験""""]""	""[""""accomplishment"""",""""failure"""",""""effort"""",""""goal"""",""""experience""""]""	""[""""accomplishment"""",""""announcement"""",""""agreement"""",""""apartment"""",""""achievement""""]""	""[{""""word"""":""""achievement"""",""""note"""":""""ほぼ同じ意味でよく使う""""}]""	""[{""""word"""":""""failure"""",""""note"""":""""達成できないこと""""}]"""
500817	5	livelihood	生計	the way someone earns money to live	Fishing is his livelihood.	漁業が彼の生計です。	noun	6	2	""[""""生計"""",""""職業"""",""""給料"""",""""貯金"""",""""借金""""]""	""[""""livelihood"""",""""occupation"""",""""salary"""",""""savings"""",""""debt""""]""	""[""""livelihood"""",""""likelihood"""",""""neighborhood"""",""""childhood"""",""""livelyhood""""]""	[]	[]"
500818	5	promotion	昇進	a move to a higher job or position	She got a promotion last year.	彼女は昨年昇進した。	noun	5	3	""[""""昇進"""",""""退職"""",""""失敗"""",""""給料"""",""""面接""""]""	""[""""promotion"""",""""retirement"""",""""failure"""",""""salary"""",""""interview""""]""	""[""""promotion"""",""""protection"""",""""production"""",""""proportion"""",""""pronunciation""""]""	""[{""""word"""":""""advancement"""",""""note"""":""""少しかたい語""""}]""	""[{""""word"""":""""demotion"""",""""note"""":""""地位が下がること""""}]"""
500819	5	attachment	添付ファイル	a file sent with an email	I opened the attachment in the email.	私はそのメールの添付ファイルを開いた。	noun	5	3	""[""""添付ファイル"""",""""件名"""",""""受信箱"""",""""返信"""",""""印刷""""]""	""[""""attachment"""",""""subject"""",""""inbox"""",""""reply"""",""""print""""]""	""[""""attachment"""",""""attitude"""",""""attention"""",""""adventure"""",""""arrangement""""]""	""[{""""word"""":""""enclosure"""",""""note"""":""""手紙などの同封物にも使う""""}]""	[]"
500820	5	convict	有罪とする	to decide in court that someone is guilty	The court convicted him of the crime.	裁判所は彼にその罪で有罪判決を下した。	verb	6	2	""[""""有罪とする"""",""""逮捕する"""",""""調査する"""",""""弁護する"""",""""釈放する""""]""	""[""""convict"""",""""arrest"""",""""investigate"""",""""defend"""",""""release""""]""	""[""""convict"""",""""connect"""",""""collect"""",""""correct"""",""""conflict""""]""	""[{""""word"""":""""sentence"""",""""note"""":""""文脈により近いが意味は完全には同じでない""""}]""	""[{""""word"""":""""acquit"""",""""note"""":""""無罪とする""""}]"""
500821	5	assess	評価する	to judge the quality or value of something	The teacher will assess our work today.	先生は今日、私たちの作品を評価します。	verb	5	3	""[""""評価する"""",""""比較する"""",""""説明する"""",""""改善する"""",""""記録する""""]""	""[""""assess"""",""""compare"""",""""describe"""",""""improve"""",""""record""""]""	""[""""assess"""",""""access"""",""""assist"""",""""across"""",""""excess""""]""	""[{""""word"""":""""judge"""",""""note"""":""""より一般的な語""""},{""""word"""":""""evaluate"""",""""note"""":""""ややかたい語""""}]""	[]"
500822	5	evaluate	評価する	to judge how good or useful something is	We need to evaluate the plan carefully.	私たちはその計画を注意深く評価する必要があります。	verb	5	3	""[""""評価する"""",""""選ぶ"""",""""集める"""",""""防ぐ"""",""""運ぶ""""]""	""[""""evaluate"""",""""choose"""",""""collect"""",""""prevent"""",""""carry""""]""	""[""""evaluate"""",""""educate"""",""""estimate"""",""""elevator"""",""""celebrate""""]""	""[{""""word"""":""""assess"""",""""note"""":""""意味がとても近い""""},{""""word"""":""""judge"""",""""note"""":""""より一般的な語""""}]""	[]"
500823	5	critical	批判的な	showing strong disapproval or careful judgment	She was critical of my idea.	彼女は私の考えに批判的でした。	adjective	5	3	""[""""批判的な"""",""""積極的な"""",""""静かな"""",""""正直な"""",""""陽気な""""]""	""[""""critical"""",""""active"""",""""quiet"""",""""honest"""",""""cheerful""""]""	""[""""critical"""",""""typical"""",""""digital"""",""""chemical"""",""""practical""""]""	""[{""""word"""":""""negative"""",""""note"""":""""否定的という意味で近い""""}]""	""[{""""word"""":""""positive"""",""""note"""":""""肯定的な""""}]"""
500824	5	evaluation	評価	a judgment about how good something is	The teacher gave us an evaluation of our work.	先生は私たちの作品に評価をくれた。	noun	5	3	""[""""評価"""",""""意見"""",""""結果"""",""""計画"""",""""努力""""]""	""[""""evaluation"""",""""opinion"""",""""result"""",""""plan"""",""""effort""""]""	""[""""evaluation"""",""""education"""",""""vacation"""",""""situation"""",""""invitation""""]""	""[{""""word"""":""""assessment"""",""""note"""":""""ややかたい語だが近い意味""""}]""	[]"
500825	5	rainforest	熱帯雨林	a thick forest in a hot, wet area	Many rare animals live in the rainforest.	多くの珍しい動物が熱帯雨林に住んでいる。	noun	5	3	""[""""熱帯雨林"""",""""砂漠"""",""""草原"""",""""山脈"""",""""湖""""]""	""[""""rainforest"""",""""desert"""",""""grassland"""",""""mountain"""",""""lake""""]""	""[""""rainforest"""",""""railroad"""",""""raincoat"""",""""playground"""",""""airport""""]""	[]	[]"
500826	5	isolate	孤立させる	to keep someone or something apart from others	The storm can isolate small villages.	その嵐は小さな村々を孤立させることがある。	verb	5	2	""[""""孤立させる"""",""""保護する"""",""""支える"""",""""集める"""",""""導く""""]""	""[""""isolate"""",""""protect"""",""""support"""",""""gather"""",""""guide""""]""	""[""""isolate"""",""""imitate"""",""""elevate"""",""""indicate"""",""""integrate""""]""	""[{""""word"""":""""separate"""",""""note"""":""""より基本的な語""""}]""	""[{""""word"""":""""connect"""",""""note"""":""""つなげる""""}]"""
500827	5	withhold	差し控える	to refuse to give something	They decided to withhold the information.	彼らはその情報を差し控えることに決めた。	verb	5	2	""[""""差し控える"""",""""受け取る"""",""""広げる"""",""""認める"""",""""集める""""]""	""[""""withhold"""",""""receive"""",""""spread"""",""""admit"""",""""collect""""]""	""[""""withhold"""",""""withdraw"""",""""without"""",""""uphold"""",""""behold""""]""	""[{""""word"""":""""keep back"""",""""note"""":""""与えずに取っておく""""}]""	""[{""""word"""":""""give"""",""""note"""":""""与える""""},{""""word"""":""""release"""",""""note"""":""""公表する・放つ""""}]"""
500828	5	persist	やり続ける	to continue doing something	She will persist even after failure.	彼女は失敗した後でもやり続けるだろう。	verb	5	3	""[""""やり続ける"""",""""あきらめる"""",""""避ける"""",""""隠す"""",""""急ぐ""""]""	""[""""persist"""",""""quit"""",""""avoid"""",""""hide"""",""""hurry""""]""	""[""""persist"""",""""assist"""",""""insist"""",""""resist"""",""""perfect""""]""	""[{""""word"""":""""continue"""",""""note"""":""""最も基本的な類義語""""}]""	""[{""""word"""":""""quit"""",""""note"""":""""やめる""""},{""""word"""":""""give up"""",""""note"""":""""あきらめる""""}]"""
500829	5	persist in	〜し続ける	to keep doing something	He persisted in asking the same question.	彼は同じ質問をし続けた。	verb	5	2	""[""""〜し続ける"""",""""〜を避ける"""",""""〜を終える"""",""""〜を忘れる"""",""""〜を学ぶ""""]""	""[""""persist in"""",""""avoid"""",""""finish"""",""""forget"""",""""learn""""]""	""[""""persist in"""",""""insist on"""",""""resist"""",""""perfect"""",""""person""""]""	""[{""""word"""":""""keep on"""",""""note"""":""""より基本的な表現""""},{""""word"""":""""continue"""",""""note"""":""""意味が近い""""}]""	""[{""""word"""":""""stop"""",""""note"""":""""やめる""""}]"""
500830	5	stick to	守る	to continue doing or following something	Please stick to the plan.	その計画を守ってください。	verb	5	3	""[""""守る"""",""""変える"""",""""忘れる"""",""""疑う"""",""""壊す""""]""	""[""""stick to"""",""""change"""",""""forget"""",""""doubt"""",""""break""""]""	""[""""stick to"""",""""speak to"""",""""step to"""",""""stick with"""",""""talk to""""]""	""[{""""word"""":""""follow"""",""""note"""":""""指示や計画に従うとき""""},{""""word"""":""""keep"""",""""note"""":""""約束などを守るとき""""}]""	""[{""""word"""":""""change"""",""""note"""":""""変えてしまう""""},{""""word"""":""""give up"""",""""note"""":""""続けない""""}]"""
500831	5	oppress	しいたげる	to treat people in a cruel and unfair way	The ruler tried to oppress the people.	その支配者は人々をしいたげようとした。	verb	7	2	""[""""しいたげる"""",""""助ける"""",""""招く"""",""""ほめる"""",""""導く""""]""	""[""""oppress"""",""""help"""",""""invite"""",""""praise"""",""""lead""""]""	""[""""oppress"""",""""express"""",""""address"""",""""impress"""",""""approach""""]""	[]	""[{""""word"""":""""free"""",""""note"""":""""自由にする""""},{""""word"""":""""protect"""",""""note"""":""""守る側の語""""}]"""
500832	5	retain	保つ	to keep something and not lose it	This bottle can retain heat for hours.	このびんは何時間も熱を保つことができる。	verb	6	3	""[""""保つ"""",""""失う"""",""""集める"""",""""運ぶ"""",""""広げる""""]""	""[""""retain"""",""""lose"""",""""gather"""",""""carry"""",""""spread""""]""	""[""""retain"""",""""remain"""",""""return"""",""""repair"""",""""relate""""]""	""[{""""word"""":""""keep"""",""""note"""":""""最も基本的な類義語""""},{""""word"""":""""hold"""",""""note"""":""""状態を保つ感じ""""}]""	""[{""""word"""":""""lose"""",""""note"""":""""失う""""},{""""word"""":""""release"""",""""note"""":""""手放す""""}]"""
500833	5	guardian	保護者	a person who takes care of and protects someone	Her guardian came to the school meeting.	彼女の保護者が学校の面談に来ました。	noun	5	3	""[""""保護者"""",""""先生"""",""""医者"""",""""店員"""",""""案内人""""]""	""[""""guardian"""",""""teacher"""",""""doctor"""",""""clerk"""",""""guide""""]""	""[""""guardian"""",""""garden"""",""""garlic"""",""""guitar"""",""""guide""""]""	""[{""""word"""":""""protector"""",""""note"""":""""守る人という意味で近い""""}]""	[]"
500834	5	maintenance	維持	the work of keeping something in good condition	The road is closed for maintenance today.	その道路は今日、維持作業のため通行止めです。	noun	6	3	""[""""維持"""",""""修理"""",""""建設"""",""""発見"""",""""配達""""]""	""[""""maintenance"""",""""repair"""",""""construction"""",""""discovery"""",""""delivery""""]""	""[""""maintenance"""",""""mainly"""",""""mountain"""",""""movement"""",""""management""""]""	""[{""""word"""":""""upkeep"""",""""note"""":""""ややくだけた語で、維持管理""""}]""	[]"
500835	5	conservative	保守的な	not wanting big changes; traditional	My grandfather is conservative about fashion.	私の祖父は服装について保守的です。	adjective	6	3	""[""""保守的な"""",""""積極的な"""",""""現代的な"""",""""陽気な"""",""""正直な""""]""	""[""""conservative"""",""""active"""",""""modern"""",""""cheerful"""",""""honest""""]""	""[""""conservative"""",""""conversation"""",""""consider"""",""""concert"""",""""condition""""]""	""[{""""word"""":""""traditional"""",""""note"""":""""伝統を重んじる意味で近い""""}]""	""[{""""word"""":""""modern"""",""""note"""":""""新しい考え方を表すことが多い""""}]"""
500836	5	exclusion	排除	the act of keeping someone or something out	The rule led to the exclusion of some students.	その規則は一部の生徒の排除につながった。	noun	5	2	""[""""排除"""",""""保護"""",""""保存"""",""""参加"""",""""許可""""]""	""[""""exclusion"""",""""protection"""",""""preservation"""",""""participation"""",""""permission""""]""	""[""""exclusion"""",""""excuse"""",""""explosion"""",""""expression"""",""""extension""""]""	""[{""""word"""":""""removal"""",""""note"""":""""取り除くことの意味で近い""""}]""	""[{""""word"""":""""inclusion"""",""""note"""":""""中に含めること""""}]"""
500837	5	protection	保護	keeping someone or something safe	This coat gives protection from the cold.	このコートは寒さから身を守ってくれる。	noun	4	4	""[""""保護"""",""""排除"""",""""保存"""",""""攻撃"""",""""破壊""""]""	""[""""protection"""",""""exclusion"""",""""preservation"""",""""attack"""",""""destruction""""]""	""[""""protection"""",""""production"""",""""project"""",""""practice"""",""""process""""]""	""[{""""word"""":""""defense"""",""""note"""":""""守ることという意味で近い""""}]""	""[{""""word"""":""""attack"""",""""note"""":""""攻撃すること""""},{""""word"""":""""harm"""",""""note"""":""""害を与えること""""}]"""
500838	5	preservation	保存	the act of keeping something in good condition	The museum works for the preservation of old art.	その美術館は古い芸術作品の保存に取り組んでいる。	noun	5	2	""[""""保存"""",""""保護"""",""""排除"""",""""破壊"""",""""消費""""]""	""[""""preservation"""",""""protection"""",""""exclusion"""",""""destruction"""",""""consumption""""]""	""[""""preservation"""",""""presentation"""",""""preparation"""",""""reservation"""",""""celebration""""]""	""[{""""word"""":""""conservation"""",""""note"""":""""自然や文化財の保存でよく使う""""}]""	""[{""""word"""":""""destruction"""",""""note"""":""""壊すこと""""}]"""
500839	5	storage	保管	the keeping of things in a safe place	We need more storage for these boxes.	これらの箱を保管するために、もっと場所が必要です。	noun	5	3	""[""""保管"""",""""輸送"""",""""販売"""",""""修理"""",""""配達""""]""	""[""""storage"""",""""delivery"""",""""repair"""",""""sale"""",""""transport""""]""	""[""""storage"""",""""shortage"""",""""story"""",""""stage"""",""""stomach""""]""	""[{""""word"""":""""keeping"""",""""note"""":""""物をしまっておくこと""""},{""""word"""":""""store"""",""""note"""":""""動詞では「保管する」""""}]""	[]"
500840	5	slaughter	虐殺	the killing of many people or animals in a cruel way	The movie showed the slaughter of many animals.	その映画は多くの動物の虐殺を映していた。	noun	7	2	""[""""虐殺"""",""""救助"""",""""保護"""",""""治療"""",""""飼育""""]""	""[""""slaughter"""",""""rescue"""",""""protect"""",""""treat"""",""""raise""""]""	""[""""slaughter"""",""""laughter"""",""""daughter"""",""""water"""",""""starter""""]""	""[{""""word"""":""""massacre"""",""""note"""":""""より強い語だが近い意味""""}]""	[]"
500841	5	suicide	自殺	the act of killing yourself	The article was about teenage suicide.	その記事は10代の自殺についてだった。	noun	6	2	""[""""自殺"""",""""事故"""",""""病気"""",""""けが"""",""""失業""""]""	""[""""suicide"""",""""accident"""",""""disease"""",""""injury"""",""""unemployment""""]""	""[""""suicide"""",""""sunlight"""",""""suitcase"""",""""student"""",""""surprise""""]""	[]	[]"
500842	5	hospitality	もてなし	friendly and generous treatment of guests	We were touched by their hospitality.	私たちは彼らのもてなしに感動した。	noun	5	3	""[""""もてなし"""",""""親切"""",""""礼儀"""",""""勇気"""",""""努力""""]""	""[""""hospitality"""",""""kindness"""",""""politeness"""",""""courage"""",""""effort""""]""	""[""""hospitality"""",""""possibility"""",""""responsibility"""",""""hostel"""",""""holiday""""]""	""[{""""word"""":""""kindness"""",""""note"""":""""広い意味の親切""""},{""""word"""":""""welcome"""",""""note"""":""""客を温かく迎えること""""}]""	[]"
500843	5	hospitable	親切な	kind and welcoming to guests	The people there were very hospitable.	そこの人々はとても親切だった。	adjective	5	3	""[""""親切な"""",""""失礼な"""",""""静かな"""",""""正直な"""",""""陽気な""""]""	""[""""hospitable"""",""""rude"""",""""quiet"""",""""honest"""",""""cheerful""""]""	""[""""hospitable"""",""""hospital"""",""""possible"""",""""portable"""",""""positive""""]""	""[{""""word"""":""""welcoming"""",""""note"""":""""温かく迎える感じ""""},{""""word"""":""""kind"""",""""note"""":""""より広い意味の親切な""""}]""	""[{""""word"""":""""rude"""",""""note"""":""""失礼な""""}]"""
500844	5	considerate	思いやりのある	careful not to hurt or trouble others	It was considerate of you to help her.	彼女を手伝ってくれて、あなたは思いやりがあった。	adjective	5	3	""[""""思いやりのある"""",""""不注意な"""",""""正直な"""",""""勇敢な"""",""""活発な""""]""	""[""""considerate"""",""""careless"""",""""honest"""",""""brave"""",""""active""""]""	""[""""considerate"""",""""confident"""",""""constant"""",""""concert"""",""""condition""""]""	""[{""""word"""":""""thoughtful"""",""""note"""":""""人への気づかいがある""""},{""""word"""":""""kind"""",""""note"""":""""より広い意味の親切な""""}]""	""[{""""word"""":""""careless"""",""""note"""":""""気づかいがない""""},{""""word"""":""""selfish"""",""""note"""":""""自分勝手な""""}]"""
500845	5	tender	やさしい	kind and gentle	She gave the baby a tender smile.	彼女は赤ちゃんにやさしいほほえみを向けた。	adjective	5	3	""[""""やさしい"""",""""厳しい"""",""""勇敢な"""",""""静かな"""",""""正直な""""]""	""[""""tender"""",""""strict"""",""""brave"""",""""quiet"""",""""honest""""]""	""[""""tender"""",""""sender"""",""""thunder"""",""""tennis"""",""""ladder""""]""	""[{""""word"""":""""gentle"""",""""note"""":""""より一般的な『やさしい』""""}]""	""[{""""word"""":""""harsh"""",""""note"""":""""きびしく思いやりがない""""}]"""
500846	5	overthrow	打倒する	to remove a government or leader by force	The rebels tried to overthrow the king.	反乱軍は王を打倒しようとした。	verb	6	2	""[""""打倒する"""",""""支持する"""",""""訪ねる"""",""""建てる"""",""""守る""""]""	""[""""overthrow"""",""""support"""",""""visit"""",""""build"""",""""protect""""]""	""[""""overthrow"""",""""overflow"""",""""overlook"""",""""undertow"""",""""throw""""]""	[]	""[{""""word"""":""""support"""",""""note"""":""""権力や立場を支える""""}]"""
500847	5	ignorant	無知な	not knowing much about something	He is ignorant of the local rules.	彼はその土地の規則をよく知らない。	adjective	5	3	""[""""無知な"""",""""有名な"""",""""慎重な"""",""""活発な"""",""""公平な""""]""	""[""""ignorant"""",""""famous"""",""""careful"""",""""active"""",""""fair""""]""	""[""""ignorant"""",""""elegant"""",""""immigrant"""",""""important"""",""""different""""]""	""[{""""word"""":""""unaware"""",""""note"""":""""気づいていない意味で近い""""}]""	""[{""""word"""":""""knowledgeable"""",""""note"""":""""よく知っている""""}]"""
500848	5	be acquainted with	よく知っている	to know someone or something a little or fairly well	I am acquainted with his family.	私は彼の家族をよく知っています。	verb	5	2	""[""""よく知っている"""",""""忘れている"""",""""探している"""",""""信じている"""",""""待っている""""]""	""[""""be acquainted with"""",""""be surprised at"""",""""be interested in"""",""""be worried about"""",""""be proud of""""]""	""[""""be acquainted with"""",""""be connected with"""",""""be crowded with"""",""""be careful with"""",""""be covered with""""]""	""[{""""word"""":""""know"""",""""note"""":""""より基本的で広い意味""""}]""	[]"
500849	5	familiarity	親しみ	a feeling of knowing something well	Her familiarity with the town helped us.	その町への彼女の親しみが私たちの助けになりました。	noun	5	2	""[""""親しみ"""",""""驚き"""",""""怒り"""",""""不安"""",""""希望""""]""	""[""""familiarity"""",""""curiosity"""",""""kindness"""",""""sadness"""",""""weakness""""]""	""[""""familiarity"""",""""similarity"""",""""popularity"""",""""ability"""",""""family""""]""	[]	[]"
500850	5	understanding	理解	knowledge of the meaning of something	Reading books improves your understanding.	本を読むことはあなたの理解を深めます。	noun	4	4	""[""""理解"""",""""誤解"""",""""経験"""",""""意見"""",""""記憶""""]""	""[""""understanding"""",""""knowledge"""",""""memory"""",""""opinion"""",""""effort""""]""	""[""""understanding"""",""""understand"""",""""outstanding"""",""""wondering"""",""""thundering""""]""	""[{""""word"""":""""knowledge"""",""""note"""":""""知っている内容を表すことが多い""""}]""	""[{""""word"""":""""misunderstanding"""",""""note"""":""""意味を取り違えること""""}]"""
500851	5	awareness	認識	knowing that something exists or is important	The campaign raised awareness of road safety.	その運動は道路の安全への認識を高めた。	noun	5	3	""[""""認識"""",""""知恵"""",""""勇気"""",""""責任"""",""""努力""""]""	""[""""awareness"""",""""wisdom"""",""""courage"""",""""responsibility"""",""""effort""""]""	""[""""awareness"""",""""a witness"""",""""a weakness"""",""""a warmness"""",""""a business""""]""	""[{""""word"""":""""recognition"""",""""note"""":""""ややかたい語""""}]""	[]"
500852	5	wisdom	知恵	the ability to make good decisions from knowledge and experience	Her grandmother shared wisdom with the family.	彼女の祖母は家族に知恵を分けてくれた。	noun	5	3	""[""""知恵"""",""""認識"""",""""勇気"""",""""忍耐"""",""""自信""""]""	""[""""wisdom"""",""""awareness"""",""""courage"""",""""patience"""",""""confidence""""]""	""[""""wisdom"""",""""window"""",""""kingdom"""",""""freedom"""",""""visitor""""]""	[]	[]"
500853	5	be familiar to	〜によく知られている	to be well known to someone	This song is familiar to many students.	この歌は多くの生徒によく知られている。	verb	5	3	""[""""〜によく知られている"""",""""〜に役立つ"""",""""〜に似ている"""",""""〜でいっぱいである"""",""""〜に興味がある""""]""	""[""""be familiar to"""",""""be useful to"""",""""be similar to"""",""""be full of"""",""""be interested in""""]""	""[""""be familiar to"""",""""be similar to"""",""""be popular with"""",""""be careful of"""",""""be ready for""""]""	""[{""""word"""":""""be known to"""",""""note"""":""""意味が近い基本表現""""}]""	[]"
500854	5	estate	土地	a large area of land or property	His family owns a large estate in the country.	彼の家族は田舎に広い土地を所有している。	noun	5	3	""[""""土地"""",""""建物"""",""""農場"""",""""庭"""",""""村""""]""	""[""""estate"""",""""building"""",""""farm"""",""""garden"""",""""village""""]""	""[""""estate"""",""""escape"""",""""instead"""",""""station"""",""""straight""""]""	""[{""""word"""":""""property"""",""""note"""":""""より広く「所有物・不動産」""""}]""	[]"
500855	5	pyramid	ピラミッド	a large stone building with a square base and pointed sides	We saw a famous pyramid in Egypt.	私たちはエジプトで有名なピラミッドを見た。	noun	4	3	""[""""ピラミッド"""",""""塔"""",""""寺院"""",""""宮殿"""",""""像""""]""	""[""""pyramid"""",""""tower"""",""""temple"""",""""palace"""",""""statue""""]""	""[""""pyramid"""",""""parrot"""",""""period"""",""""pilot"""",""""planet""""]""	[]	[]"
500856	5	billboard	広告板	a large board for advertisements	We saw a new billboard by the road.	私たちは道路わきで新しい広告板を見た。	noun	5	2	""[""""広告板"""",""""看板"""",""""ポスター"""",""""標識"""",""""地図""""]""	""[""""billboard"""",""""sign"""",""""poster"""",""""signal"""",""""map""""]""	""[""""billboard"""",""""keyboard"""",""""baseball"""",""""raincoat"""",""""bedroom""""]""	""[{""""word"""":""""signboard"""",""""note"""":""""店先などの看板にも使う""""}]""	[]"
500857	5	elephant	ゾウ	a very large animal with a long nose	We saw an elephant at the zoo.	私たちは動物園でゾウを見ました。	noun	2	4	""[""""ゾウ"""",""""キリン"""",""""サル"""",""""ウマ"""",""""クマ""""]""	""[""""elephant"""",""""giraffe"""",""""monkey"""",""""horse"""",""""bear""""]""	""[""""elephant"""",""""elegant"""",""""element"""",""""relevant"""",""""resident""""]""	[]	[]"
500858	5	perpetual	永続する	continuing for a very long time without stopping	They dreamed of perpetual peace.	彼らは永続する平和を夢見ました。	adjective	5	2	""[""""永続する"""",""""一時的な"""",""""静かな"""",""""急な"""",""""正確な""""]""	""[""""perpetual"""",""""temporary"""",""""silent"""",""""sudden"""",""""exact""""]""	""[""""perpetual"""",""""particular"""",""""powerful"""",""""peaceful"""",""""practical""""]""	""[{""""word"""":""""constant"""",""""note"""":""""変化せず続く""""},{""""word"""":""""continuous"""",""""note"""":""""切れ目なく続く""""}]""	""[{""""word"""":""""temporary"""",""""note"""":""""一時的な""""}]"""
500859	5	congress	議会	a group of people who make laws	The bill was discussed in Congress.	その法案は議会で話し合われた。	noun	5	3	""[""""議会"""",""""裁判所"""",""""政府"""",""""選挙"""",""""法律""""]""	""[""""congress"""",""""court"""",""""government"""",""""election"""",""""law""""]""	""[""""congress"""",""""contest"""",""""context"""",""""concert"""",""""complex""""]""	""[{""""word"""":""""parliament"""",""""note"""":""""主に英国などで使う""""}]""	[]"
500860	5	attorney	弁護士	a lawyer who gives legal help	She spoke with her attorney before the trial.	彼女は裁判の前に弁護士と話した。	noun	5	3	""[""""弁護士"""",""""医者"""",""""記者"""",""""裁判官"""",""""警察官""""]""	""[""""attorney"""",""""doctor"""",""""reporter"""",""""judge"""",""""police officer""""]""	""[""""attorney"""",""""article"""",""""actor"""",""""factory"""",""""battery""""]""	""[{""""word"""":""""lawyer"""",""""note"""":""""より一般的な語""""}]""	[]"
500861	5	format	形式	the way something is arranged or presented	Please save the file in PDF format.	そのファイルをPDF形式で保存してください。	noun	5	4	""[""""形式"""",""""内容"""",""""題名"""",""""順番"""",""""方法""""]""	""[""""format"""",""""content"""",""""title"""",""""order"""",""""method""""]""	""[""""format"""",""""forest"""",""""formal"""",""""forward"""",""""farmer""""]""	""[{""""word"""":""""style"""",""""note"""":""""見せ方や型という意味で近い""""}]""	[]"
500862	5	governor	知事	the leader of a state or region	The governor spoke on TV last night.	その知事は昨夜テレビで話しました。	noun	5	3	""[""""知事"""",""""市長"""",""""大統領"""",""""首相"""",""""議員""""]""	""[""""governor"""",""""mayor"""",""""president"""",""""prime minister"""",""""member""""]""	""[""""governor"""",""""government"""",""""visitor"""",""""gardener"""",""""general""""]""	[]	[]"
500863	5	premier	首相	the head of government in some countries	The premier gave a speech this morning.	その首相は今朝演説をしました。	noun	5	2	""[""""首相"""",""""知事"""",""""市長"""",""""大統領"""",""""議員""""]""	""[""""premier"""",""""governor"""",""""mayor"""",""""president"""",""""member""""]""	""[""""premier"""",""""prayer"""",""""player"""",""""pretty"""",""""promise""""]""	""[{""""word"""":""""prime minister"""",""""note"""":""""同じ意味でよく使う表現""""}]""	[]"
500864	5	tilt	傾ける	to move something so one side is higher	Please tilt the picture a little.	その絵を少し傾けてください。	verb	5	2	""[""""傾ける"""",""""持ち上げる"""",""""押す"""",""""引く"""",""""回す""""]""	""[""""tilt"""",""""lift"""",""""push"""",""""pull"""",""""turn""""]""	""[""""tilt"""",""""built"""",""""belt"""",""""tent"""",""""told""""]""	""[{""""word"""":""""lean"""",""""note"""":""""少し傾く・傾ける""""}]""	""[{""""word"""":""""straighten"""",""""note"""":""""まっすぐにする""""}]"""
500865	5	depart	出発する	to leave a place, especially to begin a trip	The train will depart at noon.	その電車は正午に出発します。	verb	5	3	""[""""出発する"""",""""到着する"""",""""戻る"""",""""止まる"""",""""待つ""""]""	""[""""depart"""",""""arrive"""",""""return"""",""""stop"""",""""wait""""]""	""[""""depart"""",""""report"""",""""decide"""",""""desert"""",""""delay""""]""	""[{""""word"""":""""leave"""",""""note"""":""""より基本的な語""""}]""	""[{""""word"""":""""arrive"""",""""note"""":""""到着する""""}]"""
500866	5	abandon	捨てる	to leave something or someone and not return	They had to abandon the old car.	彼らはその古い車を捨てなければなりませんでした。	verb	5	3	""[""""捨てる"""",""""集める"""",""""修理する"""",""""運ぶ"""",""""借りる""""]""	""[""""abandon"""",""""collect"""",""""repair"""",""""carry"""",""""borrow""""]""	""[""""abandon"""",""""about"""",""""around"""",""""attend"""",""""announce""""]""	""[{""""word"""":""""leave"""",""""note"""":""""置いていく意味で近い""""}]""	""[{""""word"""":""""keep"""",""""note"""":""""持ち続ける""""}]"""
500867	5	exclude	除外する	to leave someone or something out	The price does not exclude tax.	その価格は税を除外していません。	verb	5	3	""[""""除外する"""",""""含む"""",""""加える"""",""""選ぶ"""",""""比べる""""]""	""[""""exclude"""",""""include"""",""""add"""",""""choose"""",""""compare""""]""	""[""""exclude"""",""""excuse"""",""""explode"""",""""exchange"""",""""explain""""]""	""[{""""word"""":""""leave out"""",""""note"""":""""句動詞で近い意味""""}]""	""[{""""word"""":""""include"""",""""note"""":""""含める""""}]"""
500868	5	omit	省く	to leave something out	Please omit your name from the list.	リストからあなたの名前を省いてください。	verb	5	3	""[""""省く"""",""""加える"""",""""選ぶ"""",""""直す"""",""""運ぶ""""]""	""[""""omit"""",""""add"""",""""choose"""",""""fix"""",""""carry""""]""	""[""""omit"""",""""admit"""",""""submit"""",""""limit"""",""""permit""""]""	""[{""""word"""":""""leave out"""",""""note"""":""""句動詞での言い換え""""}]""	""[{""""word"""":""""include"""",""""note"""":""""含める""""}]"""
500869	5	evacuate	避難させる	to move people from danger to a safe place	The police evacuated the building after the fire.	火事のあと、警察はその建物から人々を避難させた。	verb	6	2	""[""""避難させる"""",""""建てる"""",""""集める"""",""""閉める"""",""""守る""""]""	""[""""evacuate"""",""""build"""",""""gather"""",""""close"""",""""protect""""]""	""[""""evacuate"""",""""educate"""",""""estimate"""",""""celebrate"""",""""separate""""]""	[]	[]"
500870	5	strand	立ち往生させる	to leave someone unable to move from a place	The heavy snow stranded many cars on the road.	大雪で多くの車が道路で立ち往生した。	verb	6	2	""[""""立ち往生させる"""",""""追いかける"""",""""片づける"""",""""招待する"""",""""説明する""""]""	""[""""strand"""",""""chase"""",""""clean"""",""""invite"""",""""explain""""]""	""[""""strand"""",""""stand"""",""""strict"""",""""street"""",""""strange""""]""	[]	[]"
500871	5	sue	訴える	to take someone to court	They decided to sue the company.	彼らはその会社を訴えることに決めた。	verb	5	3	""[""""訴える"""",""""雇う"""",""""調べる"""",""""支払う"""",""""守る""""]""	""[""""sue"""",""""hire"""",""""check"""",""""pay"""",""""protect""""]""	""[""""sue"""",""""shoe"""",""""soon"""",""""sun"""",""""soup""""]""	""[{""""word"""":""""accuse"""",""""note"""":""""意味は近いが、accuse は「非難する」寄り""""}]""	""[{""""word"""":""""defend"""",""""note"""":""""法的に守る側の語""""}]"""
500872	5	warrant	正当化する	to be a good enough reason for something	Nothing can warrant his rude behavior.	彼の失礼なふるまいを正当化できるものは何もない。	verb	6	2	""[""""正当化する"""",""""拒否する"""",""""改善する"""",""""予想する"""",""""表す""""]""	""[""""warrant"""",""""refuse"""",""""improve"""",""""expect"""",""""express""""]""	""[""""warrant"""",""""wallet"""",""""wanted"""",""""warning"""",""""forest""""]""	""[{""""word"""":""""justify"""",""""note"""":""""より一般的な語""""}]""	[]"
500873	5	span	期間	a length of time	The bridge was built in a short span of time.	その橋は短い期間で建設された。	noun	5	3	""[""""期間"""",""""距離"""",""""方法"""",""""結果"""",""""目的""""]""	""[""""span"""",""""distance"""",""""method"""",""""result"""",""""purpose""""]""	""[""""span"""",""""spin"""",""""spend"""",""""stand"""",""""space""""]""	""[{""""word"""":""""period"""",""""note"""":""""より一般的な語""""}]""	[]"
500874	5	secondary	二次的な	less important than the main thing	Cost is a secondary problem here.	ここでは費用は二次的な問題です。	adjective	5	3	""[""""二次的な"""",""""主要な"""",""""基本的な"""",""""直接の"""",""""最終的な""""]""	""[""""secondary"""",""""primary"""",""""basic"""",""""direct"""",""""final""""]""	""[""""secondary"""",""""secretary"""",""""second"""",""""section"""",""""suddenly""""]""	""[{""""word"""":""""minor"""",""""note"""":""""より「重要でない」の意味が強い""""}]""	""[{""""word"""":""""primary"""",""""note"""":""""第一の、主要な""""}]"""
500875	5	leave A alone	Aを放っておく	to not bother someone	Please leave me alone for a while.	しばらく私を放っておいてください。	verb	5	4	""[""""Aを放っておく"""",""""Aを手伝う"""",""""Aを招く"""",""""Aをほめる"""",""""Aを起こす""""]""	""[""""leave A alone"""",""""help A"""",""""invite A"""",""""praise A"""",""""wake A""""]""	""[""""leave A alone"""",""""live alone"""",""""leave early"""",""""read aloud"""",""""move around""""]""	""[{""""word"""":""""ignore"""",""""note"""":""""文脈によって近いが、より冷たい感じ""""}]""	""[{""""word"""":""""help"""",""""note"""":""""助ける""""},{""""word"""":""""bother"""",""""note"""":""""じゃまする""""}]"""
500876	5	set free	解放する	to let someone or something go free	They set the bird free.	彼らはその鳥を解放した。	verb	5	3	""[""""解放する"""",""""捕まえる"""",""""守る"""",""""運ぶ"""",""""隠す""""]""	""[""""set free"""",""""catch"""",""""protect"""",""""carry"""",""""hide""""]""	""[""""set free"""",""""step three"""",""""send me"""",""""sit still"""",""""said tree""""]""	""[{""""word"""":""""release"""",""""note"""":""""より一般的な語""""}]""	""[{""""word"""":""""capture"""",""""note"""":""""捕らえる""""}]"""
500877	5	correspondence	手紙のやりとり	the exchange of letters or messages	They kept up a long correspondence by email.	彼らはメールで長い手紙のやりとりを続けた。	noun	5	2	""[""""手紙のやりとり"""",""""入場"""",""""伝記"""",""""招待"""",""""会話""""]""	""[""""correspondence"""",""""admission"""",""""biography"""",""""invitation"""",""""conversation""""]""	""[""""correspondence"""",""""confidence"""",""""conference"""",""""consequence"""",""""difference""""]""	""[{""""word"""":""""communication"""",""""note"""":""""より広い意味での「連絡」""""}]""	[]"
500878	5	admission	入場	permission to enter a place	The ticket includes admission to the museum.	そのチケットには博物館への入場が含まれている。	noun	5	3	""[""""入場"""",""""退場"""",""""予約"""",""""案内"""",""""招待""""]""	""[""""admission"""",""""exit"""",""""reservation"""",""""guidance"""",""""invitation""""]""	""[""""admission"""",""""addition"""",""""condition"""",""""decision"""",""""position""""]""	""[{""""word"""":""""entry"""",""""note"""":""""より短い基本語""""}]""	""[{""""word"""":""""exit"""",""""note"""":""""「入場」に対して「退場」""""}]"""
500879	5	biography	伝記	a book about a person's life	I read a biography of a famous scientist.	私は有名な科学者の伝記を読んだ。	noun	5	2	""[""""伝記"""",""""小説"""",""""日記"""",""""詩"""",""""記事""""]""	""[""""biography"""",""""novel"""",""""diary"""",""""poem"""",""""article""""]""	""[""""biography"""",""""geography"""",""""biology"""",""""photograph"""",""""library""""]""	""[{""""word"""":""""life story"""",""""note"""":""""やさしい言い換え""""}]""	[]"
500880	5	biosphere	生物圏	all living things and the places where they live	The biosphere includes all plants and animals on Earth.	生物圏には地球上のすべての植物と動物が含まれる。	noun	5	2	""[""""生物圏"""",""""大気"""",""""海洋"""",""""砂漠"""",""""森林""""]""	""[""""biosphere"""",""""atmosphere"""",""""ocean"""",""""desert"""",""""forest""""]""	""[""""biosphere"""",""""atmosphere"""",""""hemisphere"""",""""pioneer"""",""""volunteer""""]""	[]	[]"
500881	5	twilight	たそがれ	the time just before night when the sky is not fully dark	We walked home in the twilight.	私たちはたそがれの中を歩いて家に帰った。	noun	5	2	""[""""たそがれ"""",""""夜明け"""",""""真夜中"""",""""正午"""",""""夕方""""]""	""[""""twilight"""",""""sunrise"""",""""midnight"""",""""noon"""",""""evening""""]""	""[""""twilight"""",""""daylight"""",""""tonight"""",""""highlight"""",""""sunlight""""]""	""[{""""word"""":""""dusk"""",""""note"""":""""夕方の暗くなり始める時間""""}]""	""[{""""word"""":""""dawn"""",""""note"""":""""朝の明るくなり始める時間""""}]"""
500882	5	bulb	電球	a glass light that shines when electricity passes through it	Please change the bulb in the kitchen.	台所の電球を替えてください。	noun	3	4	""[""""電球"""",""""ろうそく"""",""""懐中電灯"""",""""ランプ"""",""""スイッチ""""]""	""[""""bulb"""",""""candle"""",""""flashlight"""",""""lamp"""",""""switch""""]""	""[""""bulb"""",""""build"""",""""bold"""",""""bell"""",""""ball""""]""	""[{""""word"""":""""light bulb"""",""""note"""":""""よりはっきりした言い方""""}]""	[]"
500883	5	beam	光線	a line of light	A beam of light came through the window.	一筋の光が窓から差し込んだ。	noun	5	3	""[""""光線"""",""""影"""",""""炎"""",""""煙"""",""""霧""""]""	""[""""beam"""",""""shadow"""",""""flame"""",""""smoke"""",""""mist""""]""	""[""""beam"""",""""bean"""",""""team"""",""""dream"""",""""deep""""]""	""[{""""word"""":""""ray"""",""""note"""":""""light の線という意味で近い""""}]""	""[{""""word"""":""""shadow"""",""""note"""":""""光ではなく暗い部分""""}]"""
500884	5	illuminate	照らす	to light something up	The streetlights illuminate the road at night.	街灯が夜に道路を照らす。	verb	7	2	""[""""照らす"""",""""隠す"""",""""運ぶ"""",""""壊す"""",""""閉じる""""]""	""[""""illuminate"""",""""hide"""",""""carry"""",""""break"""",""""close""""]""	""[""""illuminate"""",""""eliminate"""",""""imitate"""",""""estimate"""",""""decorate""""]""	""[{""""word"""":""""light"""",""""note"""":""""より基本的な語""""}]""	""[{""""word"""":""""darken"""",""""note"""":""""暗くする""""}]"""
500885	5	poetic	詩的な	having the beauty of poetry	Her speech was simple but poetic.	彼女のスピーチは簡単だったが、詩的だった。	adjective	6	2	""[""""詩的な"""",""""現実的な"""",""""静かな"""",""""正直な"""",""""陽気な""""]""	""[""""poetic"""",""""practical"""",""""quiet"""",""""honest"""",""""cheerful""""]""	""[""""poetic"""",""""pathetic"""",""""powerful"""",""""public"""",""""polite""""]""	[]	""[{""""word"""":""""practical"""",""""note"""":""""実用的で空想的でない""""}]"""
500886	5	comparable	同等の	similar enough to be compared	This hotel is comparable to that one in price.	このホテルは値段の点であのホテルと同等だ。	adjective	5	2	""[""""同等の"""",""""有望な"""",""""将来の"""",""""異なる"""",""""便利な""""]""	""[""""comparable"""",""""different"""",""""useful"""",""""famous"""",""""careful""""]""	""[""""comparable"""",""""comfortable"""",""""common"""",""""company"""",""""complete""""]""	""[{""""word"""":""""similar"""",""""note"""":""""似ているが、comparable は比較できるという意味が強い""""}]""	""[{""""word"""":""""different"""",""""note"""":""""異なっていて比べにくい""""}]"""
500887	5	prospective	将来の	likely to happen or become in the future	She talked with a prospective employer yesterday.	彼女は昨日、将来の雇用主になりそうな人と話した。	adjective	6	2	""[""""将来の"""",""""同等の"""",""""有望な"""",""""過去の"""",""""危険な""""]""	""[""""prospective"""",""""promising"""",""""former"""",""""careful"""",""""central""""]""	""[""""prospective"""",""""protective"""",""""productive"""",""""progressive"""",""""project""""]""	""[{""""word"""":""""future"""",""""note"""":""""より基本的な語""""}]""	""[{""""word"""":""""former"""",""""note"""":""""以前の、前の""""}]"""
500888	5	promising	有望な	likely to be successful or good	She is a promising young tennis player.	彼女は有望な若いテニス選手だ。	adjective	5	3	""[""""有望な"""",""""将来の"""",""""同等の"""",""""退屈な"""",""""危険な""""]""	""[""""promising"""",""""boring"""",""""dangerous"""",""""famous"""",""""prospective""""]""	""[""""promising"""",""""surprising"""",""""promoted"""",""""promise"""",""""proper""""]""	""[{""""word"""":""""hopeful"""",""""note"""":""""よい結果が期待できる""""}]""	""[{""""word"""":""""hopeless"""",""""note"""":""""見込みがない""""}]"""
500889	5	be liable to	〜しがちである	to be likely to do something, often something bad	He is liable to make mistakes when he is tired.	彼は疲れていると、まちがいをしがちだ。	verb	5	2	""[""""〜しがちである"""",""""〜に反対する"""",""""〜を避ける"""",""""〜に成功する"""",""""〜をあきらめる""""]""	""[""""be liable to"""",""""be ready to"""",""""be able to"""",""""be willing to"""",""""be used to""""]""	""[""""be liable to"""",""""be likely to"""",""""be ready to"""",""""be sorry to"""",""""be careful to""""]""	""[{""""word"""":""""tend to"""",""""note"""":""""より一般的な表現""""},{""""word"""":""""be likely to"""",""""note"""":""""可能性が高い""""}]""	[]"
500890	5	be prone to	〜しがちである	to often do or have something, usually something bad	She is prone to worry about small things.	彼女は小さなことを心配しがちだ。	verb	5	2	""[""""〜しがちである"""",""""〜を計画する"""",""""〜を説明する"""",""""〜を受け入れる"""",""""〜に参加する""""]""	""[""""be prone to"""",""""be close to"""",""""be kind to"""",""""be useful to"""",""""be new to""""]""	""[""""be prone to"""",""""be proud of"""",""""be close to"""",""""be known to"""",""""be slow to""""]""	""[{""""word"""":""""tend to"""",""""note"""":""""より一般的な表現""""},{""""word"""":""""be liable to"""",""""note"""":""""ややかたい表現""""}]""	[]"
500891	5	boundary	境界	a line that shows the edge of an area	The fence marks the boundary of the school.	そのフェンスは学校の境界を示している。	noun	5	3	""[""""境界"""",""""中心"""",""""表面"""",""""方向"""",""""高さ""""]""	""[""""boundary"""",""""border"""",""""corner"""",""""bottom"""",""""middle""""]""	""[""""boundary"""",""""foundry"""",""""battery"""",""""bakery"""",""""gallery""""]""	""[{""""word"""":""""border"""",""""note"""":""""国や地域の境に使うことが多い""""}]""	[]"
500892	5	confine	制限する	to keep something within limits	The school will confine the event to one hour.	学校はその行事を1時間に制限するでしょう。	verb	5	2	""[""""制限する"""",""""拡大する"""",""""説明する"""",""""修理する"""",""""発見する""""]""	""[""""confine"""",""""expand"""",""""explain"""",""""repair"""",""""discover""""]""	""[""""confine"""",""""combine"""",""""confirm"""",""""conflict"""",""""confuse""""]""	""[{""""word"""":""""limit"""",""""note"""":""""より基本的な語""""}]""	""[{""""word"""":""""expand"""",""""note"""":""""広げる""""}]"""
500893	5	finite	限りある	having an end or limit	Our time on Earth is finite.	地球での私たちの時間には限りがある。	adjective	5	1	""[""""限りある"""",""""無限の"""",""""安全な"""",""""静かな"""",""""正直な""""]""	""[""""finite"""",""""infinite"""",""""safe"""",""""quiet"""",""""honest""""]""	""[""""finite"""",""""final"""",""""fine"""",""""famous"""",""""silent""""]""	""[{""""word"""":""""limited"""",""""note"""":""""範囲や量に限りがある""""}]""	""[{""""word"""":""""infinite"""",""""note"""":""""無限の""""}]"""
500894	5	procession	行列	a line of people moving together	We watched the procession on the street.	私たちは通りでその行列を見ました。	noun	5	1	""[""""行列"""",""""観客"""",""""舞台"""",""""祭り"""",""""合図""""]""	""[""""procession"""",""""audience"""",""""stage"""",""""festival"""",""""signal""""]""	""[""""procession"""",""""profession"""",""""protection"""",""""position"""",""""discussion""""]""	""[{""""word"""":""""parade"""",""""note"""":""""祝いなどの行列""""}]""	[]"
500895	5	queue	列	a line of people waiting	We stood in a long queue for tickets.	私たちはチケットを買うために長い列に並んだ。	noun	5	3	""[""""列"""",""""輪"""",""""面"""",""""角"""",""""線""""]""	""[""""queue"""",""""circle"""",""""surface"""",""""corner"""",""""line""""]""	""[""""queue"""",""""quick"""",""""cute"""",""""cube"""",""""queen""""]""	""[{""""word"""":""""line"""",""""note"""":""""特に米語でよく使う""""}]""	[]"
500896	5	wrinkle	しわ	a small line in skin or cloth	She noticed a wrinkle in her shirt.	彼女はシャツのしわに気づいた。	noun	5	3	""[""""しわ"""",""""しみ"""",""""穴"""",""""折り目"""",""""傷""""]""	""[""""wrinkle"""",""""stain"""",""""hole"""",""""fold"""",""""scratch""""]""	""[""""wrinkle"""",""""single"""",""""ankle"""",""""window"""",""""ring""""]""	""[{""""word"""":""""fold"""",""""note"""":""""布などの折れ目""""}]""	""[{""""word"""":""""smoothness"""",""""note"""":""""表面がなめらかな状態""""}]"""
500897	5	streak	筋	a long thin line or mark	There was a red streak on the wall.	壁に赤い筋があった。	noun	6	2	""[""""筋"""",""""点"""",""""輪"""",""""面"""",""""影""""]""	""[""""streak"""",""""dot"""",""""circle"""",""""surface"""",""""shadow""""]""	""[""""streak"""",""""street"""",""""strike"""",""""strict"""",""""speak""""]""	""[{""""word"""":""""line"""",""""note"""":""""より一般的な語""""},{""""word"""":""""mark"""",""""note"""":""""しるし全般""""}]""	[]"
500898	5	attribute	特性	a quality or feature of someone or something	Patience is an important attribute for a teacher.	忍耐強さは教師にとって大切な特性です。	noun	5	3	""[""""特性"""",""""原因"""",""""結果"""",""""方法"""",""""制度""""]""	""[""""attribute"""",""""feature"""",""""method"""",""""result"""",""""cause""""]""	""[""""attribute"""",""""attitude"""",""""distribute"""",""""contribute"""",""""attract""""]""	""[{""""word"""":""""feature"""",""""note"""":""""物や人の特徴としてよく使う""""}]""	[]"
500899	5	connection	つながり	a relationship or link between things	There is a strong connection between sleep and health.	睡眠と健康には強いつながりがあります。	noun	4	4	""[""""つながり"""",""""違い"""",""""変化"""",""""計画"""",""""意見""""]""	""[""""connection"""",""""difference"""",""""change"""",""""plan"""",""""opinion""""]""	""[""""connection"""",""""collection"""",""""condition"""",""""question"""",""""correction""""]""	""[{""""word"""":""""link"""",""""note"""":""""より短く基本的な語""""}]""	[]"
500900	5	be connected with	～と関係がある	to have a relation to something	This problem may be connected with the weather.	この問題は天気と関係があるかもしれません。	verb	5	3	""[""""～と関係がある"""",""""～に反対する"""",""""～を必要とする"""",""""～を調べる"""",""""～に参加する""""]""	""[""""be connected with"""",""""be opposed to"""",""""need"""",""""examine"""",""""take part in""""]""	""[""""be connected with"""",""""be concerned with"""",""""be covered with"""",""""be filled with"""",""""be crowded with""""]""	""[{""""word"""":""""be related to"""",""""note"""":""""ほぼ同じ意味の基本表現""""}]""	[]"
500901	5	chain	鎖	a series of connected metal rings	The dog was tied with a chain.	その犬は鎖でつながれていた。	noun	5	3	""[""""鎖"""",""""ひも"""",""""輪"""",""""帯"""",""""網""""]""	""[""""chain"""",""""rope"""",""""ring"""",""""belt"""",""""net""""]""	""[""""chain"""",""""chair"""",""""change"""",""""train"""",""""shine""""]""	[]	[]"
500902	5	catalog	目録	a list of items for sale or study	I looked at the catalog before shopping.	私は買い物の前に目録を見た。	noun	6	2	""[""""目録"""",""""地図"""",""""日記"""",""""表紙"""",""""広告""""]""	""[""""catalog"""",""""map"""",""""diary"""",""""cover"""",""""ad""""]""	""[""""catalog"""",""""cat"""",""""catch"""",""""camera"""",""""castle""""]""	""[{""""word"""":""""list"""",""""note"""":""""より一般的な語""""}]""	[]"
500903	5	catalogue	目録	a list of items for sale or study	The library has a catalogue of new books.	その図書館には新しい本の目録がある。	noun	6	1	""[""""目録"""",""""地図"""",""""日記"""",""""表紙"""",""""広告""""]""	""[""""catalogue"""",""""map"""",""""diary"""",""""cover"""",""""ad""""]""	""[""""catalogue"""",""""cat"""",""""catch"""",""""camera"""",""""castle""""]""	""[{""""word"""":""""catalog"""",""""note"""":""""米語のつづり""""}]""	[]"
500904	5	questionnaire	アンケート	a list of questions for people to answer	Please fill out this questionnaire.	このアンケートに記入してください。	noun	5	3	""[""""アンケート"""",""""招待状"""",""""申込書"""",""""地図"""",""""日記""""]""	""[""""questionnaire"""",""""invitation"""",""""application"""",""""schedule"""",""""dictionary""""]""	""[""""questionnaire"""",""""question"""",""""stationery"""",""""dictionary"""",""""missionary""""]""	""[{""""word"""":""""survey"""",""""note"""":""""より一般的でよく使う語""""}]""	[]"
500905	5	lead a life	生活を送る	to live in a particular way	He wants to lead a quiet life.	彼は静かな生活を送りたいと思っています。	verb	5	2	""[""""生活を送る"""",""""夢を見る"""",""""約束を守る"""",""""道に迷う"""",""""席に着く""""]""	""[""""lead a life"""",""""keep a promise"""",""""take a seat"""",""""lose one's way"""",""""have a dream""""]""	""[""""lead a life"""",""""read a line"""",""""leave alive"""",""""need a knife"""",""""meet a wife""""]""	""[{""""word"""":""""live"""",""""note"""":""""最も基本的な言い方""""}]""	[]"
500906	5	dwell	住む	to live in a place	Many people dwell in the city.	多くの人がその都市に住んでいます。	verb	5	2	""[""""住む"""",""""集まる"""",""""動く"""",""""待つ"""",""""選ぶ""""]""	""[""""dwell"""",""""gather"""",""""move"""",""""wait"""",""""choose""""]""	""[""""dwell"""",""""well"""",""""deal"""",""""draw"""",""""drill""""]""	""[{""""word"""":""""live"""",""""note"""":""""最も基本的な語""""},{""""word"""":""""reside"""",""""note"""":""""ややかたい語""""}]""	[]"
500907	5	settle down	落ち着く	to become calm or quiet	The baby finally settled down and slept.	その赤ちゃんはついに落ち着いて眠った。	verb	5	3	""[""""落ち着く"""",""""集まる"""",""""出発する"""",""""成長する"""",""""隠れる""""]""	""[""""settle down"""",""""gather"""",""""leave"""",""""grow"""",""""hide""""]""	""[""""settle down"""",""""set a date"""",""""sit down"""",""""send out"""",""""shut down""""]""	""[{""""word"""":""""calm down"""",""""note"""":""""気持ちが落ち着く""""}]""	""[{""""word"""":""""get excited"""",""""note"""":""""興奮する""""}]"""
500908	5	coexist	共存する	to live or exist together peacefully	Different cultures can coexist in one city.	異なる文化が一つの都市で共存できる。	verb	6	2	""[""""共存する"""",""""反対する"""",""""移動する"""",""""拡大する"""",""""消える""""]""	""[""""coexist"""",""""oppose"""",""""move"""",""""expand"""",""""disappear""""]""	""[""""coexist"""",""""connect"""",""""collect"""",""""correct"""",""""compare""""]""	""[{""""word"""":""""live together"""",""""note"""":""""いっしょに暮らす意味""""}]""	""[{""""word"""":""""conflict"""",""""note"""":""""争う・対立する""""}]"""
500909	5	being	生き物	a living thing	Human beings need clean water.	人間はきれいな水を必要とする。	noun	5	3	""[""""生き物"""",""""機械"""",""""植物"""",""""石"""",""""道具""""]""	""[""""being"""",""""machine"""",""""plant"""",""""stone"""",""""tool""""]""	""[""""being"""",""""begin"""",""""beacon"""",""""beating"""",""""bean""""]""	""[{""""word"""":""""creature"""",""""note"""":""""主に生き物全般""""}]""	[]"
500910	5	dialect	方言	a form of a language used in a particular area	People in this town speak a different dialect.	この町の人々は違う方言を話します。	noun	5	3	""[""""方言"""",""""言語"""",""""発音"""",""""単語"""",""""会話""""]""	""[""""dialect"""",""""language"""",""""accent"""",""""phrase"""",""""conversation""""]""	""[""""dialect"""",""""direct"""",""""diary"""",""""dialogue"""",""""diamond""""]""	[]	[]"
500911	5	sword	剣	a long weapon with a sharp metal blade	The knight held a sword in his hand.	その騎士は手に剣を持っていました。	noun	4	3	""[""""剣"""",""""盾"""",""""弓"""",""""槍"""",""""ナイフ""""]""	""[""""sword"""",""""shield"""",""""bow"""",""""spear"""",""""knife""""]""	""[""""sword"""",""""sort"""",""""swore"""",""""swan"""",""""small""""]""	[]	[]"
500912	5	chronic	慢性的な	lasting for a long time or happening often	He has chronic back pain.	彼は慢性的な背中の痛みがあります。	adjective	5	3	""[""""慢性的な"""",""""一時的な"""",""""急な"""",""""軽い"""",""""深刻な""""]""	""[""""chronic"""",""""temporary"""",""""sudden"""",""""mild"""",""""serious""""]""	""[""""chronic"""",""""comic"""",""""clinic"""",""""classic"""",""""traffic""""]""	""[{""""word"""":""""constant"""",""""note"""":""""続いている感じ""""}]""	""[{""""word"""":""""temporary"""",""""note"""":""""一時的な""""}]"""
500913	5	care for	世話をする	to look after someone or something	She cares for her sick mother.	彼女は病気の母親の世話をしている。	verb	5	3	""[""""世話をする"""",""""訪ねる"""",""""待つ"""",""""選ぶ"""",""""運ぶ""""]""	""[""""care for"""",""""visit"""",""""wait for"""",""""choose"""",""""carry""""]""	""[""""care for"""",""""call for"""",""""come for"""",""""careful"""",""""chair""""]""	""[{""""word"""":""""look after"""",""""note"""":""""より一般的な言い方""""}]""	[]"
500914	5	take a look	見る	to look at something for a short time	Please take a look at this picture.	この写真を見てください。	verb	4	3	""[""""見る"""",""""聞く"""",""""作る"""",""""開ける"""",""""送る""""]""	""[""""take a look"""",""""listen"""",""""make"""",""""open"""",""""send""""]""	""[""""take a look"""",""""take a book"""",""""take a cook"""",""""take a lock"""",""""take a long""""]""	""[{""""word"""":""""look at"""",""""note"""":""""より基本的な表現""""}]""	[]"
500915	5	scan	ざっと見る	to look over something quickly	I scanned the page for my name.	私は自分の名前を探してそのページをざっと見た。	verb	5	3	""[""""ざっと見る"""",""""深く考える"""",""""ゆっくり歩く"""",""""強く押す"""",""""正しく答える""""]""	""[""""scan"""",""""consider"""",""""stroll"""",""""push"""",""""answer""""]""	""[""""scan"""",""""skin"""",""""stand"""",""""scarf"""",""""school""""]""	""[{""""word"""":""""look through"""",""""note"""":""""全体に目を通す""""},{""""word"""":""""check"""",""""note"""":""""軽く確かめるとき""""}]""	[]"
500916	5	browse	ざっと見る	to look through something casually	I like to browse in bookstores on weekends.	私は週末に本屋で本をざっと見るのが好きです。	verb	5	3	""[""""ざっと見る"""",""""調べる"""",""""借りる"""",""""選ぶ"""",""""集める""""]""	""[""""browse"""",""""search"""",""""borrow"""",""""choose"""",""""collect""""]""	""[""""browse"""",""""blouse"""",""""brown"""",""""blow"""",""""bridge""""]""	""[{""""word"""":""""look through"""",""""note"""":""""中をざっと見る""""}]""	[]"
500917	5	analyze	分析する	to study something carefully to understand it	We need to analyze the data carefully.	私たちはそのデータを注意深く分析する必要があります。	verb	6	3	""[""""分析する"""",""""比較する"""",""""説明する"""",""""記録する"""",""""予想する""""]""	""[""""analyze"""",""""compare"""",""""explain"""",""""record"""",""""predict""""]""	""[""""analyze"""",""""advertise"""",""""organize"""",""""realize"""",""""exercise""""]""	""[{""""word"""":""""examine"""",""""note"""":""""詳しく調べる""""}]""	[]"
500918	5	in search of	～を探して	trying to find someone or something	They went into the forest in search of water.	彼らは水を探して森に入りました。	preposition	5	2	""[""""～を探して"""",""""～に向かって"""",""""～の代わりに"""",""""～のおかげで"""",""""～について""""]""	""[""""in search of"""",""""toward"""",""""instead of"""",""""because of"""",""""about""""]""	""[""""in search of"""",""""in front of"""",""""in spite of"""",""""in charge of"""",""""in place of""""]""	""[{""""word"""":""""looking for"""",""""note"""":""""より口語的""""}]""	[]"
500919	5	exploration	探検	the act of traveling to learn about a place	Space exploration is important for science.	宇宙探検は科学にとって重要です。	noun	5	3	""[""""探検"""",""""発明"""",""""研究"""",""""旅行"""",""""発見""""]""	""[""""exploration"""",""""invention"""",""""research"""",""""journey"""",""""discovery""""]""	""[""""exploration"""",""""explanation"""",""""operation"""",""""expression"""",""""education""""]""	""[{""""word"""":""""search"""",""""note"""":""""より広い意味の「探すこと」""""},{""""word"""":""""investigation"""",""""note"""":""""より調査の意味が強い""""}]""	[]"
500920	5	suspicious	怪しい	making you think something is wrong or dishonest	The police watched the suspicious man.	警察はその怪しい男を見張った。	adjective	5	4	""[""""怪しい"""",""""正直な"""",""""危険な"""",""""有名な"""",""""静かな""""]""	""[""""suspicious"""",""""honest"""",""""dangerous"""",""""famous"""",""""quiet""""]""	""[""""suspicious"""",""""delicious"""",""""specific"""",""""serious"""",""""special""""]""	""[{""""word"""":""""doubtful"""",""""note"""":""""「疑わしい」に近い""""}]""	""[{""""word"""":""""trustworthy"""",""""note"""":""""信頼できる""""},{""""word"""":""""honest"""",""""note"""":""""うそをつかない""""}]"""
500921	5	deficit	不足	a lack of something, especially money	The city has a budget deficit this year.	その市は今年、予算不足です。	noun	5	2	""[""""不足"""",""""増加"""",""""利益"""",""""借金"""",""""節約""""]""	""[""""deficit"""",""""increase"""",""""profit"""",""""debt"""",""""saving""""]""	""[""""deficit"""",""""deposit"""",""""benefit"""",""""delicate"""",""""decision""""]""	""[{""""word"""":""""shortage"""",""""note"""":""""物や金が足りないこと""""},{""""word"""":""""lack"""",""""note"""":""""一般的な「不足」""""}]""	""[{""""word"""":""""surplus"""",""""note"""":""""余り、黒字""""}]"""
500922	5	plentiful	豊富な	existing in large amounts	Fresh water is plentiful here.	ここでは新鮮な水が豊富だ。	adjective	5	3	""[""""豊富な"""",""""不足した"""",""""高価な"""",""""危険な"""",""""静かな""""]""	""[""""plentiful"""",""""scarce"""",""""expensive"""",""""dangerous"""",""""quiet""""]""	""[""""plentiful"""",""""beautiful"""",""""playful"""",""""careful"""",""""powerful""""]""	""[{""""word"""":""""abundant"""",""""note"""":""""ややかたいが「豊富な」""""}]""	""[{""""word"""":""""scarce"""",""""note"""":""""不足している""""}]"""
500923	5	bang	ドンと鳴る	to make a sudden loud noise	The door banged in the wind.	風でドアがドンと鳴った。	verb	4	4	""[""""ドンと鳴る"""",""""ささやく"""",""""転ぶ"""",""""笑う"""",""""乾く""""]""	""[""""bang"""",""""whisper"""",""""fall"""",""""laugh"""",""""dry""""]""	""[""""bang"""",""""bank"""",""""band"""",""""back"""",""""bag""""]""	""[{""""word"""":""""slam"""",""""note"""":""""強く閉めて大きな音を立てる""""}]""	[]"
500924	5	uproar	大騒ぎ	a lot of loud noise and confusion	The news caused an uproar.	その知らせは大騒ぎを引き起こした。	noun	5	2	""[""""大騒ぎ"""",""""拍手"""",""""沈黙"""",""""約束"""",""""景色""""]""	""[""""uproar"""",""""applause"""",""""silence"""",""""promise"""",""""view""""]""	""[""""uproar"""",""""upload"""",""""upset"""",""""upper"""",""""upon""""]""	""[{""""word"""":""""commotion"""",""""note"""":""""ややかたいが「騒ぎ」""""}]""	""[{""""word"""":""""calm"""",""""note"""":""""落ち着いた状態""""}]"""
500925	5	alarm	警報	a warning sound or signal	The alarm woke me up at six.	その警報で私は6時に目が覚めた。	noun	5	3	""[""""警報"""",""""合図"""",""""機械"""",""""地図"""",""""景色""""]""	""[""""alarm"""",""""signal"""",""""machine"""",""""notice"""",""""report""""]""	""[""""alarm"""",""""along"""",""""around"""",""""alone"""",""""army""""]""	""[{""""word"""":""""warning"""",""""note"""":""""危険を知らせる意味で近い""""},{""""word"""":""""signal"""",""""note"""":""""合図として使う語""""}]""	[]"
500926	5	cherish	大切にする	to love and care for deeply	We cherish our time together.	私たちは一緒に過ごす時間を大切にしている。	verb	6	2	""[""""大切にする"""",""""集める"""",""""隠す"""",""""壊す"""",""""選ぶ""""]""	""[""""cherish"""",""""collect"""",""""hide"""",""""break"""",""""choose""""]""	""[""""cherish"""",""""challenge"""",""""channel"""",""""cheer"""",""""chair""""]""	""[{""""word"""":""""treasure"""",""""note"""":""""大事にするという意味で近い""""},{""""word"""":""""value"""",""""note"""":""""価値を認めて大切にする""""}]""	""[{""""word"""":""""neglect"""",""""note"""":""""大切にしない""""}]"""
500927	5	beloved	最愛の	loved very much	This song was her beloved favorite.	この歌は彼女の最愛のお気に入りだった。	adjective	5	2	""[""""最愛の"""",""""静かな"""",""""有名な"""",""""安全な"""",""""正直な""""]""	""[""""beloved"""",""""quiet"""",""""famous"""",""""safe"""",""""honest""""]""	""[""""beloved"""",""""below"""",""""belong"""",""""between"""",""""beyond""""]""	""[{""""word"""":""""dear"""",""""note"""":""""親しい人や大切なものに使う""""},{""""word"""":""""loved"""",""""note"""":""""とても愛されている意味で近い""""}]""	""[{""""word"""":""""hated"""",""""note"""":""""愛されていない反対の意味""""}]"""
500928	5	patriot	愛国者	a person who loves and supports their country	He was known as a patriot in his town.	彼は町で愛国者として知られていた。	noun	5	2	""[""""愛国者"""",""""芸術家"""",""""科学者"""",""""旅行者"""",""""指導者""""]""	""[""""patriot"""",""""artist"""",""""scientist"""",""""traveler"""",""""leader""""]""	""[""""patriot"""",""""parrot"""",""""pilot"""",""""parent"""",""""packet""""]""	""[{""""word"""":""""nationalist"""",""""note"""":""""より政治的な意味で使うことがある""""}]""	[]"
500929	5	patriotic	愛国的な	showing love for your country	They sang a patriotic song at the event.	彼らはその行事で愛国的な歌を歌った。	adjective	5	2	""[""""愛国的な"""",""""歴史的な"""",""""伝統的な"""",""""文化的な"""",""""政治的な""""]""	""[""""patriotic"""",""""historic"""",""""traditional"""",""""cultural"""",""""political""""]""	""[""""patriotic"""",""""practical"""",""""poetic"""",""""plastic"""",""""public""""]""	""[{""""word"""":""""nationalistic"""",""""note"""":""""やや強い言い方""""}]""	[]"
500930	5	pious	信心深い	deeply religious and showing strong belief in God	She came from a pious family.	彼女は信心深い家庭の出身だった。	adjective	6	1	""[""""信心深い"""",""""正直な"""",""""勤勉な"""",""""親切な"""",""""勇敢な""""]""	""[""""pious"""",""""honest"""",""""diligent"""",""""kind"""",""""brave""""]""	""[""""pious"""",""""quiet"""",""""pilot"""",""""bias"""",""""lion""""]""	""[{""""word"""":""""religious"""",""""note"""":""""より一般的な語""""}]""	[]"
500931	5	subordinate	部下	a worker under another person in a company or group	The manager spoke to his subordinate after the meeting.	その部長は会議のあとで部下に話しかけた。	noun	5	2	""[""""部下"""",""""上司"""",""""同僚"""",""""客"""",""""秘書""""]""	""[""""subordinate"""",""""manager"""",""""colleague"""",""""customer"""",""""secretary""""]""	""[""""subordinate"""",""""coordinate"""",""""celebrate"""",""""separate"""",""""moderate""""]""	""[{""""word"""":""""junior"""",""""note"""":""""職場で自分より下の立場の人""""}]""	""[{""""word"""":""""superior"""",""""note"""":""""自分より上の立場の人""""}]"""
500932	5	be true to	忠実である	to stay loyal to someone or something	You should be true to your friends.	あなたは友達に忠実であるべきだ。	verb	5	2	""[""""忠実である"""",""""反対する"""",""""助ける"""",""""信じる"""",""""疑う""""]""	""[""""be true to"""",""""oppose"""",""""support"""",""""trust"""",""""doubt""""]""	""[""""be true to"""",""""be good at"""",""""be kind to"""",""""be close to"""",""""be used to""""]""	""[{""""word"""":""""be loyal to"""",""""note"""":""""より直接的な言い換え""""}]""	""[{""""word"""":""""betray"""",""""note"""":""""裏切る""""}]"""
500933	5	pneumonia	肺炎	a serious illness that affects the lungs	My grandfather was in the hospital with pneumonia.	祖父は肺炎で入院していた。	noun	5	2	""[""""肺炎"""",""""ぜんそく"""",""""発熱"""",""""頭痛"""",""""せき""""]""	""[""""pneumonia"""",""""asthma"""",""""fever"""",""""headache"""",""""cough""""]""	""[""""pneumonia"""",""""harmonia"""",""""ammonia"""",""""memorial"""",""""scenario""""]""	[]	[]"
500934	5	automation	自動化	the use of machines to do work automatically	Automation has changed many factories.	自動化は多くの工場を変えた。	noun	5	3	""[""""自動化"""",""""機械"""",""""修理工"""",""""発明"""",""""工場""""]""	""[""""automation"""",""""invention"""",""""machine"""",""""factory"""",""""worker""""]""	""[""""automation"""",""""operation"""",""""information"""",""""formation"""",""""vacation""""]""	""[{""""word"""":""""mechanization"""",""""note"""":""""機械化。automation より広く使うことがある""""}]""	""[{""""word"""":""""manual work"""",""""note"""":""""人の手で行う作業""""}]"""
500935	5	washer	洗濯機	a machine used for washing clothes	We bought a new washer last week.	私たちは先週、新しい洗濯機を買った。	noun	4	3	""[""""洗濯機"""",""""冷蔵庫"""",""""電子レンジ"""",""""掃除機"""",""""扇風機""""]""	""[""""washer"""",""""fridge"""",""""microwave"""",""""vacuum"""",""""fan""""]""	""[""""washer"""",""""watcher"""",""""water"""",""""winter"""",""""wonder""""]""	""[{""""word"""":""""washing machine"""",""""note"""":""""より一般的な言い方""""}]""	[]"
500936	5	machinery	機械類	machines used for work, especially in a factory	The factory uses modern machinery.	その工場は現代的な機械類を使っている。	noun	5	3	""[""""機械類"""",""""工具"""",""""材料"""",""""製品"""",""""設備""""]""	""[""""machinery"""",""""tools"""",""""materials"""",""""products"""",""""equipment""""]""	""[""""machinery"""",""""machine"""",""""bakery"""",""""memory"""",""""library""""]""	""[{""""word"""":""""equipment"""",""""note"""":""""より広い意味での設備""""}]""	[]"
500937	5	hardware	ハードウェア	the physical parts of a computer	This computer hardware is very old.	このコンピューターのハードウェアはとても古い。	noun	5	3	""[""""ハードウェア"""",""""ソフトウェア"""",""""画面"""",""""キーボード"""",""""ファイル""""]""	""[""""hardware"""",""""software"""",""""screen"""",""""keyboard"""",""""file""""]""	""[""""hardware"""",""""hardly"""",""""handbag"""",""""yardwork"""",""""hardship""""]""	[]	""[{""""word"""":""""software"""",""""note"""":""""programs, not physical parts""""}]"""
500938	5	handmade	手作りの	made by hand, not by machine	She gave me a handmade bag.	彼女は私に手作りのバッグをくれた。	adjective	4	3	""[""""手作りの"""",""""中古の"""",""""木製の"""",""""高価な"""",""""小さな""""]""	""[""""handmade"""",""""used"""",""""wooden"""",""""expensive"""",""""small""""]""	""[""""handmade"""",""""classmate"""",""""landmark"""",""""sandwich"""",""""sunlight""""]""	""[{""""word"""":""""homemade"""",""""note"""":""""家で作った時によく使う""""}]""	""[{""""word"""":""""machine-made"""",""""note"""":""""機械で作られた""""}]"""
500939	5	flatten	平らにする	to make something flat	Please flatten the paper with your hand.	手でその紙を平らにしてください。	verb	5	2	""[""""平らにする"""",""""折りたたむ"""",""""切り取る"""",""""広げる"""",""""持ち上げる""""]""	""[""""flatten"""",""""fold"""",""""cut"""",""""spread"""",""""lift""""]""	""[""""flatten"""",""""frighten"""",""""fasten"""",""""pattern"""",""""planet""""]""	[]	[]"
500940	5	be composed of	～でできている	to be made up of something	The team is composed of ten students.	そのチームは10人の生徒でできている。	verb	5	3	""[""""～でできている"""",""""～を含む"""",""""～に属する"""",""""～を表す"""",""""～に似ている""""]""	""[""""be composed of"""",""""belong to"""",""""consist in"""",""""depend on"""",""""result from""""]""	""[""""be composed of"""",""""be compared with"""",""""be careful of"""",""""be known for"""",""""be proud of""""]""	""[{""""word"""":""""be made up of"""",""""note"""":""""ほぼ同じ意味""""}]""	[]"
500941	5	wooden	木製の	made of wood	This chair is wooden.	このいすは木製です。	adjective	4	4	""[""""木製の"""",""""金属製の"""",""""紙の"""",""""石の"""",""""ガラスの""""]""	""[""""wooden"""",""""metal"""",""""paper"""",""""stone"""",""""glass""""]""	""[""""wooden"""",""""woman"""",""""woolen"""",""""would"""",""""window""""]""	[]	[]"
500942	5	periodical	定期刊行物	a magazine or other publication issued regularly	I bought a periodical at the station.	私は駅で定期刊行物を買った。	noun	6	2	""[""""定期刊行物"""",""""小説"""",""""辞書"""",""""教科書"""",""""新聞""""]""	""[""""periodical"""",""""novel"""",""""dictionary"""",""""textbook"""",""""newspaper""""]""	""[""""periodical"""",""""practical"""",""""political"""",""""particular"""",""""historical""""]""	""[{""""word"""":""""magazine"""",""""note"""":""""より一般的な語""""}]""	[]"
500943	5	staple	主要な	main and important; used often	Rice is a staple food in Japan.	米は日本の主要な食べ物です。	adjective	5	3	""[""""主要な"""",""""一般的な"""",""""高価な"""",""""新鮮な"""",""""危険な""""]""	""[""""staple"""",""""common"""",""""expensive"""",""""fresh"""",""""dangerous""""]""	""[""""staple"""",""""stable"""",""""simple"""",""""sample"""",""""table""""]""	""[{""""word"""":""""main"""",""""note"""":""""より基本的な語""""},{""""word"""":""""basic"""",""""note"""":""""土台となる意味で近い""""}]""	[]"
500944	5	predominant	支配的な	more common or stronger than others	Blue is the predominant color in the flag.	青はその旗で支配的な色です。	adjective	7	2	""[""""支配的な"""",""""似ている"""",""""静かな"""",""""安全な"""",""""有名な""""]""	""[""""predominant"""",""""similar"""",""""quiet"""",""""safe"""",""""famous""""]""	""[""""predominant"""",""""president"""",""""important"""",""""different"""",""""permanent""""]""	""[{""""word"""":""""main"""",""""note"""":""""最も目立つ意味で近い""""},{""""word"""":""""leading"""",""""note"""":""""中心的な意味で近い""""}]""	[]"
500945	5	headquarters	本社	the main office of a company or organization	The company's headquarters is in Tokyo.	その会社の本社は東京にあります。	noun	6	3	""[""""本社"""",""""支店"""",""""工場"""",""""図書館"""",""""駅""""]""	""[""""headquarters"""",""""branch"""",""""factory"""",""""library"""",""""station""""]""	""[""""headquarters"""",""""headmaster"""",""""newspaper"""",""""hardworker"""",""""healthcare""""]""	""[{""""word"""":""""main office"""",""""note"""":""""意味をやさしくした表現""""}]""	[]"
500946	5	primarily	主に	mostly; more than anything else	This museum is primarily for children.	この博物館は主に子どものためのものです。	adverb	5	3	""[""""主に"""",""""特に"""",""""完全に"""",""""突然"""",""""ゆっくり""""]""	""[""""primarily"""",""""especially"""",""""completely"""",""""suddenly"""",""""slowly""""]""	""[""""primarily"""",""""privately"""",""""probably"""",""""properly"""",""""primary""""]""	""[{""""word"""":""""mainly"""",""""note"""":""""より基本的な語""""},{""""word"""":""""mostly"""",""""note"""":""""ほとんど、主に""""}]""	[]"
500947	5	basically	基本的に	in the most important way; simply	The two plans are basically the same.	その二つの計画は基本的に同じです。	adverb	4	4	""[""""基本的に"""",""""主に"""",""""特に"""",""""完全に"""",""""たぶん""""]""	""[""""basically"""",""""mainly"""",""""especially"""",""""completely"""",""""probably""""]""	""[""""basically"""",""""physically"""",""""historically"""",""""carefully"""",""""politely""""]""	""[{""""word"""":""""essentially"""",""""note"""":""""ややかたいが近い意味""""}]""	[]"
500948	5	convince A of B	AにBを納得させる	to make someone believe or accept something	I convinced my father of the plan.	私は父にその計画を納得させた。	verb	5	2	""[""""AにBを納得させる"""",""""AにBを隠す"""",""""AにBを任せる"""",""""AにBを疑わせる"""",""""AにBを説明する""""]""	""[""""convince A of B"""",""""remind A of B"""",""""warn A of B"""",""""tell A about B"""",""""hide B from A""""]""	""[""""convince A of B"""",""""confuse A with B"""",""""consider A as B"""",""""connect A to B"""",""""compare A with B""""]""	[]	[]"
500949	5	provoke	引き起こす	to cause a reaction or result	His rude words may provoke trouble.	彼の失礼な言葉はトラブルを引き起こすかもしれない。	verb	5	2	""[""""引き起こす"""",""""防ぐ"""",""""隠す"""",""""集める"""",""""失う""""]""	""[""""provoke"""",""""prevent"""",""""hide"""",""""gather"""",""""lose""""]""	""[""""provoke"""",""""protect"""",""""provide"""",""""promote"""",""""project""""]""	""[{""""word"""":""""cause"""",""""note"""":""""より基本的な語""""},{""""word"""":""""trigger"""",""""note"""":""""反応や出来事を起こす""""}]""	""[{""""word"""":""""prevent"""",""""note"""":""""起こるのを防ぐ""""}]"""
500950	5	humiliate	恥をかかせる	to make someone feel ashamed	Do not humiliate others in public.	人前でほかの人に恥をかかせてはいけません。	verb	5	1	""[""""恥をかかせる"""",""""励ます"""",""""許す"""",""""招く"""",""""支える""""]""	""[""""humiliate"""",""""encourage"""",""""forgive"""",""""invite"""",""""support""""]""	""[""""humiliate"""",""""illustrate"""",""""imitate"""",""""calculate"""",""""hesitate""""]""	""[{""""word"""":""""embarrass"""",""""note"""":""""少し広い意味で「恥ずかしい思いをさせる」""""}]""	""[{""""word"""":""""praise"""",""""note"""":""""ほめる""""},{""""word"""":""""encourage"""",""""note"""":""""自信を持たせる""""}]"""
500951	5	purify	浄化する	to make something clean or pure	This machine can purify water.	この機械は水を浄化することができます。	verb	5	2	""[""""浄化する"""",""""混ぜる"""",""""壊す"""",""""運ぶ"""",""""乾かす""""]""	""[""""purify"""",""""mix"""",""""break"""",""""carry"""",""""dry""""]""	""[""""purify"""",""""terrify"""",""""clarify"""",""""verify"""",""""beautify""""]""	""[{""""word"""":""""clean"""",""""note"""":""""より基本的な語""""},{""""word"""":""""clear"""",""""note"""":""""水などをきれいにする感じ""""}]""	""[{""""word"""":""""pollute"""",""""note"""":""""汚す""""}]"""
500952	5	clarify	明確にする	to make something clear and easy to understand	Please clarify your question.	あなたの質問を明確にしてください。	verb	5	3	""[""""明確にする"""",""""比較する"""",""""確認する"""",""""説明する"""",""""記録する""""]""	""[""""clarify"""",""""compare"""",""""confirm"""",""""explain"""",""""record""""]""	""[""""clarify"""",""""classify"""",""""terrify"""",""""carefully"""",""""clarity""""]""	""[{""""word"""":""""explain"""",""""note"""":""""より一般的な語""""},{""""word"""":""""make clear"""",""""note"""":""""意味をはっきりさせる""""}]""	""[{""""word"""":""""confuse"""",""""note"""":""""わかりにくくする""""}]"""
500953	5	update	更新する	to make something more current or correct	We need to update the website.	私たちはそのウェブサイトを更新する必要があります。	verb	4	4	""[""""更新する"""",""""修理する"""",""""印刷する"""",""""共有する"""",""""削除する""""]""	""[""""update"""",""""repair"""",""""print"""",""""share"""",""""delete""""]""	""[""""update"""",""""upset"""",""""upload"""",""""upgrade"""",""""date""""]""	""[{""""word"""":""""renew"""",""""note"""":""""新しくする感じ""""},{""""word"""":""""revise"""",""""note"""":""""内容を見直して直す""""}]""	""[{""""word"""":""""keep"""",""""note"""":""""そのままにしておく""""}]"""
500954	5	facilitate	容易にする	to make something easier to do	Good tools facilitate our work.	良い道具は私たちの仕事を容易にします。	verb	6	2	""[""""容易にする"""",""""防ぐ"""",""""達成する"""",""""準備する"""",""""管理する""""]""	""[""""facilitate"""",""""prevent"""",""""achieve"""",""""prepare"""",""""manage""""]""	""[""""facilitate"""",""""hesitate"""",""""celebrate"""",""""generate"""",""""fortunate""""]""	""[{""""word"""":""""help"""",""""note"""":""""より基本的な語""""},{""""word"""":""""assist"""",""""note"""":""""少しかたい語""""}]""	""[{""""word"""":""""hinder"""",""""note"""":""""じゃまする""""}]"""
500955	5	simplify	簡単にする	to make something easier or simpler	This chart will simplify the lesson.	この図表はその授業を簡単にするでしょう。	verb	5	3	""[""""簡単にする"""",""""増やす"""",""""比べる"""",""""選ぶ"""",""""説明する""""]""	""[""""simplify"""",""""increase"""",""""compare"""",""""choose"""",""""explain""""]""	""[""""simplify"""",""""sample"""",""""simply"""",""""signify"""",""""satisfy""""]""	""[{""""word"""":""""ease"""",""""note"""":""""少しやさしくする意味""""}]""	""[{""""word"""":""""complicate"""",""""note"""":""""複雑にする""""}]"""
500956	5	hasten	急がせる	to make something happen sooner or faster	Warm weather may hasten the flowers to open.	暖かい天気は花が開くのを早めるかもしれません。	verb	6	2	""[""""急がせる"""",""""止める"""",""""運ぶ"""",""""隠す"""",""""守る""""]""	""[""""hasten"""",""""stop"""",""""carry"""",""""hide"""",""""protect""""]""	""[""""hasten"""",""""listen"""",""""hobby"""",""""lesson"""",""""history""""]""	""[{""""word"""":""""speed"""",""""note"""":""""より基本的な語""""}]""	""[{""""word"""":""""delay"""",""""note"""":""""遅らせる""""}]"""
500957	5	amuse	楽しませる	to make someone laugh or feel entertained	The clown will amuse the children.	そのピエロは子どもたちを楽しませるでしょう。	verb	4	3	""[""""楽しませる"""",""""驚かせる"""",""""助ける"""",""""招待する"""",""""信じる""""]""	""[""""amuse"""",""""surprise"""",""""help"""",""""invite"""",""""believe""""]""	""[""""amuse"""",""""abuse"""",""""amazed"""",""""music"""",""""use""""]""	""[{""""word"""":""""entertain"""",""""note"""":""""楽しませる、もてなす""""}]""	""[{""""word"""":""""bore"""",""""note"""":""""退屈させる""""}]"""
500958	5	complicate	複雑にする	to make something more difficult or confusing	Too many rules complicate the plan.	規則が多すぎるとその計画は複雑になる。	verb	5	3	""[""""複雑にする"""",""""改善する"""",""""説明する"""",""""比較する"""",""""完成する""""]""	""[""""complicate"""",""""improve"""",""""explain"""",""""compare"""",""""complete""""]""	""[""""complicate"""",""""calculate"""",""""communicate"""",""""concentrate"""",""""celebrate""""]""	""[{""""word"""":""""confuse"""",""""note"""":""""より「混乱させる」意味が強い""""},{""""word"""":""""complexify"""",""""note"""":""""不自然なので避けるべき語""""}]""	""[{""""word"""":""""simplify"""",""""note"""":""""より簡単にする""""}]"""
500959	5	unify	統一する	to join things together as one	The coach tried to unify the team.	そのコーチはチームを一つにまとめようとした。	verb	5	3	""[""""統一する"""",""""分ける"""",""""支える"""",""""導く"""",""""守る""""]""	""[""""unify"""",""""divide"""",""""support"""",""""lead"""",""""protect""""]""	""[""""unify"""",""""identify"""",""""beautify"""",""""unit"""",""""unique""""]""	""[{""""word"""":""""join"""",""""note"""":""""より広い意味で「つなぐ」""""},{""""word"""":""""combine"""",""""note"""":""""物や考えを合わせる""""}]""	""[{""""word"""":""""divide"""",""""note"""":""""分ける、ばらばらにする""""}]"""
500960	5	enact	制定する	to make a law or rule official	The city will enact a new rule next month.	その市は来月、新しい規則を制定する予定だ。	verb	5	2	""[""""制定する"""",""""提案する"""",""""変更する"""",""""確認する"""",""""拒否する""""]""	""[""""enact"""",""""propose"""",""""change"""",""""confirm"""",""""refuse""""]""	""[""""enact"""",""""exact"""",""""attack"""",""""adapt"""",""""elect""""]""	""[{""""word"""":""""establish"""",""""note"""":""""制度や規則を作るときに使う""""}]""	""[{""""word"""":""""abolish"""",""""note"""":""""法律や制度を廃止する""""}]"""
500961	5	soften	和らげる	to make something less hard or less strong	Warm water will soften the bread.	温かい水はそのパンを柔らかくするでしょう。	verb	5	3	""[""""和らげる"""",""""固める"""",""""広げる"""",""""乾かす"""",""""壊す""""]""	""[""""soften"""",""""harden"""",""""spread"""",""""dry"""",""""break""""]""	""[""""soften"""",""""often"""",""""sudden"""",""""sister"""",""""suffer""""]""	""[{""""word"""":""""ease"""",""""note"""":""""痛みや気持ちなどを和らげるときにも使う""""}]""	""[{""""word"""":""""harden"""",""""note"""":""""硬くする""""}]"""
500962	5	innovate	革新する	to introduce new ideas or methods	Small companies must innovate to grow.	小さな会社は成長するために革新しなければなりません。	verb	6	2	""[""""革新する"""",""""模倣する"""",""""修理する"""",""""説明する"""",""""運ぶ""""]""	""[""""innovate"""",""""imitate"""",""""repair"""",""""explain"""",""""carry""""]""	""[""""innovate"""",""""integrate"""",""""indicate"""",""""invite"""",""""invent""""]""	""[{""""word"""":""""invent"""",""""note"""":""""新しいものを作る意味が強い""""}]""	[]"
500963	5	enforce	施行する	to make people obey a law or rule	The police enforce the new law.	警察はその新しい法律を施行します。	verb	6	3	""[""""施行する"""",""""無視する"""",""""提案する"""",""""変更する"""",""""繰り返す""""]""	""[""""enforce"""",""""ignore"""",""""suggest"""",""""change"""",""""repeat""""]""	""[""""enforce"""",""""inform"""",""""endorse"""",""""effort"""",""""entrance""""]""	[]	""[{""""word"""":""""ignore"""",""""note"""":""""守らせないで無視する""""}]"""
500964	5	relieve	和らげる	to make pain or worry less	This medicine can relieve your headache.	この薬はあなたの頭痛を和らげることができます。	verb	5	3	""[""""和らげる"""",""""増やす"""",""""隠す"""",""""飾る"""",""""集める""""]""	""[""""relieve"""",""""increase"""",""""hide"""",""""decorate"""",""""gather""""]""	""[""""relieve"""",""""receive"""",""""review"""",""""repeat"""",""""release""""]""	""[{""""word"""":""""ease"""",""""note"""":""""痛みや心配を軽くする""""}]""	""[{""""word"""":""""worsen"""",""""note"""":""""悪化させる""""}]"""
500965	5	formulate	まとめる	to make a plan or idea carefully	They formulated a new plan for the event.	彼らはその行事のために新しい計画をまとめた。	verb	6	2	""[""""まとめる"""",""""壊す"""",""""選ぶ"""",""""運ぶ"""",""""数える""""]""	""[""""formulate"""",""""destroy"""",""""choose"""",""""carry"""",""""count""""]""	""[""""formulate"""",""""formal"""",""""fortunate"""",""""calculate"""",""""decorate""""]""	""[{""""word"""":""""plan"""",""""note"""":""""より基本的な語""""}]""	[]"
500966	5	decorate	飾る	to make something look nice by adding things	We will decorate the room with flowers.	私たちは花でその部屋を飾ります。	verb	4	3	""[""""飾る"""",""""洗う"""",""""閉める"""",""""運ぶ"""",""""描く""""]""	""[""""decorate"""",""""wash"""",""""close"""",""""carry"""",""""draw""""]""	""[""""decorate"""",""""dedicate"""",""""desperate"""",""""delicate"""",""""demonstrate""""]""	""[{""""word"""":""""adorn"""",""""note"""":""""やや硬い語""""}]""	[]"
500967	5	remind of	思い出させる	to make someone remember something	This song reminds me of my childhood.	この歌は私に子どものころを思い出させる。	verb	5	3	""[""""思い出させる"""",""""説明する"""",""""選び出す"""",""""片づける"""",""""受け入れる""""]""	""[""""remind of"""",""""explain"""",""""choose"""",""""clean up"""",""""accept""""]""	""[""""remind of"""",""""removed"""",""""remain"""",""""repair"""",""""repeat""""]""	""[{""""word"""":""""bring back"""",""""note"""":""""記憶をよみがえらせる感じ""""}]""	[]"
500968	5	remind A of B	AにBを思い出させる	to make A remember B	The picture reminded me of my old school.	その写真は私に昔の学校を思い出させた。	verb	5	3	""[""""AにBを思い出させる"""",""""AにBを貸す"""",""""AにBを見せる"""",""""AにBを送る"""",""""AにBを教える""""]""	""[""""remind A of B"""",""""lend A B"""",""""show A B"""",""""send A B"""",""""teach A B""""]""	""[""""remind A of B"""",""""remain"""",""""repair"""",""""repeat"""",""""return""""]""	[]	[]"
500969	5	depress	落ち込ませる	to make someone feel sad	Rainy weather can depress some people.	雨の天気は人によっては気分を落ち込ませることがある。	verb	5	2	""[""""落ち込ませる"""",""""励ます"""",""""驚かせる"""",""""安心させる"""",""""満足させる""""]""	""[""""depress"""",""""encourage"""",""""surprise"""",""""relax"""",""""satisfy""""]""	""[""""depress"""",""""express"""",""""dress"""",""""deep"""",""""depend""""]""	""[{""""word"""":""""discourage"""",""""note"""":""""やる気をなくさせる意味で近い""""}]""	""[{""""word"""":""""encourage"""",""""note"""":""""元気づける""""}]"""
500970	5	stabilize	安定させる	to make something steady or firm	The new plan will stabilize the market.	その新しい計画は市場を安定させるでしょう。	verb	5	2	""[""""安定させる"""",""""強める"""",""""守る"""",""""広げる"""",""""減らす""""]""	""[""""stabilize"""",""""strengthen"""",""""protect"""",""""expand"""",""""reduce""""]""	""[""""stabilize"""",""""specialize"""",""""organize"""",""""summarize"""",""""realize""""]""	""[{""""word"""":""""steady"""",""""note"""":""""やや易しい語で「安定させる」の意味で使うことがある""""}]""	""[{""""word"""":""""disturb"""",""""note"""":""""安定を乱す""""}]"""
500971	5	fortify	強化する	to make something stronger or safer	They built walls to fortify the town.	彼らは町を強化するために壁を築いた。	verb	6	1	""[""""強化する"""",""""安定させる"""",""""修理する"""",""""隠す"""",""""運ぶ""""]""	""[""""fortify"""",""""stabilize"""",""""repair"""",""""hide"""",""""carry""""]""	""[""""fortify"""",""""forty"""",""""formal"""",""""foreign"""",""""fortunate""""]""	""[{""""word"""":""""strengthen"""",""""note"""":""""より一般的な語""""}]""	""[{""""word"""":""""weaken"""",""""note"""":""""弱くする""""}]"""
500972	5	strengthen	強くする	to make something stronger	Exercise can strengthen your body.	運動はあなたの体を強くすることができます。	verb	4	3	""[""""強くする"""",""""安定させる"""",""""壊す"""",""""隠す"""",""""集める""""]""	""[""""strengthen"""",""""stabilize"""",""""destroy"""",""""hide"""",""""collect""""]""	""[""""strengthen"""",""""straighten"""",""""student"""",""""station"""",""""stranger""""]""	""[{""""word"""":""""fortify"""",""""note"""":""""やや硬い表現""""},{""""word"""":""""build up"""",""""note"""":""""力や体を強くする""""}]""	""[{""""word"""":""""weaken"""",""""note"""":""""弱くする""""}]"""
500973	5	see to it that	必ず〜するようにする	to make sure that something happens	Please see to it that the door is locked.	ドアに必ず鍵をかけるようにしてください。	verb	5	2	""[""""必ず〜するようにする"""",""""〜をあきらめる"""",""""〜を思い出す"""",""""〜に反対する"""",""""〜を片づける""""]""	""[""""see to it that"""",""""give up"""",""""remember"""",""""object to"""",""""put away""""]""	""[""""see to it that"""",""""say to me that"""",""""seem to know that"""",""""sit in that"""",""""send it back""""]""	""[{""""word"""":""""make sure that"""",""""note"""":""""より基本的な言い方""""}]""	[]"
500974	5	bore	退屈させる	to make someone feel not interested	The long speech will bore the students.	その長いスピーチは生徒たちを退屈させるでしょう。	verb	5	3	""[""""退屈させる"""",""""驚かせる"""",""""困らせる"""",""""安心させる"""",""""笑わせる""""]""	""[""""bore"""",""""surprise"""",""""trouble"""",""""relax"""",""""amuse""""]""	""[""""bore"""",""""board"""",""""born"""",""""ball"""",""""boil""""]""	""[{""""word"""":""""tire"""",""""note"""":""""興味をなくさせる感じ""""}]""	""[{""""word"""":""""interest"""",""""note"""":""""興味を持たせる""""}]"""
500975	5	constitute	構成する	to form or make up something	Women constitute half of the team.	女性はそのチームの半分を構成している。	verb	6	2	""[""""構成する"""",""""破壊する"""",""""発見する"""",""""改善する"""",""""支える""""]""	""[""""constitute"""",""""destroy"""",""""discover"""",""""improve"""",""""support""""]""	""[""""constitute"""",""""constant"""",""""consult"""",""""construct"""",""""continue""""]""	""[{""""word"""":""""form"""",""""note"""":""""より基本的な語""""},{""""word"""":""""make up"""",""""note"""":""""句動詞の言い換え""""}]""	""[{""""word"""":""""destroy"""",""""note"""":""""作る・構成するの反対""""}]"""
500976	5	account for	説明する	to be the reason for something or to explain it	Can you account for this mistake?	この間違いを説明できますか。	verb	5	3	""[""""説明する"""",""""比較する"""",""""拒否する"""",""""発見する"""",""""修理する""""]""	""[""""account for"""",""""compare"""",""""refuse"""",""""discover"""",""""repair""""]""	""[""""account for"""",""""amount for"""",""""count for"""",""""allow for"""",""""answer""""]""	""[{""""word"""":""""explain"""",""""note"""":""""より基本的な語""""}]""	[]"
500977	5	soak	びしょぬれにする	to make something very wet	Rain began to soak my clothes.	雨が私の服をびしょぬれにし始めた。	verb	5	3	""[""""びしょぬれにする"""",""""乾かす"""",""""洗う"""",""""温める"""",""""運ぶ""""]""	""[""""soak"""",""""dry"""",""""wash"""",""""warm"""",""""carry""""]""	""[""""soak"""",""""soap"""",""""sock"""",""""soup"""",""""sick""""]""	""[{""""word"""":""""wet"""",""""note"""":""""soak のほうが強くぬらす""""}]""	""[{""""word"""":""""dry"""",""""note"""":""""ぬらす ↔ 乾かす""""}]"""
500978	5	tempt	誘惑する	to make someone want to do or have something	The cake may tempt him.	そのケーキは彼を誘惑するかもしれない。	verb	5	2	""[""""誘惑する"""",""""保護する"""",""""招待する"""",""""驚かせる"""",""""助ける""""]""	""[""""tempt"""",""""protect"""",""""invite"""",""""surprise"""",""""help""""]""	""[""""tempt"""",""""tent"""",""""text"""",""""test"""",""""tenth""""]""	[]	[]"
500979	5	broaden	広げる	to make something wider or larger	We need to broaden our knowledge.	私たちは知識を広げる必要がある。	verb	5	2	""[""""広げる"""",""""縮める"""",""""集める"""",""""分ける"""",""""守る""""]""	""[""""broaden"""",""""reduce"""",""""gather"""",""""divide"""",""""protect""""]""	""[""""broaden"""",""""broken"""",""""brother"""",""""brought"""",""""brighten""""]""	""[{""""word"""":""""expand"""",""""note"""":""""より一般的な語""""}]""	""[{""""word"""":""""narrow"""",""""note"""":""""幅を狭くする""""}]"""
500980	5	brand	銘柄	a type of product made by a company	This brand is popular with young people.	この銘柄は若者に人気がある。	noun	4	4	""[""""銘柄"""",""""価格"""",""""品質"""",""""商品"""",""""広告""""]""	""[""""brand"""",""""price"""",""""quality"""",""""product"""",""""ad""""]""	""[""""brand"""",""""grand"""",""""blind"""",""""brown"""",""""bread""""]""	""[{""""word"""":""""make"""",""""note"""":""""製品の種類を表すことがある""""}]""	[]"
500981	5	logical	論理的な	clear and reasonable in thought	Her answer was logical and easy to understand.	彼女の答えは論理的でわかりやすかった。	adjective	5	2	""[""""論理的な"""",""""感情的な"""",""""個人的な"""",""""伝統的な"""",""""実用的な""""]""	""[""""logical"""",""""emotional"""",""""personal"""",""""traditional"""",""""practical""""]""	""[""""logical"""",""""local"""",""""medical"""",""""typical"""",""""radical""""]""	""[{""""word"""":""""reasonable"""",""""note"""":""""筋が通っている""""}]""	""[{""""word"""":""""illogical"""",""""note"""":""""論理的でない""""}]"""
500982	5	productive	生産的な	making a lot of useful things or results	She had a productive day at work.	彼女は仕事で生産的な一日を過ごした。	adjective	5	3	""[""""生産的な"""",""""有名な"""",""""危険な"""",""""静かな"""",""""親切な""""]""	""[""""productive"""",""""famous"""",""""dangerous"""",""""quiet"""",""""kind""""]""	""[""""productive"""",""""protective"""",""""project"""",""""produce"""",""""proactive""""]""	""[{""""word"""":""""useful"""",""""note"""":""""より広い意味で使う""""},{""""word"""":""""effective"""",""""note"""":""""よい結果を出す感じ""""}]""	""[{""""word"""":""""unproductive"""",""""note"""":""""成果が出ない""""},{""""word"""":""""useless"""",""""note"""":""""役に立たない""""}]"""
500983	5	profitable	利益が出る	making money	This small shop is profitable now.	この小さな店は今、利益が出ている。	adjective	5	3	""[""""利益が出る"""",""""安全な"""",""""人気のある"""",""""高価な"""",""""伝統的な""""]""	""[""""profitable"""",""""safe"""",""""popular"""",""""expensive"""",""""traditional""""]""	""[""""profitable"""",""""probable"""",""""proper"""",""""profile"""",""""portable""""]""	""[{""""word"""":""""successful"""",""""note"""":""""事業などでうまくいく感じ""""}]""	""[{""""word"""":""""unprofitable"""",""""note"""":""""利益が出ない""""},{""""word"""":""""costly"""",""""note"""":""""費用がかかる""""}]"""
500984	5	creation	創造	the act of making something new	The artist showed her latest creation.	その芸術家は彼女の最新の創造物を見せた。	noun	5	3	""[""""創造"""",""""発見"""",""""会話"""",""""旅行"""",""""試験""""]""	""[""""creation"""",""""discovery"""",""""conversation"""",""""travel"""",""""exam""""]""	""[""""creation"""",""""relation"""",""""vacation"""",""""station"""",""""question""""]""	""[{""""word"""":""""work"""",""""note"""":""""作られたものを表すことがある""""}]""	""[{""""word"""":""""destruction"""",""""note"""":""""作ることの反対で壊すこと""""}]"""
500985	5	formation	形成	the way something is made or arranged	Cloud formation changed before the storm.	嵐の前に雲の形成が変わった。	noun	5	3	""[""""形成"""",""""発見"""",""""移動"""",""""成長"""",""""破壊""""]""	""[""""formation"""",""""discovery"""",""""movement"""",""""growth"""",""""destruction""""]""	""[""""formation"""",""""vacation"""",""""information"""",""""station"""",""""foundation""""]""	""[{""""word"""":""""structure"""",""""note"""":""""形や組み立てに近い""""}]""	""[{""""word"""":""""destruction"""",""""note"""":""""作ることに対して壊すこと""""}]"""
500986	5	revelation	発覚	a surprising fact that becomes known	The news was a revelation to everyone.	その知らせはみんなにとって驚きの発覚だった。	noun	6	2	""[""""発覚"""",""""形成"""",""""提案"""",""""到着"""",""""選択""""]""	""[""""revelation"""",""""formation"""",""""proposal"""",""""arrival"""",""""choice""""]""	""[""""revelation"""",""""reservation"""",""""relation"""",""""celebration"""",""""education""""]""	""[{""""word"""":""""discovery"""",""""note"""":""""何かが分かること""""}]""	""[{""""word"""":""""secret"""",""""note"""":""""知られていないこと""""}]"""
500987	5	annoying	うっとうしい	making you feel a little angry	The loud noise is annoying.	その大きな音はうっとうしい。	adjective	4	4	""[""""うっとうしい"""",""""楽しい"""",""""静かな"""",""""危険な"""",""""親切な""""]""	""[""""annoying"""",""""pleasant"""",""""quiet"""",""""dangerous"""",""""kind""""]""	""[""""annoying"""",""""amazing"""",""""awake"""",""""alone"""",""""allow""""]""	""[{""""word"""":""""irritating"""",""""note"""":""""やや強めの『いらいらさせる』""""}]""	""[{""""word"""":""""pleasant"""",""""note"""":""""感じがよい""""},{""""word"""":""""nice"""",""""note"""":""""やさしく心地よい""""}]"""
500988	5	gender	性別	whether someone is male or female	The form asks for your gender.	その用紙には性別を書く欄があります。	noun	5	3	""[""""性別"""",""""年齢"""",""""国籍"""",""""職業"""",""""住所""""]""	""[""""gender"""",""""age"""",""""nationality"""",""""job"""",""""address""""]""	""[""""gender"""",""""sender"""",""""gentle"""",""""center"""",""""ladder""""]""	""[{""""word"""":""""sex"""",""""note"""":""""公的な書類では gender がよく使われる""""}]""	[]"
500989	5	artificial	人工の	made by people, not natural	These flowers are artificial.	これらの花は人工のものです。	adjective	5	3	""[""""人工の"""",""""自然の"""",""""有名な"""",""""安全な"""",""""静かな""""]""	""[""""artificial"""",""""natural"""",""""famous"""",""""safe"""",""""quiet""""]""	""[""""artificial"""",""""official"""",""""special"""",""""article"""",""""usual""""]""	""[{""""word"""":""""man-made"""",""""note"""":""""人が作ったという意味""""}]""	""[{""""word"""":""""natural"""",""""note"""":""""自然の""""}]"""
500990	5	supervisor	監督者	a person who watches and directs work	Talk to your supervisor if you need help.	助けが必要なら監督者に相談しなさい。	noun	5	2	""[""""監督者"""",""""店員"""",""""客"""",""""運転手"""",""""画家""""]""	""[""""supervisor"""",""""clerk"""",""""customer"""",""""driver"""",""""painter""""]""	""[""""supervisor"""",""""survivor"""",""""supplier"""",""""supporter"""",""""visitor""""]""	""[{""""word"""":""""manager"""",""""note"""":""""manager のほうがより広い役職名""""}]""	[]"
500991	5	in charge of	担当して	responsible for something or someone	She is in charge of this project.	彼女はこの計画を担当している。	preposition	5	3	""[""""担当して"""",""""賛成して"""",""""困って"""",""""満足して"""",""""興味を持って""""]""	""[""""in charge of"""",""""proud of"""",""""afraid of"""",""""interested in"""",""""good at""""]""	""[""""in charge of"""",""""in front of"""",""""in need of"""",""""on top of"""",""""part of""""]""	""[{""""word"""":""""responsible for"""",""""note"""":""""より説明的な表現""""}]""	[]"
500992	5	diverse	多様な	having many different kinds	The city has a diverse culture.	その都市には多様な文化がある。	adjective	5	3	""[""""多様な"""",""""有名な"""",""""静かな"""",""""安全な"""",""""伝統的な""""]""	""[""""diverse"""",""""famous"""",""""quiet"""",""""safe"""",""""traditional""""]""	""[""""diverse"""",""""device"""",""""reverse"""",""""deliver"""",""""divide""""]""	""[{""""word"""":""""varied"""",""""note"""":""""さまざまな、という意味""""}]""	""[{""""word"""":""""similar"""",""""note"""":""""似た、同じような""""}]"""
500993	5	populous	人口の多い	having many people living in it	Tokyo is a populous city.	東京は人口の多い都市です。	adjective	6	2	""[""""人口の多い"""",""""静かな"""",""""広い"""",""""古い"""",""""安全な""""]""	""[""""populous"""",""""quiet"""",""""wide"""",""""old"""",""""safe""""]""	""[""""populous"""",""""popular"""",""""powerful"""",""""polite"""",""""possible""""]""	""[{""""word"""":""""crowded"""",""""note"""":""""人が多くて混んだ感じ""""}]""	""[{""""word"""":""""empty"""",""""note"""":""""人がほとんどいない感じ""""}]"""
500994	5	scores of	たくさんの	a large number of things or people	Scores of people came to the festival.	たくさんの人がその祭りに来ました。	determiner	5	3	""[""""たくさんの"""",""""少しの"""",""""いくつかの"""",""""ほとんどの"""",""""すべての""""]""	""[""""scores of"""",""""a few"""",""""several"""",""""most"""",""""all""""]""	""[""""scores of"""",""""sort of"""",""""school"""",""""store"""",""""score""""]""	""[{""""word"""":""""many"""",""""note"""":""""より基本的な語""""},{""""word"""":""""a lot of"""",""""note"""":""""会話でよく使う""""}]""	""[{""""word"""":""""a few"""",""""note"""":""""少数の""""}]"""
500995	5	scar	傷あと	a mark left on the skin after a wound heals	He has a scar on his hand.	彼は手に傷あとがあります。	noun	5	3	""[""""傷あと"""",""""しわ"""",""""あざ"""",""""ほくろ"""",""""切り傷""""]""	""[""""scar"""",""""wrinkle"""",""""bruise"""",""""mole"""",""""cut""""]""	""[""""scar"""",""""star"""",""""scarf"""",""""skill"""",""""skirt""""]""	[]	[]"
500996	5	scratch	ひっかく	to rub or cut the skin with nails or something sharp	Do not scratch your arm.	腕をひっかかないでください。	verb	5	4	""[""""ひっかく"""",""""押す"""",""""たたく"""",""""つかむ"""",""""投げる""""]""	""[""""scratch"""",""""push"""",""""hit"""",""""grab"""",""""throw""""]""	""[""""scratch"""",""""stretch"""",""""splash"""",""""search"""",""""switch""""]""	""[{""""word"""":""""rub"""",""""note"""":""""軽くこする意味で近い""""}]""	[]"
500997	5	tumor	腫瘍	a mass of abnormal cells in the body	The doctor found a tumor in his leg.	医者は彼の脚に腫瘍を見つけた。	noun	5	2	""[""""腫瘍"""",""""骨"""",""""傷"""",""""熱"""",""""血管""""]""	""[""""tumor"""",""""bone"""",""""wound"""",""""fever"""",""""nerve""""]""	""[""""tumor"""",""""humor"""",""""tutor"""",""""junior"""",""""tower""""]""	""[{""""word"""":""""growth"""",""""note"""":""""医療以外でも使える広い語""""}]""	[]"
500998	5	correspond	一致する	to match or be similar to something	The results correspond to our expectations.	その結果は私たちの予想と一致する。	verb	5	3	""[""""一致する"""",""""増加する"""",""""拒否する"""",""""説明する"""",""""到着する""""]""	""[""""correspond"""",""""increase"""",""""refuse"""",""""explain"""",""""arrive""""]""	""[""""correspond"""",""""correct"""",""""collect"""",""""connect"""",""""compare""""]""	""[{""""word"""":""""match"""",""""note"""":""""より基本的な語""""}]""	""[{""""word"""":""""differ"""",""""note"""":""""異なる""""}]"""
500999	5	be consistent with	一致する	to agree with something and not be different	His story is consistent with the facts.	彼の話は事実と一致している。	verb	5	2	""[""""一致する"""",""""反対する"""",""""隠す"""",""""改善する"""",""""延期する""""]""	""[""""be consistent with"""",""""disagree with"""",""""hide"""",""""improve"""",""""delay""""]""	""[""""be consistent with"""",""""be connected with"""",""""be concerned with"""",""""be careful with"""",""""be familiar with""""]""	""[{""""word"""":""""agree with"""",""""note"""":""""意味が近い基本表現""""}]""	""[{""""word"""":""""conflict with"""",""""note"""":""""食い違う""""}]"""
501000	5	calculation	計算	the act of working out numbers	I checked the calculation again.	私はその計算をもう一度確認した。	noun	5	3	""[""""計算"""",""""方程式"""",""""公式"""",""""数字"""",""""答え""""]""	""[""""calculation"""",""""equation"""",""""formula"""",""""number"""",""""answer""""]""	""[""""calculation"""",""""collection"""",""""condition"""",""""conversation"""",""""celebration""""]""	""[{""""word"""":""""math"""",""""note"""":""""くだけた言い方で「計算・数学」""""}]""	[]"
501001	5	equation	方程式	a math sentence with an equal sign	We solved the equation in class.	私たちは授業でその方程式を解いた。	noun	5	2	""[""""方程式"""",""""計算"""",""""公式"""",""""数字"""",""""答え""""]""	""[""""equation"""",""""calculation"""",""""formula"""",""""number"""",""""answer""""]""	""[""""equation"""",""""education"""",""""vacation"""",""""occasion"""",""""direction""""]""	[]	[]"
501002	5	formula	公式	a set rule used to solve a problem	This formula is useful in math.	この公式は数学で役に立つ。	noun	5	3	""[""""公式"""",""""方程式"""",""""計算"""",""""数字"""",""""答え""""]""	""[""""formula"""",""""equation"""",""""calculation"""",""""number"""",""""answer""""]""	""[""""formula"""",""""formal"""",""""former"""",""""forward"""",""""format""""]""	[]	[]"
501003	5	interpretation	解釈	the meaning you give to something	His interpretation of the story was interesting.	その物語についての彼の解釈は興味深かった。	noun	5	3	""[""""解釈"""",""""定義"""",""""説明"""",""""意見"""",""""結論""""]""	""[""""interpretation"""",""""definition"""",""""explanation"""",""""opinion"""",""""conclusion""""]""	""[""""interpretation"""",""""invitation"""",""""information"""",""""operation"""",""""conversation""""]""	""[{""""word"""":""""explanation"""",""""note"""":""""説明として近いが、interpretation は意味のとらえ方""""}]""	[]"
501004	5	definition	定義	a clear meaning of a word or idea	Please read the definition of this word.	この単語の定義を読んでください。	noun	4	4	""[""""定義"""",""""解釈"""",""""説明"""",""""例"""",""""意見""""]""	""[""""definition"""",""""interpretation"""",""""explanation"""",""""example"""",""""opinion""""]""	""[""""definition"""",""""decision"""",""""direction"""",""""condition"""",""""discussion""""]""	""[{""""word"""":""""meaning"""",""""note"""":""""特に語の意味として近い""""}]""	[]"
501005	5	gauge	測る	to judge or measure something	It is hard to gauge his feelings.	彼の気持ちを測るのは難しい。	verb	5	2	""[""""測る"""",""""比べる"""",""""集める"""",""""防ぐ"""",""""運ぶ""""]""	""[""""gauge"""",""""compare"""",""""collect"""",""""prevent"""",""""carry""""]""	""[""""gauge"""",""""gate"""",""""game"""",""""gain"""",""""guide""""]""	""[{""""word"""":""""measure"""",""""note"""":""""より基本的な語""""},{""""word"""":""""judge"""",""""note"""":""""様子を見て判断する意味で近い""""}]""	[]"
501006	5	vernier	副尺	a small scale for measuring more exactly	The tool has a vernier for careful measurement.	その道具には正確に測るための副尺が付いています。	noun	5	1	""[""""副尺"""",""""定規"""",""""温度計"""",""""はかり"""",""""ねじ""""]""	""[""""vernier"""",""""ruler"""",""""meter"""",""""scale"""",""""screw""""]""	""[""""vernier"""",""""very"""",""""vendor"""",""""velvet"""",""""version""""]""	[]	[]"
501007	5	butcher	肉屋	a person who sells meat	My uncle is a butcher in our town.	私のおじは町の肉屋です。	noun	3	3	""[""""肉屋"""",""""パン屋"""",""""農家"""",""""店員"""",""""料理人""""]""	""[""""butcher"""",""""baker"""",""""farmer"""",""""clerk"""",""""cook""""]""	""[""""butcher"""",""""teacher"""",""""future"""",""""picture"""",""""nature""""]""	[]	[]"
501008	5	treatment	治療	medical care for an illness or injury	She got treatment at the hospital.	彼女は病院で治療を受けました。	noun	4	4	""[""""治療"""",""""手術"""",""""診察"""",""""看護"""",""""薬""""]""	""[""""treatment"""",""""surgery"""",""""checkup"""",""""nursing"""",""""medicine""""]""	""[""""treatment"""",""""agreement"""",""""movement"""",""""basement"""",""""moment""""]""	""[{""""word"""":""""care"""",""""note"""":""""医療の文脈で近い意味""""}]""	[]"
501009	5	vaccine	ワクチン	a medicine that protects you from a disease	Many children get a vaccine at the hospital.	多くの子どもたちは病院でワクチンを受けます。	noun	5	4	""[""""ワクチン"""",""""薬"""",""""注射"""",""""病気"""",""""治療""""]""	""[""""vaccine"""",""""medicine"""",""""injection"""",""""disease"""",""""treatment""""]""	""[""""vaccine"""",""""vacation"""",""""machine"""",""""visitor"""",""""kitchen""""]""	[]	[]"
501010	5	rally	集会	a public meeting for support or protest	Many students joined the rally in the park.	多くの生徒が公園の集会に参加しました。	noun	5	3	""[""""集会"""",""""会議"""",""""試合"""",""""祭り"""",""""行進""""]""	""[""""rally"""",""""meeting"""",""""match"""",""""festival"""",""""parade""""]""	""[""""rally"""",""""really"""",""""rainy"""",""""rapid"""",""""ready""""]""	""[{""""word"""":""""meeting"""",""""note"""":""""より広い意味の「集まり」""""}]""	[]"
501011	5	be faced with	〜に直面している	to have to deal with something difficult	We are faced with a serious problem.	私たちは深刻な問題に直面しています。	verb	6	3	""[""""〜に直面している"""",""""〜を避ける"""",""""〜を解決する"""",""""〜を始める"""",""""〜を共有する""""]""	""[""""be faced with"""",""""avoid"""",""""solve"""",""""start"""",""""share""""]""	""[""""be faced with"""",""""be filled with"""",""""be friends with"""",""""be careful with"""",""""be happy with""""]""	""[{""""word"""":""""face"""",""""note"""":""""より短い形で「直面する」""""}]""	""[{""""word"""":""""avoid"""",""""note"""":""""問題などを避ける""""}]"""
501012	5	senator	上院議員	a member of a senate	The senator spoke to the people in the town.	その上院議員は町の人々に話した。	noun	5	3	""[""""上院議員"""",""""市長"""",""""裁判官"""",""""大統領"""",""""記者""""]""	""[""""senator"""",""""mayor"""",""""judge"""",""""president"""",""""reporter""""]""	""[""""senator"""",""""generator"""",""""visitor"""",""""editor"""",""""sailor""""]""	[]	[]"
501013	5	trauma	心の傷	a very bad experience that hurts the mind	The accident caused trauma for the child.	その事故はその子に心の傷を与えた。	noun	5	3	""[""""心の傷"""",""""喜び"""",""""希望"""",""""安心"""",""""勇気""""]""	""[""""trauma"""",""""joy"""",""""hope"""",""""peace"""",""""courage""""]""	""[""""trauma"""",""""drama"""",""""comma"""",""""trouble"""",""""teacher""""]""	[]	[]"
501014	5	disorder	混乱	a state of confusion or lack of order	The loud fight caused disorder in the room.	その激しいけんかで部屋は混乱した。	noun	5	4	""[""""混乱"""",""""静けさ"""",""""平和"""",""""秩序"""",""""安全""""]""	""[""""disorder"""",""""silence"""",""""peace"""",""""order"""",""""safety""""]""	""[""""disorder"""",""""discover"""",""""distance"""",""""dishonor"""",""""daughter""""]""	""[{""""word"""":""""confusion"""",""""note"""":""""より一般的な語""""}]""	""[{""""word"""":""""order"""",""""note"""":""""整った状態""""}]"""
501015	5	advertisement	広告	a notice that tells people about a product or service	I saw an advertisement in the newspaper.	私は新聞で広告を見ました。	noun	5	3	""[""""広告"""",""""記事"""",""""案内"""",""""看板"""",""""知らせ""""]""	""[""""advertisement"""",""""article"""",""""notice"""",""""poster"""",""""message""""]""	""[""""advertisement"""",""""adventure"""",""""agreement"""",""""apartment"""",""""environment""""]""	""[{""""word"""":""""ad"""",""""note"""":""""短い形でよく使う""""}]""	[]"
501016	5	magnet	磁石	an object that can pull iron or steel	This magnet is very strong.	この磁石はとても強いです。	noun	4	3	""[""""磁石"""",""""金属"""",""""電池"""",""""機械"""",""""道具""""]""	""[""""magnet"""",""""metal"""",""""battery"""",""""machine"""",""""tool""""]""	""[""""magnet"""",""""market"""",""""packet"""",""""planet"""",""""jacket""""]""	[]	[]"
501017	5	equator	赤道	the imaginary line around the middle of the Earth	The equator is very hot all year.	赤道は一年中とても暑いです。	noun	5	2	""[""""赤道"""",""""北極"""",""""大陸"""",""""海洋"""",""""砂漠""""]""	""[""""equator"""",""""pole"""",""""continent"""",""""ocean"""",""""desert""""]""	""[""""equator"""",""""elevator"""",""""editor"""",""""educator"""",""""alligator""""]""	[]	[]"
501018	5	broker	仲買人	a person who buys and sells things for others	My uncle works as a broker in the city.	私のおじは街で仲買人として働いています。	noun	5	2	""[""""仲買人"""",""""農家"""",""""画家"""",""""店員"""",""""運転手""""]""	""[""""broker"""",""""farmer"""",""""painter"""",""""clerk"""",""""driver""""]""	""[""""broker"""",""""broken"""",""""brother"""",""""brighter"""",""""baker""""]""	""[{""""word"""":""""agent"""",""""note"""":""""売買や交渉を代わりに行う人""""}]""	[]"
501019	5	temperate	温暖な	having a mild climate, not very hot or cold	Japan has a temperate climate in many areas.	日本の多くの地域は温暖な気候です。	adjective	5	2	""[""""温暖な"""",""""乾燥した"""",""""寒い"""",""""蒸し暑い"""",""""風の強い""""]""	""[""""temperate"""",""""dry"""",""""cold"""",""""humid"""",""""windy""""]""	""[""""temperate"""",""""template"""",""""temporary"""",""""separate"""",""""celebrate""""]""	""[{""""word"""":""""mild"""",""""note"""":""""気候が穏やかな""""}]""	""[{""""word"""":""""severe"""",""""note"""":""""気候が厳しい""""}]"""
501020	5	intellect	知性	the ability to think and understand well	Her intellect helped her solve the problem quickly.	彼女の知性のおかげで、その問題をすぐに解くことができました。	noun	5	2	""[""""知性"""",""""勇気"""",""""人気"""",""""体力"""",""""記憶""""]""	""[""""intellect"""",""""courage"""",""""fame"""",""""strength"""",""""memory""""]""	""[""""intellect"""",""""internet"""",""""interest"""",""""inspect"""",""""invent""""]""	""[{""""word"""":""""intelligence"""",""""note"""":""""より一般的な語""""}]""	[]"
501021	5	be lacking in	不足している	to not have enough of something	The team is lacking in experience.	そのチームは経験が不足している。	verb	5	2	""[""""不足している"""",""""満足している"""",""""優れている"""",""""慣れている"""",""""集中している""""]""	""[""""be lacking in"""",""""be full of"""",""""be good at"""",""""be used to"""",""""focus on""""]""	""[""""be lacking in"""",""""be looking at"""",""""be laughing at"""",""""be living in"""",""""be taking it""""]""	""[{""""word"""":""""be short of"""",""""note"""":""""より基本的な表現""""}]""	""[{""""word"""":""""have enough of"""",""""note"""":""""十分に持っている""""}]"""
501022	5	flaw	欠点	a small problem or weak point	This plan has one serious flaw.	この計画には一つ重大な欠点がある。	noun	5	2	""[""""欠点"""",""""利点"""",""""方法"""",""""結果"""",""""証拠""""]""	""[""""flaw"""",""""advantage"""",""""method"""",""""result"""",""""proof""""]""	""[""""flaw"""",""""floor"""",""""flow"""",""""flash"""",""""fly""""]""	""[{""""word"""":""""fault"""",""""note"""":""""より一般的な語""""},{""""word"""":""""weakness"""",""""note"""":""""弱い点という意味""""}]""	""[{""""word"""":""""strength"""",""""note"""":""""強み""""},{""""word"""":""""advantage"""",""""note"""":""""有利な点""""}]"""
501023	5	integrate	統合する	to combine parts into one whole	The school will integrate art into science classes.	その学校は美術を理科の授業に統合する予定だ。	verb	5	2	""[""""統合する"""",""""分ける"""",""""比較する"""",""""説明する"""",""""改善する""""]""	""[""""integrate"""",""""separate"""",""""compare"""",""""explain"""",""""improve""""]""	""[""""integrate"""",""""interact"""",""""interest"""",""""introduce"""",""""indicate""""]""	""[{""""word"""":""""combine"""",""""note"""":""""いくつかを一つにする""""}]""	""[{""""word"""":""""separate"""",""""note"""":""""分ける""""}]"""
501024	5	combination	組み合わせ	a mix of two or more things	This dish is a good combination of meat and vegetables.	この料理は肉と野菜のよい組み合わせです。	noun	5	3	""[""""組み合わせ"""",""""混合"""",""""部分"""",""""方法"""",""""結果""""]""	""[""""combination"""",""""mixture"""",""""section"""",""""method"""",""""result""""]""	""[""""combination"""",""""communication"""",""""competition"""",""""conversation"""",""""condition""""]""	""[{""""word"""":""""mixture"""",""""note"""":""""mixした状態を表す基本語""""}]""	[]"
501025	5	blend	混ぜる	to mix things together well	Blend the fruit with milk.	果物を牛乳と混ぜなさい。	verb	5	3	""[""""混ぜる"""",""""切る"""",""""焼く"""",""""注ぐ"""",""""運ぶ""""]""	""[""""blend"""",""""cut"""",""""bake"""",""""pour"""",""""carry""""]""	""[""""blend"""",""""blind"""",""""brand"""",""""blue"""",""""bend""""]""	""[{""""word"""":""""mix"""",""""note"""":""""より基本的な語""""}]""	""[{""""word"""":""""separate"""",""""note"""":""""分ける""""}]"""
501026	5	stir	かき混ぜる	to move a spoon around in food or drink	Stir the soup slowly.	スープをゆっくりかき混ぜなさい。	verb	4	4	""[""""かき混ぜる"""",""""こぼす"""",""""冷やす"""",""""洗う"""",""""運ぶ""""]""	""[""""stir"""",""""spill"""",""""cool"""",""""wash"""",""""carry""""]""	""[""""stir"""",""""star"""",""""store"""",""""stone"""",""""step""""]""	""[{""""word"""":""""mix"""",""""note"""":""""広い意味での「混ぜる」""""}]""	[]"
501027	5	compound	化合物	a substance made from two or more elements	Water is a common compound.	水は一般的な化合物です。	noun	5	3	""[""""化合物"""",""""液体"""",""""気体"""",""""金属"""",""""元素""""]""	""[""""compound"""",""""element"""",""""liquid"""",""""metal"""",""""gas""""]""	""[""""compound"""",""""compare"""",""""company"""",""""compass"""",""""compose""""]""	[]	[]"
501028	5	confusion	混乱	a state of not understanding clearly	The sudden change caused confusion.	突然の変化が混乱を引き起こした。	noun	5	4	""[""""混乱"""",""""安心"""",""""沈黙"""",""""成功"""",""""習慣""""]""	""[""""confusion"""",""""comfort"""",""""silence"""",""""success"""",""""habit""""]""	""[""""confusion"""",""""condition"""",""""conclusion"""",""""decision"""",""""discussion""""]""	""[{""""word"""":""""disorder"""",""""note"""":""""ややかたい語""""}]""	""[{""""word"""":""""order"""",""""note"""":""""整った状態""""}]"""
501029	5	contemporary	現代の	belonging to the present time	The museum shows contemporary art.	その美術館は現代美術を展示している。	adjective	6	3	""[""""現代の"""",""""伝統的な"""",""""古代の"""",""""地方の"""",""""個人的な""""]""	""[""""contemporary"""",""""traditional"""",""""ancient"""",""""local"""",""""personal""""]""	""[""""contemporary"""",""""temporary"""",""""ordinary"""",""""voluntary"""",""""secondary""""]""	""[{""""word"""":""""modern"""",""""note"""":""""より基本的な語""""}]""	""[{""""word"""":""""ancient"""",""""note"""":""""とても昔の""""}]"""
501030	5	up to date	最新の	modern and using the newest information	This computer is up to date.	このコンピューターは最新です。	adjective	5	3	""[""""最新の"""",""""古い"""",""""高価な"""",""""便利な"""",""""安全な""""]""	""[""""up to date"""",""""old"""",""""expensive"""",""""useful"""",""""safe""""]""	""[""""up to date"""",""""out of date"""",""""update"""",""""upstate"""",""""uphill""""]""	""[{""""word"""":""""modern"""",""""note"""":""""より一般的な語""""},{""""word"""":""""current"""",""""note"""":""""今の、最新の""""}]""	""[{""""word"""":""""old"""",""""note"""":""""古い""""},{""""word"""":""""out-of-date"""",""""note"""":""""時代遅れの""""}]"""
501031	5	bankruptcy	破産	the state of having no money to pay debts	The company faced bankruptcy last year.	その会社は昨年、破産に直面しました。	noun	6	2	""[""""破産"""",""""借金"""",""""利益"""",""""契約"""",""""投資""""]""	""[""""bankruptcy"""",""""debt"""",""""profit"""",""""contract"""",""""investment""""]""	""[""""bankruptcy"""",""""background"""",""""backpack"""",""""banquet"""",""""blanket""""]""	[]	[]"
501032	5	bribe	わいろ	money or a gift given to make someone do something wrong	He was arrested for taking a bribe.	彼はわいろを受け取って逮捕されました。	noun	6	2	""[""""わいろ"""",""""罰金"""",""""報酬"""",""""寄付"""",""""税金""""]""	""[""""bribe"""",""""fine"""",""""reward"""",""""donation"""",""""tax""""]""	""[""""bribe"""",""""bride"""",""""bright"""",""""brick"""",""""drive""""]""	[]	[]"
501033	5	revenue	収入	money that a business or government gets	The company needs more revenue this year.	その会社は今年、もっと収入が必要です。	noun	5	3	""[""""収入"""",""""支出"""",""""利益"""",""""給料"""",""""予算""""]""	""[""""revenue"""",""""expense"""",""""profit"""",""""salary"""",""""budget""""]""	""[""""revenue"""",""""review"""",""""rescue"""",""""remain"""",""""renew""""]""	""[{""""word"""":""""income"""",""""note"""":""""より一般的な語""""},{""""word"""":""""earnings"""",""""note"""":""""かせいだお金""""}]""	""[{""""word"""":""""expense"""",""""note"""":""""入るお金に対して出るお金""""}]"""
501034	5	allowance	おこづかい	money given regularly for personal use	My parents give me a monthly allowance.	私の両親は毎月おこづかいをくれます。	noun	4	3	""[""""おこづかい"""",""""給料"""",""""家賃"""",""""運賃"""",""""税金""""]""	""[""""allowance"""",""""salary"""",""""rent"""",""""fare"""",""""tax""""]""	""[""""allowance"""",""""announce"""",""""advance"""",""""allergy"""",""""balance""""]""	""[{""""word"""":""""pocket money"""",""""note"""":""""英ではよく使う表現""""}]""	[]"
501035	5	inheritance	遺産	money or property received from someone who has died	She received a large inheritance from her grandfather.	彼女は祖父から多くの遺産を受け取りました。	noun	5	2	""[""""遺産"""",""""借金"""",""""財産"""",""""収入"""",""""給料""""]""	""[""""inheritance"""",""""debt"""",""""property"""",""""income"""",""""salary""""]""	""[""""inheritance"""",""""inhabitant"""",""""important"""",""""insurance"""",""""entrance""""]""	""[{""""word"""":""""legacy"""",""""note"""":""""ややかたい語""""}]""	[]"
501036	5	investment	投資	the act of putting money into something to make more money	This company needs more investment.	この会社はもっと投資を必要としている。	noun	5	3	""[""""投資"""",""""支出"""",""""通貨"""",""""利益"""",""""借金""""]""	""[""""investment"""",""""expenditure"""",""""currency"""",""""profit"""",""""debt""""]""	""[""""investment"""",""""invent"""",""""environment"""",""""movement"""",""""government""""]""	""[{""""word"""":""""funding"""",""""note"""":""""資金を出すこと""""}]""	[]"
501037	5	expenditure	支出	the amount of money spent	Our monthly expenditure is too high.	私たちの毎月の支出は高すぎる。	noun	6	2	""[""""支出"""",""""投資"""",""""収入"""",""""利益"""",""""貯金""""]""	""[""""expenditure"""",""""investment"""",""""income"""",""""profit"""",""""savings""""]""	""[""""expenditure"""",""""experience"""",""""expression"""",""""experiment"""",""""expensive""""]""	""[{""""word"""":""""spending"""",""""note"""":""""より基本的な語""""}]""	""[{""""word"""":""""income"""",""""note"""":""""入ってくるお金""""}]"""
501038	5	currency	通貨	the money used in a country	The dollar is a common currency.	ドルは一般的な通貨です。	noun	5	3	""[""""通貨"""",""""現金"""",""""価格"""",""""支出"""",""""収入""""]""	""[""""currency"""",""""cash"""",""""price"""",""""expenditure"""",""""income""""]""	""[""""currency"""",""""current"""",""""curtain"""",""""carefully"""",""""country""""]""	""[{""""word"""":""""money"""",""""note"""":""""より広い意味の基本語""""}]""	[]"
501039	5	asset	資産	something valuable that a person or company owns	The company sold one of its assets.	その会社は資産の一つを売った。	noun	5	3	""[""""資産"""",""""負債"""",""""利益"""",""""費用"""",""""財産""""]""	""[""""asset"""",""""debt"""",""""profit"""",""""cost"""",""""value""""]""	""[""""asset"""",""""assist"""",""""aspect"""",""""answer"""",""""access""""]""	""[{""""word"""":""""property"""",""""note"""":""""土地や建物などの財産に使うことが多い""""},{""""word"""":""""possession"""",""""note"""":""""個人が持っている物に広く使える""""}]""	""[{""""word"""":""""debt"""",""""note"""":""""借金・負債""""}]"""
501040	5	ethical	倫理的な	morally right and fair	We need an ethical way to use AI.	私たちはAIを使う倫理的な方法が必要だ。	adjective	5	3	""[""""倫理的な"""",""""法的な"""",""""個人的な"""",""""実用的な"""",""""伝統的な""""]""	""[""""ethical"""",""""legal"""",""""personal"""",""""practical"""",""""traditional""""]""	""[""""ethical"""",""""typical"""",""""critical"""",""""medical"""",""""electrical""""]""	""[{""""word"""":""""moral"""",""""note"""":""""善悪の基準に関する語""""}]""	""[{""""word"""":""""immoral"""",""""note"""":""""道徳に反する""""},{""""word"""":""""unfair"""",""""note"""":""""公正でない""""}]"""
501041	5	ethic	倫理観	a set of moral ideas about right and wrong	He has a strong work ethic.	彼は強い勤労倫理観を持っている。	noun	5	2	""[""""倫理観"""",""""習慣"""",""""規則"""",""""文化"""",""""責任""""]""	""[""""ethic"""",""""habit"""",""""rule"""",""""culture"""",""""duty""""]""	""[""""ethic"""",""""epic"""",""""topic"""",""""electric"""",""""athlete""""]""	""[{""""word"""":""""principle"""",""""note"""":""""行動の基本となる考え""""},{""""word"""":""""morality"""",""""note"""":""""道徳性という意味で近い""""}]""	[]"
501042	5	ethics	倫理	moral rules about what is right and wrong	Doctors must follow ethics at work.	医師は仕事で倫理を守らなければならない。	noun	5	2	""[""""倫理"""",""""法律"""",""""文化"""",""""歴史"""",""""教育""""]""	""[""""ethics"""",""""law"""",""""culture"""",""""history"""",""""education""""]""	""[""""ethics"""",""""athlete"""",""""edit"""",""""exit"""",""""epic""""]""	""[{""""word"""":""""morality"""",""""note"""":""""より一般的に「道徳」""""}]""	[]"
501043	5	increasingly	ますます	more and more over time	People are increasingly using smartphones.	人々はますますスマートフォンを使っている。	adverb	5	3	""[""""ますます"""",""""突然"""",""""静かに"""",""""たぶん"""",""""すぐに""""]""	""[""""increasingly"""",""""suddenly"""",""""quietly"""",""""probably"""",""""soon""""]""	""[""""increasingly"""",""""interestingly"""",""""carefully"""",""""seriously"""",""""easily""""]""	""[{""""word"""":""""more and more"""",""""note"""":""""意味が近い表現""""}]""	""[{""""word"""":""""less and less"""",""""note"""":""""だんだん少なく""""}]"""
501044	5	worse	より悪い	more bad	My cold got worse today.	私の風邪は今日、より悪くなった。	adjective	4	4	""[""""より悪い"""",""""より良い"""",""""より早い"""",""""より強い"""",""""より高い""""]""	""[""""worse"""",""""better"""",""""faster"""",""""stronger"""",""""higher""""]""	""[""""worse"""",""""word"""",""""work"""",""""world"""",""""warm""""]""	[]	""[{""""word"""":""""better"""",""""note"""":""""good の比較級""""}]"""
501045	5	bigger	より大きい	larger in size	This bag is bigger than mine.	このかばんは私のものより大きい。	adjective	5	4	""[""""より大きい"""",""""より小さい"""",""""より長い"""",""""より重い"""",""""より高い""""]""	""[""""bigger"""",""""smaller"""",""""longer"""",""""heavier"""",""""higher""""]""	""[""""bigger"""",""""beggar"""",""""baker"""",""""better"""",""""finger""""]""	""[{""""word"""":""""larger"""",""""note"""":""""ほぼ同じ意味""""}]""	""[{""""word"""":""""smaller"""",""""note"""":""""size が反対""""}]"""
501046	5	busier	より忙しい	having more things to do	My mother is busier today.	私の母は今日はより忙しい。	adjective	5	3	""[""""より忙しい"""",""""より静かな"""",""""より速い"""",""""より強い"""",""""より新しい""""]""	""[""""busier"""",""""quieter"""",""""faster"""",""""stronger"""",""""newer""""]""	""[""""busier"""",""""easier"""",""""busy"""",""""visitor"""",""""senior""""]""	[]	[]"
501047	5	deeper	より深い	going farther down	This river is deeper than that one.	この川はあの川より深い。	adjective	5	3	""[""""より深い"""",""""より浅い"""",""""より広い"""",""""より暗い"""",""""より冷たい""""]""	""[""""deeper"""",""""shallower"""",""""wider"""",""""darker"""",""""colder""""]""	""[""""deeper"""",""""keeper"""",""""dealer"""",""""dinner"""",""""teacher""""]""	[]	""[{""""word"""":""""shallower"""",""""note"""":""""depth が反対""""}]"""
501048	5	easier	より簡単な	more simple to do or understand	This question is easier than the last one.	この問題は前のものより簡単です。	adjective	5	4	""[""""より簡単な"""",""""より難しい"""",""""より速い"""",""""より遅い"""",""""より安全な""""]""	""[""""easier"""",""""harder"""",""""faster"""",""""slower"""",""""safer""""]""	""[""""easier"""",""""eastern"""",""""easy"""",""""busy"""",""""laser""""]""	""[{""""word"""":""""simpler"""",""""note"""":""""より単純でわかりやすい""""}]""	""[{""""word"""":""""harder"""",""""note"""":""""比較級の反対""""}]"""
501049	5	farther	より遠くに	at or to a greater distance	We walked farther than we planned.	私たちは予定より遠くまで歩きました。	adverb	6	3	""[""""より遠くに"""",""""より近くに"""",""""より速く"""",""""より高く"""",""""より深く""""]""	""[""""farther"""",""""nearer"""",""""faster"""",""""higher"""",""""deeper""""]""	""[""""farther"""",""""father"""",""""farmer"""",""""faster"""",""""feather""""]""	""[{""""word"""":""""further"""",""""note"""":""""日常ではほぼ同じ意味で使う""""}]""	""[{""""word"""":""""nearer"""",""""note"""":""""距離がより近い""""}]"""
501050	5	heavier	より重い	having more weight	This bag is heavier than mine.	このかばんは私のものより重いです。	adjective	5	4	""[""""より重い"""",""""より軽い"""",""""より大きい"""",""""より小さい"""",""""より長い""""]""	""[""""heavier"""",""""lighter"""",""""bigger"""",""""smaller"""",""""longer""""]""	""[""""heavier"""",""""header"""",""""savior"""",""""happy"""",""""weather""""]""	""[{""""word"""":""""weightier"""",""""note"""":""""ややかたい語なので注意""""}]""	""[{""""word"""":""""lighter"""",""""note"""":""""重さがより少ない""""}]"""
501051	5	lower	より低い	at a smaller height or level	This shelf is lower than that one.	この棚はあの棚より低い。	adjective	5	3	""[""""より低い"""",""""より高い"""",""""より深い"""",""""より広い"""",""""より長い""""]""	""[""""lower"""",""""higher"""",""""deeper"""",""""wider"""",""""longer""""]""	""[""""lower"""",""""power"""",""""tower"""",""""owner"""",""""flower""""]""	""[{""""word"""":""""lower down"""",""""note"""":""""句動詞。下げるという意味で使う""""}]""	""[{""""word"""":""""higher"""",""""note"""":""""高さ・位置がより高い""""}]"""
501052	5	closer	より近い	nearer in distance	My house is closer to the station.	私の家は駅により近い。	adjective	5	3	""[""""より近い"""",""""より遠い"""",""""より速い"""",""""より暗い"""",""""より重い""""]""	""[""""closer"""",""""farther"""",""""faster"""",""""darker"""",""""heavier""""]""	""[""""closer"""",""""clover"""",""""color"""",""""corner"""",""""cleaner""""]""	""[{""""word"""":""""nearer"""",""""note"""":""""距離がより近い""""}]""	""[{""""word"""":""""farther"""",""""note"""":""""距離がより遠い""""}]"""
501053	5	richer	より裕福な	having more money	He became richer after years of work.	彼は何年もの仕事の後でより裕福になった。	adjective	5	2	""[""""より裕福な"""",""""より貧しい"""",""""より若い"""",""""より強い"""",""""より静かな""""]""	""[""""richer"""",""""poorer"""",""""younger"""",""""stronger"""",""""quieter""""]""	""[""""richer"""",""""teacher"""",""""river"""",""""writer"""",""""picture""""]""	""[{""""word"""":""""wealthier"""",""""note"""":""""ややかたいが同じ意味""""}]""	""[{""""word"""":""""poorer"""",""""note"""":""""お金がより少ない""""}]"""
501054	5	safer	より安全な	more safe; less likely to cause harm	This road is safer at night now.	この道路は今では夜のほうがより安全です。	adjective	5	3	""[""""より安全な"""",""""より速い"""",""""より静かな"""",""""より広い"""",""""より強い""""]""	""[""""safer"""",""""faster"""",""""quieter"""",""""wider"""",""""stronger""""]""	""[""""safer"""",""""saver"""",""""supper"""",""""sailor"""",""""suffer""""]""	""[{""""word"""":""""more secure"""",""""note"""":""""やや説明的な言い換え""""}]""	""[{""""word"""":""""more dangerous"""",""""note"""":""""より危険な""""}]"""
501055	5	shorter	より短い	having less length or time	This skirt is shorter than that one.	このスカートはあれより短いです。	adjective	4	4	""[""""より短い"""",""""より長い"""",""""より軽い"""",""""より細い"""",""""より低い""""]""	""[""""shorter"""",""""longer"""",""""lighter"""",""""thinner"""",""""lower""""]""	""[""""shorter"""",""""shelter"""",""""shoulder"""",""""shooter"""",""""charter""""]""	[]	""[{""""word"""":""""longer"""",""""note"""":""""長さ・時間がより長い""""}]"""
501056	5	achievement	達成	something good that you succeed in doing	Winning the prize was a great achievement.	その賞を取ったことは大きな達成でした。	noun	6	3	""[""""達成"""",""""失敗"""",""""努力"""",""""目標"""",""""進歩""""]""	""[""""achievement"""",""""failure"""",""""effort"""",""""goal"""",""""progress""""]""	""[""""achievement"""",""""agreement"""",""""arrangement"""",""""movement"""",""""improvement""""]""	""[{""""word"""":""""success"""",""""note"""":""""より基本的な語""""}]""	""[{""""word"""":""""failure"""",""""note"""":""""達成できないこと""""}]"""
501057	5	intention	意図	a plan or purpose in your mind	His intention was to help the team.	彼の意図はそのチームを助けることだった。	noun	5	3	""[""""意図"""",""""結果"""",""""方法"""",""""経験"""",""""提案""""]""	""[""""intention"""",""""result"""",""""method"""",""""experience"""",""""suggestion""""]""	""[""""intention"""",""""attention"""",""""invention"""",""""extension"""",""""condition""""]""	""[{""""word"""":""""purpose"""",""""note"""":""""より一般的な「目的」""""}]""	[]"
501058	5	younger	より若い	having less age than someone else	My younger brother is in junior high school.	私の弟は中学校に通っています。	adjective	3	4	""[""""より若い"""",""""より年上の"""",""""より強い"""",""""より速い"""",""""より背が高い""""]""	""[""""younger"""",""""older"""",""""stronger"""",""""faster"""",""""taller""""]""	""[""""younger"""",""""hunger"""",""""singer"""",""""finger"""",""""summer""""]""	[]	""[{""""word"""":""""older"""",""""note"""":""""年齢がより上""""}]"""
501059	5	mainly	主に	for the most part	This class is mainly for beginners.	このクラスは主に初心者向けです。	adverb	4	4	""[""""主に"""",""""突然"""",""""静かに"""",""""すでに"""",""""たぶん""""]""	""[""""mainly"""",""""suddenly"""",""""quietly"""",""""already"""",""""perhaps""""]""	""[""""mainly"""",""""daily"""",""""safely"""",""""clearly"""",""""nearly""""]""	""[{""""word"""":""""mostly"""",""""note"""":""""ほぼ同じ意味""""}]""	[]"
501060	5	slogan	標語	a short phrase used to express an idea or advertise something	Our class made a slogan for the school festival.	私たちのクラスは学校祭のために標語を作った。	noun	5	3	""[""""標語"""",""""広告"""",""""記事"""",""""意見"""",""""計画""""]""	""[""""slogan"""",""""poster"""",""""article"""",""""opinion"""",""""plan""""]""	""[""""slogan"""",""""slowly"""",""""solar"""",""""smaller"""",""""program""""]""	""[{""""word"""":""""motto"""",""""note"""":""""個人や団体の短い信条にも使う""""}]""	[]"
501061	5	reverse	逆にする	to change something to the opposite direction or order	Please reverse the order of these pictures.	これらの写真の順番を逆にしてください。	verb	5	4	""[""""逆にする"""",""""混ぜる"""",""""運ぶ"""",""""隠す"""",""""選ぶ""""]""	""[""""reverse"""",""""mix"""",""""carry"""",""""hide"""",""""choose""""]""	""[""""reverse"""",""""refuse"""",""""release"""",""""return"""",""""revise""""]""	""[{""""word"""":""""turn back"""",""""note"""":""""向きや進行を戻すときに使う""""}]""	""[{""""word"""":""""continue"""",""""note"""":""""逆にせずそのまま進める""""}]"""
501062	5	migrate	移動する	to move from one place to another, often by season	Some birds migrate to warm places in winter.	冬に暖かい場所へ移動する鳥もいる。	verb	6	2	""[""""移動する"""",""""集まる"""",""""眠る"""",""""育つ"""",""""残る""""]""	""[""""migrate"""",""""gather"""",""""sleep"""",""""grow"""",""""remain""""]""	""[""""migrate"""",""""myself"""",""""midnight"""",""""invite"""",""""mistake""""]""	""[{""""word"""":""""move"""",""""note"""":""""より広い意味の基本語""""}]""	""[{""""word"""":""""remain"""",""""note"""":""""その場にとどまる""""}]"""
501063	5	scramble	よじ登る	to climb or move quickly using your hands and feet	The boy had to scramble up the hill.	その少年は丘をよじ登らなければならなかった。	verb	5	2	""[""""よじ登る"""",""""飛び込む"""",""""押す"""",""""運ぶ"""",""""隠す""""]""	""[""""scramble"""",""""dive"""",""""push"""",""""carry"""",""""hide""""]""	""[""""scramble"""",""""sample"""",""""crumble"""",""""struggle"""",""""screen""""]""	""[{""""word"""":""""climb"""",""""note"""":""""より一般的な「登る」""""}]""	""[{""""word"""":""""descend"""",""""note"""":""""フォーマルな「下る」""""}]"""
501064	5	advance	進む	to move forward	The soldiers began to advance slowly.	兵士たちはゆっくり進み始めた。	verb	5	3	""[""""進む"""",""""止まる"""",""""戻る"""",""""隠れる"""",""""落ちる""""]""	""[""""advance"""",""""stop"""",""""return"""",""""hide"""",""""fall""""]""	""[""""advance"""",""""advice"""",""""admit"""",""""invent"""",""""announce""""]""	""[{""""word"""":""""move forward"""",""""note"""":""""前へ進むこと""""}]""	""[{""""word"""":""""retreat"""",""""note"""":""""後ろへ下がる""""},{""""word"""":""""stop"""",""""note"""":""""動きを止める""""}]"""
501065	5	smuggle	密輸する	to take things secretly and illegally	They tried to smuggle the goods across the border.	彼らはその品物を国境を越えて密輸しようとした。	verb	6	2	""[""""密輸する"""",""""輸出する"""",""""配達する"""",""""集める"""",""""修理する""""]""	""[""""smuggle"""",""""export"""",""""deliver"""",""""collect"""",""""repair""""]""	""[""""smuggle"""",""""struggle"""",""""single"""",""""snuggle"""",""""jungle""""]""	[]	[]"
501066	5	transplant	移植する	to move an organ or tissue into another body	Doctors will transplant a healthy kidney.	医師たちは健康な腎臓を移植するでしょう。	verb	5	2	""[""""移植する"""",""""治療する"""",""""検査する"""",""""保存する"""",""""発見する""""]""	""[""""transplant"""",""""treat"""",""""examine"""",""""store"""",""""discover""""]""	""[""""transplant"""",""""transport"""",""""translate"""",""""transform"""",""""transmit""""]""	[]	[]"
501067	5	circulate	循環する	to move around continuously in a system or area	Warm air circulates through the room.	暖かい空気が部屋の中を循環する。	verb	5	2	""[""""循環する"""",""""拡大する"""",""""停止する"""",""""落下する"""",""""到着する""""]""	""[""""circulate"""",""""expand"""",""""stop"""",""""fall"""",""""arrive""""]""	""[""""circulate"""",""""calculate"""",""""celebrate"""",""""separate"""",""""decorate""""]""	[]	[]"
501068	5	shrug	肩をすくめる	to raise your shoulders to show doubt or no interest	He shrugged and walked away.	彼は肩をすくめて立ち去った。	verb	5	2	""[""""肩をすくめる"""",""""うなずく"""",""""手を振る"""",""""指さす"""",""""見つめる""""]""	""[""""shrug"""",""""nod"""",""""wave"""",""""point"""",""""stare""""]""	""[""""shrug"""",""""shrub"""",""""shrunk"""",""""shark"""",""""slug""""]""	[]	[]"
501069	5	sway	揺れる	to move slowly from side to side	The tall tree began to sway in the wind.	その高い木は風で揺れ始めた。	verb	5	3	""[""""揺れる"""",""""回る"""",""""落ちる"""",""""止まる"""",""""曲がる""""]""	""[""""sway"""",""""spin"""",""""drop"""",""""stop"""",""""bend""""]""	""[""""sway"""",""""stay"""",""""say"""",""""way"""",""""swing""""]""	""[{""""word"""":""""swing"""",""""note"""":""""より大きく揺れる感じ""""}]""	""[{""""word"""":""""stay"""",""""note"""":""""動かない""""}]"""
501070	5	sneak	こっそり行く	to go somewhere quietly so others do not notice	He tried to sneak into the room.	彼はその部屋にこっそり入ろうとした。	verb	5	3	""[""""こっそり行く"""",""""急いで行く"""",""""まっすぐ行く"""",""""戻る"""",""""案内する""""]""	""[""""sneak"""",""""hurry"""",""""go"""",""""return"""",""""guide""""]""	""[""""sneak"""",""""speak"""",""""snake"""",""""snack"""",""""sleep""""]""	[]	[]"
501071	5	move around	動き回る	to move from place to place	The children moved around the park all afternoon.	子どもたちは午後ずっと公園を動き回った。	verb	4	4	""[""""動き回る"""",""""座っている"""",""""並ぶ"""",""""待つ"""",""""集まる""""]""	""[""""move around"""",""""sit"""",""""line up"""",""""wait"""",""""gather""""]""	""[""""move around"""",""""turn around"""",""""walk around"""",""""move away"""",""""run around""""]""	""[{""""word"""":""""walk around"""",""""note"""":""""歩いて回るときに近い""""}]""	""[{""""word"""":""""stay"""",""""note"""":""""その場にいる""""}]"""
501072	5	carrier	運ぶ人	a person or thing that carries something	A carrier brought the boxes to our house.	運ぶ人が私たちの家に箱を届けた。	noun	5	3	""[""""運ぶ人"""",""""旅行者"""",""""案内人"""",""""訪問者"""",""""作業員""""]""	""[""""carrier"""",""""traveler"""",""""guide"""",""""visitor"""",""""worker""""]""	""[""""carrier"""",""""careful"""",""""corner"""",""""camera"""",""""career""""]""	""[{""""word"""":""""delivery person"""",""""note"""":""""品物を届ける人""""}]""	[]"
501073	5	mobility	移動しやすさ	the ability to move easily	Good mobility helps older people stay active.	移動しやすいことは高齢者が活動的でいるのに役立つ。	noun	6	2	""[""""移動しやすさ"""",""""速さ"""",""""強さ"""",""""重さ"""",""""静けさ""""]""	""[""""mobility"""",""""speed"""",""""strength"""",""""weight"""",""""silence""""]""	""[""""mobility"""",""""ability"""",""""community"""",""""majority"""",""""stability""""]""	""[{""""word"""":""""movement"""",""""note"""":""""動くこと全般""""}]""	""[{""""word"""":""""stillness"""",""""note"""":""""動かない状態""""}]"""
501074	5	progressive	進歩的な	favoring new ideas and change	She has a progressive way of teaching.	彼女は進歩的な教え方をする。	adjective	6	3	""[""""進歩的な"""",""""保守的な"""",""""伝統的な"""",""""慎重な"""",""""厳しい""""]""	""[""""progressive"""",""""conservative"""",""""traditional"""",""""careful"""",""""strict""""]""	""[""""progressive"""",""""protective"""",""""productive"""",""""positive"""",""""aggressive""""]""	""[{""""word"""":""""modern"""",""""note"""":""""より一般的な語""""}]""	""[{""""word"""":""""conservative"""",""""note"""":""""変化に慎重な""""}]"""
501075	5	immigration	移民	the act of coming to live in a new country	Immigration has changed this city a lot.	移民によってこの町は大きく変わった。	noun	5	3	""[""""移民"""",""""観光"""",""""貿易"""",""""教育"""",""""農業""""]""	""[""""immigration"""",""""education"""",""""agriculture"""",""""industry"""",""""tourism""""]""	""[""""immigration"""",""""imagination"""",""""invitation"""",""""information"""",""""operation""""]""	""[{""""word"""":""""migration"""",""""note"""":""""より広く「移動」全般""""}]""	""[{""""word"""":""""emigration"""",""""note"""":""""自国から出ていくこと""""}]"""
501076	5	graceful	優雅な	moving in a smooth and beautiful way	The dancer looked graceful on stage.	そのダンサーは舞台で優雅に見えた。	adjective	5	3	""[""""優雅な"""",""""活発な"""",""""静かな"""",""""正直な"""",""""勇敢な""""]""	""[""""graceful"""",""""active"""",""""quiet"""",""""honest"""",""""brave""""]""	""[""""graceful"""",""""grateful"""",""""careful"""",""""playful"""",""""useful""""]""	""[{""""word"""":""""elegant"""",""""note"""":""""より上品な感じ""""}]""	""[{""""word"""":""""clumsy"""",""""note"""":""""動きが不器用な""""}]"""
501077	5	upward	上へ	toward a higher place	The smoke moved upward into the sky.	煙は空へ上がっていった。	adverb	4	3	""[""""上へ"""",""""下へ"""",""""外へ"""",""""中へ"""",""""前へ""""]""	""[""""upward"""",""""downward"""",""""outward"""",""""inward"""",""""forward""""]""	""[""""upward"""",""""awkward"""",""""onward"""",""""upper"""",""""update""""]""	""[{""""word"""":""""up"""",""""note"""":""""より基本的な語""""}]""	""[{""""word"""":""""downward"""",""""note"""":""""下の方向へ""""}]"""
501078	5	waffle	ワッフル	a sweet cake with a square pattern	We ate a waffle for breakfast.	私たちは朝食にワッフルを食べました。	noun	3	3	""[""""ワッフル"""",""""パンケーキ"""",""""クッキー"""",""""マフィン"""",""""パイ""""]""	""[""""waffle"""",""""pancake"""",""""cookie"""",""""muffin"""",""""pie""""]""	""[""""waffle"""",""""awful"""",""""wafer"""",""""wonder"""",""""water""""]""	[]	[]"
501079	5	clay	粘土	soft earth used for making things	The child made a cup from clay.	その子どもは粘土でコップを作りました。	noun	4	3	""[""""粘土"""",""""砂"""",""""土"""",""""石"""",""""れんが""""]""	""[""""clay"""",""""sand"""",""""soil"""",""""stone"""",""""brick""""]""	""[""""clay"""",""""clean"""",""""class"""",""""gray"""",""""play""""]""	[]	[]"
501080	5	compulsory	義務的な	required by a rule or law	English is compulsory at this school.	この学校では英語は義務的です。	adjective	5	3	""[""""義務的な"""",""""危険な"""",""""便利な"""",""""伝統的な"""",""""個人的な""""]""	""[""""compulsory"""",""""dangerous"""",""""convenient"""",""""traditional"""",""""personal""""]""	""[""""compulsory"""",""""company"""",""""complete"""",""""computer"""",""""composer""""]""	""[{""""word"""":""""required"""",""""note"""":""""より基本的な語""""}]""	""[{""""word"""":""""optional"""",""""note"""":""""自由に選べる""""}]"""
501081	5	liable	しがちな	likely to do or have something bad	He is liable to make mistakes when he is tired.	彼は疲れていると、まちがいをしがちです。	adjective	6	3	""[""""しがちな"""",""""安全な"""",""""静かな"""",""""正確な"""",""""公平な""""]""	""[""""liable"""",""""safe"""",""""quiet"""",""""accurate"""",""""fair""""]""	""[""""liable"""",""""library"""",""""rival"""",""""label"""",""""level""""]""	""[{""""word"""":""""likely"""",""""note"""":""""より基本的で近い意味""""}]""	""[{""""word"""":""""unlikely"""",""""note"""":""""起こりそうにない""""}]"""
501082	5	bare	むき出しの	not covered by clothes or other things	He walked on the bare floor.	彼はむき出しの床の上を歩いた。	adjective	5	4	""[""""むき出しの"""",""""柔らかい"""",""""深い"""",""""狭い"""",""""静かな""""]""	""[""""bare"""",""""soft"""",""""deep"""",""""narrow"""",""""quiet""""]""	""[""""bare"""",""""bear"""",""""care"""",""""fair"""",""""pair""""]""	""[{""""word"""":""""naked"""",""""note"""":""""人や体に使うことが多い""""}]""	""[{""""word"""":""""covered"""",""""note"""":""""おおわれた""""}]"""
501083	5	nominate	指名する	to officially choose someone for a role or prize	They will nominate a new leader today.	彼らは今日、新しいリーダーを指名します。	verb	5	2	""[""""指名する"""",""""拒否する"""",""""応援する"""",""""説明する"""",""""訪ねる""""]""	""[""""nominate"""",""""reject"""",""""support"""",""""explain"""",""""visit""""]""	""[""""nominate"""",""""decorate"""",""""calculate"""",""""celebrate"""",""""navigate""""]""	""[{""""word"""":""""choose"""",""""note"""":""""より広い意味の「選ぶ」""""},{""""word"""":""""select"""",""""note"""":""""少しかしこまった「選ぶ」""""}]""	""[{""""word"""":""""reject"""",""""note"""":""""選ばずにしりぞける""""}]"""
501084	5	diagnose	診断する	to find what illness or problem someone has	The doctor will diagnose the problem soon.	医者はまもなくその問題を診断するでしょう。	verb	5	2	""[""""診断する"""",""""治療する"""",""""予防する"""",""""確認する"""",""""記録する""""]""	""[""""diagnose"""",""""treat"""",""""prevent"""",""""check"""",""""record""""]""	""[""""diagnose"""",""""dialogue"""",""""diamond"""",""""diagram"""",""""dinosaur""""]""	[]	[]"
501085	5	instinct	本能	a natural way of acting or feeling without thinking	Animals have a strong instinct to survive.	動物には生き残るための強い本能がある。	noun	5	3	""[""""本能"""",""""習慣"""",""""経験"""",""""理性"""",""""勇気""""]""	""[""""instinct"""",""""habit"""",""""experience"""",""""reason"""",""""courage""""]""	""[""""instinct"""",""""insect"""",""""instant"""",""""instead"""",""""inspect""""]""	""[{""""word"""":""""nature"""",""""note"""":""""生まれつきの性質という意味で近い""""}]""	[]"
501086	5	temperament	気質	the usual way a person thinks and feels	She has a calm temperament.	彼女は穏やかな気質を持っている。	noun	6	2	""[""""気質"""",""""性格"""",""""態度"""",""""気分"""",""""表情""""]""	""[""""temperament"""",""""character"""",""""attitude"""",""""mood"""",""""expression""""]""	""[""""temperament"""",""""temperature"""",""""temporary"""",""""tournament"""",""""department""""]""	""[{""""word"""":""""character"""",""""note"""":""""人の性質という意味で近い""""}]""	[]"
501087	5	ecology	生態学	the study of living things and their environment	She studies ecology at college.	彼女は大学で生態学を学んでいる。	noun	5	2	""[""""生態学"""",""""生物学"""",""""地学"""",""""化学"""",""""物理学""""]""	""[""""ecology"""",""""biology"""",""""geology"""",""""chemistry"""",""""physics""""]""	""[""""ecology"""",""""economy"""",""""equality"""",""""electricity"""",""""ecosystem""""]""	[]	[]"
501088	5	ecosystem	生態系	a community of living things and their environment	The lake has a healthy ecosystem.	その湖には健全な生態系がある。	noun	4	3	""[""""生態系"""",""""環境"""",""""気候"""",""""森林"""",""""資源""""]""	""[""""ecosystem"""",""""environment"""",""""climate"""",""""forest"""",""""resource""""]""	""[""""ecosystem"""",""""eco"""",""""system"""",""""economy"""",""""episode""""]""	[]	[]"
501089	5	approximate	おおよその	close to the real number or amount but not exact	The approximate cost is 5,000 yen.	おおよその費用は5,000円です。	adjective	5	2	""[""""おおよその"""",""""正確な"""",""""最近の"""",""""十分な"""",""""一般的な""""]""	""[""""approximate"""",""""exact"""",""""recent"""",""""enough"""",""""general""""]""	""[""""approximate"""",""""appropriate"""",""""opposite"""",""""appreciate"""",""""private""""]""	""[{""""word"""":""""rough"""",""""note"""":""""数や見積もりで「おおよその」""""}]""	""[{""""word"""":""""exact"""",""""note"""":""""正確に一致する""""}]"""
501090	5	be close to	〜に近い	to be near something in distance or amount	My house is close to the station.	私の家は駅に近い。	verb	3	4	""[""""〜に近い"""",""""〜から遠い"""",""""〜に向かう"""",""""〜に着く"""",""""〜を通る""""]""	""[""""be close to"""",""""be far from"""",""""head for"""",""""arrive at"""",""""go through""""]""	""[""""be close to"""",""""be kind to"""",""""be next to"""",""""belong to"""",""""be known to""""]""	""[{""""word"""":""""be near"""",""""note"""":""""場所が近いときに使う""""}]""	""[{""""word"""":""""be far from"""",""""note"""":""""距離が遠い""""}]"""
501091	5	at hand	手元に	close and ready to use	Keep your notebook at hand during class.	授業中はノートを手元に置いておきなさい。	adjective	5	3	""[""""手元に"""",""""遠くに"""",""""静かに"""",""""突然"""",""""十分に""""]""	""[""""at hand"""",""""far away"""",""""quietly"""",""""suddenly"""",""""enough""""]""	""[""""at hand"""",""""at home"""",""""ahead"""",""""a hat"""",""""hard""""]""	""[{""""word"""":""""nearby"""",""""note"""":""""近くにある""""},{""""word"""":""""ready"""",""""note"""":""""使える状態で""""}]""	""[{""""word"""":""""far away"""",""""note"""":""""遠くに""""}]"""
501092	5	urgency	緊急	the need for quick action	There was a sense of urgency in his voice.	彼の声には緊急さがあった。	noun	6	3	""[""""緊急"""",""""安全"""",""""静けさ"""",""""人気"""",""""困難""""]""	""[""""urgency"""",""""safety"""",""""silence"""",""""popularity"""",""""difficulty""""]""	""[""""urgency"""",""""agency"""",""""energy"""",""""emergency"""",""""currency""""]""	""[{""""word"""":""""emergency"""",""""note"""":""""より非常事態に近い語""""}]""	[]"
501093	5	thirst	のどの渇き	the feeling of needing a drink	Cold water stopped my thirst.	冷たい水でのどの渇きがおさまった。	noun	5	4	""[""""のどの渇き"""",""""空腹"""",""""眠気"""",""""痛み"""",""""疲れ""""]""	""[""""thirst"""",""""hunger"""",""""sleepiness"""",""""pain"""",""""tiredness""""]""	""[""""thirst"""",""""third"""",""""think"""",""""thirty"""",""""throw""""]""	[]	[]"
501094	5	call for	必要とする	to need something or ask for it	This job will call for patience.	この仕事には忍耐が必要だ。	verb	5	3	""[""""必要とする"""",""""避ける"""",""""完成する"""",""""共有する"""",""""改善する""""]""	""[""""call for"""",""""avoid"""",""""complete"""",""""share"""",""""improve""""]""	""[""""call for"""",""""care for"""",""""fall for"""",""""color"""",""""corner""""]""	""[{""""word"""":""""require"""",""""note"""":""""ややかたい言い方""""},{""""word"""":""""need"""",""""note"""":""""最も基本的""""}]""	[]"
501095	5	be essential to	〜に不可欠である	to be very important for something	Water is essential to life.	水は生命に不可欠だ。	verb	5	3	""[""""〜に不可欠である"""",""""〜に反対である"""",""""〜に似ている"""",""""〜に遅れる"""",""""〜に慣れている""""]""	""[""""be essential to"""",""""be against"""",""""be similar to"""",""""be late for"""",""""be used to""""]""	""[""""be essential to"""",""""be sensitive to"""",""""be useful to"""",""""be central to"""",""""be special to""""]""	""[{""""word"""":""""be necessary for"""",""""note"""":""""ほぼ同じ意味""""}]""	[]"
501096	5	be necessary for	〜に必要である	to be needed for something	A passport is necessary for this trip.	この旅行にはパスポートが必要だ。	verb	5	3	""[""""〜に必要である"""",""""〜に興味がある"""",""""〜に満足している"""",""""〜に驚いている"""",""""〜に役立つ""""]""	""[""""be necessary for"""",""""be interested in"""",""""be satisfied with"""",""""be surprised at"""",""""be useful for""""]""	""[""""be necessary for"""",""""be ready for"""",""""be famous for"""",""""be sorry for"""",""""be careful of""""]""	""[{""""word"""":""""be essential to"""",""""note"""":""""より強く『不可欠』の意味""""},{""""word"""":""""be needed for"""",""""note"""":""""やさしい言い換え""""}]""	[]"
501097	5	dependent	頼っている	needing someone or something for help	The baby is dependent on its mother.	その赤ちゃんは母親に頼っている。	adjective	5	3	""[""""頼っている"""",""""独立した"""",""""注意深い"""",""""活発な"""",""""正直な""""]""	""[""""dependent"""",""""independent"""",""""careful"""",""""active"""",""""honest""""]""	""[""""dependent"""",""""defendant"""",""""department"""",""""important"""",""""different""""]""	""[{""""word"""":""""reliant"""",""""note"""":""""やや硬い語だが、頼っている意味""""}]""	""[{""""word"""":""""independent"""",""""note"""":""""自立した""""}]"""
501098	5	on no account	決して〜ない	not for any reason	On no account should you open this door.	決してこのドアを開けてはいけない。	adverb	6	2	""[""""決して〜ない"""",""""たぶん"""",""""すぐに"""",""""ときどき"""",""""実は""""]""	""[""""on no account"""",""""probably"""",""""immediately"""",""""sometimes"""",""""actually""""]""	""[""""on no account"""",""""on the count"""",""""on the ground"""",""""in no amount"""",""""of no account""""]""	""[{""""word"""":""""never"""",""""note"""":""""意味が近い基本語""""}]""	[]"
501099	5	persistent	粘り強い	continuing to do something and not giving up	She is persistent in her studies.	彼女は勉強に粘り強く取り組む。	adjective	5	3	""[""""粘り強い"""",""""臆病な"""",""""陽気な"""",""""静かな"""",""""不注意な""""]""	""[""""persistent"""",""""timid"""",""""cheerful"""",""""quiet"""",""""careless""""]""	""[""""persistent"""",""""assistant"""",""""resistant"""",""""insistent"""",""""distant""""]""	""[{""""word"""":""""determined"""",""""note"""":""""強い意志がある""""},{""""word"""":""""tenacious"""",""""note"""":""""やや硬いが近い意味""""}]""	""[{""""word"""":""""weak"""",""""note"""":""""意志が弱い""""},{""""word"""":""""lazy"""",""""note"""":""""努力を続けないことが多い""""}]"""
501100	5	unprecedented	前例のない	never having happened before	The city faced unprecedented rain last summer.	その町は去年の夏、前例のない雨に見舞われた。	adjective	5	2	""[""""前例のない"""",""""一般的な"""",""""危険な"""",""""突然の"""",""""重要な""""]""	""[""""unprecedented"""",""""ordinary"""",""""dangerous"""",""""sudden"""",""""important""""]""	""[""""unprecedented"""",""""unexpected"""",""""independent"""",""""understand"""",""""president""""]""	""[{""""word"""":""""historic"""",""""note"""":""""歴史的に重要な出来事に使うことが多い""""}]""	""[{""""word"""":""""ordinary"""",""""note"""":""""ふつうの""""},{""""word"""":""""common"""",""""note"""":""""ありふれた""""}]"""
501101	5	innovation	革新	a new idea or method	The company is known for innovation.	その会社は革新で知られている。	noun	4	3	""[""""革新"""",""""発明"""",""""伝統"""",""""計画"""",""""研究""""]""	""[""""innovation"""",""""invention"""",""""tradition"""",""""plan"""",""""research""""]""	""[""""innovation"""",""""invitation"""",""""information"""",""""operation"""",""""generation""""]""	[]	[]"
501102	5	invention	発明	something new that someone creates	The telephone was a great invention.	電話はすばらしい発明だった。	noun	4	3	""[""""発明"""",""""革新"""",""""機械"""",""""実験"""",""""発見""""]""	""[""""invention"""",""""innovation"""",""""machine"""",""""experiment"""",""""discovery""""]""	""[""""invention"""",""""intention"""",""""attention"""",""""injection"""",""""advention""""]""	""[{""""word"""":""""creation"""",""""note"""":""""作り出したものという意味で近い""""}]""	[]"
501103	5	initiative	自発性	the ability to act and decide things by yourself	She showed initiative and started the project early.	彼女は自発性を示して、その計画を早く始めた。	noun	5	3	""[""""自発性"""",""""責任"""",""""努力"""",""""勇気"""",""""経験""""]""	""[""""initiative"""",""""responsibility"""",""""effort"""",""""courage"""",""""experience""""]""	""[""""initiative"""",""""inventive"""",""""native"""",""""negative"""",""""relative""""]""	""[{""""word"""":""""leadership"""",""""note"""":""""人を導く力の意味が強い""""},{""""word"""":""""independence"""",""""note"""":""""自分で考えて行動する点が近い""""}]""	""[{""""word"""":""""passivity"""",""""note"""":""""自分から動かないこと""""}]"""
501104	5	article	記事	a piece of writing in a newspaper or magazine	I read an interesting article about space.	私は宇宙についてのおもしろい記事を読んだ。	noun	4	5	""[""""記事"""",""""広告"""",""""小説"""",""""手紙"""",""""日記""""]""	""[""""article"""",""""advertisement"""",""""novel"""",""""letter"""",""""diary""""]""	""[""""article"""",""""artist"""",""""arctic"""",""""active"""",""""attic""""]""	""[{""""word"""":""""report"""",""""note"""":""""ニュース性がある文に近い""""}]""	[]"
501105	5	journalist	記者	a person who writes news stories for newspapers or TV	The journalist asked the actor many questions.	その記者はその俳優にたくさんの質問をした。	noun	4	3	""[""""記者"""",""""作家"""",""""画家"""",""""教師"""",""""医師""""]""	""[""""journalist"""",""""writer"""",""""painter"""",""""teacher"""",""""doctor""""]""	""[""""journalist"""",""""generalist"""",""""January"""",""""generous"""",""""journal""""]""	""[{""""word"""":""""reporter"""",""""note"""":""""ニュースを伝える人""""}]""	[]"
501106	5	following	次の	coming next	Read the following questions carefully.	次の質問を注意深く読みなさい。	adjective	3	3	""[""""次の"""",""""前の"""",""""最後の"""",""""大切な"""",""""簡単な""""]""	""[""""following"""",""""previous"""",""""final"""",""""important"""",""""simple""""]""	""[""""following"""",""""hollowing"""",""""borrowing"""",""""flowering"""",""""falling""""]""	""[{""""word"""":""""next"""",""""note"""":""""より基本的な語""""}]""	""[{""""word"""":""""previous"""",""""note"""":""""前の""""}]"""
501107	5	in turn	順番に	one after another	The students spoke in turn.	生徒たちは順番に話しました。	adverb	4	3	""[""""順番に"""",""""突然"""",""""静かに"""",""""すぐに"""",""""一緒に""""]""	""[""""in turn"""",""""suddenly"""",""""quietly"""",""""soon"""",""""together""""]""	""[""""in turn"""",""""return"""",""""intern"""",""""turn"""",""""burn""""]""	""[{""""word"""":""""one by one"""",""""note"""":""""一人ずつ、順に""""}]""	[]"
501108	5	owl	フクロウ	a bird that hunts at night	We saw an owl in the tree.	私たちは木の中にフクロウを見ました。	noun	3	2	""[""""フクロウ"""",""""ワシ"""",""""ハト"""",""""カラス"""",""""スズメ""""]""	""[""""owl"""",""""eagle"""",""""pigeon"""",""""crow"""",""""sparrow""""]""	""[""""owl"""",""""all"""",""""our"""",""""out"""",""""oil""""]""	[]	[]"
501109	5	bravery	勇気	the quality of being brave	Her bravery saved the child.	彼女の勇気がその子どもを救った。	noun	5	3	""[""""勇気"""",""""知恵"""",""""努力"""",""""希望"""",""""平和""""]""	""[""""bravery"""",""""wisdom"""",""""effort"""",""""hope"""",""""peace""""]""	""[""""bravery"""",""""gravity"""",""""gallery"""",""""battery"""",""""delivery""""]""	""[{""""word"""":""""courage"""",""""note"""":""""最も基本的な類義語""""}]""	""[{""""word"""":""""cowardice"""",""""note"""":""""勇気がないこと""""}]"""
501110	5	numb	しびれた	unable to feel anything	My fingers went numb in the cold.	寒さで指がしびれた。	adjective	5	3	""[""""しびれた"""",""""ぬれた"""",""""乾いた"""",""""鋭い"""",""""柔らかい""""]""	""[""""numb"""",""""wet"""",""""dry"""",""""sharp"""",""""soft""""]""	""[""""numb"""",""""thumb"""",""""sum"""",""""lamp"""",""""name""""]""	[]	""[{""""word"""":""""sensitive"""",""""note"""":""""感じやすい""""}]"""
501111	5	bald	はげた	having little or no hair	My uncle is bald now.	私のおじは今はげている。	adjective	4	3	""[""""はげた"""",""""太った"""",""""やせた"""",""""背が高い"""",""""若い""""]""	""[""""bald"""",""""fat"""",""""thin"""",""""tall"""",""""young""""]""	""[""""bald"""",""""bold"""",""""board"""",""""bird"""",""""build""""]""	[]	""[{""""word"""":""""hairy"""",""""note"""":""""毛が多い""""}]"""
501112	5	desperate	必死の	feeling that you must do something because the situation is very bad	He was desperate to find his lost dog.	彼はなくした犬を見つけようと必死だった。	adjective	5	3	""[""""必死の"""",""""冷静な"""",""""正直な"""",""""慎重な"""",""""陽気な""""]""	""[""""desperate"""",""""calm"""",""""honest"""",""""careful"""",""""cheerful""""]""	""[""""desperate"""",""""separate"""",""""delicate"""",""""decorate"""",""""desert""""]""	""[{""""word"""":""""hopeless"""",""""note"""":""""希望がない気持ちを強く表す""""}]""	""[{""""word"""":""""calm"""",""""note"""":""""落ち着いている""""}]"""
501113	5	darkness	暗やみ	the state of having little or no light	The room was full of darkness after sunset.	日が沈んだあと、その部屋は暗やみでいっぱいだった。	noun	4	3	""[""""暗やみ"""",""""明るさ"""",""""静けさ"""",""""暑さ"""",""""広さ""""]""	""[""""darkness"""",""""brightness"""",""""silence"""",""""heat"""",""""width""""]""	""[""""darkness"""",""""dark"""",""""doctor"""",""""sharpness"""",""""harvest""""]""	""[{""""word"""":""""dark"""",""""note"""":""""こちらは形容詞が基本""""}]""	""[{""""word"""":""""light"""",""""note"""":""""光、明るさ""""}]"""
501114	5	at all costs	どんな犠牲を払っても	in every possible way, no matter what happens	We must protect the child at all costs.	私たちはどんな犠牲を払ってもその子どもを守らなければならない。	adverb	5	2	""[""""どんな犠牲を払っても"""",""""たぶん"""",""""突然"""",""""少しずつ"""",""""今のところ""""]""	""[""""at all costs"""",""""probably"""",""""suddenly"""",""""gradually"""",""""for now""""]""	""[""""at all costs"""",""""at first"""",""""of course"""",""""across"""",""""almost""""]""	""[{""""word"""":""""no matter what"""",""""note"""":""""より会話的な言い方""""}]""	[]"
501115	5	bankrupt	破産した	having no money because a person or company failed	The company went bankrupt last year.	その会社は昨年破産した。	adjective	5	2	""[""""破産した"""",""""裕福な"""",""""成功した"""",""""有名な"""",""""安全な""""]""	""[""""bankrupt"""",""""wealthy"""",""""successful"""",""""famous"""",""""safe""""]""	""[""""bankrupt"""",""""banquet"""",""""blanket"""",""""backyard"""",""""basket""""]""	""[{""""word"""":""""broke"""",""""note"""":""""口語で「お金がない」""""}]""	""[{""""word"""":""""wealthy"""",""""note"""":""""お金をたくさん持っている""""}]"""
501116	5	random	無作為の	chosen without a plan or pattern	The teacher picked a random number.	先生は無作為に数字を一つ選んだ。	adjective	4	3	""[""""無作為の"""",""""規則的な"""",""""静かな"""",""""丁寧な"""",""""危険な""""]""	""[""""random"""",""""regular"""",""""quiet"""",""""polite"""",""""dangerous""""]""	""[""""random"""",""""ransom"""",""""rapid"""",""""rainy"""",""""round""""]""	""[{""""word"""":""""chance"""",""""note"""":""""by chance の形で近い意味""""}]""	""[{""""word"""":""""regular"""",""""note"""":""""決まった型がある""""}]"""
501117	5	barren	不毛の	unable to produce plants or crops	The land was barren and dry.	その土地は不毛で乾いていた。	adjective	5	1	""[""""不毛の"""",""""肥えた"""",""""深い"""",""""狭い"""",""""静かな""""]""	""[""""barren"""",""""fertile"""",""""deep"""",""""narrow"""",""""quiet""""]""	""[""""barren"""",""""baron"""",""""balance"""",""""borrow"""",""""bottom""""]""	[]	""[{""""word"""":""""fertile"""",""""note"""":""""作物がよく育つ""""}]"""
501118	5	drought	干ばつ	a long period with little or no rain	The drought hurt many farms last summer.	その干ばつは去年の夏、多くの農場に被害を与えた。	noun	5	2	""[""""干ばつ"""",""""洪水"""",""""台風"""",""""地震"""",""""嵐""""]""	""[""""drought"""",""""flood"""",""""storm"""",""""earthquake"""",""""typhoon""""]""	""[""""drought"""",""""brought"""",""""thought"""",""""draft"""",""""ground""""]""	[]	[]"
501119	5	pointless	無意味な	having no purpose or value	It is pointless to argue about that now.	今それについて言い争っても無意味だ。	adjective	5	3	""[""""無意味な"""",""""重要な"""",""""危険な"""",""""簡単な"""",""""公平な""""]""	""[""""pointless"""",""""important"""",""""dangerous"""",""""easy"""",""""fair""""]""	""[""""pointless"""",""""painted"""",""""pointed"""",""""painless"""",""""princess""""]""	""[{""""word"""":""""useless"""",""""note"""":""""役に立たないという意味で近い""""}]""	""[{""""word"""":""""useful"""",""""note"""":""""役に立つ""""},{""""word"""":""""meaningful"""",""""note"""":""""意味がある""""}]"""
501120	5	aristocracy	貴族階級	the highest social class of nobles	The country was once ruled by the aristocracy.	その国はかつて貴族階級に支配されていた。	noun	6	1	""[""""貴族階級"""",""""労働者階級"""",""""中流階級"""",""""王国"""",""""政府""""]""	""[""""aristocracy"""",""""kingdom"""",""""government"""",""""middle class"""",""""working class""""]""	""[""""aristocracy"""",""""astronomy"""",""""history"""",""""democracy"""",""""artist""""]""	""[{""""word"""":""""nobility"""",""""note"""":""""貴族全体を表す語""""}]""	[]"
501121	5	be typical of	〜に典型的である	to be a usual example of something	This weather is typical of spring.	この天気は春に典型的だ。	verb	5	2	""[""""〜に典型的である"""",""""〜に反対する"""",""""〜に似ている"""",""""〜を必要とする"""",""""〜を引き起こす""""]""	""[""""be typical of"""",""""belong to"""",""""depend on"""",""""be similar to"""",""""result in""""]""	""[""""be typical of"""",""""be tired of"""",""""be proud of"""",""""be full of"""",""""be part of""""]""	""[{""""word"""":""""represent"""",""""note"""":""""文脈によっては「典型を示す」""""}]""	[]"
501122	5	conventional	従来の	following usual ways or ideas	They chose a conventional design for the house.	彼らはその家に従来のデザインを選んだ。	adjective	5	3	""[""""従来の"""",""""現代的な"""",""""個人的な"""",""""危険な"""",""""静かな""""]""	""[""""conventional"""",""""modern"""",""""personal"""",""""dangerous"""",""""quiet""""]""	""[""""conventional"""",""""intentional"""",""""international"""",""""conditional"""",""""educational""""]""	""[{""""word"""":""""traditional"""",""""note"""":""""より「伝統的な」に近い""""}]""	""[{""""word"""":""""modern"""",""""note"""":""""現代的な""""}]"""
501123	5	polar	極地の	related to the North or South Pole	Polar bears live in cold areas.	ホッキョクグマは寒い地域に住んでいる。	adjective	5	2	""[""""極地の"""",""""熱帯の"""",""""沿岸の"""",""""都市の"""",""""地下の""""]""	""[""""polar"""",""""tropical"""",""""coastal"""",""""urban"""",""""underground""""]""	""[""""polar"""",""""solar"""",""""popular"""",""""holder"""",""""color""""]""	[]	[]"
501124	5	neither A nor B	AでもBでもない	not A and not B	He likes neither coffee nor tea.	彼はコーヒーも紅茶も好きではない。	conjunction	5	2	""[""""AでもBでもない"""",""""AかBのどちらか"""",""""AだけでなくBも"""",""""AとBの両方"""",""""AよりむしろB""""]""	""[""""neither A nor B"""",""""either A or B"""",""""both A and B"""",""""not only A but also B"""",""""rather B than A""""]""	""[""""neither A nor B"""",""""either A or B"""",""""both A and B"""",""""not A but B"""",""""A and B""""]""	[]	[]"
501125	5	ban	禁止する	to say that something must not be done	The school will ban smoking here.	その学校はここでの喫煙を禁止するだろう。	verb	5	3	""[""""禁止する"""",""""許可する"""",""""支持する"""",""""説明する"""",""""改善する""""]""	""[""""ban"""",""""allow"""",""""support"""",""""explain"""",""""improve""""]""	""[""""ban"""",""""band"""",""""bank"""",""""bang"""",""""pan""""]""	""[{""""word"""":""""forbid"""",""""note"""":""""ややかたい言い方""""}]""	""[{""""word"""":""""allow"""",""""note"""":""""禁止するの反対""""}]"""
501126	5	by no means	決して〜ない	not at all	This task is by no means easy.	この課題は決して簡単ではない。	adverb	5	2	""[""""決して〜ない"""",""""たぶん"""",""""すぐに"""",""""たいてい"""",""""実は""""]""	""[""""by no means"""",""""probably"""",""""soon"""",""""usually"""",""""actually""""]""	""[""""by no means"""",""""by all means"""",""""by the way"""",""""no more"""",""""my means""""]""	""[{""""word"""":""""not at all"""",""""note"""":""""意味が近い""""}]""	""[{""""word"""":""""certainly"""",""""note"""":""""意味が反対に近い""""}]"""
501127	5	intact	無傷の	not damaged or broken	The old vase was still intact.	その古い花びんはまだ無傷だった。	adjective	5	3	""[""""無傷の"""",""""壊れた"""",""""空の"""",""""深い"""",""""静かな""""]""	""[""""intact"""",""""broken"""",""""empty"""",""""deep"""",""""quiet""""]""	""[""""intact"""",""""impact"""",""""in fact"""",""""attack"""",""""contact""""]""	""[{""""word"""":""""undamaged"""",""""note"""":""""少しかための語""""}]""	""[{""""word"""":""""broken"""",""""note"""":""""こわれた""""}]"""
501128	5	think nothing of	何とも思わない	to not think something is difficult or important	She thinks nothing of walking ten miles.	彼女は10マイル歩くことを何とも思わない。	verb	6	2	""[""""何とも思わない"""",""""あきらめる"""",""""楽しみにする"""",""""避ける"""",""""誇りに思う""""]""	""[""""think nothing of"""",""""give up"""",""""look forward to"""",""""avoid"""",""""be proud of""""]""	""[""""think nothing of"""",""""think of"""",""""speak of"""",""""take off"""",""""thankful""""]""	[]	[]"
501129	5	be indifferent to	無関心である	to not care about something	He is indifferent to other people's opinions.	彼は他人の意見に無関心だ。	verb	6	2	""[""""無関心である"""",""""賛成する"""",""""頼る"""",""""感謝する"""",""""驚く""""]""	""[""""be indifferent to"""",""""agree with"""",""""depend on"""",""""be thankful for"""",""""be surprised at""""]""	""[""""be indifferent to"""",""""be interested in"""",""""be different from"""",""""be important to"""",""""be friendly to""""]""	[]	""[{""""word"""":""""be interested in"""",""""note"""":""""関心がある""""}]"""
501130	5	inconvenient	不便な	causing trouble or not easy to use	This bus schedule is inconvenient for students.	このバスの時刻表は生徒たちにとって不便です。	adjective	5	3	""[""""不便な"""",""""便利な"""",""""危険な"""",""""静かな"""",""""有名な""""]""	""[""""inconvenient"""",""""convenient"""",""""dangerous"""",""""quiet"""",""""famous""""]""	""[""""inconvenient"""",""""independent"""",""""important"""",""""intelligent"""",""""ingredient""""]""	""[{""""word"""":""""uncomfortable"""",""""note"""":""""使いにくい・都合が悪い感じ""""}]""	""[{""""word"""":""""convenient"""",""""note"""":""""反対の意味""""}]"""
501131	5	incorrect	正しくない	not right or not true	Your answer is incorrect.	あなたの答えは正しくありません。	adjective	4	4	""[""""正しくない"""",""""正確な"""",""""簡単な"""",""""安全な"""",""""特別な""""]""	""[""""incorrect"""",""""accurate"""",""""easy"""",""""safe"""",""""special""""]""	""[""""incorrect"""",""""increase"""",""""include"""",""""indeed"""",""""inside""""]""	""[{""""word"""":""""wrong"""",""""note"""":""""より基本的な語""""}]""	""[{""""word"""":""""correct"""",""""note"""":""""反対の意味""""}]"""
501132	5	up in the air	未定で	not decided yet	Our travel plan is still up in the air.	私たちの旅行の計画はまだ未定です。	adjective	5	2	""[""""未定で"""",""""満員で"""",""""順調で"""",""""安全で"""",""""有名で""""]""	""[""""up in the air"""",""""full"""",""""smooth"""",""""safe"""",""""famous""""]""	""[""""up in the air"""",""""over there"""",""""under the bed"""",""""out of town"""",""""on the way""""]""	""[{""""word"""":""""uncertain"""",""""note"""":""""はっきり決まっていない""""}]""	""[{""""word"""":""""settled"""",""""note"""":""""決まっている状態""""}]"""
501133	5	sober	しらふの	not drunk	He was sober after the party.	彼はパーティーのあと、しらふだった。	adjective	5	2	""[""""しらふの"""",""""陽気な"""",""""疲れた"""",""""静かな"""",""""空腹の""""]""	""[""""sober"""",""""cheerful"""",""""tired"""",""""quiet"""",""""hungry""""]""	""[""""sober"""",""""solar"""",""""soccer"""",""""super"""",""""sister""""]""	""[{""""word"""":""""not drunk"""",""""note"""":""""説明的な言い換え""""}]""	""[{""""word"""":""""drunk"""",""""note"""":""""酒に酔った""""}]"""
501134	5	run short of	不足する	to not have enough of something	We may run short of water soon.	私たちはもうすぐ水が不足するかもしれない。	verb	5	2	""[""""不足する"""",""""借りる"""",""""集める"""",""""運ぶ"""",""""交換する""""]""	""[""""run short of"""",""""borrow"""",""""collect"""",""""carry"""",""""exchange""""]""	""[""""run short of"""",""""run out of"""",""""run ahead of"""",""""run after"""",""""run across""""]""	""[{""""word"""":""""run out of"""",""""note"""":""""こちらは「使い切る」に近い""""}]""	""[{""""word"""":""""have enough of"""",""""note"""":""""十分にある""""}]"""
501135	5	unjust	不公平な	not fair or right	The rule is unjust to poor people.	その規則は貧しい人々に不公平だ。	adjective	5	2	""[""""不公平な"""",""""正直な"""",""""穏やかな"""",""""単純な"""",""""安全な""""]""	""[""""unjust"""",""""honest"""",""""calm"""",""""simple"""",""""safe""""]""	""[""""unjust"""",""""unfair"""",""""adjust"""",""""injure"""",""""unless""""]""	""[{""""word"""":""""unfair"""",""""note"""":""""より基本的な語""""}]""	""[{""""word"""":""""just"""",""""note"""":""""公正な""""},{""""word"""":""""fair"""",""""note"""":""""不公平でない""""}]"""
501136	5	undone	未完成の	not finished yet	The work is still undone.	その仕事はまだ終わっていない。	adjective	5	2	""[""""未完成の"""",""""安全な"""",""""静かな"""",""""有名な"""",""""正確な""""]""	""[""""undone"""",""""secure"""",""""quiet"""",""""famous"""",""""exact""""]""	""[""""undone"""",""""unknown"""",""""under"""",""""alone"""",""""until""""]""	""[{""""word"""":""""unfinished"""",""""note"""":""""より一般的な語""""}]""	""[{""""word"""":""""done"""",""""note"""":""""終わった状態""""},{""""word"""":""""finished"""",""""note"""":""""完了した""""}]"""
501137	5	tentative	仮の	not final yet	We made a tentative plan for the trip.	私たちはその旅行の仮の計画を立てた。	adjective	5	2	""[""""仮の"""",""""重要な"""",""""正確な"""",""""静かな"""",""""公平な""""]""	""[""""tentative"""",""""important"""",""""exact"""",""""quiet"""",""""fair""""]""	""[""""tentative"""",""""sensitive"""",""""positive"""",""""relative"""",""""creative""""]""	""[{""""word"""":""""temporary"""",""""note"""":""""一時的という意味で近い""""}]""	""[{""""word"""":""""final"""",""""note"""":""""最終的な""""}]"""
501138	5	stale	新鮮でない	not fresh anymore	This bread is stale.	このパンは新鮮ではない。	adjective	5	2	""[""""新鮮でない"""",""""甘い"""",""""柔らかい"""",""""熱い"""",""""高価な""""]""	""[""""stale"""",""""sweet"""",""""soft"""",""""hot"""",""""expensive""""]""	""[""""stale"""",""""scale"""",""""state"""",""""stay"""",""""style""""]""	""[{""""word"""":""""old"""",""""note"""":""""食べ物では古くなった感じ""""}]""	""[{""""word"""":""""fresh"""",""""note"""":""""新鮮な""""}]"""
501139	5	unsatisfactory	不満な	not good enough	His test result was unsatisfactory.	彼のテストの結果は不満なものだった。	adjective	5	2	""[""""不満な"""",""""危険な"""",""""重要な"""",""""正確な"""",""""静かな""""]""	""[""""unsatisfactory"""",""""dangerous"""",""""important"""",""""accurate"""",""""quiet""""]""	""[""""unsatisfactory"""",""""unnecessary"""",""""unfriendly"""",""""understandable"""",""""unexpected""""]""	""[{""""word"""":""""poor"""",""""note"""":""""質がよくないときに使う""""},{""""word"""":""""bad"""",""""note"""":""""より基本的な語""""}]""	""[{""""word"""":""""satisfactory"""",""""note"""":""""十分によい""""},{""""word"""":""""good"""",""""note"""":""""より基本的な反対語""""}]"""
501140	5	unhealthy	不健康な	not good for your health	Too much fast food is unhealthy.	ファストフードの食べすぎは不健康だ。	adjective	4	4	""[""""不健康な"""",""""安全な"""",""""清潔な"""",""""静かな"""",""""便利な""""]""	""[""""unhealthy"""",""""safe"""",""""clean"""",""""quiet"""",""""useful""""]""	""[""""unhealthy"""",""""wealthy"""",""""healthy"""",""""helpful"""",""""heavy""""]""	""[{""""word"""":""""bad for you"""",""""note"""":""""体によくないという意味""""}]""	""[{""""word"""":""""healthy"""",""""note"""":""""健康によい""""}]"""
501141	5	be innocent of	〜の罪がない	to not have done something wrong	He was innocent of the crime.	彼はその犯罪の罪がなかった。	verb	5	2	""[""""〜の罪がない"""",""""〜に賛成する"""",""""〜を恐れる"""",""""〜に気づく"""",""""〜を疑う""""]""	""[""""be innocent of"""",""""agree with"""",""""be afraid of"""",""""be aware of"""",""""doubt""""]""	""[""""be innocent of"""",""""be in charge of"""",""""be proud of"""",""""be tired of"""",""""be fond of""""]""	[]	""[{""""word"""":""""be guilty of"""",""""note"""":""""〜の罪がある""""}]"""
501142	5	unhappy	不幸せな	sad or not pleased	She felt unhappy after the game.	彼女は試合のあと不幸せな気持ちになった。	adjective	5	4	""[""""不幸せな"""",""""うれしい"""",""""元気な"""",""""静かな"""",""""親切な""""]""	""[""""unhappy"""",""""happy"""",""""lonely"""",""""angry"""",""""nervous""""]""	""[""""unhappy"""",""""happy"""",""""hungry"""",""""sunny"""",""""upset""""]""	""[{""""word"""":""""sad"""",""""note"""":""""より基本的な語""""}]""	""[{""""word"""":""""happy"""",""""note"""":""""反対の意味""""}]"""
501143	5	trivial	ささいな	not important	Do not worry about trivial problems.	ささいな問題を心配しないで。	adjective	7	2	""[""""ささいな"""",""""重要な"""",""""危険な"""",""""有名な"""",""""正直な""""]""	""[""""trivial"""",""""important"""",""""serious"""",""""useful"""",""""famous""""]""	""[""""trivial"""",""""travel"""",""""triangle"""",""""trial"""",""""trouble""""]""	""[{""""word"""":""""minor"""",""""note"""":""""小さくて重要でない""""}]""	""[{""""word"""":""""important"""",""""note"""":""""大切な""""},{""""word"""":""""serious"""",""""note"""":""""深刻な""""}]"""
501144	5	be bored with	〜に飽きる	to feel tired of something	I am bored with this TV show.	私はこのテレビ番組に飽きている。	verb	5	3	""[""""〜に飽きる"""",""""〜に興味を持つ"""",""""〜を楽しむ"""",""""〜を選ぶ"""",""""〜を集める""""]""	""[""""be bored with"""",""""be interested in"""",""""enjoy"""",""""choose"""",""""collect""""]""	""[""""be bored with"""",""""be born with"""",""""be busy with"""",""""be careful with"""",""""be done with""""]""	""[{""""word"""":""""be tired of"""",""""note"""":""""同じような意味でよく使う""""}]""	""[{""""word"""":""""be interested in"""",""""note"""":""""興味を持っている""""}]"""
501145	5	be ignorant of	〜を知らない	to not know about something	Many people are ignorant of the rule.	多くの人はその規則を知らない。	verb	5	2	""[""""〜を知らない"""",""""〜を理解する"""",""""〜を信じる"""",""""〜を選ぶ"""",""""〜を説明する""""]""	""[""""be ignorant of"""",""""understand"""",""""believe"""",""""choose"""",""""explain""""]""	""[""""be ignorant of"""",""""be aware of"""",""""be proud of"""",""""be afraid of"""",""""be tired of""""]""	""[{""""word"""":""""not know"""",""""note"""":""""より基本的な表現""""}]""	""[{""""word"""":""""know"""",""""note"""":""""意味が反対""""}]"""
501146	5	ignorance	無知	lack of knowledge	His ignorance caused a big mistake.	彼の無知が大きな間違いを引き起こした。	noun	5	2	""[""""無知"""",""""勇気"""",""""努力"""",""""経験"""",""""人気""""]""	""[""""ignorance"""",""""courage"""",""""effort"""",""""experience"""",""""popularity""""]""	""[""""ignorance"""",""""importance"""",""""difference"""",""""evidence"""",""""entrance""""]""	[]	""[{""""word"""":""""knowledge"""",""""note"""":""""知っていること""""}]"""
501147	5	to say nothing of	〜は言うまでもなく	used to add something even more obvious	He can speak French, to say nothing of English.	彼は英語は言うまでもなく、フランス語も話せる。	conjunction	5	2	""[""""〜は言うまでもなく"""",""""〜の代わりに"""",""""〜の前に"""",""""〜のおかげで"""",""""〜にもかかわらず""""]""	""[""""to say nothing of"""",""""instead of"""",""""before"""",""""because of"""",""""in spite of""""]""	""[""""to say nothing of"""",""""to take care of"""",""""to be proud of"""",""""to make fun of"""",""""to get rid of""""]""	""[{""""word"""":""""not to mention"""",""""note"""":""""ほぼ同じ意味でよく使う""""}]""	[]"
501148	5	uncivilized	未開の	not socially developed or polite	People once thought the island was uncivilized.	人々はかつてその島は未開の地だと思っていた。	adjective	5	2	""[""""未開の"""",""""有名な"""",""""安全な"""",""""静かな"""",""""近代的な""""]""	""[""""uncivilized"""",""""modern"""",""""famous"""",""""quiet"""",""""safe""""]""	""[""""uncivilized"""",""""uncertain"""",""""unusual"""",""""understand"""",""""organized""""]""	[]	""[{""""word"""":""""civilized"""",""""note"""":""""発達していて礼儀正しい""""}]"""
501149	5	static	静的な	not moving or changing	The picture on the screen stayed static.	画面の画像は動かないままだった。	adjective	5	3	""[""""静的な"""",""""活発な"""",""""柔らかい"""",""""危険な"""",""""明るい""""]""	""[""""static"""",""""active"""",""""soft"""",""""dangerous"""",""""bright""""]""	""[""""static"""",""""status"""",""""station"""",""""plastic"""",""""magic""""]""	""[{""""word"""":""""still"""",""""note"""":""""動いていない""""}]""	""[{""""word"""":""""active"""",""""note"""":""""動いている・活発な""""}]"""
501150	5	unnatural	不自然な	not normal or not from nature	His smile looked unnatural in the photo.	写真の中の彼の笑顔は不自然に見えた。	adjective	5	3	""[""""不自然な"""",""""正直な"""",""""重要な"""",""""静かな"""",""""親切な""""]""	""[""""unnatural"""",""""honest"""",""""important"""",""""quiet"""",""""kind""""]""	""[""""unnatural"""",""""unusual"""",""""unhappy"""",""""national"""",""""natural""""]""	""[{""""word"""":""""strange"""",""""note"""":""""変で自然でない感じ""""}]""	""[{""""word"""":""""natural"""",""""note"""":""""自然な""""}]"""
501151	5	subtle	微妙な	not obvious but important	There is a subtle difference between the two colors.	その二つの色には微妙な違いがある。	adjective	5	2	""[""""微妙な"""",""""明るい"""",""""正確な"""",""""静かな"""",""""単純な""""]""	""[""""subtle"""",""""bright"""",""""exact"""",""""quiet"""",""""simple""""]""	""[""""subtle"""",""""sudden"""",""""supple"""",""""settle"""",""""sample""""]""	""[{""""word"""":""""slight"""",""""note"""":""""わずかな、という意味で近い""""}]""	""[{""""word"""":""""obvious"""",""""note"""":""""はっきりした""""}]"""
501152	5	seldom	めったに〜ない	not often	I seldom watch TV on weekdays.	私は平日にめったにテレビを見ない。	adverb	4	3	""[""""めったに〜ない"""",""""いつも"""",""""すぐに"""",""""たぶん"""",""""まだ""""]""	""[""""seldom"""",""""always"""",""""soon"""",""""probably"""",""""still""""]""	""[""""seldom"""",""""wisdom"""",""""kingdom"""",""""random"""",""""freedom""""]""	""[{""""word"""":""""rarely"""",""""note"""":""""ほぼ同じ意味""""}]""	""[{""""word"""":""""often"""",""""note"""":""""よく""""}]"""
501153	5	spontaneous	自然に起こる	done naturally, not planned	Her smile was spontaneous and warm.	彼女の笑顔は自然で温かかった。	adjective	5	2	""[""""自然に起こる"""",""""危険な"""",""""有名な"""",""""正直な"""",""""静かな""""]""	""[""""spontaneous"""",""""dangerous"""",""""famous"""",""""honest"""",""""quiet""""]""	""[""""spontaneous"""",""""important"""",""""mysterious"""",""""continuous"""",""""generous""""]""	""[{""""word"""":""""natural"""",""""note"""":""""より基本的な語""""}]""	""[{""""word"""":""""planned"""",""""note"""":""""計画された""""}]"""
501154	5	vulgar	下品な	not polite or in good taste	His joke was vulgar and rude.	彼の冗談は下品で失礼だった。	adjective	5	2	""[""""下品な"""",""""上品な"""",""""静かな"""",""""正直な"""",""""陽気な""""]""	""[""""vulgar"""",""""polite"""",""""quiet"""",""""honest"""",""""cheerful""""]""	""[""""vulgar"""",""""sugar"""",""""vector"""",""""visitor"""",""""color""""]""	""[{""""word"""":""""rude"""",""""note"""":""""より広い意味で「失礼な」""""}]""	""[{""""word"""":""""polite"""",""""note"""":""""礼儀正しい""""},{""""word"""":""""elegant"""",""""note"""":""""上品な""""}]"""
501155	5	humble	謙虚な	not proud; modest	She is humble about her success.	彼女は自分の成功について謙虚だ。	adjective	4	3	""[""""謙虚な"""",""""誇らしげな"""",""""勇敢な"""",""""親切な"""",""""陽気な""""]""	""[""""humble"""",""""proud"""",""""brave"""",""""kind"""",""""cheerful""""]""	""[""""humble"""",""""jumble"""",""""hundred"""",""""hunter"""",""""handle""""]""	""[{""""word"""":""""modest"""",""""note"""":""""humble に近い基本語""""}]""	""[{""""word"""":""""proud"""",""""note"""":""""誇り高い・自慢する感じ""""}]"""
501156	5	fake	偽物の	not real; made to look real	This watch is fake.	この腕時計は偽物だ。	adjective	3	4	""[""""偽物の"""",""""本物の"""",""""高価な"""",""""古い"""",""""重い""""]""	""[""""fake"""",""""real"""",""""expensive"""",""""old"""",""""heavy""""]""	""[""""fake"""",""""face"""",""""lake"""",""""make"""",""""take""""]""	""[{""""word"""":""""false"""",""""note"""":""""事実でない・本物でない""""}]""	""[{""""word"""":""""real"""",""""note"""":""""本物の""""},{""""word"""":""""genuine"""",""""note"""":""""本物であることを強調""""}]"""
501157	5	imaginary	想像上の	not real; made in the mind	The story is about an imaginary world.	その物語は想像上の世界についてです。	adjective	5	3	""[""""想像上の"""",""""現実の"""",""""有名な"""",""""危険な"""",""""静かな""""]""	""[""""imaginary"""",""""real"""",""""famous"""",""""dangerous"""",""""quiet""""]""	""[""""imaginary"""",""""important"""",""""impossible"""",""""ordinary"""",""""memory""""]""	""[{""""word"""":""""fictional"""",""""note"""":""""物語などで使うことが多い""""}]""	""[{""""word"""":""""real"""",""""note"""":""""実際にある""""}]"""
501158	5	ill at ease	落ち着かない	feeling nervous or uncomfortable	I felt ill at ease in the new class.	私は新しいクラスで落ち着かなかった。	adjective	6	2	""[""""落ち着かない"""",""""安心した"""",""""疲れた"""",""""誇らしい"""",""""退屈した""""]""	""[""""ill at ease"""",""""relaxed"""",""""tired"""",""""proud"""",""""bored""""]""	""[""""ill at ease"""",""""in a hurry"""",""""at home"""",""""all alone"""",""""on the way""""]""	""[{""""word"""":""""uncomfortable"""",""""note"""":""""より一般的な語""""}]""	""[{""""word"""":""""relaxed"""",""""note"""":""""気持ちが楽な""""}]"""
501159	5	unsuitable	不適当な	not right or fit for a purpose	These shoes are unsuitable for hiking.	この靴はハイキングには不適当です。	adjective	5	3	""[""""不適当な"""",""""便利な"""",""""安全な"""",""""必要な"""",""""十分な""""]""	""[""""unsuitable"""",""""useful"""",""""safe"""",""""necessary"""",""""enough""""]""	""[""""unsuitable"""",""""uncertain"""",""""unusual"""",""""unhealthy"""",""""unfriendly""""]""	""[{""""word"""":""""inappropriate"""",""""note"""":""""少しかたい語""""}]""	""[{""""word"""":""""suitable"""",""""note"""":""""目的に合う""""}]"""
501160	5	blunt	鈍い	not sharp	This knife is too blunt to cut bread well.	このナイフは鈍すぎて、パンをうまく切れない。	adjective	5	2	""[""""鈍い"""",""""鋭い"""",""""重い"""",""""硬い"""",""""薄い""""]""	""[""""blunt"""",""""sharp"""",""""heavy"""",""""hard"""",""""thin""""]""	""[""""blunt"""",""""plant"""",""""blind"""",""""blank"""",""""burnt""""]""	""[{""""word"""":""""dull"""",""""note"""":""""刃物などが鋭くない""""}]""	""[{""""word"""":""""sharp"""",""""note"""":""""鋭い""""}]"""
501161	5	complicated	複雑な	hard to understand because it has many parts	The rules are too complicated for me.	その規則は私には複雑すぎる。	adjective	5	3	""[""""複雑な"""",""""簡単な"""",""""重要な"""",""""危険な"""",""""有名な""""]""	""[""""complicated"""",""""simple"""",""""important"""",""""dangerous"""",""""famous""""]""	""[""""complicated"""",""""completed"""",""""competent"""",""""comfortable"""",""""computer""""]""	""[{""""word"""":""""complex"""",""""note"""":""""ややかたい語だが近い意味""""}]""	""[{""""word"""":""""simple"""",""""note"""":""""簡単な""""}]"""
501162	5	uneven	でこぼこの	not smooth or level	Be careful on this uneven road.	このでこぼこの道では気をつけて。	adjective	5	2	""[""""でこぼこの"""",""""なめらかな"""",""""まっすぐな"""",""""ぬれた"""",""""狭い""""]""	""[""""uneven"""",""""smooth"""",""""straight"""",""""wet"""",""""narrow""""]""	""[""""uneven"""",""""event"""",""""eleven"""",""""union"""",""""human""""]""	""[{""""word"""":""""rough"""",""""note"""":""""表面がざらざら・でこぼこした""""}]""	""[{""""word"""":""""smooth"""",""""note"""":""""なめらかな""""},{""""word"""":""""even"""",""""note"""":""""平らな""""}]"""
501163	5	civilian	一般市民	a person who is not in the military or police	The bridge was built for both soldiers and civilians.	その橋は兵士と一般市民の両方のために造られた。	noun	5	3	""[""""一般市民"""",""""兵士"""",""""警察官"""",""""乗客"""",""""観光客""""]""	""[""""civilian"""",""""soldier"""",""""officer"""",""""passenger"""",""""tourist""""]""	""[""""civilian"""",""""Sicilian"""",""""Brazilian"""",""""million"""",""""brilliant""""]""	""[{""""word"""":""""citizen"""",""""note"""":""""市民という広い意味で近い""""}]""	""[{""""word"""":""""soldier"""",""""note"""":""""軍人という対比で使える""""}]"""
501164	5	unstable	不安定な	not steady or likely to change suddenly	The table is unstable on the wet floor.	そのテーブルはぬれた床の上で不安定だ。	adjective	5	4	""[""""不安定な"""",""""安全な"""",""""静かな"""",""""公平な"""",""""正直な""""]""	""[""""unstable"""",""""stable"""",""""silent"""",""""fair"""",""""honest""""]""	""[""""unstable"""",""""unable"""",""""untidy"""",""""instead"""",""""install""""]""	""[{""""word"""":""""shaky"""",""""note"""":""""少しくだけた語で近い""""}]""	""[{""""word"""":""""stable"""",""""note"""":""""最も基本的な反対語""""}]"""
501165	5	slack	たるんだ	loose and not tight	The rope became slack after the rain.	そのロープは雨のあとたるんだ。	adjective	5	2	""[""""たるんだ"""",""""固い"""",""""鋭い"""",""""深い"""",""""厚い""""]""	""[""""slack"""",""""tight"""",""""sharp"""",""""deep"""",""""thick""""]""	""[""""slack"""",""""black"""",""""stack"""",""""snack"""",""""slick""""]""	""[{""""word"""":""""loose"""",""""note"""":""""しっかり締まっていない""""}]""	""[{""""word"""":""""tight"""",""""note"""":""""ぴんと張った状態""""}]"""
501166	5	uncontrolled	制御されていない	not kept under control	The fire became uncontrolled in the strong wind.	その火事は強風の中で制御されていない状態になった。	adjective	5	2	""[""""制御されていない"""",""""安全な"""",""""静かな"""",""""十分な"""",""""有名な""""]""	""[""""uncontrolled"""",""""careful"""",""""peaceful"""",""""helpful"""",""""central""""]""	""[""""uncontrolled"""",""""uncovered"""",""""uncertain"""",""""unusual"""",""""understood""""]""	""[{""""word"""":""""wild"""",""""note"""":""""controlできない感じ""""},{""""word"""":""""out-of-control"""",""""note"""":""""より直接的な言い方""""}]""	""[{""""word"""":""""controlled"""",""""note"""":""""controlされている""""}]"""
501167	5	partial	部分的な	not complete; only a part	We made a partial plan for the trip.	私たちはその旅行の部分的な計画を立てた。	adjective	5	3	""[""""部分的な"""",""""完全な"""",""""重要な"""",""""個人的な"""",""""伝統的な""""]""	""[""""partial"""",""""complete"""",""""important"""",""""personal"""",""""traditional""""]""	""[""""partial"""",""""special"""",""""social"""",""""patient"""",""""powerful""""]""	""[{""""word"""":""""incomplete"""",""""note"""":""""完了していない感じ""""},{""""word"""":""""limited"""",""""note"""":""""範囲が限られるとき""""}]""	""[{""""word"""":""""complete"""",""""note"""":""""全部そろった""""}]"""
501168	5	idle	何もしていない	not working or active	The workers stood idle after the machine stopped.	その機械が止まったあと、作業員たちは何もしていなかった。	adjective	5	3	""[""""何もしていない"""",""""忙しい"""",""""活発な"""",""""静かな"""",""""正直な""""]""	""[""""idle"""",""""busy"""",""""active"""",""""quiet"""",""""honest""""]""	""[""""idle"""",""""idol"""",""""item"""",""""icy"""",""""idea""""]""	""[{""""word"""":""""inactive"""",""""note"""":""""活動していない""""},{""""word"""":""""lazy"""",""""note"""":""""怠けている意味で近いことがある""""}]""	""[{""""word"""":""""busy"""",""""note"""":""""何かをしている""""},{""""word"""":""""active"""",""""note"""":""""活発に動いている""""}]"""
501169	5	twentieth	20番目の	coming as number 20 in order	Today is my twentieth birthday.	今日は私の20回目の誕生日です。	adjective	5	2	""[""""20番目の"""",""""10番目の"""",""""12番目の"""",""""15番目の"""",""""30番目の""""]""	""[""""twentieth"""",""""tenth"""",""""twelfth"""",""""fifteenth"""",""""thirtieth""""]""	""[""""twentieth"""",""""twenty"""",""""twelfth"""",""""thirtieth"""",""""seventeenth""""]""	[]	[]"
501170	5	it goes without saying that	〜は言うまでもない	used to say something is obvious	It goes without saying that we must follow the rules.	私たちは規則に従わなければならないのは言うまでもない。	conjunction	5	2	""[""""〜は言うまでもない"""",""""〜は本当ではない"""",""""〜はよく知られている"""",""""〜はあとで決める"""",""""〜は気にしなくてよい""""]""	""[""""it goes without saying that"""",""""it is not true that"""",""""it is known that"""",""""we will decide later"""",""""it does not matter that""""]""	""[""""it goes without saying that"""",""""it is worth saying that"""",""""it goes on all day"""",""""it was hard to say that"""",""""it sounds like saying that""""]""	""[{""""word"""":""""needless to say"""",""""note"""":""""より短い言い方""""}]""	[]"
501171	5	needless to say	言うまでもなく	used to say something is obvious	Needless to say, she was very happy.	言うまでもなく、彼女はとてもうれしかった。	adverb	5	2	""[""""言うまでもなく"""",""""たぶん"""",""""突然"""",""""実は"""",""""その代わりに""""]""	""[""""needless to say"""",""""probably"""",""""suddenly"""",""""actually"""",""""instead""""]""	""[""""needless to say"""",""""easy to say"""",""""nice to say"""",""""need to stay"""",""""ready to say""""]""	""[{""""word"""":""""it goes without saying that"""",""""note"""":""""that節を続けやすい表現""""}]""	[]"
501172	5	corporate	企業の	related to a company or business	She works in the corporate office.	彼女は企業のオフィスで働いています。	adjective	4	3	""[""""企業の"""",""""個人の"""",""""地方の"""",""""国際的な"""",""""公的な""""]""	""[""""corporate"""",""""personal"""",""""local"""",""""international"""",""""public""""]""	""[""""corporate"""",""""decorate"""",""""coordinate"""",""""fortunate"""",""""candidate""""]""	""[{""""word"""":""""business"""",""""note"""":""""より日常的な表現""""}]""	""[{""""word"""":""""personal"""",""""note"""":""""個人のという意味""""}]"""
501173	5	structural	構造の	related to the way something is built	The bridge has a structural problem.	その橋には構造上の問題があります。	adjective	5	2	""[""""構造の"""",""""文化の"""",""""歴史の"""",""""自然の"""",""""医学の""""]""	""[""""structural"""",""""cultural"""",""""historical"""",""""natural"""",""""medical""""]""	""[""""structural"""",""""strictly"""",""""struggle"""",""""special"""",""""practical""""]""	[]	[]"
501174	5	presidential	大統領の	related to a president	They watched the presidential debate on TV.	彼らはテレビで大統領討論会を見ました。	adjective	4	2	""[""""大統領の"""",""""首相の"""",""""市長の"""",""""王の"""",""""議会の""""]""	""[""""presidential"""",""""prime-ministerial"""",""""mayoral"""",""""royal"""",""""parliamentary""""]""	""[""""presidential"""",""""residential"""",""""accidental"""",""""traditional"""",""""confidential""""]""	[]	[]"
501175	5	psychological	心理的な	related to the mind and feelings	Stress can cause psychological problems.	ストレスは心理的な問題を引き起こすことがある。	adjective	5	2	""[""""心理的な"""",""""身体的な"""",""""社会的な"""",""""個人的な"""",""""医学的な""""]""	""[""""psychological"""",""""physical"""",""""social"""",""""personal"""",""""medical""""]""	""[""""psychological"""",""""physical"""",""""practical"""",""""political"""",""""historical""""]""	""[{""""word"""":""""mental"""",""""note"""":""""より基本的な語""""}]""	""[{""""word"""":""""physical"""",""""note"""":""""心ではなく体に関する""""}]"""
501176	5	bid	入札する	to offer a price for something	She plans to bid for the painting.	彼女はその絵に入札するつもりだ。	verb	5	2	""[""""入札する"""",""""借りる"""",""""売る"""",""""修理する"""",""""配達する""""]""	""[""""bid"""",""""borrow"""",""""sell"""",""""repair"""",""""deliver""""]""	""[""""bid"""",""""bed"""",""""bad"""",""""big"""",""""bird""""]""	""[{""""word"""":""""offer"""",""""note"""":""""価格を申し出る意味で近い""""}]""	[]"
501177	5	bureau	局	an office or government department	He works at a travel bureau.	彼は旅行案内所で働いている。	noun	5	1	""[""""局"""",""""支店"""",""""工場"""",""""倉庫"""",""""劇場""""]""	""[""""bureau"""",""""branch"""",""""factory"""",""""warehouse"""",""""theater""""]""	""[""""bureau"""",""""borrow"""",""""barrel"""",""""burden"""",""""below""""]""	""[{""""word"""":""""office"""",""""note"""":""""より広い意味の基本語""""}]""	[]"
501178	5	petroleum	石油	oil from deep under the ground	Petroleum is used to make fuel.	石油は燃料を作るのに使われます。	noun	5	3	""[""""石油"""",""""石炭"""",""""天然ガス"""",""""電気"""",""""水""""]""	""[""""petroleum"""",""""coal"""",""""gas"""",""""electricity"""",""""water""""]""	""[""""petroleum"""",""""museum"""",""""medium"""",""""stadium"""",""""premium""""]""	""[{""""word"""":""""oil"""",""""note"""":""""日常では oil のほうがよく使う""""}]""	[]"
501179	5	fossil fuel	化石燃料	fuel such as oil, coal, and gas from old plants and animals	We should use less fossil fuel.	私たちは化石燃料をもっと少なく使うべきです。	noun	5	3	""[""""化石燃料"""",""""再生可能エネルギー"""",""""電気"""",""""太陽光"""",""""原子力""""]""	""[""""fossil fuel"""",""""renewable energy"""",""""electricity"""",""""solar power"""",""""nuclear power""""]""	""[""""fossil fuel"""",""""foster school"""",""""formal rule"""",""""forest pool"""",""""frozen food""""]""	[]	[]"
501180	5	fossil	化石	the hard remains of a plant or animal from long ago	The museum has a dinosaur fossil.	その博物館には恐竜の化石があります。	noun	5	3	""[""""化石"""",""""鉱物"""",""""岩"""",""""骨"""",""""土""""]""	""[""""fossil"""",""""mineral"""",""""rock"""",""""bone"""",""""soil""""]""	""[""""fossil"""",""""forest"""",""""faucet"""",""""parcel"""",""""possible""""]""	[]	[]"
501181	5	classical	古典的な	related to old and traditional art or music	My father likes classical music.	私の父はクラシック音楽が好きです。	adjective	5	3	""[""""古典的な"""",""""現代的な"""",""""伝統的な"""",""""有名な"""",""""静かな""""]""	""[""""classical"""",""""modern"""",""""traditional"""",""""famous"""",""""quiet""""]""	""[""""classical"""",""""practical"""",""""critical"""",""""magical"""",""""chemical""""]""	""[{""""word"""":""""traditional"""",""""note"""":""""より広い意味で使う""""}]""	""[{""""word"""":""""modern"""",""""note"""":""""現代の""""}]"""
501182	5	medieval	中世の	related to the Middle Ages	We saw a medieval castle in Europe.	私たちはヨーロッパで中世の城を見ました。	adjective	6	2	""[""""中世の"""",""""古代の"""",""""現代の"""",""""歴史的な"""",""""伝統的な""""]""	""[""""medieval"""",""""ancient"""",""""modern"""",""""historic"""",""""traditional""""]""	""[""""medieval"""",""""material"""",""""medical"""",""""memorial"""",""""medium""""]""	[]	""[{""""word"""":""""modern"""",""""note"""":""""現代の""""}]"""
501183	5	be senior to	より年上である	to be older or higher in rank than someone	He is senior to me by two years.	彼は私より2歳年上です。	verb	6	2	""[""""より年上である"""",""""より若い"""",""""同い年である"""",""""より強い"""",""""より速い""""]""	""[""""be senior to"""",""""be younger than"""",""""be the same age as"""",""""be stronger than"""",""""be faster than""""]""	""[""""be senior to"""",""""be similar to"""",""""be kind to"""",""""be useful to"""",""""be close to""""]""	""[{""""word"""":""""be older than"""",""""note"""":""""年齢についての言い換え""""}]""	""[{""""word"""":""""be junior to"""",""""note"""":""""より年下である、地位が下である""""}]"""
501184	5	on board	乗って	on a ship, train, plane, or bus	There were many people on board the train.	その電車にはたくさんの人が乗っていた。	adverb	4	3	""[""""乗って"""",""""降りて"""",""""待って"""",""""歩いて"""",""""集まって""""]""	""[""""on board"""",""""get off"""",""""wait"""",""""walk"""",""""gather""""]""	""[""""on board"""",""""aboard"""",""""board"""",""""onward"""",""""award""""]""	""[{""""word"""":""""aboard"""",""""note"""":""""特に乗り物に乗って""""}]""	[]"
501185	5	superficial	表面的な	not deep or not careful	His knowledge of the topic was superficial.	彼のその話題についての知識は表面的だった。	adjective	5	2	""[""""表面的な"""",""""深い"""",""""正確な"""",""""慎重な"""",""""複雑な""""]""	""[""""superficial"""",""""deep"""",""""exact"""",""""careful"""",""""complex""""]""	""[""""superficial"""",""""special"""",""""specific"""",""""artificial"""",""""official""""]""	[]	""[{""""word"""":""""deep"""",""""note"""":""""内容が深い""""}]"""
501186	5	punctual	時間を守る	always arriving at the right time	She is always punctual for class.	彼女はいつも授業の時間を守る。	adjective	5	2	""[""""時間を守る"""",""""親切な"""",""""正直な"""",""""活発な"""",""""静かな""""]""	""[""""punctual"""",""""kind"""",""""honest"""",""""active"""",""""quiet""""]""	""[""""punctual"""",""""actual"""",""""peaceful"""",""""careful"""",""""thankful""""]""	""[{""""word"""":""""on time"""",""""note"""":""""予定の時刻どおり""""}]""	""[{""""word"""":""""late"""",""""note"""":""""時間に遅れる""""}]"""
501187	5	annual	毎年の	happening once every year	We have an annual school festival in October.	私たちは10月に毎年の学校祭があります。	adjective	5	3	""[""""毎年の"""",""""毎月の"""",""""毎週の"""",""""毎日の"""",""""季節ごとの""""]""	""[""""annual"""",""""monthly"""",""""weekly"""",""""daily"""",""""seasonal""""]""	""[""""annual"""",""""animal"""",""""manual"""",""""signal"""",""""final""""]""	""[{""""word"""":""""yearly"""",""""note"""":""""より基本的な語""""}]""	[]"
501188	5	sole	唯一の	being the only one	She was the sole winner of the contest.	彼女はそのコンテストの唯一の勝者でした。	adjective	6	2	""[""""唯一の"""",""""共通の"""",""""主な"""",""""特別な"""",""""全体の""""]""	""[""""sole"""",""""common"""",""""main"""",""""special"""",""""whole""""]""	""[""""sole"""",""""soul"""",""""sold"""",""""soil"""",""""solve""""]""	""[{""""word"""":""""only"""",""""note"""":""""より基本的で近い意味""""}]""	[]"
501189	5	monopoly	独占	complete control of a business or market	One company had a monopoly on the market.	1つの会社がその市場を独占していた。	noun	5	2	""[""""独占"""",""""競争"""",""""契約"""",""""貿易"""",""""利益""""]""	""[""""monopoly"""",""""competition"""",""""contract"""",""""trade"""",""""profit""""]""	""[""""monopoly"""",""""monument"""",""""memory"""",""""minority"""",""""melody""""]""	""[{""""word"""":""""control"""",""""note"""":""""文脈によっては「支配」""""}]""	""[{""""word"""":""""competition"""",""""note"""":""""独占ではなく競争""""}]"""
501190	5	traitor	裏切り者	a person who is not loyal to their group or country	They called him a traitor after he shared the secret.	彼がその秘密を漏らしたあと、彼らは彼を裏切り者と呼んだ。	noun	5	2	""[""""裏切り者"""",""""英雄"""",""""兵士"""",""""指導者"""",""""仲間""""]""	""[""""traitor"""",""""hero"""",""""soldier"""",""""leader"""",""""partner""""]""	""[""""traitor"""",""""trader"""",""""trainer"""",""""tractor"""",""""later""""]""	""[{""""word"""":""""betrayer"""",""""note"""":""""やや説明的だが近い意味""""}]""	""[{""""word"""":""""ally"""",""""note"""":""""味方の人""""},{""""word"""":""""supporter"""",""""note"""":""""支える側の人""""}]"""
501191	5	exclusive	高級な	limited to a small group and often expensive	They stayed at an exclusive hotel by the sea.	彼らは海辺の高級なホテルに泊まった。	adjective	5	3	""[""""高級な"""",""""普通の"""",""""安い"""",""""混雑した"""",""""静かな""""]""	""[""""exclusive"""",""""ordinary"""",""""cheap"""",""""crowded"""",""""quiet""""]""	""[""""exclusive"""",""""expensive"""",""""exciting"""",""""active"""",""""creative""""]""	""[{""""word"""":""""luxury"""",""""note"""":""""名詞としてよく使う語""""},{""""word"""":""""high-class"""",""""note"""":""""「高級な」の近い表現""""}]""	""[{""""word"""":""""ordinary"""",""""note"""":""""普通の""""},{""""word"""":""""cheap"""",""""note"""":""""高級ではなく安い""""}]"""
501192	5	nothing but	ただの	only; no more than	It was nothing but a joke.	それはただの冗談だった。	phrase	5	3	""[""""ただの"""",""""ほとんど"""",""""まったくない"""",""""十分な"""",""""特別な""""]""	""[""""nothing but"""",""""almost"""",""""never"""",""""enough"""",""""special""""]""	""[""""nothing but"""",""""nothing"""",""""notebook"""",""""nobody"""",""""button""""]""	""[{""""word"""":""""only"""",""""note"""":""""より基本的な語""""}]""	[]"
501193	5	solely	もっぱら	only and not with others	This room is used solely for meetings.	この部屋はもっぱら会議のために使われる。	adverb	6	2	""[""""もっぱら"""",""""突然"""",""""静かに"""",""""完全に"""",""""簡単に""""]""	""[""""solely"""",""""suddenly"""",""""quietly"""",""""completely"""",""""easily""""]""	""[""""solely"""",""""slowly"""",""""softly"""",""""safely"""",""""simply""""]""	""[{""""word"""":""""only"""",""""note"""":""""意味は近いが solely のほうがやや硬い""""}]""	[]"
501194	5	unfold	広げる	to open something that was folded	She unfolded the map on the table.	彼女はテーブルの上で地図を広げた。	verb	5	2	""[""""広げる"""",""""折りたたむ"""",""""隠す"""",""""運ぶ"""",""""描く""""]""	""[""""unfold"""",""""fold"""",""""hide"""",""""carry"""",""""draw""""]""	""[""""unfold"""",""""untold"""",""""upload"""",""""uphold"""",""""enfold""""]""	""[{""""word"""":""""open"""",""""note"""":""""文脈によって近い""""}]""	""[{""""word"""":""""fold"""",""""note"""":""""折りたたむ""""}]"""
501195	5	be exposed to	さらされる	to be affected by something around you	Children should not be exposed to too much stress.	子どもたちはあまりに多くのストレスにさらされるべきではない。	verb	5	3	""[""""さらされる"""",""""慣れる"""",""""気づく"""",""""頼る"""",""""参加する""""]""	""[""""be exposed to"""",""""be used to"""",""""notice"""",""""depend on"""",""""take part in""""]""	""[""""be exposed to"""",""""be supposed to"""",""""be close to"""",""""be kind to"""",""""be useful to""""]""	""[{""""word"""":""""be open to"""",""""note"""":""""影響を受けやすい状態""""},{""""word"""":""""face"""",""""note"""":""""問題などに直面する""""}]""	""[{""""word"""":""""avoid"""",""""note"""":""""避ける""""},{""""word"""":""""escape"""",""""note"""":""""逃れる""""}]"""
501196	5	be subject to	受けやすい	to likely be affected by something	This area is subject to heavy rain in summer.	この地域は夏に大雨の影響を受けやすい。	verb	5	2	""[""""受けやすい"""",""""満足している"""",""""似ている"""",""""役に立つ"""",""""遅れている""""]""	""[""""be subject to"""",""""be satisfied with"""",""""be similar to"""",""""be useful for"""",""""be late for""""]""	""[""""be subject to"""",""""be used to"""",""""be sorry for"""",""""be close to"""",""""be ready to""""]""	""[{""""word"""":""""be prone to"""",""""note"""":""""やや書き言葉で『〜しがちだ』""""},{""""word"""":""""be likely to face"""",""""note"""":""""影響を受ける可能性がある""""}]""	""[{""""word"""":""""avoid"""",""""note"""":""""避ける""""},{""""word"""":""""be free from"""",""""note"""":""""〜がない""""}]"""
501197	5	contrary	反対の	opposite in meaning or direction	His opinion was contrary to mine.	彼の意見は私の意見と反対だった。	adjective	5	2	""[""""反対の"""",""""重要な"""",""""静かな"""",""""公平な"""",""""正確な""""]""	""[""""contrary"""",""""important"""",""""quiet"""",""""fair"""",""""exact""""]""	""[""""contrary"""",""""country"""",""""control"""",""""contact"""",""""correct""""]""	""[{""""word"""":""""opposite"""",""""note"""":""""最も基本的な類義語""""}]""	""[{""""word"""":""""same"""",""""note"""":""""同じ""""},{""""word"""":""""similar"""",""""note"""":""""似ている""""}]"""
501198	5	subscription	定期購読	an agreement to receive something regularly by paying for it	I bought a one-year magazine subscription.	私は雑誌の1年分の定期購読を申し込んだ。	noun	5	3	""[""""定期購読"""",""""予約"""",""""配達"""",""""会員"""",""""注文""""]""	""[""""subscription"""",""""reservation"""",""""delivery"""",""""membership"""",""""order""""]""	""[""""subscription"""",""""description"""",""""suggestion"""",""""instruction"""",""""selection""""]""	""[{""""word"""":""""membership"""",""""note"""":""""会員になることの意味で近いことがある""""}]""	[]"
501199	5	prescribe	処方する	to officially say what medicine someone should take	The doctor will prescribe some medicine.	医者が薬を処方してくれるでしょう。	verb	6	3	""[""""処方する"""",""""診断する"""",""""注射する"""",""""治療する"""",""""検査する""""]""	""[""""prescribe"""",""""diagnose"""",""""inject"""",""""treat"""",""""examine""""]""	""[""""prescribe"""",""""describe"""",""""prepare"""",""""protect"""",""""provide""""]""	[]	[]"
501200	5	timeline	年表	a line or list that shows events in time order	The book has a timeline of world history.	その本には世界史の年表がある。	noun	4	3	""[""""年表"""",""""地図"""",""""予定表"""",""""記録"""",""""日記""""]""	""[""""timeline"""",""""map"""",""""schedule"""",""""record"""",""""diary""""]""	""[""""timeline"""",""""time"""",""""tideline"""",""""lifeline"""",""""guideline""""]""	[]	[]"
501201	5	sequence	順序	the order in which things happen or are arranged	Put the pictures in the correct sequence.	絵を正しい順序に並べなさい。	noun	5	3	""[""""順序"""",""""結果"""",""""方法"""",""""理由"""",""""変化""""]""	""[""""sequence"""",""""result"""",""""method"""",""""reason"""",""""change""""]""	""[""""sequence"""",""""frequence"""",""""science"""",""""silence"""",""""sentence""""]""	""[{""""word"""":""""order"""",""""note"""":""""より基本的な語""""}]""	[]"
501202	5	summon	呼ぶ	to officially ask someone to come	The teacher summoned him to the office.	先生は彼を職員室に呼んだ。	verb	6	2	""[""""呼ぶ"""",""""送る"""",""""待つ"""",""""助ける"""",""""隠す""""]""	""[""""summon"""",""""send"""",""""wait"""",""""help"""",""""hide""""]""	""[""""summon"""",""""summer"""",""""sudden"""",""""common"""",""""salmon""""]""	""[{""""word"""":""""call"""",""""note"""":""""より基本的で広い意味""""}]""	[]"
501203	5	coordinate	調整する	to organize different parts so they work well together	She coordinated the school festival plans.	彼女は学校祭の計画を調整した。	verb	6	2	""[""""調整する"""",""""拒否する"""",""""発見する"""",""""説明する"""",""""比較する""""]""	""[""""coordinate"""",""""refuse"""",""""discover"""",""""explain"""",""""compare""""]""	""[""""coordinate"""",""""cooperate"""",""""calculate"""",""""celebrate"""",""""concentrate""""]""	""[{""""word"""":""""organize"""",""""note"""":""""計画や人をまとめる""""}]""	[]"
501204	5	alternative	代わりのもの	another choice or thing you can use instead	We need an alternative plan for the trip.	私たちは旅行のために別の計画が必要です。	noun	5	3	""[""""代わりのもの"""",""""結果"""",""""理由"""",""""方法"""",""""習慣""""]""	""[""""alternative"""",""""result"""",""""reason"""",""""method"""",""""habit""""]""	""[""""alternative"""",""""already"""",""""altogether"""",""""afternoon"""",""""attention""""]""	""[{""""word"""":""""option"""",""""note"""":""""選べるもの""""},{""""word"""":""""choice"""",""""note"""":""""より基本的な語""""}]""	[]"
501205	5	exterior	外側	the outside part of something	The exterior of the house is white.	その家の外側は白いです。	noun	5	2	""[""""外側"""",""""内側"""",""""表面"""",""""屋根"""",""""壁""""]""	""[""""exterior"""",""""interior"""",""""surface"""",""""roof"""",""""wall""""]""	""[""""exterior"""",""""excuse"""",""""exercise"""",""""extra"""",""""visitor""""]""	""[{""""word"""":""""outside"""",""""note"""":""""より基本的な語""""}]""	""[{""""word"""":""""interior"""",""""note"""":""""内側""""}]"""
501206	5	outward	外側へ	toward the outside	The door opens outward.	そのドアは外側へ開きます。	adverb	5	2	""[""""外側へ"""",""""内側へ"""",""""上へ"""",""""下へ"""",""""前へ""""]""	""[""""outward"""",""""inward"""",""""upward"""",""""downward"""",""""forward""""]""	""[""""outward"""",""""awkward"""",""""output"""",""""outside"""",""""owner""""]""	[]	""[{""""word"""":""""inward"""",""""note"""":""""内側へ""""}]"""
501207	5	external	外部の	on the outside of something	The school checked the external walls of the building.	学校は建物の外部の壁を点検した。	adjective	5	3	""[""""外部の"""",""""内部の"""",""""重要な"""",""""公式の"""",""""個人的な""""]""	""[""""external"""",""""internal"""",""""formal"""",""""public"""",""""private""""]""	""[""""external"""",""""eternal"""",""""extra"""",""""general"""",""""central""""]""	""[{""""word"""":""""outside"""",""""note"""":""""形容詞では「外側の」の意味で近い""""}]""	""[{""""word"""":""""internal"""",""""note"""":""""「内部の」""""}]"""
501208	5	stockholder	株主	a person who owns shares in a company	The stockholder asked about the company's future plans.	その株主は会社の将来の計画についてたずねた。	noun	5	2	""[""""株主"""",""""社長"""",""""従業員"""",""""顧客"""",""""投資家""""]""	""[""""stockholder"""",""""president"""",""""employee"""",""""customer"""",""""manager""""]""	""[""""stockholder"""",""""stakeholder"""",""""storekeeper"""",""""stronger"""",""""structure""""]""	""[{""""word"""":""""shareholder"""",""""note"""":""""より一般的な言い方""""}]""	[]"
501209	5	slavery	奴隷制度	the system of owning people as workers	They studied the history of slavery in class.	彼らは授業で奴隷制度の歴史を学んだ。	noun	5	2	""[""""奴隷制度"""",""""植民地"""",""""革命"""",""""差別"""",""""貧困""""]""	""[""""slavery"""",""""colony"""",""""revolution"""",""""discrimination"""",""""poverty""""]""	""[""""slavery"""",""""salary"""",""""summary"""",""""gallery"""",""""victory""""]""	[]	""[{""""word"""":""""freedom"""",""""note"""":""""「自由」""""}]"""
501210	5	torture	拷問	great pain given on purpose	The prisoner suffered torture in the war.	その捕虜は戦争で拷問を受けた。	noun	5	2	""[""""拷問"""",""""治療"""",""""救助"""",""""罰"""",""""訓練""""]""	""[""""torture"""",""""treatment"""",""""rescue"""",""""punishment"""",""""training""""]""	""[""""torture"""",""""teacher"""",""""picture"""",""""future"""",""""culture""""]""	""[{""""word"""":""""abuse"""",""""note"""":""""より広い意味での虐待""""}]""	[]"
501211	5	distress	苦しみ	great pain, worry, or sadness	The news caused her great distress.	その知らせは彼女に大きな苦しみを与えた。	noun	5	3	""[""""苦しみ"""",""""喜び"""",""""安心"""",""""怒り"""",""""希望""""]""	""[""""distress"""",""""joy"""",""""relief"""",""""anger"""",""""hope""""]""	""[""""distress"""",""""address"""",""""district"""",""""discuss"""",""""direct""""]""	""[{""""word"""":""""pain"""",""""note"""":""""より広く使う基本語""""},{""""word"""":""""suffering"""",""""note"""":""""苦しみを強調する語""""}]""	""[{""""word"""":""""relief"""",""""note"""":""""苦しみがやわらぐこと""""}]"""
501212	5	prescription	処方箋	a doctor's written order for medicine	Take this prescription to the pharmacy.	この処方箋を薬局に持って行きなさい。	noun	5	3	""[""""処方箋"""",""""診断"""",""""注射"""",""""手術"""",""""薬""""]""	""[""""prescription"""",""""diagnosis"""",""""injection"""",""""operation"""",""""medicine""""]""	""[""""prescription"""",""""prediction"""",""""direction"""",""""condition"""",""""question""""]""	[]	[]"
501213	5	certificate	証明書	an official paper that shows something is true	She got a certificate after the course.	彼女はその講座の後で証明書をもらった。	noun	5	3	""[""""証明書"""",""""許可"""",""""案内"""",""""記録"""",""""報告""""]""	""[""""certificate"""",""""license"""",""""notice"""",""""record"""",""""report""""]""	""[""""certificate"""",""""careful"""",""""celebrate"""",""""circulate"""",""""secretary""""]""	[]	[]"
501214	5	segment	部分	one part of something larger	This segment of the road is closed.	この道路のこの部分は閉鎖されている。	noun	6	2	""[""""部分"""",""""表面"""",""""中心"""",""""端"""",""""列""""]""	""[""""segment"""",""""surface"""",""""center"""",""""edge"""",""""row""""]""	""[""""segment"""",""""second"""",""""signal"""",""""cement"""",""""servant""""]""	""[{""""word"""":""""part"""",""""note"""":""""より基本的な語""""}]""	[]"
501215	5	component	部品	one of the parts of a machine or system	This component is important for the computer.	この部品はそのコンピューターにとって重要です。	noun	6	3	""[""""部品"""",""""機械"""",""""表面"""",""""材料"""",""""方法""""]""	""[""""component"""",""""machine"""",""""surface"""",""""material"""",""""method""""]""	""[""""component"""",""""complaint"""",""""company"""",""""compete"""",""""comment""""]""	""[{""""word"""":""""part"""",""""note"""":""""より広い意味の基本語""""}]""	[]"
501216	5	aspect	側面	one part or side of something	We discussed every aspect of the plan.	私たちはその計画のあらゆる側面について話し合った。	noun	5	3	""[""""側面"""",""""結果"""",""""目的"""",""""方法"""",""""変化""""]""	""[""""aspect"""",""""result"""",""""purpose"""",""""method"""",""""change""""]""	""[""""aspect"""",""""inspect"""",""""respect"""",""""object"""",""""artist""""]""	""[{""""word"""":""""side"""",""""note"""":""""基本的な語。文脈によって近い""""}]""	[]"
501217	5	be involved in	に関わっている	to take part in something	She is involved in the school festival.	彼女は学校祭に関わっている。	verb	5	3	""[""""に関わっている"""",""""に反対している"""",""""に驚いている"""",""""に慣れている"""",""""に満足している""""]""	""[""""be involved in"""",""""be against"""",""""be surprised at"""",""""be used to"""",""""be satisfied with""""]""	""[""""be involved in"""",""""be interested in"""",""""be worried about"""",""""be invited to"""",""""be known for""""]""	""[{""""word"""":""""take part in"""",""""note"""":""""実際に参加する意味が強い""""},{""""word"""":""""join"""",""""note"""":""""より短く基本的な語""""}]""	""[{""""word"""":""""stay out of"""",""""note"""":""""関わらない""""}]"""
501218	5	division	分割	the act of separating something into parts	The division of the work saved us time.	仕事の分割で私たちは時間を節約できた。	noun	5	3	""[""""分割"""",""""成長"""",""""到着"""",""""選択"""",""""発見""""]""	""[""""division"""",""""growth"""",""""arrival"""",""""choice"""",""""discovery""""]""	""[""""division"""",""""decision"""",""""vision"""",""""revision"""",""""visitor""""]""	""[{""""word"""":""""separation"""",""""note"""":""""分けることという意味で近い""""}]""	""[{""""word"""":""""union"""",""""note"""":""""結びつくこと""""}]"""
501219	5	to some extent	ある程度	partly, but not completely	I agree with you to some extent.	私はあなたにある程度賛成です。	adverb	5	3	""[""""ある程度"""",""""完全に"""",""""突然"""",""""直接"""",""""特に""""]""	""[""""to some extent"""",""""completely"""",""""suddenly"""",""""directly"""",""""especially""""]""	""[""""to some extent"""",""""to some event"""",""""to the end"""",""""some student"""",""""so silent""""]""	""[{""""word"""":""""partly"""",""""note"""":""""より短い言い方""""},{""""word"""":""""somewhat"""",""""note"""":""""やや、いくぶん""""}]""	""[{""""word"""":""""completely"""",""""note"""":""""完全に""""}]"""
501220	5	overtake	追い越す	to go past someone or something ahead of you	Our car overtook the bus on the road.	私たちの車は道路でそのバスを追い越しました。	verb	6	3	""[""""追い越す"""",""""運ぶ"""",""""引っ張る"""",""""押す"""",""""落とす""""]""	""[""""overtake"""",""""carry"""",""""pull"""",""""push"""",""""drop""""]""	""[""""overtake"""",""""overcome"""",""""undertake"""",""""overlook"""",""""awake""""]""	""[{""""word"""":""""pass"""",""""note"""":""""前を行くものを追い越す""""}]""	""[{""""word"""":""""follow"""",""""note"""":""""後について行く""""}]"""
501221	5	transit	通過	the act of passing through a place	The package is now in transit.	その荷物は今、輸送中です。	noun	6	2	""[""""通過"""",""""到着"""",""""出発"""",""""停止"""",""""滞在""""]""	""[""""transit"""",""""arrival"""",""""departure"""",""""stop"""",""""stay""""]""	""[""""transit"""",""""transfer"""",""""traffic"""",""""translate"""",""""transport""""]""	""[{""""word"""":""""passage"""",""""note"""":""""通り抜けること""""}]""	[]"
501222	5	precedent	前例	an earlier event or action that becomes an example	This case set a new precedent.	この事例は新しい前例を作った。	noun	5	2	""[""""前例"""",""""規則"""",""""証拠"""",""""結果"""",""""判決""""]""	""[""""precedent"""",""""rule"""",""""evidence"""",""""result"""",""""judgment""""]""	""[""""precedent"""",""""president"""",""""present"""",""""pleasant"""",""""resident""""]""	""[{""""word"""":""""example"""",""""note"""":""""より一般的な語""""},{""""word"""":""""model"""",""""note"""":""""手本という意味で近い""""}]""	[]"
501223	5	advertise	宣伝する	to tell people about a product or service	They advertise their new store online.	彼らは新しい店をオンラインで宣伝する。	verb	4	3	""[""""宣伝する"""",""""配達する"""",""""比較する"""",""""予約する"""",""""修理する""""]""	""[""""advertise"""",""""deliver"""",""""compare"""",""""reserve"""",""""repair""""]""	""[""""advertise"""",""""advise"""",""""exercise"""",""""organize"""",""""realize""""]""	""[{""""word"""":""""promote"""",""""note"""":""""売るために広める""""},{""""word"""":""""publicize"""",""""note"""":""""広く知らせる""""}]""	[]"
501224	5	hesitation	ためらい	a pause because you are not sure what to do	After a short hesitation, she answered the question.	少しためらったあと、彼女はその質問に答えた。	noun	5	3	""[""""ためらい"""",""""驚き"""",""""喜び"""",""""怒り"""",""""自信""""]""	""[""""hesitation"""",""""surprise"""",""""pleasure"""",""""anger"""",""""confidence""""]""	""[""""hesitation"""",""""invitation"""",""""situation"""",""""education"""",""""vacation""""]""	""[{""""word"""":""""doubt"""",""""note"""":""""気持ちの迷いを表す近い語""""},{""""word"""":""""pause"""",""""note"""":""""短い間を表すことがある""""}]""	""[{""""word"""":""""confidence"""",""""note"""":""""自信があって迷わないこと""""}]"""
501225	5	terrace	テラス	a flat outdoor area next to a building	We had lunch on the terrace.	私たちはテラスで昼食をとった。	noun	5	3	""[""""テラス"""",""""屋根"""",""""廊下"""",""""地下室"""",""""天井""""]""	""[""""terrace"""",""""roof"""",""""hallway"""",""""basement"""",""""ceiling""""]""	""[""""terrace"""",""""tourist"""",""""forest"""",""""careless"""",""""service""""]""	""[{""""word"""":""""patio"""",""""note"""":""""家の外の平らな場所""""}]""	[]"
501226	5	compensate	埋め合わせをする	to make up for loss or damage	The company will compensate the workers for the accident.	その会社は事故について労働者に埋め合わせをするだろう。	verb	6	2	""[""""埋め合わせをする"""",""""拒否する"""",""""交換する"""",""""説明する"""",""""修理する""""]""	""[""""compensate"""",""""refuse"""",""""replace"""",""""explain"""",""""repair""""]""	""[""""compensate"""",""""concentrate"""",""""celebrate"""",""""communicate"""",""""calculate""""]""	""[{""""word"""":""""repay"""",""""note"""":""""お金などで返す意味で近い""""},{""""word"""":""""make up for"""",""""note"""":""""不足や損失を埋める""""}]""	""[{""""word"""":""""ignore"""",""""note"""":""""対応せずそのままにする""""}]"""
501227	5	sponsor	後援する	to support an event or person with money	A local company will sponsor our school festival.	地元の会社が私たちの学校祭を後援します。	verb	5	3	""[""""後援する"""",""""参加する"""",""""計画する"""",""""説明する"""",""""中止する""""]""	""[""""sponsor"""",""""join"""",""""plan"""",""""explain"""",""""cancel""""]""	""[""""sponsor"""",""""spoon"""",""""special"""",""""speaker"""",""""summer""""]""	""[{""""word"""":""""support"""",""""note"""":""""より広い意味で「支える」""""}]""	[]"
501228	5	subscribe	購読する	to pay regularly to get a magazine or online service	My father subscribed to a sports magazine.	父はスポーツ雑誌を購読しました。	verb	5	3	""[""""購読する"""",""""印刷する"""",""""借りる"""",""""配る"""",""""集める""""]""	""[""""subscribe"""",""""print"""",""""borrow"""",""""deliver"""",""""collect""""]""	""[""""subscribe"""",""""describe"""",""""surprise"""",""""supply"""",""""support""""]""	[]	[]"
501229	5	harmony	調和	a peaceful and pleasant feeling of things going well together	The colors in the room are in harmony.	その部屋の色は調和しています。	noun	5	3	""[""""調和"""",""""混乱"""",""""静けさ"""",""""人気"""",""""努力""""]""	""[""""harmony"""",""""confusion"""",""""silence"""",""""popularity"""",""""effort""""]""	""[""""harmony"""",""""holiday"""",""""history"""",""""memory"""",""""hurry""""]""	""[{""""word"""":""""peace"""",""""note"""":""""落ち着いたよい状態""""}]""	""[{""""word"""":""""conflict"""",""""note"""":""""争いや対立がある状態""""}]"""
501230	5	sanction	制裁	an official action to punish a country or group	The country faced a new sanction after the attack.	その国は攻撃の後、新たな制裁を受けた。	noun	5	2	""[""""制裁"""",""""援助"""",""""協定"""",""""貿易"""",""""投票""""]""	""[""""sanction"""",""""support"""",""""treaty"""",""""trade"""",""""vote""""]""	""[""""sanction"""",""""section"""",""""action"""",""""station"""",""""caption""""]""	""[{""""word"""":""""penalty"""",""""note"""":""""より広く「罰」""""}]""	[]"
501231	5	workforce	労働力	all the people who work in a company or country	The company needs a larger workforce this year.	その会社は今年、より大きな労働力を必要としている。	noun	5	3	""[""""労働力"""",""""人口"""",""""収入"""",""""設備"""",""""資源""""]""	""[""""workforce"""",""""population"""",""""income"""",""""equipment"""",""""resource""""]""	""[""""workforce"""",""""workshop"""",""""worker"""",""""workload"""",""""workman""""]""	""[{""""word"""":""""labor force"""",""""note"""":""""同じ意味でよく使う表現""""}]""	[]"
501232	5	census	国勢調査	an official count of the people in a country	The government will take a census next year.	政府は来年、国勢調査を行う。	noun	5	2	""[""""国勢調査"""",""""世論調査"""",""""報告書"""",""""予算案"""",""""選挙""""]""	""[""""census"""",""""survey"""",""""report"""",""""budget"""",""""election""""]""	""[""""census"""",""""sense"""",""""center"""",""""tennis"""",""""sentence""""]""	[]	[]"
501233	5	shopper	買い物客	a person who is buying things in a store	The shopper looked for a cheap bag.	その買い物客は安いかばんを探した。	noun	5	3	""[""""買い物客"""",""""店員"""",""""客"""",""""運転手"""",""""旅行者""""]""	""[""""shopper"""",""""clerk"""",""""visitor"""",""""driver"""",""""traveler""""]""	""[""""shopper"""",""""supper"""",""""singer"""",""""soccer"""",""""sister""""]""	""[{""""word"""":""""customer"""",""""note"""":""""店で物を買う人""""}]""	[]"
501234	5	designer	デザイナー	a person who plans how something will look	The designer made a new logo.	そのデザイナーは新しいロゴを作った。	noun	5	3	""[""""デザイナー"""",""""画家"""",""""作家"""",""""歌手"""",""""運転手""""]""	""[""""designer"""",""""painter"""",""""writer"""",""""singer"""",""""driver""""]""	""[""""designer"""",""""decider"""",""""visitor"""",""""director"""",""""teacher""""]""	[]	[]"
501235	5	hunter	狩人	a person who hunts animals	The hunter walked into the forest.	その狩人は森の中へ歩いて入った。	noun	5	2	""[""""狩人"""",""""漁師"""",""""農家"""",""""画家"""",""""兵士""""]""	""[""""hunter"""",""""fisherman"""",""""farmer"""",""""painter"""",""""soldier""""]""	""[""""hunter"""",""""hundred"""",""""winter"""",""""runner"""",""""thunder""""]""	[]	[]"
501236	5	researcher	研究者	a person who studies something carefully	My aunt is a medical researcher.	私のおばは医療の研究者です。	noun	6	3	""[""""研究者"""",""""記者"""",""""医者"""",""""教師"""",""""画家""""]""	""[""""researcher"""",""""reporter"""",""""doctor"""",""""teacher"""",""""painter""""]""	""[""""researcher"""",""""teacher"""",""""speaker"""",""""reader"""",""""writer""""]""	[]	[]"
501237	5	user	利用者	a person who uses something	Every user needs a password.	すべての利用者にパスワードが必要です。	noun	5	4	""[""""利用者"""",""""訪問者"""",""""読者"""",""""運転者"""",""""所有者""""]""	""[""""user"""",""""visitor"""",""""reader"""",""""driver"""",""""owner""""]""	""[""""user"""",""""loser"""",""""usual"""",""""music"""",""""junior""""]""	[]	[]"
501238	5	coworker	同僚	a person you work with	My coworker helped me finish the report.	私の同僚がレポートを終えるのを手伝ってくれた。	noun	5	3	""[""""同僚"""",""""上司"""",""""客"""",""""店員"""",""""医者""""]""	""[""""coworker"""",""""boss"""",""""customer"""",""""clerk"""",""""doctor""""]""	""[""""coworker"""",""""coaster"""",""""corner"""",""""worker"""",""""cooker""""]""	""[{""""word"""":""""colleague"""",""""note"""":""""ややフォーマルな言い方""""}]""	[]"
501239	5	acting	演技	the job or art of performing in plays or movies	She is studying acting at college.	彼女は大学で演技を勉強している。	noun	5	3	""[""""演技"""",""""歌唱"""",""""絵画"""",""""ダンス"""",""""写真""""]""	""[""""acting"""",""""singing"""",""""painting"""",""""dancing"""",""""photography""""]""	""[""""acting"""",""""action"""",""""active"""",""""asking"""",""""aching""""]""	[]	[]"
501240	5	agent	代理人	a person who works for or represents another person	His agent found him a new job.	彼の代理人が彼に新しい仕事を見つけた。	noun	5	3	""[""""代理人"""",""""記者"""",""""警官"""",""""店員"""",""""観光客""""]""	""[""""agent"""",""""reporter"""",""""police officer"""",""""clerk"""",""""tourist""""]""	""[""""agent"""",""""ancient"""",""""urgent"""",""""giant"""",""""angel""""]""	""[{""""word"""":""""representative"""",""""note"""":""""より一般的で少しかたい語""""}]""	[]"
501241	5	applicant	応募者	a person who asks for a job or place	Each applicant must fill out this form.	各応募者はこの用紙に記入しなければなりません。	noun	5	3	""[""""応募者"""",""""参加者"""",""""案内人"""",""""訪問者"""",""""乗客""""]""	""[""""applicant"""",""""participant"""",""""guide"""",""""visitor"""",""""passenger""""]""	""[""""applicant"""",""""application"""",""""appliance"""",""""applaud"""",""""apricot""""]""	""[{""""word"""":""""candidate"""",""""note"""":""""特に選ばれる可能性のある人""""}]""	[]"
501242	5	predecessor	前任者	the person who had a job before someone else	Her predecessor worked here for ten years.	彼女の前任者はここで10年間働いていました。	noun	6	2	""[""""前任者"""",""""後任者"""",""""同僚"""",""""上司"""",""""部下""""]""	""[""""predecessor"""",""""successor"""",""""coworker"""",""""boss"""",""""assistant""""]""	""[""""predecessor"""",""""professor"""",""""processor"""",""""presenter"""",""""protecter""""]""	[]	""[{""""word"""":""""successor"""",""""note"""":""""後にその地位に就く人""""}]"""
501243	5	terrorist	テロリスト	a person who uses violence for political aims	The police arrested the terrorist yesterday.	警察は昨日そのテロリストを逮捕しました。	noun	5	3	""[""""テロリスト"""",""""兵士"""",""""犯人"""",""""警官"""",""""市民""""]""	""[""""terrorist"""",""""soldier"""",""""criminal"""",""""officer"""",""""citizen""""]""	""[""""terrorist"""",""""tourist"""",""""theorist"""",""""terrace"""",""""terrible""""]""	[]	[]"
501244	5	candidate	候補者	a person who is trying to get a job or position	She is a strong candidate for the job.	彼女はその仕事の有力な候補者です。	noun	5	3	""[""""候補者"""",""""応募者"""",""""面接官"""",""""社員"""",""""上司""""]""	""[""""candidate"""",""""applicant"""",""""interviewer"""",""""employee"""",""""manager""""]""	""[""""candidate"""",""""candle"""",""""Canada"""",""""careless"""",""""captain""""]""	""[{""""word"""":""""applicant"""",""""note"""":""""仕事や学校などに応募する人""""}]""	[]"
501245	5	heir	相続人	a person who will receive money or property from someone	The prince is the heir to the throne.	その王子は王位の継承者です。	noun	6	2	""[""""相続人"""",""""所有者"""",""""王様"""",""""親族"""",""""使用人""""]""	""[""""heir"""",""""owner"""",""""king"""",""""relative"""",""""servant""""]""	""[""""heir"""",""""hair"""",""""air"""",""""here"""",""""care""""]""	[]	[]"
501246	5	superintendent	管理者	a person who is in charge of a building, school, or other place	The superintendent checked the school building.	管理者が学校の建物を点検しました。	noun	8	1	""[""""管理者"""",""""校長"""",""""教師"""",""""警備員"""",""""事務員""""]""	""[""""superintendent"""",""""principal"""",""""teacher"""",""""guard"""",""""clerk""""]""	""[""""superintendent"""",""""supermarket"""",""""supplement"""",""""important"""",""""president""""]""	[]	[]"
501247	5	acquaintance	知人	a person you know but not very well	He is an acquaintance from high school.	彼は高校時代の知人です。	noun	5	2	""[""""知人"""",""""親友"""",""""先生"""",""""客"""",""""上司""""]""	""[""""acquaintance"""",""""relative"""",""""neighbor"""",""""customer"""",""""leader""""]""	""[""""acquaintance"""",""""attendance"""",""""confidence"""",""""assistant"""",""""importance""""]""	[]	[]"
501248	5	successor	後継者	a person who takes another person's place	She was chosen as the successor to the manager.	彼女はその部長の後継者に選ばれました。	noun	5	2	""[""""後継者"""",""""指導者"""",""""発明家"""",""""訪問者"""",""""案内人""""]""	""[""""successor"""",""""director"""",""""inventor"""",""""visitor"""",""""guide""""]""	""[""""successor"""",""""professor"""",""""collector"""",""""processor"""",""""supporter""""]""	""[{""""word"""":""""heir"""",""""note"""":""""特に財産や地位を受け継ぐ人""""}]""	""[{""""word"""":""""predecessor"""",""""note"""":""""前任者""""}]"""
501249	5	representative	代表	a person chosen to speak or act for others	Our class chose Emi as its representative.	私たちのクラスはエミを代表に選びました。	noun	5	3	""[""""代表"""",""""候補者"""",""""案内人"""",""""観客"""",""""乗客""""]""	""[""""representative"""",""""candidate"""",""""guide"""",""""audience"""",""""passenger""""]""	""[""""representative"""",""""reservation"""",""""relative"""",""""refrigerator"""",""""reporter""""]""	""[{""""word"""":""""delegate"""",""""note"""":""""会議などの代表として使うことが多い""""}]""	[]"
501250	5	bystander	見物人	a person who is near an event and watches it	A bystander called the police after the accident.	事故のあと、見物人が警察を呼んだ。	noun	5	2	""[""""見物人"""",""""乗客"""",""""訪問者"""",""""店員"""",""""運転手""""]""	""[""""bystander"""",""""passenger"""",""""visitor"""",""""clerk"""",""""driver""""]""	""[""""bystander"""",""""builder"""",""""blender"""",""""outsider"""",""""stander""""]""	""[{""""word"""":""""onlooker"""",""""note"""":""""「見物人」という意味で近い""""}]""	[]"
501251	5	importer	輸入業者	a person or company that brings goods into a country	The importer bought coffee beans from Brazil.	その輸入業者はブラジルからコーヒー豆を買った。	noun	5	2	""[""""輸入業者"""",""""輸出業者"""",""""生産者"""",""""販売員"""",""""配達員""""]""	""[""""importer"""",""""exporter"""",""""producer"""",""""salesperson"""",""""deliveryman""""]""	""[""""importer"""",""""important"""",""""reporter"""",""""supporter"""",""""inventor""""]""	[]	""[{""""word"""":""""exporter"""",""""note"""":""""外国へ売る側""""}]"""
501252	5	buyer	買い手	a person who buys something	The buyer paid for the car in cash.	その買い手はその車を現金で払った。	noun	4	4	""[""""買い手"""",""""売り手"""",""""客"""",""""店員"""",""""配達員""""]""	""[""""buyer"""",""""seller"""",""""customer"""",""""clerk"""",""""deliveryman""""]""	""[""""buyer"""",""""fire"""",""""wire"""",""""tiger"""",""""player""""]""	""[{""""word"""":""""customer"""",""""note"""":""""店で買う人として近い""""}]""	""[{""""word"""":""""seller"""",""""note"""":""""売る人""""}]"""
501253	5	therapist	療法士	a person who helps people with mental or physical problems	She talked to a therapist about her stress.	彼女はストレスについて療法士に相談した。	noun	5	2	""[""""療法士"""",""""看護師"""",""""記者"""",""""店員"""",""""画家""""]""	""[""""therapist"""",""""nurse"""",""""reporter"""",""""clerk"""",""""painter""""]""	""[""""therapist"""",""""terrorist"""",""""theorist"""",""""tourist"""",""""specialist""""]""	""[{""""word"""":""""counselor"""",""""note"""":""""心の相談を受ける人に近い""""}]""	[]"
501254	5	spokesperson	広報担当者	a person who speaks for a group or company	The spokesperson answered questions from reporters.	その広報担当者は記者たちの質問に答えた。	noun	5	2	""[""""広報担当者"""",""""司会者"""",""""通訳"""",""""秘書"""",""""案内係""""]""	""[""""spokesperson"""",""""host"""",""""interpreter"""",""""secretary"""",""""guide""""]""	""[""""spokesperson"""",""""sportsperson"""",""""salesperson"""",""""snow person"""",""""smart person""""]""	[]	[]"
501255	5	conductor	車掌	a person who checks tickets on a train or bus	The conductor checked our tickets on the train.	車掌が電車の中で私たちの切符を確認した。	noun	5	3	""[""""車掌"""",""""運転手"""",""""駅員"""",""""乗客"""",""""配達員""""]""	""[""""conductor"""",""""driver"""",""""station clerk"""",""""passenger"""",""""delivery worker""""]""	""[""""conductor"""",""""constructor"""",""""collector"""",""""connector"""",""""computer""""]""	[]	[]"
501256	5	genius	天才	a very smart person with great ability	She is a genius at math.	彼女は数学の天才です。	noun	5	3	""[""""天才"""",""""秀才"""",""""努力家"""",""""発明家"""",""""芸術家""""]""	""[""""genius"""",""""student"""",""""artist"""",""""leader"""",""""inventor""""]""	""[""""genius"""",""""junior"""",""""jealous"""",""""general"""",""""gently""""]""	""[{""""word"""":""""talent"""",""""note"""":""""才能そのものを表すことが多い""""},{""""word"""":""""gifted person"""",""""note"""":""""能力が高い人""""}]""	[]"
501257	5	subjective	主観的な	based on personal feelings or opinions	His opinion was too subjective.	彼の意見は主観的すぎました。	adjective	7	2	""[""""主観的な"""",""""客観的な"""",""""個人的な"""",""""感情的な"""",""""一方的な""""]""	""[""""subjective"""",""""objective"""",""""personal"""",""""emotional"""",""""formal""""]""	""[""""subjective"""",""""suggestive"""",""""supportive"""",""""selective"""",""""attractive""""]""	""[{""""word"""":""""personal"""",""""note"""":""""個人の考えに基づく感じ""""},{""""word"""":""""biased"""",""""note"""":""""公平でない場合に使う""""}]""	""[{""""word"""":""""objective"""",""""note"""":""""事実に基づく""""}]"""
501258	5	talk into	その気にさせる	to persuade someone to do something	She talked me into joining the club.	彼女は私をその気にさせてクラブに入らせた。	verb	6	2	""[""""その気にさせる"""",""""断る"""",""""あきらめる"""",""""命令する"""",""""助ける""""]""	""[""""talk into"""",""""refuse"""",""""give up"""",""""order"""",""""help""""]""	""[""""talk into"""",""""walk into"""",""""talk over"""",""""take in"""",""""turn into""""]""	""[{""""word"""":""""persuade"""",""""note"""":""""より一般的な語""""},{""""word"""":""""convince"""",""""note"""":""""納得させる感じが強い""""}]""	""[{""""word"""":""""discourage"""",""""note"""":""""やる気をなくさせる""""}]"""
501259	5	be convinced of	確信している	to strongly believe that something is true	I am convinced of his honesty.	私は彼の正直さを確信している。	verb	5	2	""[""""確信している"""",""""反対している"""",""""心配している"""",""""満足している"""",""""驚いている""""]""	""[""""be convinced of"""",""""be against"""",""""worry about"""",""""be pleased with"""",""""be surprised at""""]""	""[""""be convinced of"""",""""be careful of"""",""""be proud of"""",""""be aware of"""",""""be tired of""""]""	""[{""""word"""":""""be sure of"""",""""note"""":""""より基本的な表現""""}]""	""[{""""word"""":""""doubt"""",""""note"""":""""確信せず疑う""""}]"""
501260	5	telecommunication	電気通信	communication over a long distance by phone or internet	Telecommunication is important in modern life.	電気通信は現代生活で重要です。	noun	5	2	""[""""電気通信"""",""""交通"""",""""教育"""",""""農業"""",""""観光""""]""	""[""""telecommunication"""",""""transportation"""",""""education"""",""""agriculture"""",""""tourism""""]""	""[""""telecommunication"""",""""transportation"""",""""communication"""",""""television"""",""""celebration""""]""	""[{""""word"""":""""communication"""",""""note"""":""""より広い意味の語""""}]""	[]"
501261	5	idiom	慣用句	a group of words with a special meaning	This English idiom is hard to understand.	この英語の慣用句は理解するのが難しい。	noun	5	2	""[""""慣用句"""",""""文法"""",""""発音"""",""""つづり"""",""""会話""""]""	""[""""idiom"""",""""grammar"""",""""pronunciation"""",""""spelling"""",""""conversation""""]""	""[""""idiom"""",""""idea"""",""""item"""",""""medium"""",""""Indian""""]""	""[{""""word"""":""""expression"""",""""note"""":""""広い意味では表現""""}]""	[]"
501262	5	workout	運動	exercise done to keep your body healthy	I do a workout every morning.	私は毎朝運動をします。	noun	5	3	""[""""運動"""",""""休けい"""",""""食事"""",""""旅行"""",""""勉強""""]""	""[""""workout"""",""""exercise"""",""""practice"""",""""training"""",""""stretch""""]""	""[""""workout"""",""""worker"""",""""walkout"""",""""workshop"""",""""warm-up""""]""	""[{""""word"""":""""exercise"""",""""note"""":""""より一般的な語""""},{""""word"""":""""training"""",""""note"""":""""練習や体力づくりの意味でも使う""""}]""	[]"
501263	5	heap	山	a large pile of things	There was a heap of clothes on the chair.	いすの上に服の山がありました。	noun	5	2	""[""""山"""",""""列"""",""""箱"""",""""輪"""",""""面""""]""	""[""""heap"""",""""pile"""",""""stack"""",""""group"""",""""bundle""""]""	""[""""heap"""",""""hip"""",""""help"""",""""heat"""",""""keep""""]""	""[{""""word"""":""""pile"""",""""note"""":""""いちばん近い意味""""}]""	[]"
501264	5	stack	積み重ね	a pile of things placed one on another	She put the books in a neat stack.	彼女は本をきちんと積み重ねて置きました。	noun	5	3	""[""""積み重ね"""",""""山"""",""""列"""",""""束"""",""""箱""""]""	""[""""stack"""",""""pile"""",""""heap"""",""""row"""",""""bundle""""]""	""[""""stack"""",""""stick"""",""""stamp"""",""""slack"""",""""step""""]""	""[{""""word"""":""""pile"""",""""note"""":""""広く使う類義語""""},{""""word"""":""""heap"""",""""note"""":""""やや乱雑な山の感じ""""}]""	[]"
501265	5	capsule	カプセル	a small container for medicine	Take this capsule after dinner.	夕食後にこのカプセルを飲んでください。	noun	5	3	""[""""カプセル"""",""""錠剤"""",""""注射"""",""""包帯"""",""""薬局""""]""	""[""""capsule"""",""""tablet"""",""""injection"""",""""bandage"""",""""pharmacy""""]""	""[""""capsule"""",""""capture"""",""""castle"""",""""cancel"""",""""camel""""]""	[]	[]"
501266	5	compassion	思いやり	a feeling of kindness for someone in pain	She showed compassion to the sick dog.	彼女は病気の犬に思いやりを示した。	noun	6	3	""[""""思いやり"""",""""勇気"""",""""忍耐"""",""""誇り"""",""""好奇心""""]""	""[""""compassion"""",""""courage"""",""""patience"""",""""pride"""",""""curiosity""""]""	""[""""compassion"""",""""comparison"""",""""condition"""",""""completion"""",""""competition""""]""	""[{""""word"""":""""kindness"""",""""note"""":""""より広い意味の「親切」""""}]""	""[{""""word"""":""""cruelty"""",""""note"""":""""人へのやさしさがないこと""""}]"""
501267	5	workplace	職場	the place where someone works	My workplace is near the station.	私の職場は駅の近くです。	noun	4	4	""[""""職場"""",""""教室"""",""""工場"""",""""事務所"""",""""売り場""""]""	""[""""workplace"""",""""classroom"""",""""factory"""",""""office"""",""""store""""]""	""[""""workplace"""",""""workshop"""",""""wordplay"""",""""workman"""",""""birthday""""]""	""[{""""word"""":""""office"""",""""note"""":""""事務の仕事場を表すことが多い""""}]""	[]"
501268	5	setting	環境	the place or conditions where something happens	The story has a school setting.	その物語の舞台は学校です。	noun	5	3	""[""""環境"""",""""目的地"""",""""宿泊施設"""",""""場面"""",""""背景""""]""	""[""""setting"""",""""destination"""",""""background"""",""""scene"""",""""location""""]""	""[""""setting"""",""""sitting"""",""""saving"""",""""seeking"""",""""sending""""]""	""[{""""word"""":""""background"""",""""note"""":""""物事が起こる背景""""},{""""word"""":""""scene"""",""""note"""":""""場面という意味で近い""""}]""	[]"
501269	5	destination	目的地	the place where someone is going	Our destination is Osaka.	私たちの目的地は大阪です。	noun	5	3	""[""""目的地"""",""""出発地"""",""""経路"""",""""駅"""",""""港""""]""	""[""""destination"""",""""departure"""",""""route"""",""""station"""",""""harbor""""]""	""[""""destination"""",""""destruction"""",""""discussion"""",""""direction"""",""""decision""""]""	""[{""""word"""":""""goal"""",""""note"""":""""目指す場所・目標""""},{""""word"""":""""target"""",""""note"""":""""目標という意味で近い""""}]""	[]"
501270	5	accommodation	宿泊施設	a place to stay on a trip	We need accommodation for two nights.	私たちは2泊分の宿泊施設が必要です。	noun	6	2	""[""""宿泊施設"""",""""予約"""",""""旅行かばん"""",""""観光地"""",""""案内所""""]""	""[""""accommodation"""",""""reservation"""",""""suitcase"""",""""sightseeing spot"""",""""information desk""""]""	""[""""accommodation"""",""""communication"""",""""combination"""",""""recommendation"""",""""conversation""""]""	""[{""""word"""":""""lodging"""",""""note"""":""""やや一般的な言い換え""""},{""""word"""":""""hotel"""",""""note"""":""""宿泊する場所の一例""""}]""	[]"
501271	5	tactic	戦術	a planned way to achieve something	The team changed its tactic in the second half.	そのチームは後半に戦術を変えた。	noun	5	2	""[""""戦術"""",""""計画"""",""""方法"""",""""規則"""",""""結果""""]""	""[""""tactic"""",""""plan"""",""""method"""",""""rule"""",""""result""""]""	""[""""tactic"""",""""topic"""",""""traffic"""",""""talent"""",""""plastic""""]""	""[{""""word"""":""""strategy"""",""""note"""":""""より広い計画にも使う""""}]""	[]"
501272	5	allow for	考慮に入れる	to include something in your plans or thoughts	We must allow for bad weather.	悪天候を考慮に入れなければならない。	verb	5	2	""[""""考慮に入れる"""",""""取り消す"""",""""引き起こす"""",""""頼る"""",""""片づける""""]""	""[""""allow for"""",""""cancel"""",""""cause"""",""""depend on"""",""""put away""""]""	""[""""allow for"""",""""apply for"""",""""ask for"""",""""care for"""",""""wait for""""]""	""[{""""word"""":""""consider"""",""""note"""":""""より基本的な語""""}]""	[]"
501273	5	campaign	運動	an organized plan to achieve a goal	The school started a campaign to save water.	その学校は節水運動を始めた。	noun	5	3	""[""""運動"""",""""計画"""",""""会議"""",""""制度"""",""""経験""""]""	""[""""campaign"""",""""project"""",""""meeting"""",""""system"""",""""experience""""]""	""[""""campaign"""",""""captain"""",""""contain"""",""""complain"""",""""company""""]""	""[{""""word"""":""""movement"""",""""note"""":""""社会的な運動の意味で近い""""}]""	[]"
501274	5	arrangement	手配	plans made for something to happen	I made the arrangement for our trip.	私は旅行の手配をした。	noun	5	3	""[""""手配"""",""""予約"""",""""準備"""",""""計画"""",""""招待""""]""	""[""""arrangement"""",""""reservation"""",""""preparation"""",""""plan"""",""""invitation""""]""	""[""""arrangement"""",""""agreement"""",""""announcement"""",""""apartment"""",""""argument""""]""	""[{""""word"""":""""plan"""",""""note"""":""""広い意味で近い""""},{""""word"""":""""preparation"""",""""note"""":""""準備という点で近い""""}]""	[]"
501275	5	strategic	戦略的な	planned carefully to achieve something	This is a strategic decision for the company.	これはその会社にとって戦略的な決定です。	adjective	6	2	""[""""戦略的な"""",""""効果的な"""",""""現実的な"""",""""政治的な"""",""""基本的な""""]""	""[""""strategic"""",""""effective"""",""""practical"""",""""political"""",""""basic""""]""	""[""""strategic"""",""""specific"""",""""electric"""",""""dramatic"""",""""athletic""""]""	""[{""""word"""":""""planned"""",""""note"""":""""計画されたという意味で近い""""}]""	""[{""""word"""":""""careless"""",""""note"""":""""注意や計画がない""""}]"""
501276	5	deliberate	故意の	done on purpose, not by accident	His rude comment was deliberate.	彼の失礼な発言は故意のものだった。	adjective	5	2	""[""""故意の"""",""""偶然の"""",""""静かな"""",""""正直な"""",""""危険な""""]""	""[""""deliberate"""",""""accidental"""",""""silent"""",""""honest"""",""""dangerous""""]""	""[""""deliberate"""",""""desperate"""",""""decorate"""",""""deliver"""",""""separate""""]""	""[{""""word"""":""""intentional"""",""""note"""":""""よりはっきり「意図的な」""""}]""	""[{""""word"""":""""accidental"""",""""note"""":""""偶然の""""}]"""
501277	5	fertilizer	肥料	a substance that helps plants grow	My grandfather put fertilizer on the tomatoes.	祖父はトマトに肥料をやった。	noun	5	2	""[""""肥料"""",""""農薬"""",""""種"""",""""土"""",""""雑草""""]""	""[""""fertilizer"""",""""pesticide"""",""""seed"""",""""soil"""",""""weed""""]""	""[""""fertilizer"""",""""finalize"""",""""organizer"""",""""visitor"""",""""character""""]""	[]	[]"
501278	5	sow	種をまく	to put seeds into the ground	Farmers sow rice in spring.	農家の人々は春に米の種をまく。	verb	5	2	""[""""種をまく"""",""""刈り取る"""",""""育てる"""",""""植える"""",""""水をやる""""]""	""[""""sow"""",""""harvest"""",""""grow"""",""""plant"""",""""water""""]""	""[""""sow"""",""""show"""",""""so"""",""""snow"""",""""slow""""]""	""[{""""word"""":""""plant"""",""""note"""":""""より広く「植える」""""}]""	""[{""""word"""":""""harvest"""",""""note"""":""""収穫する""""}]"""
501279	5	scent	香り	a pleasant smell	The flowers gave off a sweet scent.	その花は甘い香りを放っていた。	noun	5	3	""[""""香り"""",""""味"""",""""音"""",""""色"""",""""形""""]""	""[""""scent"""",""""taste"""",""""sound"""",""""color"""",""""shape""""]""	""[""""scent"""",""""sent"""",""""sand"""",""""seat"""",""""cent""""]""	""[{""""word"""":""""smell"""",""""note"""":""""より広い意味で「におい」""""}]""	[]"
501280	5	standpoint	観点	a way of thinking about something	From my standpoint, the plan is too expensive.	私の観点では、その計画は高すぎる。	noun	6	2	""[""""観点"""",""""方法"""",""""理由"""",""""結果"""",""""意見""""]""	""[""""standpoint"""",""""method"""",""""reason"""",""""result"""",""""opinion""""]""	""[""""standpoint"""",""""standard"""",""""stamp"""",""""sandbag"""",""""standby""""]""	""[{""""word"""":""""viewpoint"""",""""note"""":""""ほぼ同じ意味""""},{""""word"""":""""point of view"""",""""note"""":""""やや説明的な表現""""}]""	[]"
501281	5	toxic	有毒な	poisonous and harmful	Some plants are toxic to animals.	動物にとって有毒な植物もある。	adjective	5	3	""[""""有毒な"""",""""安全な"""",""""柔らかい"""",""""静かな"""",""""明るい""""]""	""[""""toxic"""",""""safe"""",""""soft"""",""""quiet"""",""""bright""""]""	""[""""toxic"""",""""topic"""",""""tonic"""",""""comic"""",""""traffic""""]""	""[{""""word"""":""""poisonous"""",""""note"""":""""より直接的に「毒のある」""""}]""	""[{""""word"""":""""safe"""",""""note"""":""""害がなく安全な""""}]"""
501282	5	propaganda	宣伝	information used to influence people's opinions	The poster was used as propaganda during the war.	そのポスターは戦争中に宣伝として使われた。	noun	5	2	""[""""宣伝"""",""""報道"""",""""うわさ"""",""""広告"""",""""調査""""]""	""[""""propaganda"""",""""broadcast"""",""""rumor"""",""""advertisement"""",""""research""""]""	""[""""propaganda"""",""""proper"""",""""program"""",""""property"""",""""promise""""]""	""[{""""word"""":""""publicity"""",""""note"""":""""広く知らせること。中立的な場合もある""""}]""	[]"
501283	5	acid rain	酸性雨	rain made harmful by pollution in the air	Acid rain can damage trees and lakes.	酸性雨は木や湖に被害を与えることがある。	noun	5	2	""[""""酸性雨"""",""""大気汚染"""",""""地震"""",""""洪水"""",""""干ばつ""""]""	""[""""acid rain"""",""""air pollution"""",""""earthquake"""",""""flood"""",""""drought""""]""	""[""""acid rain"""",""""active brain"""",""""apple train"""",""""autumn rain"""",""""icy road""""]""	[]	[]"
501284	5	slum	貧民街	a very poor area of a city	Many families lived in a slum near the factory.	多くの家族が工場の近くの貧民街に住んでいた。	noun	5	2	""[""""貧民街"""",""""住宅地"""",""""商店街"""",""""工業地帯"""",""""農村""""]""	""[""""slum"""",""""suburb"""",""""downtown"""",""""industrial area"""",""""village""""]""	""[""""slum"""",""""slim"""",""""slam"""",""""sum"""",""""sun""""]""	[]	[]"
501285	5	burst	破裂する	to break open suddenly	The balloon may burst in the sun.	その風船は日なたで破裂するかもしれない。	verb	5	3	""[""""破裂する"""",""""曲がる"""",""""落ちる"""",""""隠れる"""",""""運ぶ""""]""	""[""""burst"""",""""bend"""",""""drop"""",""""hide"""",""""carry""""]""	""[""""burst"""",""""first"""",""""burn"""",""""best"""",""""bird""""]""	""[{""""word"""":""""explode"""",""""note"""":""""より強く爆発する感じ""""}]""	[]"
501286	5	column	欄	a vertical part of a page or table	Write your name in the first column.	最初の欄にあなたの名前を書きなさい。	noun	5	2	""[""""欄"""",""""行"""",""""表紙"""",""""段落"""",""""題名""""]""	""[""""column"""",""""row"""",""""cover"""",""""paragraph"""",""""title""""]""	""[""""column"""",""""color"""",""""common"""",""""corner"""",""""collar""""]""	[]	[]"
501287	5	authority	当局	the people or group with official power	The local authority closed the road.	地元当局はその道路を閉鎖した。	noun	5	2	""[""""当局"""",""""市民"""",""""観光客"""",""""乗客"""",""""店員""""]""	""[""""authority"""",""""citizen"""",""""tourist"""",""""passenger"""",""""clerk""""]""	""[""""authority"""",""""author"""",""""autumn"""",""""already"""",""""ordinary""""]""	""[{""""word"""":""""government"""",""""note"""":""""より広く政府全体を指すことが多い""""}]""	[]"
501288	5	capability	能力	the power or skill to do something	She has the capability to lead the team.	彼女にはそのチームを率いる能力がある。	noun	5	3	""[""""能力"""",""""経験"""",""""努力"""",""""方法"""",""""責任""""]""	""[""""capability"""",""""experience"""",""""effort"""",""""method"""",""""responsibility""""]""	""[""""capability"""",""""possibility"""",""""community"""",""""activity"""",""""ability""""]""	""[{""""word"""":""""ability"""",""""note"""":""""より基本的な語""""},{""""word"""":""""skill"""",""""note"""":""""特に技術やうまさ""""}]""	[]"
501289	5	veto	拒否権	the right to stop a plan or decision	The president used his veto on the bill.	大統領はその法案に拒否権を使った。	noun	5	2	""[""""拒否権"""",""""投票"""",""""提案"""",""""法律"""",""""意見""""]""	""[""""veto"""",""""vote"""",""""proposal"""",""""law"""",""""opinion""""]""	""[""""veto"""",""""video"""",""""vital"""",""""metal"""",""""visitor""""]""	[]	[]"
501290	5	congratulate on	～を祝う	to tell someone you are happy about their success or good news	I want to congratulate you on your success.	私はあなたの成功を祝いたいです。	verb	4	2	""[""""～を祝う"""",""""～を招待する"""",""""～に感謝する"""",""""～を応援する"""",""""～を手伝う""""]""	""[""""congratulate on"""",""""invite"""",""""thank"""",""""support"""",""""help""""]""	""[""""congratulate on"""",""""concentrate on"""",""""communicate"""",""""calculate"""",""""celebrate""""]""	""[{""""word"""":""""celebrate"""",""""note"""":""""祝う一般的な語""""},{""""word"""":""""praise"""",""""note"""":""""ほめる意味が強い""""}]""	[]"
501291	5	speak well of	〜をほめる	to say good things about someone or something	People speak well of her kindness.	人々は彼女の親切さをほめる。	verb	5	2	""[""""〜をほめる"""",""""〜を疑う"""",""""〜を無視する"""",""""〜をまねる"""",""""〜を訪ねる""""]""	""[""""speak well of"""",""""doubt"""",""""ignore"""",""""copy"""",""""visit""""]""	""[""""speak well of"""",""""speak of"""",""""spell off"""",""""speak up"""",""""stay off""""]""	""[{""""word"""":""""praise"""",""""note"""":""""より一般的な「ほめる」""""},{""""word"""":""""compliment"""",""""note"""":""""人を言葉でほめるときによく使う""""}]""	""[{""""word"""":""""criticize"""",""""note"""":""""批判する""""},{""""word"""":""""speak ill of"""",""""note"""":""""悪く言う""""}]"""
501292	5	worship	崇拝する	to love and honor a god very much	They worship at the old temple.	彼らはその古い寺で礼拝する。	verb	5	3	""[""""崇拝する"""",""""拒否する"""",""""発明する"""",""""修理する"""",""""共有する""""]""	""[""""worship"""",""""refuse"""",""""invent"""",""""repair"""",""""share""""]""	""[""""worship"""",""""warship"""",""""worker"""",""""worse"""",""""warm-up""""]""	""[{""""word"""":""""adore"""",""""note"""":""""強く愛し敬う""""}]""	[]"
501293	5	would rather	むしろ〜したい	to prefer one thing or action	I would rather stay home tonight.	私は今夜はむしろ家にいたい。	verb	5	3	""[""""むしろ〜したい"""",""""〜するべきだ"""",""""〜できる"""",""""〜しなければならない"""",""""〜するつもりだ""""]""	""[""""would rather"""",""""should"""",""""can"""",""""must"""",""""be going to""""]""	""[""""would rather"""",""""would gather"""",""""good weather"""",""""would matter"""",""""wood ladder""""]""	""[{""""word"""":""""prefer to"""",""""note"""":""""意味が近い表現""""}]""	[]"
501294	5	would rather	むしろ～したい	to prefer one thing or action over another	I would rather stay home tonight.	私は今夜はむしろ家にいたい。	auxiliary	5	3	""[""""むしろ～したい"""",""""～しなければならない"""",""""～することができる"""",""""～するつもりだ"""",""""～したことがある""""]""	""[""""would rather"""",""""have to"""",""""can"""",""""be going to"""",""""have ever""""]""	""[""""would rather"""",""""would like"""",""""would know"""",""""would call"""",""""would wait""""]""	""[{""""word"""":""""prefer to"""",""""note"""":""""意味が近いが形が少し違う""""}]""	[]"
501295	5	be ready to	～する準備ができている	to be prepared to do something	We are ready to start the game.	私たちは試合を始める準備ができている。	verb	4	3	""[""""～する準備ができている"""",""""～したいと思う"""",""""～しなければならない"""",""""～することをやめる"""",""""～するのを忘れる""""]""	""[""""be ready to"""",""""want to"""",""""have to"""",""""stop"""",""""forget to""""]""	""[""""be ready to"""",""""be easy to"""",""""be happy to"""",""""be sorry to"""",""""be able to""""]""	""[{""""word"""":""""be prepared to"""",""""note"""":""""ややかたい言い方""""}]""	[]"
501296	5	crush	押しつぶす	to press something so hard that it breaks or becomes flat	Do not crush the paper cup.	紙コップを押しつぶさないで。	verb	5	3	""[""""押しつぶす"""",""""切り開く"""",""""持ち上げる"""",""""投げる"""",""""洗う""""]""	""[""""crush"""",""""cut"""",""""lift"""",""""throw"""",""""wash""""]""	""[""""crush"""",""""crash"""",""""cross"""",""""brush"""",""""crisp""""]""	""[{""""word"""":""""press"""",""""note"""":""""強く押すときに近い""""}]""	[]"
501297	5	make-believe	ふりをすること	pretending that something is real	The children played a game of make-believe.	その子どもたちはごっこ遊びをした。	noun	5	2	""[""""ふりをすること"""",""""約束"""",""""習慣"""",""""経験"""",""""冗談""""]""	""[""""make-believe"""",""""promise"""",""""habit"""",""""experience"""",""""joke""""]""	""[""""make-believe"""",""""makeup"""",""""memory"""",""""maybe"""",""""mainly""""]""	""[{""""word"""":""""pretend"""",""""note"""":""""動詞では「ふりをする」""""}]""	""[{""""word"""":""""reality"""",""""note"""":""""空想ではなく現実""""}]"""
501298	5	fairly	かなり	to a moderate degree	The test was fairly easy.	そのテストはかなりやさしかった。	adverb	4	3	""[""""かなり"""",""""完全に"""",""""たぶん"""",""""すぐに"""",""""めったに〜ない""""]""	""[""""fairly"""",""""completely"""",""""probably"""",""""soon"""",""""seldom""""]""	""[""""fairly"""",""""freely"""",""""firmly"""",""""early"""",""""really""""]""	""[{""""word"""":""""quite"""",""""note"""":""""かなり、わりに""""},{""""word"""":""""rather"""",""""note"""":""""ややかたいが近い意味""""}]""	[]"
501299	5	stop A from B-ing	AがBするのを止める	to prevent someone from doing something	His mother stopped him from going out.	彼の母親は彼が外出するのを止めた。	verb	5	3	""[""""AがBするのを止める"""",""""AにBを頼む"""",""""AにBを教える"""",""""AにBを許す"""",""""AにBを見せる""""]""	""[""""stop A from B-ing"""",""""ask A to B"""",""""teach A to B"""",""""allow A to B"""",""""show A B""""]""	""[""""stop A from B-ing"""",""""start to begin"""",""""stay with me"""",""""speak to him"""",""""stand by me""""]""	""[{""""word"""":""""prevent A from B-ing"""",""""note"""":""""よりややかたい表現""""}]""	""[{""""word"""":""""allow A to B"""",""""note"""":""""AがBするのを許す""""}]"""
501300	5	stop A from B	AがBするのを止める	to prevent someone or something from doing something	The police stopped him from entering the building.	警察は彼がその建物に入るのを止めた。	verb	5	3	""[""""AがBするのを止める"""",""""AにBを頼む"""",""""AにBを許す"""",""""AにBを教える"""",""""AにBを手伝う""""]""	""[""""stop A from B"""",""""ask A to B"""",""""allow A to B"""",""""teach A to B"""",""""help A to B""""]""	""[""""stop A from B"""",""""step away from"""",""""stay away from"""",""""start with"""",""""stop by""""]""	""[{""""word"""":""""prevent A from B"""",""""note"""":""""よりややかたい表現""""}]""	""[{""""word"""":""""allow A to B"""",""""note"""":""""AがBするのを許す""""}]"""
501301	5	inflation	インフレ	a rise in prices over time	Inflation made food more expensive this year.	インフレで今年は食べ物がより高くなった。	noun	5	3	""[""""インフレ"""",""""失業"""",""""景気"""",""""税金"""",""""貿易""""]""	""[""""inflation"""",""""unemployment"""",""""economy"""",""""tax"""",""""trade""""]""	""[""""inflation"""",""""information"""",""""invitation"""",""""education"""",""""station""""]""	""[{""""word"""":""""price rise"""",""""note"""":""""意味をやさしく言った表現""""}]""	""[{""""word"""":""""deflation"""",""""note"""":""""物価が下がること""""}]"""
501302	5	trophy	トロフィー	a prize given to the winner	She won a trophy in the tennis match.	彼女はそのテニスの試合でトロフィーを獲得した。	noun	4	3	""[""""トロフィー"""",""""メダル"""",""""賞状"""",""""賞金"""",""""記録""""]""	""[""""trophy"""",""""medal"""",""""certificate"""",""""prize"""",""""record""""]""	""[""""trophy"""",""""coffee"""",""""copy"""",""""travel"""",""""trouble""""]""	""[{""""word"""":""""prize"""",""""note"""":""""より広い意味の賞""""}]""	[]"
501303	5	yield	生み出す	to produce or provide something	Hard work can yield good results.	努力はよい結果を生み出すことがある。	verb	5	3	""[""""生み出す"""",""""失う"""",""""集める"""",""""隠す"""",""""止める""""]""	""[""""yield"""",""""lose"""",""""gather"""",""""hide"""",""""stop""""]""	""[""""yield"""",""""build"""",""""field"""",""""year"""",""""yell""""]""	""[{""""word"""":""""produce"""",""""note"""":""""より一般的な語""""},{""""word"""":""""create"""",""""note"""":""""新しく作る意味が強い""""}]""	""[{""""word"""":""""lose"""",""""note"""":""""得る・生み出すの反対に近い""""}]"""
501304	5	commitment	責任	a promise to do something or a duty	She showed strong commitment to her job.	彼女は仕事に強い責任感を示した。	noun	5	3	""[""""責任"""",""""自由"""",""""方法"""",""""意見"""",""""秘密""""]""	""[""""commitment"""",""""freedom"""",""""method"""",""""opinion"""",""""secret""""]""	""[""""commitment"""",""""comment"""",""""government"""",""""movement"""",""""moment""""]""	""[{""""word"""":""""duty"""",""""note"""":""""果たすべき役目""""},{""""word"""":""""responsibility"""",""""note"""":""""責任という意味で近い""""}]""	[]"
501305	5	oath	誓い	a serious promise	He took an oath to tell the truth.	彼は真実を話すと誓った。	noun	5	2	""[""""誓い"""",""""許可"""",""""習慣"""",""""提案"""",""""合図""""]""	""[""""oath"""",""""permission"""",""""habit"""",""""suggestion"""",""""signal""""]""	""[""""oath"""",""""both"""",""""author"""",""""off"""",""""earth""""]""	""[{""""word"""":""""promise"""",""""note"""":""""より一般的な語""""},{""""word"""":""""vow"""",""""note"""":""""かたい誓い""""}]""	[]"
501306	5	assure	保証する	to tell someone confidently that something is true	I assure you that the plan is safe.	その計画は安全だと私はあなたに保証します。	verb	5	3	""[""""保証する"""",""""確認する"""",""""提案する"""",""""説明する"""",""""拒否する""""]""	""[""""assure"""",""""confirm"""",""""suggest"""",""""explain"""",""""refuse""""]""	""[""""assure"""",""""ensure"""",""""answer"""",""""ashore"""",""""issue""""]""	""[{""""word"""":""""guarantee"""",""""note"""":""""より強く結果を約束する語""""},{""""word"""":""""promise"""",""""note"""":""""約束する意味で近い""""}]""	[]"
501307	5	engagement	婚約	an agreement to marry someone	They announced their engagement last week.	彼らは先週、婚約を発表しました。	noun	5	2	""[""""婚約"""",""""結婚"""",""""離婚"""",""""約束"""",""""紹介""""]""	""[""""engagement"""",""""marriage"""",""""divorce"""",""""promise"""",""""introduction""""]""	""[""""engagement"""",""""encouragement"""",""""arrangement"""",""""agreement"""",""""environment""""]""	[]	[]"
501308	5	assurance	保証	a promise that something is true or will happen	We need assurance that the product is safe.	私たちはその製品が安全だという保証が必要です。	noun	5	2	""[""""保証"""",""""確認"""",""""提案"""",""""説明"""",""""拒否""""]""	""[""""assurance"""",""""confirmation"""",""""suggestion"""",""""explanation"""",""""refusal""""]""	""[""""assurance"""",""""insurance"""",""""appearance"""",""""attendance"""",""""importance""""]""	""[{""""word"""":""""guarantee"""",""""note"""":""""より強い保証を表すことが多い""""}]""	[]"
501309	5	advertising	広告	the activity of telling people about a product or service	Advertising is important for many companies.	広告は多くの会社にとって重要です。	noun	5	3	""[""""広告"""",""""販売"""",""""配達"""",""""予約"""",""""輸出""""]""	""[""""advertising"""",""""delivery"""",""""booking"""",""""export"""",""""sales""""]""	""[""""advertising"""",""""advising"""",""""advertisement"""",""""advertise"""",""""adventure""""]""	""[{""""word"""":""""promotion"""",""""note"""":""""商品を広めること""""}]""	[]"
501310	5	shield	守る	to protect someone or something from danger or harm	Trees shield the house from strong winds.	木々が強い風からその家を守ります。	verb	5	2	""[""""守る"""",""""支える"""",""""運ぶ"""",""""隠す"""",""""集める""""]""	""[""""shield"""",""""support"""",""""carry"""",""""hide"""",""""gather""""]""	""[""""shield"""",""""field"""",""""child"""",""""shirt"""",""""ship""""]""	""[{""""word"""":""""protect"""",""""note"""":""""より一般的な語""""}]""	""[{""""word"""":""""expose"""",""""note"""":""""危険にさらす""""}]"""
501311	5	insure	保険をかける	to protect something by insurance	They insure their car every year.	彼らは毎年自分たちの車に保険をかけます。	verb	5	2	""[""""保険をかける"""",""""修理する"""",""""借りる"""",""""点検する"""",""""運転する""""]""	""[""""insure"""",""""repair"""",""""borrow"""",""""check"""",""""drive""""]""	""[""""insure"""",""""ensure"""",""""injure"""",""""inside"""",""""install""""]""	[]	[]"
501312	5	cater	応じる	to provide what is needed or wanted	The hotel can cater to many guests.	そのホテルは多くの宿泊客の要望に応じることができます。	verb	5	2	""[""""応じる"""",""""断る"""",""""集める"""",""""比べる"""",""""隠す""""]""	""[""""cater"""",""""refuse"""",""""gather"""",""""compare"""",""""hide""""]""	""[""""cater"""",""""later"""",""""center"""",""""color"""",""""corner""""]""	""[{""""word"""":""""serve"""",""""note"""":""""必要なものを提供する意味で近い""""}]""	""[{""""word"""":""""refuse"""",""""note"""":""""求めに応じない""""}]"""
501313	5	controversy	論争	a public disagreement about something	The plan caused a lot of controversy.	その計画は多くの論争を引き起こした。	noun	5	2	""[""""論争"""",""""提案"""",""""結果"""",""""習慣"""",""""景色""""]""	""[""""controversy"""",""""proposal"""",""""result"""",""""custom"""",""""scenery""""]""	""[""""controversy"""",""""conversation"""",""""control"""",""""contrary"""",""""country""""]""	""[{""""word"""":""""argument"""",""""note"""":""""口論や議論の意味で近い""""}]""	""[{""""word"""":""""agreement"""",""""note"""":""""意見が一致すること""""}]"""
501314	5	announcement	発表	something said publicly to give information	We heard an announcement at the station.	私たちは駅でアナウンスを聞いた。	noun	4	3	""[""""発表"""",""""招待"""",""""質問"""",""""約束"""",""""選択""""]""	""[""""announcement"""",""""invitation"""",""""question"""",""""promise"""",""""choice""""]""	""[""""announcement"""",""""amount"""",""""apartment"""",""""agreement"""",""""movement""""]""	""[{""""word"""":""""notice"""",""""note"""":""""知らせとして近い""""}]""	[]"
501315	5	bulletin	掲示	an official notice or short news report	The school put a bulletin on the wall.	学校は壁に掲示を出した。	noun	5	3	""[""""掲示"""",""""広告"""",""""報道"""",""""通知"""",""""案内""""]""	""[""""bulletin"""",""""notice"""",""""report"""",""""poster"""",""""message""""]""	""[""""bulletin"""",""""building"""",""""button"""",""""bottom"""",""""bottle""""]""	""[{""""word"""":""""notice"""",""""note"""":""""短い知らせとして近い""""}]""	[]"
501316	5	publicity	宣伝	public attention used to promote something	The movie got a lot of publicity.	その映画はたくさんの宣伝を受けた。	noun	5	3	""[""""宣伝"""",""""報道"""",""""人気"""",""""評判"""",""""広告""""]""	""[""""publicity"""",""""advertising"""",""""attention"""",""""reputation"""",""""campaign""""]""	""[""""publicity"""",""""publisher"""",""""public"""",""""policy"""",""""popular""""]""	""[{""""word"""":""""promotion"""",""""note"""":""""売り出すための宣伝""""},{""""word"""":""""advertising"""",""""note"""":""""広告活動として近い""""}]""	[]"
501317	5	tow	引く	to pull a vehicle with another vehicle	A truck came to tow the car.	トラックがその車を引きに来た。	verb	5	2	""[""""引く"""",""""押す"""",""""運ぶ"""",""""止める"""",""""直す""""]""	""[""""tow"""",""""push"""",""""carry"""",""""stop"""",""""repair""""]""	""[""""tow"""",""""toe"""",""""tall"""",""""top"""",""""took""""]""	""[{""""word"""":""""pull"""",""""note"""":""""一般的に引く""""}]""	""[{""""word"""":""""push"""",""""note"""":""""反対に押す""""}]"""
501318	5	extract	取り出す	to take something out	The dentist will extract the bad tooth.	歯医者は悪い歯を取り出します。	verb	5	3	""[""""取り出す"""",""""押す"""",""""運ぶ"""",""""隠す"""",""""壊す""""]""	""[""""extract"""",""""push"""",""""carry"""",""""hide"""",""""break""""]""	""[""""extract"""",""""expect"""",""""excite"""",""""exact"""",""""extend""""]""	""[{""""word"""":""""remove"""",""""note"""":""""より一般的な『取り除く』""""}]""	""[{""""word"""":""""insert"""",""""note"""":""""中に入れる""""}]"""
501319	5	drag	引きずる	to pull something with effort	He had to drag the heavy box.	彼は重い箱を引きずらなければなりませんでした。	verb	4	4	""[""""引きずる"""",""""押す"""",""""持ち上げる"""",""""投げる"""",""""運ぶ""""]""	""[""""drag"""",""""push"""",""""lift"""",""""throw"""",""""carry""""]""	""[""""drag"""",""""drum"""",""""drop"""",""""dress"""",""""drive""""]""	""[{""""word"""":""""pull"""",""""note"""":""""drag は地面をこする感じがある""""}]""	""[{""""word"""":""""push"""",""""note"""":""""引くの反対で『押す』""""}]"""
501320	5	intent	決意した	showing strong attention or purpose	She was intent on winning the game.	彼女はその試合に勝つことを強く決意していました。	adjective	5	2	""[""""決意した"""",""""退屈した"""",""""驚いた"""",""""疲れた"""",""""心配した""""]""	""[""""intent"""",""""bored"""",""""surprised"""",""""tired"""",""""worried""""]""	""[""""intent"""",""""invent"""",""""invite"""",""""inside"""",""""indeed""""]""	""[{""""word"""":""""determined"""",""""note"""":""""目標に向かって強い気持ちがある""""}]""	""[{""""word"""":""""uncertain"""",""""note"""":""""はっきり決めていない""""}]"""
501321	5	boost	高める	to help something increase or improve	Good sleep can boost your energy.	十分な睡眠はあなたの元気を高めることができる。	verb	5	3	""[""""高める"""",""""下げる"""",""""守る"""",""""集める"""",""""比べる""""]""	""[""""boost"""",""""lower"""",""""protect"""",""""collect"""",""""compare""""]""	""[""""boost"""",""""boast"""",""""boat"""",""""best"""",""""burst""""]""	""[{""""word"""":""""increase"""",""""note"""":""""より一般的な語""""},{""""word"""":""""improve"""",""""note"""":""""良くする意味で近い""""}]""	""[{""""word"""":""""reduce"""",""""note"""":""""減らす""""},{""""word"""":""""lower"""",""""note"""":""""下げる""""}]"""
501322	5	thrust	押し込む	to push something strongly	He thrust the box under the bed.	彼はその箱をベッドの下に押し込んだ。	verb	6	2	""[""""押し込む"""",""""引き出す"""",""""運ぶ"""",""""隠す"""",""""洗う""""]""	""[""""thrust"""",""""pull"""",""""carry"""",""""hide"""",""""wash""""]""	""[""""thrust"""",""""trust"""",""""thread"""",""""throw"""",""""burst""""]""	""[{""""word"""":""""push"""",""""note"""":""""より基本的な語""""}]""	""[{""""word"""":""""pull"""",""""note"""":""""引く""""}]"""
501323	5	situate	位置づける	to put something in a particular place	The hotel is situated near the station.	そのホテルは駅の近くに位置している。	verb	6	2	""[""""位置づける"""",""""移動する"""",""""建てる"""",""""閉じる"""",""""選ぶ""""]""	""[""""situate"""",""""move"""",""""build"""",""""close"""",""""choose""""]""	""[""""situate"""",""""separate"""",""""celebrate"""",""""simulate"""",""""estimate""""]""	""[{""""word"""":""""place"""",""""note"""":""""ある場所に置く""""},{""""word"""":""""locate"""",""""note"""":""""位置を定める""""}]""	""[{""""word"""":""""move"""",""""note"""":""""別の場所へ動かす""""}]"""
501324	5	imprison	投獄する	to put someone in prison	The king tried to imprison his enemy.	王は敵を投獄しようとした。	verb	5	2	""[""""投獄する"""",""""救う"""",""""守る"""",""""追い出す"""",""""雇う""""]""	""[""""imprison"""",""""rescue"""",""""protect"""",""""expel"""",""""hire""""]""	""[""""imprison"""",""""improve"""",""""important"""",""""impress"""",""""in prison""""]""	""[{""""word"""":""""jail"""",""""note"""":""""より日常的な語""""}]""	""[{""""word"""":""""release"""",""""note"""":""""自由にする""""}]"""
501325	5	endanger	危険にさらす	to put someone or something in danger	Smoke can endanger your health.	煙はあなたの健康を危険にさらすことがある。	verb	5	3	""[""""危険にさらす"""",""""改善する"""",""""支える"""",""""発見する"""",""""修理する""""]""	""[""""endanger"""",""""improve"""",""""support"""",""""discover"""",""""repair""""]""	""[""""endanger"""",""""engage"""",""""encourage"""",""""enjoy"""",""""enter""""]""	""[{""""word"""":""""risk"""",""""note"""":""""文脈によって近い""""}]""	""[{""""word"""":""""protect"""",""""note"""":""""守る""""}]"""
501326	5	deposit	預金する	to put money into a bank	I deposit some money every month.	私は毎月いくらかのお金を預金する。	verb	5	3	""[""""預金する"""",""""借りる"""",""""使う"""",""""集める"""",""""隠す""""]""	""[""""deposit"""",""""borrow"""",""""spend"""",""""collect"""",""""hide""""]""	""[""""deposit"""",""""depend"""",""""depart"""",""""desert"""",""""describe""""]""	""[{""""word"""":""""save"""",""""note"""":""""お金をためる意味で近い""""}]""	""[{""""word"""":""""withdraw"""",""""note"""":""""口座からお金を引き出す""""}]"""
501327	5	extinguish	消す	to stop a fire or light from burning	Please extinguish the campfire before you leave.	帰る前にたき火を消してください。	verb	5	2	""[""""消す"""",""""集める"""",""""壊す"""",""""運ぶ"""",""""隠す""""]""	""[""""extinguish"""",""""collect"""",""""destroy"""",""""carry"""",""""hide""""]""	""[""""extinguish"""",""""distinguish"""",""""astonish"""",""""exchange"""",""""establish""""]""	""[{""""word"""":""""put out"""",""""note"""":""""fire や light を消すときによく使う""""}]""	""[{""""word"""":""""light"""",""""note"""":""""火や明かりをつける""""}]"""
501328	5	furnish	備え付ける	to provide furniture or needed things	They will furnish the room with new chairs.	彼らはその部屋に新しいいすを備え付けるでしょう。	verb	5	2	""[""""備え付ける"""",""""片付ける"""",""""修理する"""",""""洗う"""",""""閉める""""]""	""[""""furnish"""",""""clean"""",""""repair"""",""""wash"""",""""close""""]""	""[""""furnish"""",""""finish"""",""""burnish"""",""""vanish"""",""""polish""""]""	""[{""""word"""":""""provide"""",""""note"""":""""より広い意味で「与える」""""}]""	""[{""""word"""":""""remove"""",""""note"""":""""取り除く""""}]"""
501329	5	burial	埋葬	the act of putting a dead body into the ground	The burial was held on a rainy day.	埋葬は雨の日に行われました。	noun	5	2	""[""""埋葬"""",""""誕生"""",""""結婚"""",""""旅行"""",""""到着""""]""	""[""""burial"""",""""birth"""",""""marriage"""",""""travel"""",""""arrival""""]""	""[""""burial"""",""""serial"""",""""cereal"""",""""barrier"""",""""burden""""]""	""[{""""word"""":""""funeral"""",""""note"""":""""葬式全体を指すことが多い""""}]""	[]"
501330	5	inquiry	問い合わせ	a question asking for information	We received an inquiry about the tour.	私たちはそのツアーについての問い合わせを受けました。	noun	5	3	""[""""問い合わせ"""",""""招待"""",""""提案"""",""""予約"""",""""配達""""]""	""[""""inquiry"""",""""invitation"""",""""suggestion"""",""""reservation"""",""""delivery""""]""	""[""""inquiry"""",""""injury"""",""""increase"""",""""entry"""",""""memory""""]""	""[{""""word"""":""""question"""",""""note"""":""""より広い意味の「質問」""""},{""""word"""":""""request"""",""""note"""":""""情報や助けを求めるときにも使う""""}]""	[]"
501331	5	wit	機知	the ability to say clever and funny things	Her wit made everyone laugh.	彼女の機知がみんなを笑わせた。	noun	6	2	""[""""機知"""",""""勇気"""",""""忍耐"""",""""誠実さ"""",""""好奇心""""]""	""[""""wit"""",""""courage"""",""""patience"""",""""honesty"""",""""curiosity""""]""	""[""""wit"""",""""wish"""",""""win"""",""""wet"""",""""wait""""]""	""[{""""word"""":""""humor"""",""""note"""":""""おかしさ全般。wit は気の利いたおもしろさ""""}]""	[]"
501332	5	glimpse	ちらりと見ること	a quick look at something	I caught a glimpse of the bird.	私はその鳥をちらりと見た。	noun	5	3	""[""""ちらりと見ること"""",""""長い観察"""",""""深い理解"""",""""大きな変化"""",""""静かな休み""""]""	""[""""glimpse"""",""""stare"""",""""understanding"""",""""change"""",""""rest""""]""	""[""""glimpse"""",""""glass"""",""""glove"""",""""grin"""",""""glad""""]""	""[{""""word"""":""""look"""",""""note"""":""""glimpse は「ちらっと見ること」""""},{""""word"""":""""peek"""",""""note"""":""""すばやくのぞく感じ""""}]""	[]"
501333	5	cite	引用する	to mention words or ideas from a book or person	Please cite your source in the report.	レポートで出典を引用してください。	verb	4	2	""[""""引用する"""",""""説明する"""",""""比較する"""",""""翻訳する"""",""""記録する""""]""	""[""""cite"""",""""explain"""",""""compare"""",""""translate"""",""""record""""]""	""[""""cite"""",""""site"""",""""side"""",""""sight"""",""""size""""]""	""[{""""word"""":""""quote"""",""""note"""":""""言葉をそのまま引くときによく使う""""}]""	[]"
501334	5	radar	レーダー	a system that finds things by using radio waves	The ship used radar in the fog.	その船は霧の中でレーダーを使った。	noun	3	3	""[""""レーダー"""",""""エンジン"""",""""ブレーキ"""",""""ハンドル"""",""""モーター""""]""	""[""""radar"""",""""engine"""",""""brake"""",""""handle"""",""""motor""""]""	""[""""radar"""",""""reader"""",""""rider"""",""""ladder"""",""""rather""""]""	[]	[]"
501335	5	upbringing	しつけ	the way a child is taught and raised	Her strict upbringing shaped her manners.	彼女の厳しいしつけが、彼女の礼儀作法を形作った。	noun	5	2	""[""""しつけ"""",""""教育"""",""""経験"""",""""習慣"""",""""性格""""]""	""[""""upbringing"""",""""education"""",""""experience"""",""""habit"""",""""character""""]""	""[""""upbringing"""",""""offspring"""",""""uplifting"""",""""beginning"""",""""spring""""]""	""[{""""word"""":""""raising"""",""""note"""":""""子どもを育てることという意味で近い""""}]""	[]"
501336	5	by chance	偶然に	without planning or meaning to	I met my teacher by chance at the station.	私は駅で偶然に先生に会った。	adverb	4	3	""[""""偶然に"""",""""静かに"""",""""突然"""",""""直接"""",""""すぐに""""]""	""[""""by chance"""",""""quietly"""",""""suddenly"""",""""directly"""",""""soon""""]""	""[""""by chance"""",""""my change"""",""""buy chains"""",""""bright dance"""",""""big chance""""]""	""[{""""word"""":""""accidentally"""",""""note"""":""""より1語で言う形""""}]""	""[{""""word"""":""""on purpose"""",""""note"""":""""わざと""""}]"""
501337	5	spectrum	範囲	a wide range of different things	The class includes a wide spectrum of opinions.	その授業には幅広い意見の範囲が含まれている。	noun	5	2	""[""""範囲"""",""""中心"""",""""結果"""",""""方法"""",""""表面""""]""	""[""""spectrum"""",""""center"""",""""result"""",""""method"""",""""surface""""]""	""[""""spectrum"""",""""section"""",""""special"""",""""system"""",""""shelter""""]""	""[{""""word"""":""""range"""",""""note"""":""""意味の幅という点で近い""""}]""	[]"
501338	5	exceptional	並外れた	much better than usual	She has exceptional musical talent.	彼女には並外れた音楽の才能がある。	adjective	5	2	""[""""並外れた"""",""""普通の"""",""""危険な"""",""""静かな"""",""""正直な""""]""	""[""""exceptional"""",""""ordinary"""",""""dangerous"""",""""quiet"""",""""honest""""]""	""[""""exceptional"""",""""acceptable"""",""""special"""",""""national"""",""""educational""""]""	""[{""""word"""":""""excellent"""",""""note"""":""""とてもすぐれた""""},{""""word"""":""""outstanding"""",""""note"""":""""特に目立ってすぐれた""""}]""	""[{""""word"""":""""ordinary"""",""""note"""":""""普通の""""},{""""word"""":""""common"""",""""note"""":""""ありふれた""""}]"""
501339	5	turnover	売上高	the total money from sales in a business	The store's turnover increased this year.	その店の売上高は今年増えた。	noun	5	2	""[""""売上高"""",""""利益"""",""""費用"""",""""給料"""",""""借金""""]""	""[""""turnover"""",""""profit"""",""""cost"""",""""salary"""",""""debt""""]""	""[""""turnover"""",""""turning"""",""""takeover"""",""""turning point"""",""""worker""""]""	[]	[]"
501340	5	productivity	生産性	the rate of making goods or doing work well	New machines improved productivity at the factory.	新しい機械でその工場の生産性が向上した。	noun	5	2	""[""""生産性"""",""""人気"""",""""安全性"""",""""可能性"""",""""必要性""""]""	""[""""productivity"""",""""popularity"""",""""safety"""",""""possibility"""",""""necessity""""]""	""[""""productivity"""",""""activity"""",""""creativity"""",""""protective"""",""""production""""]""	[]	[]"
501341	5	percentage	割合	an amount shown as part of 100	A high percentage of students passed the test.	高い割合の生徒がそのテストに合格した。	noun	5	3	""[""""割合"""",""""合計"""",""""平均"""",""""結果"""",""""数量""""]""	""[""""percentage"""",""""total"""",""""average"""",""""result"""",""""amount""""]""	""[""""percentage"""",""""presentage"""",""""parentage"""",""""percent"""",""""passage""""]""	""[{""""word"""":""""rate"""",""""note"""":""""文脈によっては「割合」""""}]""	[]"
501342	5	attain	達成する	to succeed in getting something after trying	She worked hard to attain her goal.	彼女は目標を達成するために一生懸命努力した。	verb	6	2	""[""""達成する"""",""""防ぐ"""",""""集める"""",""""選ぶ"""",""""支える""""]""	""[""""attain"""",""""prevent"""",""""collect"""",""""choose"""",""""support""""]""	""[""""attain"""",""""obtain"""",""""again"""",""""attack"""",""""awake""""]""	""[{""""word"""":""""reach"""",""""note"""":""""目標などに届く""""},{""""word"""":""""obtain"""",""""note"""":""""手に入れる意味が強い""""}]""	[]"
501343	5	achieve	達成する	to succeed in doing or getting something	You can achieve your dream with hard work.	一生懸命努力すれば夢を達成できる。	verb	5	4	""[""""達成する"""",""""失う"""",""""断る"""",""""隠す"""",""""借りる""""]""	""[""""achieve"""",""""lose"""",""""refuse"""",""""hide"""",""""borrow""""]""	""[""""achieve"""",""""active"""",""""agree"""",""""arrive"""",""""believe""""]""	""[{""""word"""":""""accomplish"""",""""note"""":""""ややかたいが近い意味""""},{""""word"""":""""reach"""",""""note"""":""""goal などに使える""""}]""	""[{""""word"""":""""fail"""",""""note"""":""""達成できない""""}]"""
501344	5	ripe	熟した	ready to eat because it has fully grown	These bananas are ripe now.	これらのバナナは今、熟しています。	adjective	5	3	""[""""熟した"""",""""甘い"""",""""新鮮な"""",""""固い"""",""""酸っぱい""""]""	""[""""ripe"""",""""sweet"""",""""fresh"""",""""hard"""",""""sour""""]""	""[""""ripe"""",""""right"""",""""rice"""",""""ride"""",""""life""""]""	""[{""""word"""":""""mature"""",""""note"""":""""ややかたい語。十分に成長した""""}]""	""[{""""word"""":""""green"""",""""note"""":""""果物がまだ熟していない""""}]"""
501345	5	willingness	やる気	the feeling of being ready to do something	Her willingness to help made us happy.	彼女の手伝おうとする気持ちは私たちをうれしくさせました。	noun	7	2	""[""""やる気"""",""""勇気"""",""""人気"""",""""努力"""",""""経験""""]""	""[""""willingness"""",""""courage"""",""""popularity"""",""""effort"""",""""experience""""]""	""[""""willingness"""",""""wildness"""",""""weakness"""",""""business"""",""""kindness""""]""	""[{""""word"""":""""readiness"""",""""note"""":""""すぐにする用意がある気持ち""""}]""	""[{""""word"""":""""unwillingness"""",""""note"""":""""したくない気持ち""""}]"""
501346	5	be prepared for	～に備えている	to be ready for something	We should be prepared for heavy rain.	私たちは大雨に備えているべきです。	verb	6	3	""[""""～に備えている"""",""""～を待っている"""",""""～を探している"""",""""～を恐れている"""",""""～に驚いている""""]""	""[""""be prepared for"""",""""wait for"""",""""look for"""",""""be afraid of"""",""""be surprised at""""]""	""[""""be prepared for"""",""""be careful of"""",""""be famous for"""",""""be ready for"""",""""be sorry for""""]""	""[{""""word"""":""""be ready for"""",""""note"""":""""ほぼ同じ意味の基本表現""""}]""	[]"
501347	5	concrete	具体的な	clear and real, not vague	Please give me a concrete example.	具体的な例を私に示してください。	adjective	5	3	""[""""具体的な"""",""""抽象的な"""",""""重要な"""",""""簡単な"""",""""正確な""""]""	""[""""concrete"""",""""abstract"""",""""important"""",""""simple"""",""""exact""""]""	""[""""concrete"""",""""complete"""",""""compete"""",""""connect"""",""""correct""""]""	""[{""""word"""":""""specific"""",""""note"""":""""よりはっきり限定された語""""},{""""word"""":""""clear"""",""""note"""":""""意味がわかりやすいときにも使う""""}]""	""[{""""word"""":""""abstract"""",""""note"""":""""抽象的な""""}]"""
501348	5	entity	存在	something that exists as a separate thing	The company became a separate legal entity.	その会社は独立した法的存在になった。	noun	6	2	""[""""存在"""",""""組織"""",""""制度"""",""""証拠"""",""""方法""""]""	""[""""entity"""",""""organization"""",""""system"""",""""evidence"""",""""method""""]""	""[""""entity"""",""""energy"""",""""entry"""",""""enemy"""",""""empty""""]""	[]	[]"
501349	5	authentic	本物の	real and not fake	This restaurant serves authentic Italian food.	このレストランは本物のイタリア料理を出す。	adjective	5	3	""[""""本物の"""",""""偽物の"""",""""有名な"""",""""伝統的な"""",""""高価な""""]""	""[""""authentic"""",""""fake"""",""""famous"""",""""traditional"""",""""expensive""""]""	""[""""authentic"""",""""authority"""",""""automatic"""",""""athletic"""",""""artistic""""]""	""[{""""word"""":""""genuine"""",""""note"""":""""偽物ではないという意味で近い""""},{""""word"""":""""real"""",""""note"""":""""最も基本的な類義語""""}]""	""[{""""word"""":""""fake"""",""""note"""":""""偽物の""""}]"""
501350	5	incentive	動機づけ	something that encourages a person to do something	Money can be a strong incentive to work hard.	お金は一生懸命働くための強い動機づけになり得る。	noun	5	2	""[""""動機づけ"""",""""努力"""",""""結果"""",""""方法"""",""""責任""""]""	""[""""incentive"""",""""effort"""",""""result"""",""""method"""",""""duty""""]""	""[""""incentive"""",""""intensive"""",""""inventive"""",""""incident"""",""""inside""""]""	""[{""""word"""":""""motivation"""",""""note"""":""""より一般的な「やる気・動機」""""}]""	""[{""""word"""":""""discouragement"""",""""note"""":""""やる気をなくさせるもの""""}]"""
501351	5	uprising	反乱	an act of fighting against a government or ruler	The people started an uprising against the king.	人々は王に対して反乱を起こした。	noun	5	2	""[""""反乱"""",""""平和"""",""""法律"""",""""会議"""",""""貿易""""]""	""[""""uprising"""",""""peace"""",""""law"""",""""meeting"""",""""trade""""]""	""[""""uprising"""",""""upset"""",""""upright"""",""""surprising"""",""""opening""""]""	""[{""""word"""":""""revolt"""",""""note"""":""""やや短く一般的な語""""}]""	[]"
501352	5	come into	手に入れる	to get something such as money or property	She came into a lot of money last year.	彼女は去年たくさんのお金を手に入れた。	verb	5	2	""[""""手に入れる"""",""""失う"""",""""借りる"""",""""送る"""",""""選ぶ""""]""	""[""""come into"""",""""lose"""",""""borrow"""",""""send"""",""""choose""""]""	""[""""come into"""",""""come over"""",""""come back"""",""""come from"""",""""come out""""]""	""[{""""word"""":""""obtain"""",""""note"""":""""ややかたい語""""}]""	""[{""""word"""":""""lose"""",""""note"""":""""手に入れる↔失う""""}]"""
501353	5	rust	さび	a red-brown substance on old iron or steel	The old bike was covered with rust.	その古い自転車はさびでおおわれていた。	noun	5	3	""[""""さび"""",""""ほこり"""",""""どろ"""",""""きず"""",""""よごれ""""]""	""[""""rust"""",""""dust"""",""""mud"""",""""scratch"""",""""stain""""]""	""[""""rust"""",""""rush"""",""""rest"""",""""roast"""",""""must""""]""	[]	[]"
501354	5	copper	銅	a red-brown metal used for wires and coins	This wire is made of copper.	この針金は銅でできている。	noun	5	3	""[""""銅"""",""""鉄"""",""""銀"""",""""金"""",""""鉛""""]""	""[""""copper"""",""""iron"""",""""silver"""",""""gold"""",""""lead""""]""	""[""""copper"""",""""proper"""",""""cover"""",""""corner"""",""""soccer""""]""	[]	[]"
501355	5	cut down	切り倒す	to make something fall by cutting it	They cut down the old tree.	彼らはその古い木を切り倒した。	verb	5	4	""[""""切り倒す"""",""""植える"""",""""運ぶ"""",""""持ち上げる"""",""""洗う""""]""	""[""""cut down"""",""""plant"""",""""carry"""",""""lift"""",""""wash""""]""	""[""""cut down"""",""""come down"""",""""put down"""",""""shut out"""",""""calm down""""]""	""[{""""word"""":""""chop down"""",""""note"""":""""木などを切り倒すときに使う""""}]""	""[{""""word"""":""""plant"""",""""note"""":""""木を植える""""}]"""
501356	5	umpire	審判	a person who judges a sports game	The umpire stopped the game for a moment.	その審判はしばらく試合を止めた。	noun	5	2	""[""""審判"""",""""選手"""",""""監督"""",""""観客"""",""""記者""""]""	""[""""umpire"""",""""player"""",""""coach"""",""""referee"""",""""captain""""]""	""[""""umpire"""",""""empire"""",""""inspire"""",""""upstairs"""",""""unfair""""]""	""[{""""word"""":""""referee"""",""""note"""":""""より広くスポーツの審判に使う""""}]""	[]"
501357	5	stubborn	頑固な	not willing to change your mind	He is too stubborn to say sorry.	彼は謝るには頑固すぎる。	adjective	5	3	""[""""頑固な"""",""""親切な"""",""""正直な"""",""""静かな"""",""""勇敢な""""]""	""[""""stubborn"""",""""kind"""",""""honest"""",""""quiet"""",""""brave""""]""	""[""""stubborn"""",""""student"""",""""sudden"""",""""southern"""",""""station""""]""	""[{""""word"""":""""hard-headed"""",""""note"""":""""ややくだけた言い方""""}]""	""[{""""word"""":""""flexible"""",""""note"""":""""考えを変えられる""""}]"""
501358	5	Europe	ヨーロッパ	the continent west of Asia	My aunt traveled around Europe last summer.	私のおばは去年の夏にヨーロッパを旅行した。	noun	4	4	""[""""ヨーロッパ"""",""""アジア"""",""""アフリカ"""",""""北アメリカ"""",""""南アメリカ""""]""	""[""""Europe"""",""""Asia"""",""""Africa"""",""""America"""",""""Australia""""]""	""[""""Europe"""",""""you up"""",""""yellow"""",""""unit"""",""""yogurt""""]""	[]	[]"
501359	5	thermal	熱の	related to heat	The jacket gives good thermal protection.	そのジャケットは優れた断熱効果がある。	adjective	5	2	""[""""熱の"""",""""電気の"""",""""化学の"""",""""自然の"""",""""医学の""""]""	""[""""thermal"""",""""electric"""",""""chemical"""",""""natural"""",""""medical""""]""	""[""""thermal"""",""""formal"""",""""normal"""",""""terminal"""",""""journal""""]""	[]	[]"
501360	5	technological	技術の	related to technology	Technological change is very fast today.	今日では技術の変化はとても速い。	adjective	6	3	""[""""技術の"""",""""文化の"""",""""歴史の"""",""""政治の"""",""""農業の""""]""	""[""""technological"""",""""cultural"""",""""historical"""",""""political"""",""""agricultural""""]""	""[""""technological"""",""""ecological"""",""""geological"""",""""logical"""",""""practical""""]""	[]	[]"
501361	5	environmental	環境の	related to the natural world	We discussed environmental problems in class.	私たちは授業で環境問題について話し合った。	adjective	5	4	""[""""環境の"""",""""経済の"""",""""社会の"""",""""個人の"""",""""国際の""""]""	""[""""environmental"""",""""economic"""",""""social"""",""""personal"""",""""international""""]""	""[""""environmental"""",""""experimental"""",""""governmental"""",""""fundamental"""",""""accidental""""]""	[]	[]"
501362	5	graphic	生々しい	very clear and shocking in detail	The movie showed a graphic scene of the accident.	その映画は事故の生々しい場面を映した。	adjective	5	3	""[""""生々しい"""",""""穏やかな"""",""""簡単な"""",""""正確な"""",""""伝統的な""""]""	""[""""graphic"""",""""calm"""",""""simple"""",""""exact"""",""""traditional""""]""	""[""""graphic"""",""""traffic"""",""""gravity"""",""""grant"""",""""grape""""]""	""[{""""word"""":""""vivid"""",""""note"""":""""はっきりした描写の意味で近い""""}]""	""[{""""word"""":""""vague"""",""""note"""":""""はっきりしない""""}]"""
501363	5	in connection with	〜に関連して	related to something	He spoke in connection with the school event.	彼は学校行事に関連して話した。	preposition	5	3	""[""""〜に関連して"""",""""〜の代わりに"""",""""〜の前に"""",""""〜のおかげで"""",""""〜から離れて""""]""	""[""""in connection with"""",""""instead of"""",""""before"""",""""thanks to"""",""""away from""""]""	""[""""in connection with"""",""""in comparison with"""",""""in condition for"""",""""in contact with"""",""""in control of""""]""	""[{""""word"""":""""related to"""",""""note"""":""""よりやさしい言い方""""}]""	[]"
501364	5	in proportion to	〜に比例して	changing at the same rate as something	The price rises in proportion to demand.	価格は需要に比例して上がる。	preposition	5	2	""[""""〜に比例して"""",""""〜とは別に"""",""""〜の代わりに"""",""""〜に反して"""",""""〜の近くで""""]""	""[""""in proportion to"""",""""apart from"""",""""instead of"""",""""against"""",""""near""""]""	""[""""in proportion to"""",""""in addition to"""",""""in relation to"""",""""in response to"""",""""in contrast to""""]""	""[{""""word"""":""""according to"""",""""note"""":""""文脈によって近いが意味は少し広い""""}]""	""[{""""word"""":""""regardless of"""",""""note"""":""""〜に関係なく""""}]"""
501365	5	make yourself at home	くつろいでください	used to tell someone to relax and feel comfortable	Please make yourself at home in our living room.	どうぞ私たちの居間でくつろいでください。	phrase	5	3	""[""""くつろいでください"""",""""急いでください"""",""""静かにしてください"""",""""手伝ってください"""",""""待ってください""""]""	""[""""make yourself at home"""",""""take your time"""",""""be quiet"""",""""help yourself"""",""""wait a minute""""]""	""[""""make yourself at home"""",""""make yourself known"""",""""take your time"""",""""wait at the door"""",""""stay in the room""""]""	""[{""""word"""":""""relax"""",""""note"""":""""意味が近い基本表現""""}]""	[]"
501366	5	at ease	くつろいで	feeling relaxed and comfortable	She felt at ease with her new classmates.	彼女は新しいクラスメートといてくつろいでいた。	adjective	5	3	""[""""くつろいで"""",""""緊張して"""",""""退屈して"""",""""怒って"""",""""驚いて""""]""	""[""""at ease"""",""""nervous"""",""""bored"""",""""angry"""",""""surprised""""]""	""[""""at ease"""",""""as is"""",""""at sea"""",""""easy"""",""""eat""""]""	""[{""""word"""":""""relaxed"""",""""note"""":""""より一般的な語""""}]""	""[{""""word"""":""""nervous"""",""""note"""":""""緊張している""""}]"""
501367	5	ritual	儀式	a set of actions done in the same way for a special reason	The wedding ritual was beautiful.	その結婚式の儀式は美しかった。	noun	5	2	""[""""儀式"""",""""習慣"""",""""約束"""",""""試合"""",""""旅行""""]""	""[""""ritual"""",""""custom"""",""""promise"""",""""match"""",""""trip""""]""	""[""""ritual"""",""""virtual"""",""""river"""",""""little"""",""""return""""]""	""[{""""word"""":""""ceremony"""",""""note"""":""""より一般的に使う""""}]""	[]"
501368	5	lease	賃貸契約	a contract to use a house, room, or land for money	They signed a lease for the apartment.	彼らはそのアパートの賃貸契約に署名した。	noun	5	3	""[""""賃貸契約"""",""""修理"""",""""引っ越し"""",""""家賃"""",""""家具""""]""	""[""""lease"""",""""repair"""",""""move"""",""""rent"""",""""furniture""""]""	""[""""lease"""",""""least"""",""""rice"""",""""peace"""",""""reach""""]""	""[{""""word"""":""""rental agreement"""",""""note"""":""""より説明的な言い方""""}]""	[]"
501369	5	tenant	借家人	a person who pays to live in a house or apartment	The tenant pays rent every month.	その借家人は毎月家賃を払う。	noun	5	3	""[""""借家人"""",""""家主"""",""""客"""",""""店員"""",""""隣人""""]""	""[""""tenant"""",""""owner"""",""""guest"""",""""clerk"""",""""neighbor""""]""	""[""""tenant"""",""""tennis"""",""""talent"""",""""ticket"""",""""tunnel""""]""	""[{""""word"""":""""renter"""",""""note"""":""""日常会話でよく使う""""}]""	""[{""""word"""":""""landlord"""",""""note"""":""""家を貸す側""""}]"""
501370	5	renovation	改装	the work of improving an old building or room	The kitchen is closed for renovation.	その台所は改装のため閉まっている。	noun	5	2	""[""""改装"""",""""建設"""",""""掃除"""",""""予約"""",""""配達""""]""	""[""""renovation"""",""""construction"""",""""cleaning"""",""""reservation"""",""""delivery""""]""	""[""""renovation"""",""""reservation"""",""""relation"""",""""recreation"""",""""reduction""""]""	""[{""""word"""":""""remodeling"""",""""note"""":""""形や中を変える改装""""}]""	[]"
501371	5	take the place of	〜に取って代わる	to replace someone or something	Computers may take the place of paper books in the future.	将来、コンピューターが紙の本に取って代わるかもしれない。	verb	5	3	""[""""〜に取って代わる"""",""""〜を支える"""",""""〜を修理する"""",""""〜を運ぶ"""",""""〜を集める""""]""	""[""""take the place of"""",""""support"""",""""repair"""",""""carry"""",""""collect""""]""	""[""""take the place of"""",""""take care of"""",""""take part in"""",""""take off"""",""""take out""""]""	""[{""""word"""":""""replace"""",""""note"""":""""より短く一般的な語""""}]""	[]"
501372	5	thesis	論文	a long piece of writing based on study	She is writing her thesis at the library.	彼女は図書館で論文を書いている。	noun	6	2	""[""""論文"""",""""小説"""",""""記事"""",""""手紙"""",""""日記""""]""	""[""""thesis"""",""""novel"""",""""article"""",""""letter"""",""""diary""""]""	""[""""thesis"""",""""thirty"""",""""theater"""",""""teacher"""",""""thirsty""""]""	[]	[]"
501373	5	esteem	尊敬する	to respect someone highly	Many students esteem their coach for his kindness.	多くの生徒は、その親切さゆえにコーチを尊敬している。	verb	6	2	""[""""尊敬する"""",""""無視する"""",""""疑う"""",""""助ける"""",""""招く""""]""	""[""""esteem"""",""""ignore"""",""""doubt"""",""""help"""",""""invite""""]""	""[""""esteem"""",""""steam"""",""""team"""",""""seem"""",""""stone""""]""	""[{""""word"""":""""respect"""",""""note"""":""""最も基本的な類義語""""}]""	""[{""""word"""":""""despise"""",""""note"""":""""強い反対語。軽蔑する""""}]"""
501374	5	be liable for	責任がある	to be legally responsible for something	The company may be liable for the damage.	その会社はその損害に責任があるかもしれない。	verb	5	2	""[""""責任がある"""",""""許可される"""",""""満足している"""",""""準備ができている"""",""""興味がある""""]""	""[""""be liable for"""",""""be allowed to"""",""""be satisfied with"""",""""be ready for"""",""""be interested in""""]""	""[""""be liable for"""",""""be reliable for"""",""""be likely for"""",""""be ready for"""",""""be sorry for""""]""	""[{""""word"""":""""be responsible for"""",""""note"""":""""より一般的な表現""""}]""	[]"
501375	5	be limited to	〜に限られる	to be only for a certain thing or group	The sale will be limited to members.	そのセールは会員に限られます。	verb	5	2	""[""""〜に限られる"""",""""〜に参加する"""",""""〜を含む"""",""""〜を変える"""",""""〜を広げる""""]""	""[""""be limited to"""",""""belong to"""",""""be made of"""",""""be known for"""",""""be filled with""""]""	""[""""be limited to"""",""""be related to"""",""""be invited to"""",""""be used to"""",""""be ready to""""]""	[]	""[{""""word"""":""""include"""",""""note"""":""""含める""""},{""""word"""":""""be open to"""",""""note"""":""""広く受け入れる""""}]"""
501376	5	pension	年金	money paid regularly to a person after retirement	My grandfather gets a pension every month.	私の祖父は毎月年金を受け取ります。	noun	5	3	""[""""年金"""",""""給料"""",""""賞金"""",""""家賃"""",""""運賃""""]""	""[""""pension"""",""""salary"""",""""prize"""",""""rent"""",""""fare""""]""	""[""""pension"""",""""mention"""",""""tension"""",""""lesson"""",""""patient""""]""	[]	[]"
501377	5	bring back	持ち帰る	to take something back to a place	Please bring back my book tomorrow.	明日、私の本を持ち帰ってきてください。	verb	5	3	""[""""持ち帰る"""",""""借りる"""",""""送る"""",""""見つける"""",""""売る""""]""	""[""""bring back"""",""""borrow"""",""""send"""",""""find"""",""""sell""""]""	""[""""bring back"""",""""bring bag"""",""""blink back"""",""""bring black"""",""""bring bank""""]""	""[{""""word"""":""""return"""",""""note"""":""""返すという意味で近い""""}]""	[]"
501378	5	recovery	回復	the process of getting better again	His recovery was faster than we expected.	彼の回復は私たちが予想したより速かった。	noun	5	3	""[""""回復"""",""""失敗"""",""""発見"""",""""変化"""",""""出発""""]""	""[""""recovery"""",""""failure"""",""""discovery"""",""""change"""",""""departure""""]""	""[""""recovery"""",""""delivery"""",""""discovery"""",""""remember"""",""""recover""""]""	[]	[]"
501379	5	uncover	明らかにする	to find and show something hidden	The report helped uncover the truth.	その報告書は真実を明らかにするのに役立った。	verb	5	2	""[""""明らかにする"""",""""隠す"""",""""集める"""",""""防ぐ"""",""""比べる""""]""	""[""""uncover"""",""""hide"""",""""collect"""",""""prevent"""",""""compare""""]""	""[""""uncover"""",""""discover"""",""""recover"""",""""under"""",""""cover""""]""	""[{""""word"""":""""reveal"""",""""note"""":""""少しかたいが近い意味""""}]""	""[{""""word"""":""""hide"""",""""note"""":""""隠す""""}]"""
501380	5	undo	元に戻す	to cancel an action or return something to its earlier state	You can undo the last change on the computer.	コンピューターで最後の変更を元に戻すことができます。	verb	5	3	""[""""元に戻す"""",""""追加する"""",""""選ぶ"""",""""隠す"""",""""運ぶ""""]""	""[""""undo"""",""""add"""",""""choose"""",""""hide"""",""""carry""""]""	""[""""undo"""",""""under"""",""""window"""",""""until"""",""""into""""]""	""[{""""word"""":""""reverse"""",""""note"""":""""結果や向きを逆にする""""}]""	""[{""""word"""":""""do"""",""""note"""":""""する、実行する""""},{""""word"""":""""keep"""",""""note"""":""""そのままにしておく""""}]"""
501381	5	prosperity	繁栄	the state of being successful and having enough money	Peace brought prosperity to the country.	平和がその国に繁栄をもたらした。	noun	7	2	""[""""繁栄"""",""""貧困"""",""""危険"""",""""努力"""",""""発見""""]""	""[""""prosperity"""",""""poverty"""",""""danger"""",""""effort"""",""""discovery""""]""	""[""""prosperity"""",""""property"""",""""properly"""",""""possibility"""",""""priority""""]""	""[{""""word"""":""""success"""",""""note"""":""""より広い意味での成功""""}]""	""[{""""word"""":""""poverty"""",""""note"""":""""お金や資源が足りない状態""""}]"""
501382	5	be abundant in	〜が豊富である	to have a lot of something	This area is abundant in fresh water.	この地域は新鮮な水が豊富である。	verb	7	2	""[""""〜が豊富である"""",""""〜に慣れている"""",""""〜で有名である"""",""""〜に興味がある"""",""""〜で満足している""""]""	""[""""be abundant in"""",""""be used to"""",""""be famous for"""",""""be interested in"""",""""be satisfied with""""]""	""[""""be abundant in"""",""""be confident in"""",""""be interested in"""",""""be involved in"""",""""be successful in""""]""	""[{""""word"""":""""be rich in"""",""""note"""":""""〜を多く含む""""}]""	""[{""""word"""":""""lack"""",""""note"""":""""不足している""""}]"""
501383	5	legitimate	正当な	fair and allowed by law or reason	The company made a legitimate complaint.	その会社は正当な苦情を申し立てた。	adjective	5	3	""[""""正当な"""",""""危険な"""",""""有名な"""",""""複雑な"""",""""静かな""""]""	""[""""legitimate"""",""""dangerous"""",""""famous"""",""""complex"""",""""quiet""""]""	""[""""legitimate"""",""""estimate"""",""""delicate"""",""""limited"""",""""separate""""]""	""[{""""word"""":""""legal"""",""""note"""":""""法律にかなう意味で近い""""},{""""word"""":""""valid"""",""""note"""":""""根拠があって正しい感じ""""}]""	""[{""""word"""":""""illegal"""",""""note"""":""""法律に反する""""},{""""word"""":""""false"""",""""note"""":""""正しくない""""}]"""
501384	5	morality	道徳	beliefs about right and wrong	The story teaches children about morality.	その物語は子どもたちに道徳を教える。	noun	5	3	""[""""道徳"""",""""文化"""",""""歴史"""",""""産業"""",""""制度""""]""	""[""""morality"""",""""culture"""",""""history"""",""""industry"""",""""system""""]""	""[""""morality"""",""""majority"""",""""memory"""",""""material"""",""""modernity""""]""	""[{""""word"""":""""ethics"""",""""note"""":""""ややかたいが近い意味""""}]""	[]"
501385	5	instantly	すぐに	at once; without waiting	She answered the question instantly.	彼女はその質問にすぐに答えた。	adverb	4	4	""[""""すぐに"""",""""静かに"""",""""慎重に"""",""""たまに"""",""""突然""""]""	""[""""instantly"""",""""quietly"""",""""carefully"""",""""sometimes"""",""""suddenly""""]""	""[""""instantly"""",""""intently"""",""""easily"""",""""openly"""",""""softly""""]""	""[{""""word"""":""""immediately"""",""""note"""":""""より一般的で近い意味""""},{""""word"""":""""at once"""",""""note"""":""""句表現""""}]""	""[{""""word"""":""""slowly"""",""""note"""":""""ゆっくりと""""},{""""word"""":""""gradually"""",""""note"""":""""少しずつ""""}]"""
501386	5	be suitable for	〜に適している	to be right or good for something	This book is suitable for beginners.	この本は初心者に適している。	verb	5	3	""[""""〜に適している"""",""""〜を必要とする"""",""""〜に興味がある"""",""""〜で有名である"""",""""〜に参加する""""]""	""[""""be suitable for"""",""""be famous for"""",""""be interested in"""",""""belong to"""",""""depend on""""]""	""[""""be suitable for"""",""""be sorry for"""",""""be ready for"""",""""be famous for"""",""""be careful of""""]""	""[{""""word"""":""""be right for"""",""""note"""":""""よりやさしい言い方""""}]""	""[{""""word"""":""""be wrong for"""",""""note"""":""""合わないという意味""""}]"""
501387	5	appropriate	適切な	right or suitable for a situation	Wear appropriate clothes for the party.	そのパーティーには適切な服を着なさい。	adjective	5	3	""[""""適切な"""",""""危険な"""",""""有名な"""",""""必要な"""",""""特別な""""]""	""[""""appropriate"""",""""dangerous"""",""""famous"""",""""necessary"""",""""special""""]""	""[""""appropriate"""",""""opposite"""",""""approve"""",""""apron"""",""""private""""]""	""[{""""word"""":""""suitable"""",""""note"""":""""よく似た意味""""},{""""word"""":""""proper"""",""""note"""":""""ややかたいが自然""""}]""	""[{""""word"""":""""inappropriate"""",""""note"""":""""不適切な""""}]"""
501388	5	qualification	資格	an ability or official record needed for a job	She has the qualification to teach English.	彼女は英語を教える資格を持っている。	noun	5	2	""[""""資格"""",""""経験"""",""""責任"""",""""才能"""",""""方法""""]""	""[""""qualification"""",""""experience"""",""""responsibility"""",""""talent"""",""""method""""]""	""[""""qualification"""",""""question"""",""""collection"""",""""situation"""",""""education""""]""	""[{""""word"""":""""license"""",""""note"""":""""公的な許可の意味が強い""""}]""	[]"
501389	5	patent	特許	an official right to make or sell a new invention	He got a patent for his new machine.	彼は新しい機械の特許を取った。	noun	5	3	""[""""特許"""",""""契約"""",""""発明"""",""""免許"""",""""証拠""""]""	""[""""patent"""",""""license"""",""""contract"""",""""invention"""",""""evidence""""]""	""[""""patent"""",""""parent"""",""""patient"""",""""present"""",""""planet""""]""	[]	[]"
501390	5	ownership	所有	the state of having something as yours	The ownership of the land changed last year.	その土地の所有者は昨年変わった。	noun	5	3	""[""""所有"""",""""管理"""",""""使用"""",""""販売"""",""""共有""""]""	""[""""ownership"""",""""management"""",""""use"""",""""sale"""",""""sharing""""]""	""[""""ownership"""",""""owner"""",""""leadership"""",""""membership"""",""""friendship""""]""	[]	[]"
501391	5	surge	急増	a sudden strong increase	There was a surge in online shopping.	オンラインショッピングが急増した。	noun	5	3	""[""""急増"""",""""減少"""",""""変化"""",""""移動"""",""""回復""""]""	""[""""surge"""",""""decline"""",""""change"""",""""movement"""",""""recovery""""]""	""[""""surge"""",""""search"""",""""serve"""",""""stage"""",""""sort""""]""	""[{""""word"""":""""increase"""",""""note"""":""""より広い意味の「増加」""""},{""""word"""":""""rise"""",""""note"""":""""一般的な「上昇・増加」""""}]""	""[{""""word"""":""""decline"""",""""note"""":""""減少すること""""},{""""word"""":""""drop"""",""""note"""":""""急な下がり方""""}]"""
501392	5	stake	賭け金	money risked in a game or bet	He lost his stake in the card game.	彼はカードゲームで賭け金を失った。	noun	5	3	""[""""賭け金"""",""""給料"""",""""運賃"""",""""税金"""",""""料金""""]""	""[""""stake"""",""""salary"""",""""fare"""",""""tax"""",""""fee""""]""	""[""""stake"""",""""state"""",""""steak"""",""""stick"""",""""snake""""]""	""[{""""word"""":""""bet"""",""""note"""":""""より一般的な語""""}]""	[]"
501393	5	toll	通行料	money paid to use a road or bridge	We paid a toll to cross the bridge.	私たちはその橋を渡るために通行料を払った。	noun	5	4	""[""""通行料"""",""""運賃"""",""""家賃"""",""""税金"""",""""給料""""]""	""[""""toll"""",""""fare"""",""""rent"""",""""tax"""",""""salary""""]""	""[""""toll"""",""""tall"""",""""tool"""",""""told"""",""""top""""]""	""[{""""word"""":""""fee"""",""""note"""":""""より広い意味の料金""""}]""	[]"
501394	5	geology	地質学	the study of rocks and the earth	She studies geology at college.	彼女は大学で地質学を勉強している。	noun	5	2	""[""""地質学"""",""""生物学"""",""""化学"""",""""物理学"""",""""天文学""""]""	""[""""geology"""",""""biology"""",""""chemistry"""",""""physics"""",""""astronomy""""]""	""[""""geology"""",""""geometry"""",""""geography"""",""""biology"""",""""technology""""]""	[]	[]"
501395	5	bar	棒	a long straight piece of metal, wood, or other material	He lifted the heavy iron bar.	彼は重い鉄の棒を持ち上げた。	noun	5	3	""[""""棒"""",""""板"""",""""ひも"""",""""管"""",""""輪""""]""	""[""""bar"""",""""board"""",""""rope"""",""""pipe"""",""""ring""""]""	""[""""bar"""",""""car"""",""""far"""",""""park"""",""""barn""""]""	""[{""""word"""":""""rod"""",""""note"""":""""細長い棒""""}]""	[]"
501396	5	workshop	作業場	a place where people make or repair things	My grandfather works in his workshop.	私の祖父は自分の作業場で働いています。	noun	5	2	""[""""作業場"""",""""教室"""",""""工場"""",""""倉庫"""",""""事務所""""]""	""[""""workshop"""",""""classroom"""",""""factory"""",""""warehouse"""",""""office""""]""	""[""""workshop"""",""""worksheet"""",""""workman"""",""""worship"""",""""wardrobe""""]""	[]	[]"
501397	5	chamber	部屋	a room, especially a private one	The king waited in a small chamber.	王は小さな部屋で待っていた。	noun	6	2	""[""""部屋"""",""""廊下"""",""""庭"""",""""屋根裏"""",""""地下室""""]""	""[""""chamber"""",""""hallway"""",""""garden"""",""""attic"""",""""basement""""]""	""[""""chamber"""",""""changer"""",""""danger"""",""""member"""",""""number""""]""	""[{""""word"""":""""room"""",""""note"""":""""より一般的な語""""}]""	[]"
501398	5	basement	地下室	a room under a house or building	We keep old boxes in the basement.	私たちは地下室に古い箱を置いています。	noun	5	3	""[""""地下室"""",""""屋根裏"""",""""廊下"""",""""台所"""",""""庭""""]""	""[""""basement"""",""""attic"""",""""hallway"""",""""kitchen"""",""""garden""""]""	""[""""basement"""",""""pavement"""",""""payment"""",""""patient"""",""""statement""""]""	[]	[]"
501399	5	cellar	地下貯蔵室	an underground room for storing things	The apples are kept in the cellar.	そのりんごは地下貯蔵室に保管されています。	noun	6	2	""[""""地下貯蔵室"""",""""物置"""",""""屋根裏"""",""""廊下"""",""""車庫""""]""	""[""""cellar"""",""""storage"""",""""attic"""",""""hallway"""",""""garage""""]""	""[""""cellar"""",""""seller"""",""""color"""",""""solar"""",""""sailor""""]""	[]	[]"
501400	5	draft	下書き	a first rough piece of writing	She showed me the first draft of her speech.	彼女はスピーチの最初の下書きを私に見せました。	noun	6	3	""[""""下書き"""",""""答え"""",""""題名"""",""""段落"""",""""表紙""""]""	""[""""draft"""",""""answer"""",""""title"""",""""paragraph"""",""""cover""""]""	""[""""draft"""",""""craft"""",""""drift"""",""""graft"""",""""shaft""""]""	""[{""""word"""":""""outline"""",""""note"""":""""より簡単な計画や要点""""}]""	""[{""""word"""":""""final"""",""""note"""":""""完成したもの""""}]"""
501401	5	harsh	厳しい	very strict or unpleasant	The teacher was harsh with late students.	その先生は遅刻した生徒に厳しかった。	adjective	5	3	""[""""厳しい"""",""""やさしい"""",""""静かな"""",""""明るい"""",""""安全な""""]""	""[""""harsh"""",""""kind"""",""""quiet"""",""""bright"""",""""safe""""]""	""[""""harsh"""",""""hush"""",""""heart"""",""""horse"""",""""hash""""]""	""[{""""word"""":""""strict"""",""""note"""":""""ruleや態度が厳しい""""}]""	""[{""""word"""":""""gentle"""",""""note"""":""""やさしく穏やか""""},{""""word"""":""""kind"""",""""note"""":""""親切で厳しくない""""}]"""
501402	5	circular	円形の	shaped like a circle	We sat at a circular table.	私たちは円形のテーブルに座った。	adjective	5	2	""[""""円形の"""",""""四角い"""",""""長い"""",""""重い"""",""""細い""""]""	""[""""circular"""",""""square"""",""""long"""",""""heavy"""",""""thin""""]""	""[""""circular"""",""""similar"""",""""singular"""",""""popular"""",""""regular""""]""	""[{""""word"""":""""round"""",""""note"""":""""より基本的な語""""}]""	""[{""""word"""":""""square"""",""""note"""":""""四角い形の""""}]"""
501403	5	sphere	球体	a round solid shape like a ball	The Earth is a sphere.	地球は球体です。	noun	5	2	""[""""球体"""",""""立方体"""",""""円"""",""""線"""",""""角""""]""	""[""""sphere"""",""""cube"""",""""circle"""",""""line"""",""""angle""""]""	""[""""sphere"""",""""spear"""",""""spare"""",""""stair"""",""""square""""]""	""[{""""word"""":""""ball"""",""""note"""":""""日常的な言い方""""}]""	[]"
501404	5	scrape	こする	to rub something hard against a surface	Be careful not to scrape the wall.	壁をこすらないように気をつけて。	verb	5	3	""[""""こする"""",""""たたく"""",""""ひっぱる"""",""""まげる"""",""""おす""""]""	""[""""scrape"""",""""strike"""",""""pull"""",""""bend"""",""""push""""]""	""[""""scrape"""",""""shape"""",""""screen"""",""""sleep"""",""""stripe""""]""	""[{""""word"""":""""rub"""",""""note"""":""""より一般的に「こする」""""}]""	[]"
501405	5	friction	摩擦	the force that makes things hard to slide	Friction makes the box hard to move.	摩擦のため、その箱は動かしにくい。	noun	5	2	""[""""摩擦"""",""""圧力"""",""""重力"""",""""速度"""",""""温度""""]""	""[""""friction"""",""""pressure"""",""""gravity"""",""""speed"""",""""temperature""""]""	""[""""friction"""",""""fraction"""",""""function"""",""""fiction"""",""""freshen""""]""	[]	[]"
501406	5	offensive	不快な	rude or upsetting to people	His joke was offensive to many people.	彼の冗談は多くの人にとって不快だった。	adjective	5	3	""[""""不快な"""",""""親切な"""",""""静かな"""",""""安全な"""",""""正直な""""]""	""[""""offensive"""",""""kind"""",""""quiet"""",""""safe"""",""""honest""""]""	""[""""offensive"""",""""expensive"""",""""effective"""",""""opposite"""",""""official""""]""	""[{""""word"""":""""rude"""",""""note"""":""""言動が失礼なときによく使う""""}]""	""[{""""word"""":""""polite"""",""""note"""":""""ていねいで失礼でない""""}]"""
501407	5	monarchy	君主制	a system of government with a king or queen	The country has a long history of monarchy.	その国には君主制の長い歴史がある。	noun	5	2	""[""""君主制"""",""""民主主義"""",""""共和国"""",""""独裁政治"""",""""植民地""""]""	""[""""monarchy"""",""""democracy"""",""""republic"""",""""dictatorship"""",""""colony""""]""	""[""""monarchy"""",""""monkey"""",""""memory"""",""""mystery"""",""""morning""""]""	""[{""""word"""":""""kingdom"""",""""note"""":""""国そのものを表すことが多い""""}]""	""[{""""word"""":""""republic"""",""""note"""":""""君主ではなく大統領などを持つ体制""""}]"""
501408	5	dominate	支配する	to control something or be stronger than others	That team will dominate the game.	そのチームは試合を支配するだろう。	verb	5	3	""[""""支配する"""",""""改善する"""",""""防ぐ"""",""""説明する"""",""""参加する""""]""	""[""""dominate"""",""""improve"""",""""prevent"""",""""explain"""",""""join""""]""	""[""""dominate"""",""""decorate"""",""""generate"""",""""calculate"""",""""celebrate""""]""	""[{""""word"""":""""control"""",""""note"""":""""より基本的な語""""}]""	""[{""""word"""":""""obey"""",""""note"""":""""支配するの反対で従う""""}]"""
501409	5	regulation	規則	an official rule	These regulation are strict.	これらの規則は厳しい。	noun	5	3	""[""""規則"""",""""許可"""",""""提案"""",""""意見"""",""""習慣""""]""	""[""""regulation"""",""""permission"""",""""proposal"""",""""opinion"""",""""custom""""]""	""[""""regulation"""",""""relation"""",""""reservation"""",""""education"""",""""celebration""""]""	""[{""""word"""":""""rule"""",""""note"""":""""より基本的な語""""}]""	[]"
501410	5	convention	慣習	a usual way of doing something in society	It is a convention to bow in Japan.	日本ではおじぎをするのが慣習です。	noun	5	3	""[""""慣習"""",""""伝統"""",""""規則"""",""""習慣"""",""""法律""""]""	""[""""convention"""",""""tradition"""",""""rule"""",""""custom"""",""""law""""]""	""[""""convention"""",""""condition"""",""""connection"""",""""conversation"""",""""confusion""""]""	""[{""""word"""":""""custom"""",""""note"""":""""日常的な慣習""""},{""""word"""":""""tradition"""",""""note"""":""""長く続く伝統""""}]""	[]"
501411	5	colony	植民地	a country or area controlled by another country	The island became a colony many years ago.	その島は何年も前に植民地になりました。	noun	5	2	""[""""植民地"""",""""王国"""",""""都市"""",""""村"""",""""地域""""]""	""[""""colony"""",""""kingdom"""",""""city"""",""""village"""",""""region""""]""	""[""""colony"""",""""company"""",""""corner"""",""""color"""",""""colder""""]""	[]	[]"
501412	5	flee	逃げる	to run away from danger or trouble	The people had to flee the fire.	人々は火事から逃げなければなりませんでした。	verb	5	3	""[""""逃げる"""",""""隠れる"""",""""追う"""",""""守る"""",""""戦う""""]""	""[""""flee"""",""""hide"""",""""chase"""",""""protect"""",""""fight""""]""	""[""""flee"""",""""free"""",""""fly"""",""""fleet"""",""""tree""""]""	""[{""""word"""":""""escape"""",""""note"""":""""危険から逃れる""""}]""	""[{""""word"""":""""stay"""",""""note"""":""""その場にとどまる""""}]"""
501413	5	pathetic	情けない	very weak, sad, or not good enough	His excuse was pathetic.	彼の言い訳は情けなかった。	adjective	5	2	""[""""情けない"""",""""勇敢な"""",""""公平な"""",""""穏やかな"""",""""正確な""""]""	""[""""pathetic"""",""""brave"""",""""fair"""",""""calm"""",""""exact""""]""	""[""""pathetic"""",""""athletic"""",""""poetic"""",""""parental"""",""""Pacific""""]""	""[{""""word"""":""""pitiful"""",""""note"""":""""より「かわいそうな」の意味でも使う""""}]""	""[{""""word"""":""""admirable"""",""""note"""":""""ほめるべきという反対の意味""""}]"""
501414	5	gloom	暗さ	darkness or a sad feeling	The room was filled with gloom.	その部屋は暗さに包まれていた。	noun	5	2	""[""""暗さ"""",""""明るさ"""",""""静けさ"""",""""暖かさ"""",""""広さ""""]""	""[""""gloom"""",""""brightness"""",""""silence"""",""""warmth"""",""""width""""]""	""[""""gloom"""",""""globe"""",""""bloom"""",""""room"""",""""green""""]""	""[{""""word"""":""""darkness"""",""""note"""":""""物理的な暗さでより基本的""""}]""	""[{""""word"""":""""brightness"""",""""note"""":""""明るさ""""},{""""word"""":""""hope"""",""""note"""":""""気分の暗さに対して使える""""}]"""
501415	5	immune	免疫がある	protected against a disease	Some people are immune to the virus.	そのウイルスに免疫がある人もいる。	adjective	5	2	""[""""免疫がある"""",""""危険な"""",""""空腹の"""",""""有名な"""",""""正直な""""]""	""[""""immune"""",""""dangerous"""",""""hungry"""",""""famous"""",""""honest""""]""	""[""""immune"""",""""image"""",""""human"""",""""common"""",""""union""""]""	""[{""""word"""":""""resistant"""",""""note"""":""""病気などに強いときに使う""""}]""	""[{""""word"""":""""vulnerable"""",""""note"""":""""影響を受けやすい""""}]"""
501416	5	specify	明確に述べる	to state something clearly and exactly	Please specify the date in your email.	メールで日付を明確に述べてください。	verb	5	3	""[""""明確に述べる"""",""""批判する"""",""""比較する"""",""""確認する"""",""""提案する""""]""	""[""""specify"""",""""criticize"""",""""compare"""",""""confirm"""",""""suggest""""]""	""[""""specify"""",""""simplify"""",""""special"""",""""specific"""",""""satisfy""""]""	""[{""""word"""":""""state"""",""""note"""":""""より基本的な語""""},{""""word"""":""""mention"""",""""note"""":""""軽く述べる場合もある""""}]""	[]"
501417	5	criticize	批判する	to say that something is bad or wrong	Don't criticize others too quickly.	あまり早く他人を批判してはいけません。	verb	5	4	""[""""批判する"""",""""賞賛する"""",""""説明する"""",""""拒否する"""",""""比較する""""]""	""[""""criticize"""",""""praise"""",""""explain"""",""""refuse"""",""""compare""""]""	""[""""criticize"""",""""organize"""",""""realize"""",""""exercise"""",""""civilize""""]""	""[{""""word"""":""""blame"""",""""note"""":""""責任を問う感じが強い""""}]""	""[{""""word"""":""""praise"""",""""note"""":""""よい点をほめる""""}]"""
501418	5	auction	競売	a sale where people offer higher prices	They sold the painting at an auction.	彼らはその絵を競売で売りました。	noun	5	3	""[""""競売"""",""""市場"""",""""展示会"""",""""取引"""",""""在庫""""]""	""[""""auction"""",""""market"""",""""exhibition"""",""""trade"""",""""stock""""]""	""[""""auction"""",""""option"""",""""action"""",""""ocean"""",""""author""""]""	[]	[]"
501419	5	be equal to	〜に等しい	to have the same value or amount as something	Three plus two is equal to five.	3たす2は5に等しい。	verb	5	2	""[""""〜に等しい"""",""""〜より大きい"""",""""〜より小さい"""",""""〜を含む"""",""""〜に近い""""]""	""[""""be equal to"""",""""be larger than"""",""""be smaller than"""",""""include"""",""""be close to""""]""	""[""""be equal to"""",""""be eager to"""",""""be able to"""",""""be useful to"""",""""be open to""""]""	""[{""""word"""":""""be the same as"""",""""note"""":""""よりやさしい言い方""""}]""	[]"
501420	5	protective	保護する	wanting to keep someone or something safe	She is very protective of her little brother.	彼女は弟をとても守ろうとする。	adjective	5	3	""[""""保護する"""",""""攻撃的な"""",""""親切な"""",""""静かな"""",""""正直な""""]""	""[""""protective"""",""""aggressive"""",""""kind"""",""""quiet"""",""""honest""""]""	""[""""protective"""",""""productive"""",""""positive"""",""""projective"""",""""proactive""""]""	""[{""""word"""":""""caring"""",""""note"""":""""思いやりがあるという近い意味""""}]""	""[{""""word"""":""""careless"""",""""note"""":""""守ろうとしない感じ""""}]"""
501421	5	thrift	節約	careful use of money and things	Thrift is important for young families.	若い家族にとって節約は大切です。	noun	6	1	""[""""節約"""",""""浪費"""",""""収入"""",""""借金"""",""""利益""""]""	""[""""thrift"""",""""waste"""",""""income"""",""""debt"""",""""profit""""]""	""[""""thrift"""",""""thread"""",""""throat"""",""""thrill"""",""""three""""]""	""[{""""word"""":""""saving"""",""""note"""":""""お金をむだにしないこと""""}]""	""[{""""word"""":""""waste"""",""""note"""":""""むだづかい""""}]"""
501422	5	conservation	保護	the act of protecting nature or resources	We learned about forest conservation in class.	私たちは授業で森林保護について学びました。	noun	5	3	""[""""保護"""",""""開発"""",""""破壊"""",""""調査"""",""""移動""""]""	""[""""conservation"""",""""development"""",""""destruction"""",""""research"""",""""movement""""]""	""[""""conservation"""",""""conversation"""",""""condition"""",""""connection"""",""""consideration""""]""	""[{""""word"""":""""protection"""",""""note"""":""""より広い意味の「保護」""""}]""	""[{""""word"""":""""destruction"""",""""note"""":""""destroyすること""""}]"""
501423	5	blame A for B	AをBのことで責める	to say that A is responsible for B	Don't blame Tom for the mistake.	その間違いのことでトムを責めないで。	verb	5	3	""[""""AをBのことで責める"""",""""AにBを頼む"""",""""AにBを説明する"""",""""AにBを見せる"""",""""AにBを教える""""]""	""[""""blame A for B"""",""""ask A for B"""",""""tell A about B"""",""""show A B"""",""""teach A B""""]""	""[""""blame A for B"""",""""play A for B"""",""""bring A for B"""",""""break A for B"""",""""place A for B""""]""	[]	[]"
501424	5	attribute to	〜のせいにする	to think that something is caused by someone or something	Many people attribute the problem to stress.	多くの人はその問題をストレスのせいにする。	verb	4	2	""[""""〜のせいにする"""",""""〜を防ぐ"""",""""〜を解決する"""",""""〜を説明する"""",""""〜を改善する""""]""	""[""""attribute to"""",""""prevent"""",""""solve"""",""""explain"""",""""improve""""]""	""[""""attribute to"""",""""attitude"""",""""distribute"""",""""contribute"""",""""attract""""]""	""[{""""word"""":""""ascribe to"""",""""note"""":""""ややかたい表現""""}]""	[]"
501425	5	in other words	言い換えると	used to say something in a different and simpler way	In other words, we need more time.	言い換えると、私たちにはもっと時間が必要です。	conjunction	5	3	""[""""言い換えると"""",""""たとえば"""",""""その結果"""",""""一方で"""",""""つまりは""""]""	""[""""in other words"""",""""for example"""",""""as a result"""",""""on the other hand"""",""""at first""""]""	""[""""in other words"""",""""in a word"""",""""in our world"""",""""in other ways"""",""""in order""""]""	""[{""""word"""":""""that is"""",""""note"""":""""より短く言い換える表現""""},{""""word"""":""""namely"""",""""note"""":""""ややかたい表現""""}]""	[]"
501426	5	certify	証明する	to state officially that something is true	The doctor will certify that he is healthy.	その医者は彼が健康だと証明するでしょう。	verb	5	2	""[""""証明する"""",""""確認する"""",""""説明する"""",""""修理する"""",""""発見する""""]""	""[""""certify"""",""""confirm"""",""""explain"""",""""repair"""",""""discover""""]""	""[""""certify"""",""""satisfy"""",""""clarify"""",""""terrify"""",""""identify""""]""	""[{""""word"""":""""confirm"""",""""note"""":""""事実だと確かめる""""}]""	[]"
501427	5	acknowledge	認める	to accept or admit that something is true	He acknowledged his mistake.	彼は自分の間違いを認めた。	verb	5	3	""[""""認める"""",""""拒否する"""",""""隠す"""",""""疑う"""",""""避ける""""]""	""[""""acknowledge"""",""""deny"""",""""hide"""",""""doubt"""",""""avoid""""]""	""[""""acknowledge"""",""""apologize"""",""""encourage"""",""""knowledge"""",""""college""""]""	""[{""""word"""":""""admit"""",""""note"""":""""事実だと認める""""},{""""word"""":""""accept"""",""""note"""":""""受け入れる意味で近い""""}]""	""[{""""word"""":""""deny"""",""""note"""":""""事実でないと言う""""}]"""
501428	5	contradict	反論する	to say that something is not true	His answer seemed to contradict the report.	彼の答えはその報告に反論しているようだった。	verb	5	2	""[""""反論する"""",""""宣言する"""",""""主張する"""",""""説明する"""",""""提案する""""]""	""[""""contradict"""",""""proclaim"""",""""assert"""",""""explain"""",""""suggest""""]""	""[""""contradict"""",""""contract"""",""""contact"""",""""contrast"""",""""conduct""""]""	""[{""""word"""":""""deny"""",""""note"""":""""事実でないと言う""""},{""""word"""":""""oppose"""",""""note"""":""""意見などに反対する""""}]""	""[{""""word"""":""""agree"""",""""note"""":""""同意する""""},{""""word"""":""""support"""",""""note"""":""""支持する""""}]"""
501429	5	proclaim	宣言する	to announce something publicly	The king will proclaim a new law tomorrow.	王は明日、新しい法律を宣言するだろう。	verb	5	2	""[""""宣言する"""",""""反論する"""",""""主張する"""",""""説明する"""",""""提案する""""]""	""[""""proclaim"""",""""contradict"""",""""assert"""",""""explain"""",""""suggest""""]""	""[""""proclaim"""",""""program"""",""""protect"""",""""provide"""",""""promise""""]""	""[{""""word"""":""""announce"""",""""note"""":""""広く知らせる""""},{""""word"""":""""declare"""",""""note"""":""""公式に言う""""}]""	""[{""""word"""":""""hide"""",""""note"""":""""隠す""""},{""""word"""":""""deny"""",""""note"""":""""認めない""""}]"""
501430	5	assert	主張する	to say firmly that something is true	She asserted that she was right.	彼女は自分が正しいと主張した。	verb	5	3	""[""""主張する"""",""""宣言する"""",""""反論する"""",""""説明する"""",""""提案する""""]""	""[""""assert"""",""""proclaim"""",""""contradict"""",""""explain"""",""""suggest""""]""	""[""""assert"""",""""assist"""",""""accept"""",""""insert"""",""""affect""""]""	""[{""""word"""":""""claim"""",""""note"""":""""そうだと言う""""},{""""word"""":""""state"""",""""note"""":""""はっきり述べる""""}]""	""[{""""word"""":""""deny"""",""""note"""":""""否定する""""},{""""word"""":""""doubt"""",""""note"""":""""疑う""""}]"""
501431	5	exaggerate	大げさに言う	to make something seem bigger or more important than it is	Don't exaggerate the problem.	その問題を大げさに言わないで。	verb	5	3	""[""""大げさに言う"""",""""説明する"""",""""比較する"""",""""繰り返す"""",""""想像する""""]""	""[""""exaggerate"""",""""explain"""",""""compare"""",""""repeat"""",""""imagine""""]""	""[""""exaggerate"""",""""celebrate"""",""""separate"""",""""estimate"""",""""decorate""""]""	""[{""""word"""":""""overstate"""",""""note"""":""""ややかたいが「大げさに言う」""""}]""	""[{""""word"""":""""understate"""",""""note"""":""""控えめに言う""""}]"""
501432	5	confess	白状する	to admit that you did something wrong	He confessed the truth to his mother.	彼は母親に本当のことを白状した。	verb	5	4	""[""""白状する"""",""""拒否する"""",""""隠す"""",""""疑う"""",""""許す""""]""	""[""""confess"""",""""refuse"""",""""hide"""",""""doubt"""",""""forgive""""]""	""[""""confess"""",""""compress"""",""""contest"""",""""connect"""",""""convince""""]""	""[{""""word"""":""""admit"""",""""note"""":""""事実を認める""""}]""	""[{""""word"""":""""deny"""",""""note"""":""""否定する""""},{""""word"""":""""hide"""",""""note"""":""""隠す""""}]"""
501433	5	dictate	書き取らせる	to say words aloud for someone to write down	The teacher dictated a short letter.	先生は短い手紙を読み上げて書き取らせた。	verb	5	2	""[""""書き取らせる"""",""""暗記する"""",""""翻訳する"""",""""印刷する"""",""""説明する""""]""	""[""""dictate"""",""""memorize"""",""""translate"""",""""print"""",""""explain""""]""	""[""""dictate"""",""""decorate"""",""""dedicate"""",""""indicate"""",""""educate""""]""	[]	[]"
501434	5	approve	承認する	to say yes to something officially	The teacher will approve our plan.	先生は私たちの計画を承認するでしょう。	verb	5	3	""[""""承認する"""",""""拒否する"""",""""説明する"""",""""変更する"""",""""提案する""""]""	""[""""approve"""",""""reject"""",""""explain"""",""""change"""",""""suggest""""]""	""[""""approve"""",""""improve"""",""""a proof"""",""""approves"""",""""approach""""]""	""[{""""word"""":""""accept"""",""""note"""":""""より広い意味で「受け入れる」""""},{""""word"""":""""agree"""",""""note"""":""""内容に賛成する時に近い""""}]""	""[{""""word"""":""""reject"""",""""note"""":""""受け入れず断る""""}]"""
501435	5	expression	表現	words or actions that show a thought or feeling	Her expression changed suddenly.	彼女の表情は突然変わった。	noun	5	3	""[""""表現"""",""""意見"""",""""説明"""",""""会話"""",""""質問""""]""	""[""""expression"""",""""opinion"""",""""explanation"""",""""conversation"""",""""question""""]""	""[""""expression"""",""""impression"""",""""discussion"""",""""direction"""",""""decision""""]""	""[{""""word"""":""""phrase"""",""""note"""":""""言葉の表現として使うことが多い""""}]""	[]"
501436	5	denial	否定	a statement that something is not true	His denial surprised everyone.	彼の否定はみんなを驚かせた。	noun	5	2	""[""""否定"""",""""賛成"""",""""説明"""",""""提案"""",""""約束""""]""	""[""""denial"""",""""agreement"""",""""explanation"""",""""proposal"""",""""promise""""]""	""[""""denial"""",""""design"""",""""desire"""",""""detail"""",""""device""""]""	[]	""[{""""word"""":""""acceptance"""",""""note"""":""""受け入れること""""}]"""
501437	5	agreement	同意	the act of having the same opinion	We finally reached an agreement.	私たちはついに同意に達した。	noun	5	3	""[""""同意"""",""""反対"""",""""約束"""",""""提案"""",""""決定""""]""	""[""""agreement"""",""""argument"""",""""promise"""",""""proposal"""",""""decision""""]""	""[""""agreement"""",""""arrangement"""",""""achievement"""",""""government"""",""""apartment""""]""	""[{""""word"""":""""deal"""",""""note"""":""""口語での合意""""},{""""word"""":""""understanding"""",""""note"""":""""考えが一致すること""""}]""	""[{""""word"""":""""disagreement"""",""""note"""":""""意見が合わないこと""""}]"""
501438	5	terrify	おびえさせる	to make someone very afraid	The loud noise can terrify small children.	その大きな音は小さな子どもたちをおびえさせることがある。	verb	5	2	""[""""おびえさせる"""",""""驚かせる"""",""""助ける"""",""""守る"""",""""落ち着かせる""""]""	""[""""terrify"""",""""surprise"""",""""help"""",""""protect"""",""""calm""""]""	""[""""terrify"""",""""clarify"""",""""verify"""",""""terrible"""",""""testify""""]""	""[{""""word"""":""""frighten"""",""""note"""":""""基本的な類義語""""},{""""word"""":""""scare"""",""""note"""":""""より口語的""""}]""	""[{""""word"""":""""calm"""",""""note"""":""""落ち着かせる""""},{""""word"""":""""comfort"""",""""note"""":""""安心させる""""}]"""
501439	5	academic	学問の	related to school subjects or study	She won an academic prize at school.	彼女は学校で学業の賞を取った。	adjective	5	3	""[""""学問の"""",""""芸術の"""",""""運動の"""",""""個人的な"""",""""伝統的な""""]""	""[""""academic"""",""""artistic"""",""""athletic"""",""""personal"""",""""traditional""""]""	""[""""academic"""",""""automatic"""",""""active"""",""""attic"""",""""economy""""]""	""[{""""word"""":""""scholarly"""",""""note"""":""""ややかたい語""""}]""	[]"
501440	5	chemist	化学者	a scientist who studies chemistry	My aunt works as a chemist.	私のおばは化学者として働いている。	noun	5	3	""[""""化学者"""",""""物理学者"""",""""生物学者"""",""""医者"""",""""発明家""""]""	""[""""chemist"""",""""physicist"""",""""biologist"""",""""doctor"""",""""inventor""""]""	""[""""chemist"""",""""campus"""",""""comment"""",""""comic"""",""""climate""""]""	[]	[]"
501441	5	coral	サンゴ	a hard sea animal that looks like rock	We saw pink coral in the clear sea.	私たちは澄んだ海でピンク色のサンゴを見た。	noun	5	2	""[""""サンゴ"""",""""海藻"""",""""貝"""",""""真珠"""",""""岩""""]""	""[""""coral"""",""""seaweed"""",""""shell"""",""""pearl"""",""""rock""""]""	""[""""coral"""",""""corner"""",""""color"""",""""cola"""",""""curry""""]""	[]	[]"
501442	5	gulf	湾	a large area of sea partly surrounded by land	The ship sailed across the gulf.	その船は湾を横切って進んだ。	noun	5	2	""[""""湾"""",""""海峡"""",""""港"""",""""海岸"""",""""島""""]""	""[""""gulf"""",""""strait"""",""""harbor"""",""""coast"""",""""island""""]""	""[""""gulf"""",""""gull"""",""""golf"""",""""wolf"""",""""gulp""""]""	[]	[]"
501443	5	pirate	海賊	a person who attacks ships and steals things	The story is about a brave pirate.	その物語は勇敢な海賊についてです。	noun	4	3	""[""""海賊"""",""""船員"""",""""漁師"""",""""兵士"""",""""商人""""]""	""[""""pirate"""",""""sailor"""",""""fisherman"""",""""soldier"""",""""merchant""""]""	""[""""pirate"""",""""pilot"""",""""parrot"""",""""private"""",""""planet""""]""	[]	[]"
501444	5	quest	探求	a long search for something important	He began a quest for the lost treasure.	彼は失われた宝を探す旅を始めた。	noun	5	2	""[""""探求"""",""""冒険"""",""""調査"""",""""挑戦"""",""""発見""""]""	""[""""quest"""",""""adventure"""",""""research"""",""""challenge"""",""""discovery""""]""	""[""""quest"""",""""west"""",""""guest"""",""""quick"""",""""question""""]""	[]	[]"
501445	5	spice	香辛料	a powder or seed used to add flavor to food	This soup needs more spice.	このスープにはもっと香辛料が必要です。	noun	5	3	""[""""香辛料"""",""""砂糖"""",""""塩"""",""""小麦粉"""",""""油""""]""	""[""""spice"""",""""sugar"""",""""salt"""",""""flour"""",""""oil""""]""	""[""""spice"""",""""space"""",""""slice"""",""""price"""",""""speech""""]""	""[{""""word"""":""""seasoning"""",""""note"""":""""料理の味つけに使う語""""}]""	[]"
501446	5	saddle	くら	a seat for riding on a horse or bike	He put the saddle on the horse.	彼は馬にくらを置きました。	noun	6	2	""[""""くら"""",""""手綱"""",""""かぶと"""",""""車輪"""",""""ブレーキ""""]""	""[""""saddle"""",""""rein"""",""""helmet"""",""""wheel"""",""""brake""""]""	""[""""saddle"""",""""sudden"""",""""sample"""",""""sandal"""",""""shadow""""]""	[]	[]"
501447	5	privacy	プライバシー	the state of being away from other people	Everyone needs some privacy.	だれにでもある程度のプライバシーが必要です。	noun	6	3	""[""""プライバシー"""",""""自由"""",""""安全"""",""""静けさ"""",""""秘密""""]""	""[""""privacy"""",""""freedom"""",""""safety"""",""""silence"""",""""secret""""]""	""[""""privacy"""",""""primary"""",""""private"""",""""prize"""",""""practice""""]""	[]	""[{""""word"""":""""publicity"""",""""note"""":""""人に広く知られること""""}]"""
501448	5	witness	目撃者	a person who sees an event happen	The witness spoke to the police.	その目撃者は警察に話した。	noun	5	3	""[""""目撃者"""",""""犯人"""",""""被害者"""",""""記者"""",""""警官""""]""	""[""""witness"""",""""suspect"""",""""victim"""",""""reporter"""",""""officer""""]""	""[""""witness"""",""""fitness"""",""""winter"""",""""window"""",""""written""""]""	""[{""""word"""":""""observer"""",""""note"""":""""見る人という意味で近い""""}]""	[]"
501449	5	foresee	予測する	to know or expect something before it happens	Nobody could foresee the accident.	だれもその事故を予測できなかった。	verb	6	2	""[""""予測する"""",""""防ぐ"""",""""説明する"""",""""発見する"""",""""解決する""""]""	""[""""foresee"""",""""prevent"""",""""explain"""",""""discover"""",""""solve""""]""	""[""""foresee"""",""""forget"""",""""fourth"""",""""forest"""",""""form""""]""	""[{""""word"""":""""predict"""",""""note"""":""""より一般的な語""""}]""	[]"
501450	5	transparent	透明な	clear enough to see through	The bag is transparent.	その袋は透明だ。	adjective	5	2	""[""""透明な"""",""""不透明な"""",""""明るい"""",""""軽い"""",""""柔らかい""""]""	""[""""transparent"""",""""opaque"""",""""bright"""",""""light"""",""""soft""""]""	""[""""transparent"""",""""transport"""",""""translate"""",""""transit"""",""""triangle""""]""	""[{""""word"""":""""clear"""",""""note"""":""""見通せるという意味で近い""""}]""	""[{""""word"""":""""opaque"""",""""note"""":""""光を通さず見えない""""}]"""
501451	5	plausible	もっともらしい	seeming reasonable or likely to be true	His excuse sounded plausible to the teacher.	彼の言い訳は先生にもっともらしく聞こえた。	adjective	5	2	""[""""もっともらしい"""",""""明るい"""",""""危険な"""",""""静かな"""",""""正直な""""]""	""[""""plausible"""",""""careful"""",""""peaceful"""",""""honest"""",""""useful""""]""	""[""""plausible"""",""""possible"""",""""pleasant"""",""""careful"""",""""powerful""""]""	""[{""""word"""":""""reasonable"""",""""note"""":""""より基本的な語""""}]""	""[{""""word"""":""""unlikely"""",""""note"""":""""ありそうにない""""}]"""
501452	5	automatic	自動の	working by itself without much human help	The door is automatic and opens by itself.	そのドアは自動で、ひとりでに開く。	adjective	4	3	""[""""自動の"""",""""手動の"""",""""安全な"""",""""静かな"""",""""高価な""""]""	""[""""automatic"""",""""manual"""",""""silent"""",""""modern"""",""""special""""]""	""[""""automatic"""",""""dramatic"""",""""athletic"""",""""economic"""",""""academic""""]""	""[{""""word"""":""""self-operating"""",""""note"""":""""やや説明的""""}]""	""[{""""word"""":""""manual"""",""""note"""":""""人が動かす""""}]"""
501453	5	vendor	売り手	a person who sells things	A street vendor sold hot dogs near the station.	駅の近くで露天商がホットドッグを売っていた。	noun	5	2	""[""""売り手"""",""""買い手"""",""""店員"""",""""客"""",""""運転手""""]""	""[""""vendor"""",""""buyer"""",""""clerk"""",""""customer"""",""""driver""""]""	""[""""vendor"""",""""vender"""",""""sender"""",""""tender"""",""""wonder""""]""	""[{""""word"""":""""seller"""",""""note"""":""""より基本的な語""""}]""	""[{""""word"""":""""buyer"""",""""note"""":""""買う人""""}]"""
501454	5	wholesale	卸売り	the business of selling goods in large amounts to stores	They buy food at wholesale prices.	彼らは卸売り価格で食品を買う。	noun	5	2	""[""""卸売り"""",""""小売り"""",""""輸出"""",""""輸入"""",""""配達""""]""	""[""""wholesale"""",""""retail"""",""""export"""",""""import"""",""""delivery""""]""	""[""""wholesale"""",""""whole"""",""""hotel"""",""""sale"""",""""hold""""]""	[]	""[{""""word"""":""""retail"""",""""note"""":""""店で客に直接売ること""""}]"""
501455	5	retail	小売り	the business of selling goods directly to customers	She works in retail after school.	彼女は放課後に小売りの仕事をしている。	noun	5	3	""[""""小売り"""",""""卸売り"""",""""輸出"""",""""輸入"""",""""配達""""]""	""[""""retail"""",""""wholesale"""",""""export"""",""""import"""",""""delivery""""]""	""[""""retail"""",""""detail"""",""""remain"""",""""return"""",""""repair""""]""	[]	""[{""""word"""":""""wholesale"""",""""note"""":""""店などにまとめて売ること""""}]"""
501456	5	banish	追放する	to force someone to leave a place	The king decided to banish the thief.	王はそのどろぼうを追放すると決めた。	verb	6	1	""[""""追放する"""",""""許す"""",""""招く"""",""""守る"""",""""隠す""""]""	""[""""banish"""",""""forgive"""",""""invite"""",""""protect"""",""""hide""""]""	""[""""banish"""",""""vanish"""",""""finish"""",""""manage"""",""""damage""""]""	""[{""""word"""":""""expel"""",""""note"""":""""よりかたい語""""}]""	""[{""""word"""":""""welcome"""",""""note"""":""""受け入れること""""}]"""
501457	5	radiate	放射する	to send out heat, light, or energy	The sun radiates heat to the earth.	太陽は地球に熱を放射する。	verb	5	2	""[""""放射する"""",""""反射する"""",""""吸収する"""",""""拡大する"""",""""移動する""""]""	""[""""radiate"""",""""reflect"""",""""absorb"""",""""expand"""",""""move""""]""	""[""""radiate"""",""""graduate"""",""""validate"""",""""decorate"""",""""generate""""]""	""[{""""word"""":""""emit"""",""""note"""":""""光・熱などを出す""""}]""	""[{""""word"""":""""absorb"""",""""note"""":""""吸収する""""}]"""
501458	5	transmission	伝達	the act of sending something from one place to another	The transmission of the signal was clear.	その信号の伝達ははっきりしていた。	noun	5	2	""[""""伝達"""",""""収集"""",""""保存"""",""""発見"""",""""比較""""]""	""[""""transmission"""",""""collection"""",""""storage"""",""""discovery"""",""""comparison""""]""	""[""""transmission"""",""""transition"""",""""translation"""",""""transportation"""",""""permission""""]""	""[{""""word"""":""""transfer"""",""""note"""":""""物や情報を移すこと""""},{""""word"""":""""delivery"""",""""note"""":""""届けること""""}]""	[]"
501459	5	conscience	良心	the part of you that knows right and wrong	His conscience told him to tell the truth.	彼の良心は真実を話すように彼に告げた。	noun	5	2	""[""""良心"""",""""勇気"""",""""記憶"""",""""意見"""",""""才能""""]""	""[""""conscience"""",""""courage"""",""""memory"""",""""opinion"""",""""talent""""]""	""[""""conscience"""",""""confidence"""",""""constant"""",""""concert"""",""""contact""""]""	[]	[]"
501460	5	perception	認識	the way you understand or notice something	Our perception of the city changed after the trip.	旅行のあと、その町に対する私たちの認識は変わった。	noun	5	2	""[""""認識"""",""""判断"""",""""記憶"""",""""印象"""",""""意見""""]""	""[""""perception"""",""""decision"""",""""memory"""",""""impression"""",""""opinion""""]""	""[""""perception"""",""""permission"""",""""position"""",""""prediction"""",""""protection""""]""	""[{""""word"""":""""awareness"""",""""note"""":""""気づいていること""""},{""""word"""":""""understanding"""",""""note"""":""""理解という意味で近い""""}]""	[]"
501461	5	apart	離れて	separated by a distance or not together	The two houses stand far apart.	その2軒の家は遠く離れて建っている。	adverb	4	3	""[""""離れて"""",""""近くに"""",""""一緒に"""",""""まっすぐに"""",""""静かに""""]""	""[""""apart"""",""""nearby"""",""""together"""",""""straight"""",""""quietly""""]""	""[""""apart"""",""""a part"""",""""alert"""",""""about"""",""""around""""]""	""[{""""word"""":""""separately"""",""""note"""":""""別々にという意味で近い""""}]""	""[{""""word"""":""""together"""",""""note"""":""""いっしょに""""}]"""
501462	5	succession	連続	a number of things coming one after another	We had a succession of rainy days.	雨の日が続いた。	noun	5	2	""[""""連続"""",""""変化"""",""""休み"""",""""計画"""",""""結果""""]""	""[""""succession"""",""""change"""",""""break"""",""""plan"""",""""result""""]""	""[""""succession"""",""""suggestion"""",""""selection"""",""""section"""",""""success""""]""	""[{""""word"""":""""series"""",""""note"""":""""一連のもの""""},{""""word"""":""""sequence"""",""""note"""":""""順番どおりの連続""""}]""	[]"
501463	5	solemn	まじめな	serious and quiet	He gave a solemn speech at the meeting.	彼は会議でまじめなスピーチをした。	adjective	5	3	""[""""まじめな"""",""""陽気な"""",""""親切な"""",""""活発な"""",""""のんきな""""]""	""[""""solemn"""",""""cheerful"""",""""kind"""",""""active"""",""""carefree""""]""	""[""""solemn"""",""""solar"""",""""solid"""",""""sudden"""",""""silent""""]""	""[{""""word"""":""""serious"""",""""note"""":""""より一般的な語""""}]""	""[{""""word"""":""""cheerful"""",""""note"""":""""明るく陽気な""""}]"""
501464	5	grim	厳しい	very serious and unpleasant	The news was grim for the whole team.	その知らせはチーム全体にとって厳しいものだった。	adjective	5	3	""[""""厳しい"""",""""穏やかな"""",""""明るい"""",""""やさしい"""",""""静かな""""]""	""[""""grim"""",""""calm"""",""""bright"""",""""gentle"""",""""quiet""""]""	""[""""grim"""",""""green"""",""""grin"""",""""glad"""",""""grand""""]""	""[{""""word"""":""""harsh"""",""""note"""":""""きびしい状況や態度に使う""""}]""	""[{""""word"""":""""pleasant"""",""""note"""":""""感じのよい""""}]"""
501465	5	establishment	設立	the act of starting something officially	The establishment of the school helped the town.	その学校の設立は町の助けになった。	noun	5	2	""[""""設立"""",""""発見"""",""""移動"""",""""失敗"""",""""到着""""]""	""[""""establishment"""",""""discovery"""",""""movement"""",""""failure"""",""""arrival""""]""	""[""""establishment"""",""""astonishment"""",""""encouragement"""",""""environment"""",""""experiment""""]""	""[{""""word"""":""""foundation"""",""""note"""":""""組織や制度の設立""""}]""	""[{""""word"""":""""closure"""",""""note"""":""""閉鎖・終了""""}]"""
501466	5	shiver	震える	to shake a little because of cold or fear	I shiver in the cold wind.	私は冷たい風の中で震える。	verb	5	3	""[""""震える"""",""""揺れる"""",""""滑る"""",""""曲がる"""",""""沈む""""]""	""[""""shiver"""",""""shake"""",""""slip"""",""""bend"""",""""sink""""]""	""[""""shiver"""",""""silver"""",""""river"""",""""singer"""",""""sister""""]""	""[{""""word"""":""""shake"""",""""note"""":""""より広い意味で「揺れる」""""}]""	[]"
501467	5	vibrate	振動する	to move quickly back and forth	My phone began to vibrate on the desk.	私の電話は机の上で振動し始めた。	verb	6	3	""[""""振動する"""",""""回転する"""",""""落ちる"""",""""浮かぶ"""",""""止まる""""]""	""[""""vibrate"""",""""rotate"""",""""drop"""",""""float"""",""""stop""""]""	""[""""vibrate"""",""""violin"""",""""private"""",""""pilot"""",""""climate""""]""	""[{""""word"""":""""shake"""",""""note"""":""""より一般的な「揺れる」""""}]""	[]"
501468	5	vibration	振動	quick back-and-forth movement	I felt a vibration in my bag.	私はかばんの中で振動を感じた。	noun	6	2	""[""""振動"""",""""回転"""",""""衝突"""",""""動き"""",""""静けさ""""]""	""[""""vibration"""",""""rotation"""",""""collision"""",""""motion"""",""""silence""""]""	""[""""vibration"""",""""vacation"""",""""vision"""",""""visitor"""",""""variation""""]""	[]	[]"
501469	5	communism	共産主義	a political system in which property is shared by all people	They studied communism in history class.	彼らは歴史の授業で共産主義を学んだ。	noun	5	2	""[""""共産主義"""",""""資本主義"""",""""民主主義"""",""""社会"""",""""政府""""]""	""[""""communism"""",""""capitalism"""",""""democracy"""",""""society"""",""""government""""]""	""[""""communism"""",""""community"""",""""common"""",""""company"""",""""communicate""""]""	[]	""[{""""word"""":""""capitalism"""",""""note"""":""""反対の経済・社会体制""""}]"""
501470	5	bitter	苦い	having a strong sharp taste, not sweet	This tea is too bitter for me.	このお茶は私には苦すぎる。	adjective	4	3	""[""""苦い"""",""""甘い"""",""""酸っぱい"""",""""辛い"""",""""しょっぱい""""]""	""[""""bitter"""",""""sweet"""",""""sour"""",""""spicy"""",""""salty""""]""	""[""""bitter"""",""""better"""",""""butter"""",""""bigger"""",""""winter""""]""	[]	""[{""""word"""":""""sweet"""",""""note"""":""""味の反対""""}]"""
501471	5	anchor	いかり	a heavy object used to keep a ship in one place	The sailors dropped the anchor near the shore.	船員たちは岸の近くでいかりを下ろした。	noun	5	2	""[""""いかり"""",""""帆"""",""""甲板"""",""""港"""",""""船体""""]""	""[""""anchor"""",""""sail"""",""""deck"""",""""port"""",""""hull""""]""	""[""""anchor"""",""""anger"""",""""actor"""",""""ankle"""",""""answer""""]""	[]	[]"
501472	5	crew	乗組員	a group of people who work together on a ship or plane	The plane crew was very kind to us.	その飛行機の乗組員は私たちにとても親切でした。	noun	5	3	""[""""乗組員"""",""""乗客"""",""""運転手"""",""""案内人"""",""""店員""""]""	""[""""crew"""",""""guest"""",""""pilot"""",""""guide"""",""""clerk""""]""	""[""""crew"""",""""clue"""",""""crow"""",""""crab"""",""""grew""""]""	""[{""""word"""":""""staff"""",""""note"""":""""より広く「職員」""""}]""	[]"
501473	5	stun	ぼう然とさせる	to shock someone very much	The news stunned everyone in the room.	その知らせは部屋にいたみんなをぼう然とさせた。	verb	6	2	""[""""ぼう然とさせる"""",""""励ます"""",""""安心させる"""",""""助ける"""",""""招く""""]""	""[""""stun"""",""""cheer"""",""""calm"""",""""help"""",""""invite""""]""	""[""""stun"""",""""stand"""",""""stone"""",""""star"""",""""sun""""]""	""[{""""word"""":""""shock"""",""""note"""":""""より一般的な語""""}]""	""[{""""word"""":""""calm"""",""""note"""":""""気持ちを落ち着かせる""""}]"""
501474	5	stall	屋台	a small shop or table where things are sold	We bought fruit at a market stall.	私たちは市場の屋台で果物を買った。	noun	5	2	""[""""屋台"""",""""倉庫"""",""""工場"""",""""劇場"""",""""図書館""""]""	""[""""stall"""",""""warehouse"""",""""factory"""",""""theater"""",""""library""""]""	""[""""stall"""",""""star"""",""""stone"""",""""small"""",""""still""""]""	""[{""""word"""":""""stand"""",""""note"""":""""売り場の台という意味で近い""""}]""	[]"
501475	5	ad	広告	a short notice that tells people about a product or service	I saw an ad on TV last night.	私は昨夜テレビで広告を見ました。	noun	3	4	""[""""広告"""",""""記事"""",""""番組"""",""""看板"""",""""案内""""]""	""[""""ad"""",""""news"""",""""show"""",""""sign"""",""""guide""""]""	""[""""ad"""",""""add"""",""""aid"""",""""and"""",""""bad""""]""	""[{""""word"""":""""advertisement"""",""""note"""":""""ad is a short form""""}]""	[]"
501476	5	briefing	説明会	a short meeting to give important information	We had a briefing before the trip.	私たちは旅行の前に説明会をしました。	noun	5	2	""[""""説明会"""",""""会議"""",""""授業"""",""""試合"""",""""面接""""]""	""[""""briefing"""",""""meeting"""",""""class"""",""""game"""",""""interview""""]""	""[""""briefing"""",""""breathing"""",""""bringing"""",""""breaking"""",""""briefly""""]""	[]	[]"
501477	5	quiz	小テスト	a short test with simple questions	We had a math quiz today.	私たちは今日、数学の小テストがありました。	noun	2	4	""[""""小テスト"""",""""宿題"""",""""授業"""",""""実験"""",""""発表""""]""	""[""""quiz"""",""""homework"""",""""lesson"""",""""experiment"""",""""speech""""]""	""[""""quiz"""",""""quick"""",""""quit"""",""""kiss"""",""""kids""""]""	""[{""""word"""":""""test"""",""""note"""":""""quiz is usually shorter""""}]""	[]"
501478	5	excursion	遠足	a short trip for pleasure or study	Our class went on an excursion to the museum.	私たちのクラスは博物館へ遠足に行きました。	noun	5	2	""[""""遠足"""",""""旅行"""",""""散歩"""",""""見学"""",""""冒険""""]""	""[""""excursion"""",""""journey"""",""""tour"""",""""picnic"""",""""adventure""""]""	""[""""excursion"""",""""expression"""",""""extension"""",""""exception"""",""""discussion""""]""	""[{""""word"""":""""trip"""",""""note"""":""""より一般的な「旅行」""""},{""""word"""":""""outing"""",""""note"""":""""気軽な外出""""}]""	[]"
501479	5	proverb	ことわざ	a short well-known saying	My grandfather often uses a proverb in conversation.	祖父は会話でよくことわざを使います。	noun	5	2	""[""""ことわざ"""",""""なぞなぞ"""",""""冗談"""",""""物語"""",""""詩""""]""	""[""""proverb"""",""""riddle"""",""""joke"""",""""story"""",""""poem""""]""	""[""""proverb"""",""""problem"""",""""program"""",""""promise"""",""""proper""""]""	""[{""""word"""":""""saying"""",""""note"""":""""一般的な言い方""""}]""	[]"
501480	5	had better	〜したほうがよい	used to say what is the best thing to do	You had better take an umbrella today.	今日は傘を持って行ったほうがよいです。	auxiliary	4	4	""[""""〜したほうがよい"""",""""〜するつもりだ"""",""""〜しなければならない"""",""""〜してもよい"""",""""〜したい""""]""	""[""""had better"""",""""be going to"""",""""must"""",""""may"""",""""want to""""]""	""[""""had better"""",""""get better"""",""""bad weather"""",""""hot water"""",""""head teacher""""]""	[]	[]"
501481	5	point out	指摘する	to show something clearly or call attention to it	She pointed out a mistake in my report.	彼女は私のレポートの間違いを指摘した。	verb	5	3	""[""""指摘する"""",""""説明する"""",""""比較する"""",""""想像する"""",""""記録する""""]""	""[""""point out"""",""""explain"""",""""compare"""",""""imagine"""",""""record""""]""	""[""""point out"""",""""paint"""",""""point"""",""""print"""",""""plan""""]""	""[{""""word"""":""""indicate"""",""""note"""":""""ややかたいが近い意味""""},{""""word"""":""""mention"""",""""note"""":""""軽く述べる感じ""""}]""	[]"
501482	5	portray	描写する	to describe or show someone or something in a picture, book, or movie	The movie portrays life in a small town.	その映画は小さな町での生活を描写している。	verb	6	2	""[""""描写する"""",""""発明する"""",""""拒否する"""",""""修理する"""",""""配達する""""]""	""[""""portray"""",""""invent"""",""""refuse"""",""""repair"""",""""deliver""""]""	""[""""portray"""",""""protect"""",""""provide"""",""""pretend"""",""""prepare""""]""	""[{""""word"""":""""describe"""",""""note"""":""""言葉で説明する意味で近い""""}]""	[]"
501483	5	highlight	強調する	to make something important easy to notice	The teacher highlighted the main idea.	先生は要点を強調した。	verb	5	3	""[""""強調する"""",""""拡大する"""",""""翻訳する"""",""""交換する"""",""""測定する""""]""	""[""""highlight"""",""""expand"""",""""translate"""",""""exchange"""",""""measure""""]""	""[""""highlight"""",""""highland"""",""""highway"""",""""history"""",""""hijack""""]""	""[{""""word"""":""""stress"""",""""note"""":""""重要さを強く示す""""},{""""word"""":""""emphasize"""",""""note"""":""""よりややかたい語""""}]""	""[{""""word"""":""""ignore"""",""""note"""":""""注意を向けない""""}]"""
501484	5	exposure	さらされること	the state of being open to something	Long exposure to the sun can hurt your skin.	長い時間日光にさらされると、肌を傷めることがあります。	noun	5	3	""[""""さらされること"""",""""発見"""",""""保護"""",""""増加"""",""""移動""""]""	""[""""exposure"""",""""discovery"""",""""protection"""",""""increase"""",""""movement""""]""	""[""""exposure"""",""""explorer"""",""""express"""",""""special"""",""""pressure""""]""	[]	[]"
501485	5	disclose	明らかにする	to make something known	The company did not disclose the plan.	その会社はその計画を明らかにしませんでした。	verb	5	3	""[""""明らかにする"""",""""隠す"""",""""集める"""",""""防ぐ"""",""""比較する""""]""	""[""""disclose"""",""""hide"""",""""collect"""",""""prevent"""",""""compare""""]""	""[""""disclose"""",""""dispose"""",""""discuss"""",""""discover"""",""""dislike""""]""	""[{""""word"""":""""reveal"""",""""note"""":""""より一般的な語""""}]""	""[{""""word"""":""""hide"""",""""note"""":""""見えないようにする""""}]"""
501486	5	slam	バタンと閉める	to shut something with a loud sound	Please do not slam the door.	ドアをバタンと閉めないでください。	verb	5	3	""[""""バタンと閉める"""",""""静かに開ける"""",""""持ち上げる"""",""""押し続ける"""",""""磨く""""]""	""[""""slam"""",""""open"""",""""lift"""",""""push"""",""""polish""""]""	""[""""slam"""",""""slim"""",""""swam"""",""""sleep"""",""""slow""""]""	""[{""""word"""":""""bang"""",""""note"""":""""大きな音を立てる""""}]""	""[{""""word"""":""""open"""",""""note"""":""""閉めるの反対""""}]"""
501487	5	parallel	平行な	side by side and never meeting	The two lines are parallel.	その2本の線は平行だ。	adjective	5	2	""[""""平行な"""",""""垂直な"""",""""曲がった"""",""""短い"""",""""太い""""]""	""[""""parallel"""",""""vertical"""",""""curved"""",""""short"""",""""thick""""]""	""[""""parallel"""",""""parrot"""",""""palace"""",""""parent"""",""""panel""""]""	[]	""[{""""word"""":""""crossing"""",""""note"""":""""線などが交わる感じ""""}]"""
501488	5	profile	人物紹介	a short description of a person	I read her profile online.	私はオンラインで彼女の人物紹介を読んだ。	noun	5	3	""[""""人物紹介"""",""""広告"""",""""見出し"""",""""案内"""",""""記録""""]""	""[""""profile"""",""""advertisement"""",""""headline"""",""""guide"""",""""record""""]""	""[""""profile"""",""""provide"""",""""project"""",""""promise"""",""""program""""]""	[]	[]"
501489	5	banner	横断幕	a long piece of cloth with words on it	They carried a banner at the game.	彼らは試合で横断幕を持っていた。	noun	5	2	""[""""横断幕"""",""""旗"""",""""看板"""",""""ポスター"""",""""合図""""]""	""[""""banner"""",""""flag"""",""""sign"""",""""poster"""",""""signal""""]""	""[""""banner"""",""""banker"""",""""hammer"""",""""manner"""",""""dinner""""]""	[]	[]"
501490	5	salute	敬礼する	to show respect with a special hand movement	The soldier saluted the captain.	その兵士は隊長に敬礼した。	verb	5	2	""[""""敬礼する"""",""""応援する"""",""""案内する"""",""""紹介する"""",""""訪ねる""""]""	""[""""salute"""",""""support"""",""""guide"""",""""introduce"""",""""visit""""]""	""[""""salute"""",""""solution"""",""""salad"""",""""select"""",""""sleep""""]""	""[{""""word"""":""""greet"""",""""note"""":""""あいさつする意。salute は特に敬意を示す動作""""}]""	[]"
501491	5	landmark	名所	a famous place or building	We visited a famous landmark in Tokyo.	私たちは東京の有名な名所を訪れた。	noun	5	3	""[""""名所"""",""""駅"""",""""橋"""",""""公園"""",""""空港""""]""	""[""""landmark"""",""""station"""",""""bridge"""",""""park"""",""""airport""""]""	""[""""landmark"""",""""handbag"""",""""sandwich"""",""""landfill"""",""""grandma""""]""	""[{""""word"""":""""sight"""",""""note"""":""""観光で見る場所。landmark は特に有名な場所""""}]""	[]"
501492	5	badge	バッジ	a small sign worn on clothes	She wore a school badge on her jacket.	彼女はジャケットに学校のバッジをつけていた。	noun	4	2	""[""""バッジ"""",""""切手"""",""""硬貨"""",""""鍵"""",""""封筒""""]""	""[""""badge"""",""""stamp"""",""""coin"""",""""key"""",""""envelope""""]""	""[""""badge"""",""""bag"""",""""bridge"""",""""back"""",""""band""""]""	[]	[]"
501493	5	token	しるし	a sign that shows a feeling or fact	The gift was a token of thanks.	その贈り物は感謝のしるしだった。	noun	5	3	""[""""しるし"""",""""約束"""",""""方法"""",""""景色"""",""""習慣""""]""	""[""""token"""",""""signal"""",""""custom"""",""""method"""",""""memory""""]""	""[""""token"""",""""taken"""",""""open"""",""""total"""",""""towel""""]""	""[{""""word"""":""""sign"""",""""note"""":""""より一般的な語""""}]""	[]"
501494	5	autograph	サイン	a famous person's written name	I got her autograph after the show.	私はショーのあとで彼女のサインをもらった。	noun	5	3	""[""""サイン"""",""""招待"""",""""拍手"""",""""握手"""",""""冗談""""]""	""[""""autograph"""",""""ticket"""",""""message"""",""""present"""",""""poster""""]""	""[""""autograph"""",""""paragraph"""",""""photograph"""",""""telegram"""",""""calendar""""]""	""[{""""word"""":""""signature"""",""""note"""":""""一般には署名、autograph は有名人のサイン""""}]""	[]"
501495	5	naive	世間知らずの	too ready to believe people	He was naive and trusted everyone.	彼は世間知らずで、だれでも信じた。	adjective	5	3	""[""""世間知らずの"""",""""正直な"""",""""勇敢な"""",""""穏やかな"""",""""器用な""""]""	""[""""naive"""",""""honest"""",""""brave"""",""""calm"""",""""clever""""]""	""[""""naive"""",""""native"""",""""negative"""",""""narrow"""",""""neighbor""""]""	""[{""""word"""":""""innocent"""",""""note"""":""""悪意がなく純真な感じ""""}]""	""[{""""word"""":""""wise"""",""""note"""":""""経験や判断力がある""""}]"""
501496	5	chorus	合唱	a part of a song sung by many voices together	The students sang in the chorus at school.	生徒たちは学校で合唱をしました。	noun	5	3	""[""""合唱"""",""""独唱"""",""""演奏"""",""""拍手"""",""""練習""""]""	""[""""chorus"""",""""solo"""",""""concert"""",""""applause"""",""""practice""""]""	""[""""chorus"""",""""choice"""",""""course"""",""""corner"""",""""color""""]""	""[{""""word"""":""""choir"""",""""note"""":""""主に聖歌隊・合唱団""""}]""	[]"
501497	5	singular	単数の	meaning one, not more than one	Use a singular noun after this word.	この語の後には単数名詞を使いなさい。	adjective	6	2	""[""""単数の"""",""""複数の"""",""""特別な"""",""""短い"""",""""正確な""""]""	""[""""singular"""",""""plural"""",""""special"""",""""short"""",""""exact""""]""	""[""""singular"""",""""similar"""",""""signal"""",""""single"""",""""singer""""]""	""[{""""word"""":""""single"""",""""note"""":""""日常語で「一つの」""""}]""	""[{""""word"""":""""plural"""",""""note"""":""""文法で「複数の」""""}]"""
501498	5	unmarried	未婚の	not married	She is unmarried and lives alone.	彼女は未婚で、一人で暮らしています。	adjective	5	3	""[""""未婚の"""",""""既婚の"""",""""若い"""",""""静かな"""",""""有名な""""]""	""[""""unmarried"""",""""married"""",""""young"""",""""quiet"""",""""famous""""]""	""[""""unmarried"""",""""unwanted"""",""""uncertain"""",""""unhappy"""",""""unfair""""]""	""[{""""word"""":""""single"""",""""note"""":""""日常会話でよく使う""""}]""	""[{""""word"""":""""married"""",""""note"""":""""結婚している""""}]"""
501499	5	circumstance	状況	the condition or situation around something	We must change our plan because of the circumstance.	その状況のため、私たちは計画を変えなければなりません。	noun	5	3	""[""""状況"""",""""能力"""",""""方法"""",""""結果"""",""""理由""""]""	""[""""circumstance"""",""""capacity"""",""""method"""",""""result"""",""""reason""""]""	""[""""circumstance"""",""""conference"""",""""confidence"""",""""consequence"""",""""constant""""]""	""[{""""word"""":""""situation"""",""""note"""":""""より一般的な語""""}]""	[]"
501500	5	capacity	収容力	the amount that something can hold	This hall has a capacity of 500 people.	このホールの収容力は500人です。	noun	5	3	""[""""収容力"""",""""状況"""",""""技術"""",""""費用"""",""""方法""""]""	""[""""capacity"""",""""circumstance"""",""""skill"""",""""cost"""",""""method""""]""	""[""""capacity"""",""""capital"""",""""captain"""",""""activity"""",""""electricity""""]""	[]	[]"
501501	5	technician	技術者	a person skilled in practical technical work	The technician fixed my computer quickly.	その技術者は私のコンピューターをすぐに直しました。	noun	5	3	""[""""技術者"""",""""医者"""",""""画家"""",""""運転手"""",""""店員""""]""	""[""""technician"""",""""doctor"""",""""artist"""",""""driver"""",""""clerk""""]""	""[""""technician"""",""""musician"""",""""electrician"""",""""tradition"""",""""vacation""""]""	[]	[]"
501502	5	ozone layer	オゾン層	a layer of gas high above the Earth that protects us from the sun	The ozone layer protects the Earth from harmful sunlight.	オゾン層は有害な太陽光から地球を守る。	noun	5	2	""[""""オゾン層"""",""""大気"""",""""雲"""",""""地表"""",""""気温""""]""	""[""""ozone layer"""",""""atmosphere"""",""""cloud"""",""""surface"""",""""temperature""""]""	""[""""ozone layer"""",""""ocean area"""",""""open letter"""",""""orange juice"""",""""older player""""]""	[]	[]"
501503	5	chip	かけら	a small thin piece of something	A chip of glass was on the floor.	床にガラスのかけらがあった。	noun	4	4	""[""""かけら"""",""""束"""",""""列"""",""""層"""",""""山""""]""	""[""""chip"""",""""bundle"""",""""row"""",""""layer"""",""""pile""""]""	""[""""chip"""",""""cheap"""",""""chin"""",""""ship"""",""""cheek""""]""	""[{""""word"""":""""piece"""",""""note"""":""""より一般的な語""""}]""	[]"
501504	5	seminar	セミナー	a class or meeting to learn about a subject	She joined a seminar on English teaching.	彼女は英語教育についてのセミナーに参加した。	noun	5	2	""[""""セミナー"""",""""会議"""",""""授業"""",""""講演"""",""""実験""""]""	""[""""seminar"""",""""meeting"""",""""class"""",""""lecture"""",""""experiment""""]""	""[""""seminar"""",""""similar"""",""""senior"""",""""cylinder"""",""""cinema""""]""	[]	[]"
501505	5	miniature	小型模型	a very small copy of something	He built a miniature of the old train.	彼はその古い列車の小型模型を作った。	noun	5	2	""[""""小型模型"""",""""断片"""",""""割合"""",""""表面"""",""""通路""""]""	""[""""miniature"""",""""fragment"""",""""fraction"""",""""surface"""",""""passage""""]""	""[""""miniature"""",""""mixture"""",""""minister"""",""""minute"""",""""nature""""]""	""[{""""word"""":""""model"""",""""note"""":""""より一般的な「模型」""""}]""	[]"
501506	5	fraction	一部	a small part of something	Only a fraction of the students came.	来た生徒はほんの一部だけだった。	noun	5	3	""[""""一部"""",""""断片"""",""""小型模型"""",""""全体"""",""""列""""]""	""[""""fraction"""",""""fragment"""",""""miniature"""",""""whole"""",""""row""""]""	""[""""fraction"""",""""fiction"""",""""friction"""",""""section"""",""""action""""]""	""[{""""word"""":""""part"""",""""note"""":""""より基本的な語""""}]""	""[{""""word"""":""""whole"""",""""note"""":""""全体""""}]"""
501507	5	fragment	断片	a small broken piece of something	I found a fragment of glass on the floor.	床の上にガラスの断片を見つけた。	noun	5	2	""[""""断片"""",""""一部"""",""""小型模型"""",""""束"""",""""層""""]""	""[""""fragment"""",""""fraction"""",""""miniature"""",""""bundle"""",""""layer""""]""	""[""""fragment"""",""""fragrant"""",""""pregnant"""",""""frequent"""",""""flagrant""""]""	""[{""""word"""":""""piece"""",""""note"""":""""より基本的な語""""}]""	[]"
501508	5	stream	小川	a small narrow river	A clear stream runs behind the house.	家の裏を澄んだ小川が流れている。	noun	5	3	""[""""小川"""",""""池"""",""""湖"""",""""滝"""",""""海""""]""	""[""""stream"""",""""pond"""",""""lake"""",""""waterfall"""",""""sea""""]""	""[""""stream"""",""""street"""",""""scream"""",""""strong"""",""""stripe""""]""	""[{""""word"""":""""brook"""",""""note"""":""""やや文語的な「小川」""""}]""	[]"
501509	5	compact	小型の	small but useful	This camera is compact and easy to carry.	このカメラは小型で持ち運びやすい。	adjective	5	3	""[""""小型の"""",""""重い"""",""""高価な"""",""""柔らかい"""",""""静かな""""]""	""[""""compact"""",""""heavy"""",""""expensive"""",""""soft"""",""""quiet""""]""	""[""""compact"""",""""contact"""",""""correct"""",""""connect"""",""""collect""""]""	""[{""""word"""":""""small"""",""""note"""":""""より基本的な語""""},{""""word"""":""""tiny"""",""""note"""":""""もっと小さい感じ""""}]""	""[{""""word"""":""""large"""",""""note"""":""""大きい""""},{""""word"""":""""huge"""",""""note"""":""""とても大きい""""}]"""
501510	5	scrap	切れ端	a small useless piece left over	She wrote the number on a scrap of paper.	彼女は紙切れにその番号を書いた。	noun	5	2	""[""""切れ端"""",""""束"""",""""表紙"""",""""段落"""",""""裏面""""]""	""[""""scrap"""",""""bundle"""",""""cover"""",""""paragraph"""",""""back""""]""	""[""""scrap"""",""""strap"""",""""slap"""",""""snap"""",""""screen""""]""	""[{""""word"""":""""piece"""",""""note"""":""""より広い意味の「一片」""""}]""	[]"
501511	5	fewer	より少ない	a smaller number of things	There are fewer cars on this road today.	今日はこの道の車がより少ない。	adjective	5	3	""[""""より少ない"""",""""より多い"""",""""同じくらいの"""",""""十分な"""",""""少しの""""]""	""[""""fewer"""",""""more"""",""""same"""",""""enough"""",""""few""""]""	""[""""fewer"""",""""viewer"""",""""fever"""",""""flower"""",""""future""""]""	""[{""""word"""":""""less"""",""""note"""":""""less は主に数えられない名詞に使う""""}]""	""[{""""word"""":""""more"""",""""note"""":""""数がより多い""""}]"""
501512	5	odor	におい	a smell, especially a strong one	A strange odor came from the kitchen.	台所から変なにおいがした。	noun	5	3	""[""""におい"""",""""味"""",""""音"""",""""色"""",""""形""""]""	""[""""odor"""",""""taste"""",""""sound"""",""""color"""",""""shape""""]""	""[""""odor"""",""""order"""",""""older"""",""""owner"""",""""other""""]""	""[{""""word"""":""""smell"""",""""note"""":""""より基本的な語""""}]""	[]"
501513	5	sniff	くんくんかぐ	to smell something quickly through the nose	The dog began to sniff my bag.	その犬は私のかばんをくんくんかぎ始めた。	verb	5	3	""[""""くんくんかぐ"""",""""見つめる"""",""""さわる"""",""""押す"""",""""運ぶ""""]""	""[""""sniff"""",""""stare"""",""""touch"""",""""push"""",""""carry""""]""	""[""""sniff"""",""""swift"""",""""smile"""",""""snow"""",""""snap""""]""	""[{""""word"""":""""smell"""",""""note"""":""""より広い意味で「においをかぐ」""""}]""	[]"
501514	5	grin	にっこり笑う	to smile widely	The boy began to grin when he saw the cake.	その男の子はケーキを見てにっこり笑い始めた。	verb	5	3	""[""""にっこり笑う"""",""""泣く"""",""""叫ぶ"""",""""うなずく"""",""""隠れる""""]""	""[""""grin"""",""""cry"""",""""shout"""",""""nod"""",""""hide""""]""	""[""""grin"""",""""green"""",""""grand"""",""""glad"""",""""grow""""]""	""[{""""word"""":""""smile"""",""""note"""":""""grin は歯を見せて笑う感じ""""}]""	[]"
501515	5	chimney	えんとつ	a pipe on a roof for smoke	Smoke came out of the chimney.	煙がえんとつから出ていた。	noun	5	2	""[""""えんとつ"""",""""屋根"""",""""窓"""",""""ドア"""",""""かべ""""]""	""[""""chimney"""",""""roof"""",""""window"""",""""door"""",""""wall""""]""	""[""""chimney"""",""""cheery"""",""""channel"""",""""journey"""",""""shiny""""]""	[]	[]"
501516	5	unrest	不安	a state of worry or trouble in a group or place	The news caused unrest in the town.	その知らせは町に不安を引き起こした。	noun	6	2	""[""""不安"""",""""平和"""",""""喜び"""",""""希望"""",""""静けさ""""]""	""[""""unrest"""",""""peace"""",""""joy"""",""""hope"""",""""calm""""]""	""[""""unrest"""",""""unless"""",""""honest"""",""""sunrise"""",""""under""""]""	""[{""""word"""":""""trouble"""",""""note"""":""""より広い意味で使う""""}]""	""[{""""word"""":""""peace"""",""""note"""":""""争いや不安がない状態""""},{""""word"""":""""calm"""",""""note"""":""""落ち着いた状態""""}]"""
501517	5	civilization	文明	a developed human society with culture and technology	Ancient Egypt had a great civilization.	古代エジプトにはすばらしい文明があった。	noun	5	3	""[""""文明"""",""""文化"""",""""社会"""",""""歴史"""",""""伝統""""]""	""[""""civilization"""",""""culture"""",""""society"""",""""history"""",""""tradition""""]""	""[""""civilization"""",""""situation"""",""""celebration"""",""""organization"""",""""conversation""""]""	""[{""""word"""":""""culture"""",""""note"""":""""広い意味では近いが、civilization は発達した社会を強調""""}]""	[]"
501518	5	pad	詰め物	a soft piece of material used for protection or comfort	She put a pad in the box to protect the glass.	彼女はガラスを守るために箱に詰め物を入れた。	noun	5	2	""[""""詰め物"""",""""布"""",""""紙"""",""""板"""",""""ひも""""]""	""[""""pad"""",""""cloth"""",""""paper"""",""""board"""",""""rope""""]""	""[""""pad"""",""""bad"""",""""pan"""",""""pet"""",""""pig""""]""	""[{""""word"""":""""cushion"""",""""note"""":""""よりクッション性のあるものを表すことが多い""""}]""	[]"
501519	5	velvet	ビロード	a soft cloth with a smooth surface	She wore a velvet dress at the party.	彼女はパーティーでビロードのドレスを着ていた。	noun	5	2	""[""""ビロード"""",""""綿"""",""""絹"""",""""革"""",""""羊毛""""]""	""[""""velvet"""",""""cotton"""",""""silk"""",""""leather"""",""""wool""""]""	""[""""velvet"""",""""helmet"""",""""visit"""",""""village"""",""""basket""""]""	[]	[]"
501520	5	delicate	繊細な	easy to break or damage	Be careful with this delicate glass.	この繊細なガラスには気をつけて。	adjective	5	3	""[""""繊細な"""",""""丈夫な"""",""""重い"""",""""鋭い"""",""""深い""""]""	""[""""delicate"""",""""strong"""",""""heavy"""",""""sharp"""",""""deep""""]""	""[""""delicate"""",""""dedicate"""",""""desperate"""",""""decorate"""",""""delegate""""]""	""[{""""word"""":""""fragile"""",""""note"""":""""こわれやすい物に特によく使う""""}]""	""[{""""word"""":""""strong"""",""""note"""":""""強くてこわれにくい""""}]"""
501521	5	pledge	誓う	to make a serious promise	They pledge to help the poor.	彼らは貧しい人々を助けると誓う。	verb	5	2	""[""""誓う"""",""""断る"""",""""隠す"""",""""借りる"""",""""疑う""""]""	""[""""pledge"""",""""refuse"""",""""hide"""",""""borrow"""",""""doubt""""]""	""[""""pledge"""",""""bridge"""",""""badge"""",""""blame"""",""""place""""]""	""[{""""word"""":""""promise"""",""""note"""":""""より一般的な語""""}]""	""[{""""word"""":""""break"""",""""note"""":""""promiseを破るイメージ""""}]"""
501522	5	vow	誓い	a serious promise	He made a vow to work hard.	彼は一生懸命勉強すると誓いを立てた。	noun	5	2	""[""""誓い"""",""""計画"""",""""提案"""",""""秘密"""",""""習慣""""]""	""[""""vow"""",""""plan"""",""""proposal"""",""""secret"""",""""habit""""]""	""[""""vow"""",""""voice"""",""""vote"""",""""bow"""",""""wow""""]""	""[{""""word"""":""""promise"""",""""note"""":""""より一般的な語""""}]""	[]"
501523	5	work out	解決する	to find an answer by thinking	We must work out this math problem.	私たちはこの数学の問題を解かなければならない。	verb	5	3	""[""""解決する"""",""""発明する"""",""""選ぶ"""",""""説明する"""",""""集める""""]""	""[""""work out"""",""""invent"""",""""choose"""",""""explain"""",""""collect""""]""	""[""""work out"""",""""walk out"""",""""word"""",""""world"""",""""worked""""]""	""[{""""word"""":""""solve"""",""""note"""":""""問題を解くときによく使う""""}]""	[]"
501524	5	addition	追加	something added to something else	The new library is a great addition to our town.	その新しい図書館は私たちの町にとってすばらしい追加だ。	noun	5	3	""[""""追加"""",""""削除"""",""""変化"""",""""計画"""",""""選択""""]""	""[""""addition"""",""""deletion"""",""""change"""",""""plan"""",""""choice""""]""	""[""""addition"""",""""edition"""",""""condition"""",""""attention"""",""""tradition""""]""	""[{""""word"""":""""extra"""",""""note"""":""""よりやさしい語。追加のもの""""}]""	""[{""""word"""":""""removal"""",""""note"""":""""取り除くこと""""}]"""
501525	5	attraction	呼び物	an interesting place or thing that people want to see	The castle is the main attraction in this city.	その城はこの町の主な呼び物です。	noun	5	3	""[""""呼び物"""",""""建物"""",""""通り"""",""""景色"""",""""歴史""""]""	""[""""attraction"""",""""building"""",""""street"""",""""view"""",""""history""""]""	""[""""attraction"""",""""action"""",""""station"""",""""attention"""",""""direction""""]""	""[{""""word"""":""""highlight"""",""""note"""":""""特に目立つ見どころ""""}]""	[]"
501526	5	enjoyable	楽しい	fun and pleasant	The movie was very enjoyable.	その映画はとても楽しかった。	adjective	5	3	""[""""楽しい"""",""""退屈な"""",""""静かな"""",""""危険な"""",""""有名な""""]""	""[""""enjoyable"""",""""boring"""",""""quiet"""",""""dangerous"""",""""famous""""]""	""[""""enjoyable"""",""""enjoy"""",""""joyful"""",""""valuable"""",""""comfortable""""]""	""[{""""word"""":""""fun"""",""""note"""":""""よりくだけた語""""},{""""word"""":""""pleasant"""",""""note"""":""""心地よい感じ""""}]""	""[{""""word"""":""""boring"""",""""note"""":""""つまらない""""}]"""
501527	5	ulcer	潰瘍	a sore inside the body	The doctor said he had a stomach ulcer.	医者は彼が胃潰瘍だと言った。	noun	7	2	""[""""潰瘍"""",""""骨折"""",""""発熱"""",""""せき"""",""""頭痛""""]""	""[""""ulcer"""",""""fracture"""",""""fever"""",""""cough"""",""""headache""""]""	""[""""ulcer"""",""""under"""",""""upper"""",""""answer"""",""""sugar""""]""	[]	[]"
501528	5	apology	謝罪	words that say you are sorry	He gave her an apology for being late.	彼は遅れたことを彼女に謝罪した。	noun	5	3	""[""""謝罪"""",""""招待"""",""""提案"""",""""約束"""",""""質問""""]""	""[""""apology"""",""""invitation"""",""""suggestion"""",""""promise"""",""""question""""]""	""[""""apology"""",""""ecology"""",""""technology"""",""""holiday"""",""""policy""""]""	""[{""""word"""":""""sorry"""",""""note"""":""""会話でよく使う表現""""}]""	[]"
501529	5	whistle	口笛を吹く	to make a high sound with your lips	He can whistle very well.	彼はとても上手に口笛を吹けます。	verb	5	3	""[""""口笛を吹く"""",""""さけぶ"""",""""笑う"""",""""歌う"""",""""泣く""""]""	""[""""whistle"""",""""shout"""",""""laugh"""",""""sing"""",""""cry""""]""	""[""""whistle"""",""""thistle"""",""""wrist"""",""""whisper"""",""""twinkle""""]""	""[{""""word"""":""""blow"""",""""note"""":""""音を出すために息を吹く""""}]""	[]"
501530	5	groan	うめく	to make a low sound because of pain or trouble	He began to groan in pain.	彼は痛みでうめき始めた。	verb	6	2	""[""""うめく"""",""""笑う"""",""""ささやく"""",""""叫ぶ"""",""""歌う""""]""	""[""""groan"""",""""laugh"""",""""whisper"""",""""shout"""",""""sing""""]""	""[""""groan"""",""""grown"""",""""green"""",""""glow"""",""""crown""""]""	""[{""""word"""":""""moan"""",""""note"""":""""groanよりやや長く弱いうめき声""""}]""	[]"
501531	5	reference	参考	something you use for information or help	This book is useful for reference.	この本は参考にするのに役立ちます。	noun	6	3	""[""""参考"""",""""宿題"""",""""会話"""",""""旅行"""",""""約束""""]""	""[""""reference"""",""""homework"""",""""conversation"""",""""trip"""",""""promise""""]""	""[""""reference"""",""""difference"""",""""preference"""",""""conference"""",""""reverence""""]""	""[{""""word"""":""""source"""",""""note"""":""""情報のもとになるもの""""}]""	[]"
501532	5	testify	証言する	to speak in court about what you know	He had to testify in court yesterday.	彼は昨日、法廷で証言しなければなりませんでした。	verb	4	2	""[""""証言する"""",""""告白する"""",""""説明する"""",""""否定する"""",""""報告する""""]""	""[""""testify"""",""""confess"""",""""explain"""",""""deny"""",""""report""""]""	""[""""testify"""",""""terrify"""",""""justify"""",""""identify"""",""""testament""""]""	[]	[]"
501533	5	fluent	流ちょうな	able to speak a language easily and well	She is fluent in English.	彼女は英語が流ちょうです。	adjective	3	3	""[""""流ちょうな"""",""""正確な"""",""""静かな"""",""""丁寧な"""",""""活発な""""]""	""[""""fluent"""",""""accurate"""",""""quiet"""",""""polite"""",""""active""""]""	""[""""fluent"""",""""fruit"""",""""front"""",""""flower"""",""""flat""""]""	""[{""""word"""":""""smooth"""",""""note"""":""""話し方がなめらかな感じ""""}]""	""[{""""word"""":""""hesitant"""",""""note"""":""""ためらいがちでスムーズでない""""}]"""
501534	5	celebration	祝賀	a happy event to mark something special	They had a celebration after the game.	彼らは試合のあとに祝賀会を開いた。	noun	5	3	""[""""祝賀"""",""""会話"""",""""旅行"""",""""練習"""",""""約束""""]""	""[""""celebration"""",""""conversation"""",""""trip"""",""""practice"""",""""promise""""]""	""[""""celebration"""",""""generation"""",""""operation"""",""""separation"""",""""decoration""""]""	""[{""""word"""":""""party"""",""""note"""":""""より日常的な語""""}]""	[]"
501535	5	characteristic	特徴	a typical quality of a person or thing	Kindness is her best characteristic.	親切さは彼女のいちばんの特徴です。	noun	6	3	""[""""特徴"""",""""方法"""",""""目的"""",""""結果"""",""""意見""""]""	""[""""characteristic"""",""""method"""",""""purpose"""",""""result"""",""""opinion""""]""	""[""""characteristic"""",""""careless"""",""""cheerful"""",""""classical"""",""""creative""""]""	""[{""""word"""":""""feature"""",""""note"""":""""物や人の目立つ点""""}]""	[]"
501536	5	privileged	恵まれた	having special advantages that others do not have	He comes from a privileged family.	彼は恵まれた家庭の出身です。	adjective	7	2	""[""""恵まれた"""",""""疲れた"""",""""混乱した"""",""""有名な"""",""""静かな""""]""	""[""""privileged"""",""""tired"""",""""confused"""",""""famous"""",""""quiet""""]""	""[""""privileged"""",""""private"""",""""probable"""",""""practical"""",""""previous""""]""	""[{""""word"""":""""fortunate"""",""""note"""":""""luckily in a good situation""""}]""	""[{""""word"""":""""poor"""",""""note"""":""""お金や機会に恵まれない""""}]"""
501537	5	expertise	専門知識	special skill or knowledge in a subject	She has expertise in computer science.	彼女はコンピューター科学の専門知識を持っています。	noun	5	3	""[""""専門知識"""",""""経験"""",""""才能"""",""""情報"""",""""技術""""]""	""[""""expertise"""",""""experience"""",""""talent"""",""""knowledge"""",""""skill""""]""	""[""""expertise"""",""""exercise"""",""""expert"""",""""extra"""",""""experience""""]""	""[{""""word"""":""""skill"""",""""note"""":""""より広い意味の「技能」""""},{""""word"""":""""knowledge"""",""""note"""":""""知識の面を強調""""}]""	[]"
501538	5	terminology	専門用語	special words used in a subject	Medical terminology is hard to learn.	医療の専門用語を学ぶのは難しいです。	noun	5	2	""[""""専門用語"""",""""文法"""",""""発音"""",""""表現"""",""""会話""""]""	""[""""terminology"""",""""grammar"""",""""pronunciation"""",""""expression"""",""""conversation""""]""	""[""""terminology"""",""""technology"""",""""term"""",""""temporary"""",""""tradition""""]""	""[{""""word"""":""""terms"""",""""note"""":""""ふつうは複数形で使う""""}]""	[]"
501539	5	zone	区域	an area with a special use or purpose	This zone is for students only.	この区域は学生専用です。	noun	4	4	""[""""区域"""",""""地域"""",""""国境"""",""""中心"""",""""通り""""]""	""[""""zone"""",""""area"""",""""border"""",""""center"""",""""street""""]""	""[""""zone"""",""""stone"""",""""phone"""",""""bone"""",""""home""""]""	""[{""""word"""":""""area"""",""""note"""":""""より一般的な語""""}]""	[]"
501540	5	velocity	速度	the speed of something moving	The car reached a high velocity on the road.	その車は道路で高い速度に達した。	noun	5	2	""[""""速度"""",""""重さ"""",""""長さ"""",""""温度"""",""""高さ""""]""	""[""""velocity"""",""""weight"""",""""length"""",""""temperature"""",""""height""""]""	""[""""velocity"""",""""validity"""",""""variety"""",""""victory"""",""""visitor""""]""	""[{""""word"""":""""speed"""",""""note"""":""""より一般的な語""""}]""	[]"
501541	5	chili	とうがらし	a small hot red or green pepper	This soup has too much chili in it.	このスープにはとうがらしが入りすぎている。	noun	4	3	""[""""とうがらし"""",""""たまねぎ"""",""""にんじん"""",""""じゃがいも"""",""""きゅうり""""]""	""[""""chili"""",""""onion"""",""""carrot"""",""""potato"""",""""cucumber""""]""	""[""""chili"""",""""cheery"""",""""chicken"""",""""cheese"""",""""child""""]""	""[{""""word"""":""""pepper"""",""""note"""":""""料理では近い意味で使うことがある""""}]""	[]"
501542	5	verbal	言葉の	using spoken words	We had a verbal agreement before lunch.	私たちは昼食前に口頭の約束をした。	adjective	5	2	""[""""言葉の"""",""""視覚の"""",""""身体の"""",""""個人の"""",""""公共の""""]""	""[""""verbal"""",""""visual"""",""""physical"""",""""personal"""",""""public""""]""	""[""""verbal"""",""""virtual"""",""""formal"""",""""vocal"""",""""normal""""]""	""[{""""word"""":""""spoken"""",""""note"""":""""話し言葉による""""}]""	""[{""""word"""":""""written"""",""""note"""":""""書かれた""""}]"""
501543	5	permeate	広がる	to spread through every part of something	A sweet smell began to permeate the room.	甘いにおいが部屋中に広がり始めた。	verb	5	2	""[""""広がる"""",""""集まる"""",""""止まる"""",""""壊れる"""",""""隠れる""""]""	""[""""permeate"""",""""gather"""",""""stop"""",""""break"""",""""hide""""]""	""[""""permeate"""",""""terminate"""",""""decorate"""",""""generate"""",""""celebrate""""]""	""[{""""word"""":""""spread"""",""""note"""":""""より基本的な語""""}]""	""[{""""word"""":""""block"""",""""note"""":""""通さないようにする""""}]"""
501544	5	personnel	職員	the people who work for an organization	The hospital needs more medical personnel.	その病院はもっと多くの医療職員を必要としている。	noun	5	3	""[""""職員"""",""""乗客"""",""""観客"""",""""患者"""",""""住民""""]""	""[""""personnel"""",""""passengers"""",""""audience"""",""""patients"""",""""residents""""]""	""[""""personnel"""",""""personal"""",""""festival"""",""""general"""",""""journal""""]""	""[{""""word"""":""""staff"""",""""note"""":""""より一般的な語""""}]""	[]"
501545	5	phase	段階	one part in a process of change or development	The project is now in its final phase.	その計画は今、最終段階にある。	noun	4	3	""[""""段階"""",""""方法"""",""""結果"""",""""理由"""",""""機会""""]""	""[""""phase"""",""""method"""",""""result"""",""""reason"""",""""chance""""]""	""[""""phase"""",""""face"""",""""place"""",""""pace"""",""""case""""]""	""[{""""word"""":""""stage"""",""""note"""":""""よく似た意味で使う""""}]""	[]"
501546	5	withstand	耐える	to stay strong against something difficult	These walls can withstand strong winds.	これらの壁は強い風に耐えることができる。	verb	5	2	""[""""耐える"""",""""防ぐ"""",""""避ける"""",""""支える"""",""""直す""""]""	""[""""withstand"""",""""prevent"""",""""avoid"""",""""support"""",""""repair""""]""	""[""""withstand"""",""""withdraw"""",""""withhold"""",""""stand"""",""""west""""]""	""[{""""word"""":""""resist"""",""""note"""":""""少しかたいが近い意味""""}]""	""[{""""word"""":""""give in"""",""""note"""":""""抵抗せず負ける""""}]"""
501547	5	norm	基準	a usual or accepted standard	This score is above the norm for our class.	この点数は私たちのクラスの基準より上だ。	noun	5	2	""[""""基準"""",""""規則"""",""""方法"""",""""結果"""",""""目的""""]""	""[""""norm"""",""""rule"""",""""method"""",""""result"""",""""purpose""""]""	""[""""norm"""",""""form"""",""""storm"""",""""north"""",""""note""""]""	""[{""""word"""":""""standard"""",""""note"""":""""より一般的な語""""}]""	[]"
501548	5	benchmark	基準	a standard used for comparison	This test is a benchmark for reading skills.	このテストは読解力の基準だ。	noun	5	2	""[""""基準"""",""""目標"""",""""記録"""",""""計画"""",""""方法""""]""	""[""""benchmark"""",""""target"""",""""record"""",""""plan"""",""""method""""]""	""[""""benchmark"""",""""birthmark"""",""""checkmark"""",""""landmark"""",""""bench""""]""	""[{""""word"""":""""standard"""",""""note"""":""""広い意味で使う語""""},{""""word"""":""""criterion"""",""""note"""":""""ややかたい語""""}]""	[]"
501549	5	idol	偶像	a famous person loved by many people	The singer became a teen idol.	その歌手は10代の若者の偶像になった。	noun	5	3	""[""""偶像"""",""""英雄"""",""""俳優"""",""""歌手"""",""""王様""""]""	""[""""idol"""",""""actor"""",""""singer"""",""""hero"""",""""king""""]""	""[""""idol"""",""""idle"""",""""item"""",""""idea"""",""""iron""""]""	""[{""""word"""":""""star"""",""""note"""":""""有名人としての意味で近い""""}]""	[]"
501550	5	commence	始める	to begin something	The meeting will commence at nine.	会議は9時に始まります。	verb	6	2	""[""""始める"""",""""終える"""",""""続ける"""",""""止める"""",""""変える""""]""	""[""""commence"""",""""finish"""",""""continue"""",""""stop"""",""""change""""]""	""[""""commence"""",""""comment"""",""""common"""",""""command"""",""""commerce""""]""	""[{""""word"""":""""begin"""",""""note"""":""""より基本的な語""""},{""""word"""":""""start"""",""""note"""":""""日常会話でよく使う""""}]""	""[{""""word"""":""""finish"""",""""note"""":""""終える""""}]"""
501551	5	outset	始まり	the beginning of something	At the outset, everyone was nervous.	始まりには、みんな緊張していた。	noun	6	2	""[""""始まり"""",""""終わり"""",""""途中"""",""""結果"""",""""計画""""]""	""[""""outset"""",""""ending"""",""""middle"""",""""result"""",""""plan""""]""	""[""""outset"""",""""outside"""",""""output"""",""""upset"""",""""offset""""]""	""[{""""word"""":""""beginning"""",""""note"""":""""より基本的で自然な語""""},{""""word"""":""""start"""",""""note"""":""""くだけた言い方で近い""""}]""	""[{""""word"""":""""ending"""",""""note"""":""""終わり""""}]"""
501552	5	trigger	引き起こす	to cause something to happen	Stress can trigger headaches.	ストレスは頭痛を引き起こすことがある。	verb	5	3	""[""""引き起こす"""",""""防ぐ"""",""""続ける"""",""""集める"""",""""支える""""]""	""[""""trigger"""",""""prevent"""",""""continue"""",""""collect"""",""""support""""]""	""[""""trigger"""",""""bigger"""",""""trick"""",""""tiger"""",""""figure""""]""	""[{""""word"""":""""cause"""",""""note"""":""""より基本的な語""""},{""""word"""":""""lead to"""",""""note"""":""""結果として起こす""""}]""	""[{""""word"""":""""prevent"""",""""note"""":""""起こるのを防ぐ""""}]"""
501553	5	move into	入居する	to begin living in a new place	We will move into our new house next month.	私たちは来月、新しい家に入居します。	verb	4	3	""[""""入居する"""",""""引っ越す"""",""""出発する"""",""""訪ねる"""",""""掃除する""""]""	""[""""move into"""",""""move out of"""",""""leave"""",""""visit"""",""""clean""""]""	""[""""move into"""",""""move over"""",""""move away"""",""""go into"""",""""run into""""]""	[]	""[{""""word"""":""""move out of"""",""""note"""":""""住んでいた場所を出る""""}]"""
501554	5	onset	始まり	the beginning of something, especially something unpleasant	The onset of winter was early this year.	今年は冬の始まりが早かった。	noun	6	2	""[""""始まり"""",""""終わり"""",""""変化"""",""""理由"""",""""結果""""]""	""[""""onset"""",""""ending"""",""""change"""",""""reason"""",""""result""""]""	""[""""onset"""",""""sunset"""",""""insect"""",""""asset"""",""""honest""""]""	""[{""""word"""":""""beginning"""",""""note"""":""""より基本的で広い語""""}]""	""[{""""word"""":""""ending"""",""""note"""":""""終わり""""}]"""
501555	5	beginning	始まり	the first part of something	The movie was exciting from the beginning.	その映画は始まりからわくわくした。	noun	5	3	""[""""始まり"""",""""終わり"""",""""途中"""",""""変化"""",""""結果""""]""	""[""""beginning"""",""""ending"""",""""middle"""",""""change"""",""""result""""]""	""[""""beginning"""",""""beginner"""",""""bringing"""",""""becoming"""",""""begin""""]""	""[{""""word"""":""""start"""",""""note"""":""""より日常的な語""""}]""	""[{""""word"""":""""end"""",""""note"""":""""終わり""""}]"""
501556	5	founder	創設者	a person who starts a company or group	She is the founder of the school.	彼女はその学校の創設者です。	noun	6	2	""[""""創設者"""",""""発明家"""",""""指導者"""",""""作家"""",""""画家""""]""	""[""""founder"""",""""inventor"""",""""leader"""",""""writer"""",""""painter""""]""	""[""""founder"""",""""fountain"""",""""folder"""",""""farmer"""",""""finder""""]""	[]	[]"
501557	5	introduction	紹介	the act of telling who someone is or what something is	He gave a short introduction before the song.	彼はその歌の前に短い紹介をした。	noun	6	3	""[""""紹介"""",""""説明"""",""""会話"""",""""質問"""",""""招待""""]""	""[""""introduction"""",""""explanation"""",""""conversation"""",""""question"""",""""invitation""""]""	""[""""introduction"""",""""instruction"""",""""interruption"""",""""information"""",""""invitation""""]""	""[{""""word"""":""""presentation"""",""""note"""":""""やや改まった言い方""""}]""	[]"
501558	5	stability	安定	a state of being steady and not changing much	The country needs stability after the election.	その国は選挙の後に安定を必要としている。	noun	5	3	""[""""安定"""",""""混乱"""",""""成長"""",""""変化"""",""""失業""""]""	""[""""stability"""",""""confusion"""",""""growth"""",""""change"""",""""unrest""""]""	""[""""stability"""",""""ability"""",""""activity"""",""""security"""",""""society""""]""	""[{""""word"""":""""steadiness"""",""""note"""":""""より物理的・状態の安定にも使う""""}]""	""[{""""word"""":""""instability"""",""""note"""":""""不安定な状態""""},{""""word"""":""""unrest"""",""""note"""":""""社会の落ち着きのなさ""""}]"""
501559	5	turmoil	混乱	a state of great confusion or trouble	The city was in turmoil after the storm.	その町は嵐の後、混乱していた。	noun	5	2	""[""""混乱"""",""""安定"""",""""平和"""",""""成長"""",""""失業""""]""	""[""""turmoil"""",""""stability"""",""""peace"""",""""growth"""",""""order""""]""	""[""""turmoil"""",""""turnip"""",""""turtle"""",""""terminal"""",""""teacher""""]""	""[{""""word"""":""""confusion"""",""""note"""":""""より基本的な語""""},{""""word"""":""""chaos"""",""""note"""":""""より強い混乱""""}]""	""[{""""word"""":""""stability"""",""""note"""":""""安定した状態""""},{""""word"""":""""peace"""",""""note"""":""""争いのない落ち着き""""}]"""
501560	5	unemployment	失業	the state of having no job	Unemployment increased last year.	失業は昨年増加した。	noun	5	4	""[""""失業"""",""""雇用"""",""""収入"""",""""景気"""",""""混乱""""]""	""[""""unemployment"""",""""employment"""",""""income"""",""""economy"""",""""poverty""""]""	""[""""unemployment"""",""""agreement"""",""""government"""",""""environment"""",""""development""""]""	[]	""[{""""word"""":""""employment"""",""""note"""":""""仕事がある状態""""}]"""
501561	5	testimony	証言	a formal statement about what someone knows	The witness gave testimony in court.	その目撃者は法廷で証言した。	noun	5	2	""[""""証言"""",""""証拠"""",""""説明"""",""""報告"""",""""約束""""]""	""[""""testimony"""",""""evidence"""",""""report"""",""""promise"""",""""warning""""]""	""[""""testimony"""",""""ceremony"""",""""testify"""",""""history"""",""""memory""""]""	""[{""""word"""":""""statement"""",""""note"""":""""より一般的な『発言・声明』""""}]""	[]"
501562	5	sit up	上体を起こす	to raise your body to a sitting position	Please sit up in bed.	ベッドで上体を起こしてください。	verb	4	3	""[""""上体を起こす"""",""""横になる"""",""""立ち上がる"""",""""座る"""",""""振り向く""""]""	""[""""sit up"""",""""lie down"""",""""stand up"""",""""sit down"""",""""turn around""""]""	""[""""sit up"""",""""set up"""",""""stand up"""",""""sit down"""",""""get up""""]""	[]	""[{""""word"""":""""lie down"""",""""note"""":""""横になる""""}]"""
501563	5	survival	生き残り	the state of continuing to live	Food and water are important for survival.	食べ物と水は生き残りのために大切だ。	noun	5	3	""[""""生き残り"""",""""成長"""",""""出発"""",""""発見"""",""""到着""""]""	""[""""survival"""",""""growth"""",""""departure"""",""""discovery"""",""""arrival""""]""	""[""""survival"""",""""arrival"""",""""festival"""",""""service"""",""""survey""""]""	[]	[]"
501564	5	robbery	強盗	the crime of stealing from a person or place	The police are investigating the robbery.	警察はその強盗事件を調べている。	noun	5	2	""[""""強盗"""",""""放火"""",""""事故"""",""""会議"""",""""旅行""""]""	""[""""robbery"""",""""arson"""",""""accident"""",""""meeting"""",""""trip""""]""	""[""""robbery"""",""""rubber"""",""""library"""",""""battery"""",""""recovery""""]""	""[{""""word"""":""""theft"""",""""note"""":""""盗み全般。robbery は強盗""""}]""	[]"
501565	5	navigate	進路を決める	to find the way to go somewhere	We used a map to navigate the city.	私たちは地図を使ってその街で進路を決めた。	verb	5	2	""[""""進路を決める"""",""""予約する"""",""""修理する"""",""""説明する"""",""""拒否する""""]""	""[""""navigate"""",""""reserve"""",""""repair"""",""""explain"""",""""refuse""""]""	""[""""navigate"""",""""negative"""",""""decorate"""",""""celebrate"""",""""calculate""""]""	""[{""""word"""":""""guide"""",""""note"""":""""guide は案内する、navigate は進路を見つける""""}]""	[]"
501566	5	navigation	航行	the act of finding the way to go	Good navigation kept the ship safe.	よい航行でその船は安全だった。	noun	5	3	""[""""航行"""",""""飛行"""",""""運転"""",""""建設"""",""""発明""""]""	""[""""navigation"""",""""aviation"""",""""driving"""",""""building"""",""""invention""""]""	""[""""navigation"""",""""vacation"""",""""nation"""",""""notation"""",""""location""""]""	""[{""""word"""":""""guidance"""",""""note"""":""""道案内の意味で近い""""}]""	[]"
501567	5	stair	階段	a set of steps inside a building	She ran up the stair quickly.	彼女はその階段をすばやく駆け上がった。	noun	4	4	""[""""階段"""",""""廊下"""",""""屋根"""",""""天井"""",""""床""""]""	""[""""stair"""",""""hallway"""",""""roof"""",""""ceiling"""",""""floor""""]""	""[""""stair"""",""""star"""",""""store"""",""""stone"""",""""stare""""]""	""[{""""word"""":""""step"""",""""note"""":""""一段は step、全体では stair に近い""""}]""	[]"
501568	5	adhere to	従う	to follow a rule or plan closely	We must adhere to the rules.	私たちはその規則に従わなければならない。	verb	6	2	""[""""従う"""",""""破る"""",""""変える"""",""""無視する"""",""""疑う""""]""	""[""""adhere to"""",""""break"""",""""change"""",""""ignore"""",""""doubt""""]""	""[""""adhere to"""",""""agree to"""",""""add to"""",""""head to"""",""""hold to""""]""	""[{""""word"""":""""follow"""",""""note"""":""""より基本的な語""""},{""""word"""":""""obey"""",""""note"""":""""規則に従うときに近い""""}]""	""[{""""word"""":""""ignore"""",""""note"""":""""従わず無視する""""},{""""word"""":""""disobey"""",""""note"""":""""命令や規則に従わない""""}]"""
501569	5	rigid	硬い	hard and not easy to bend or change	The box is made of rigid plastic.	その箱は硬いプラスチックでできている。	adjective	5	2	""[""""硬い"""",""""柔らかい"""",""""軽い"""",""""厚い"""",""""深い""""]""	""[""""rigid"""",""""soft"""",""""light"""",""""thick"""",""""deep""""]""	""[""""rigid"""",""""rapid"""",""""liquid"""",""""rich"""",""""ribbon""""]""	""[{""""word"""":""""stiff"""",""""note"""":""""物が曲がりにくいときによく使う""""}]""	""[{""""word"""":""""flexible"""",""""note"""":""""曲げやすい""""}]"""
501570	5	choke	息が詰まる	to have trouble breathing because something blocks the throat	He began to choke on the candy.	彼はそのキャンディーで息が詰まり始めた。	verb	5	2	""[""""息が詰まる"""",""""転ぶ"""",""""沈む"""",""""滑る"""",""""震える""""]""	""[""""choke"""",""""fall"""",""""sink"""",""""slip"""",""""shake""""]""	""[""""choke"""",""""cheek"""",""""choice"""",""""coat"""",""""cook""""]""	[]	[]"
501571	5	frustrate	いらだたせる	to make someone feel upset because things do not go well	The long wait will frustrate many people.	長い待ち時間は多くの人をいらだたせるだろう。	verb	5	3	""[""""いらだたせる"""",""""驚かせる"""",""""安心させる"""",""""励ます"""",""""満足させる""""]""	""[""""frustrate"""",""""surprise"""",""""relax"""",""""encourage"""",""""satisfy""""]""	""[""""frustrate"""",""""illustrate"""",""""celebrate"""",""""separate"""",""""translate""""]""	""[{""""word"""":""""upset"""",""""note"""":""""より広い意味で「動揺させる」""""},{""""word"""":""""annoy"""",""""note"""":""""より日常的な「いらだたせる」""""}]""	""[{""""word"""":""""satisfy"""",""""note"""":""""満足させる""""},{""""word"""":""""please"""",""""note"""":""""喜ばせる""""}]"""
501572	5	suffocate	窒息する	to be unable to breathe	The smoke made it hard not to suffocate.	その煙で窒息しそうになった。	verb	6	2	""[""""窒息する"""",""""回復する"""",""""成長する"""",""""浮かぶ"""",""""逃げる""""]""	""[""""suffocate"""",""""recover"""",""""grow"""",""""float"""",""""escape""""]""	""[""""suffocate"""",""""separate"""",""""celebrate"""",""""complicate"""",""""educate""""]""	""[{""""word"""":""""choke"""",""""note"""":""""のどが詰まって息ができない""""}]""	[]"
501573	5	suppress	抑える	to stop something from being shown or growing	He tried to suppress his anger.	彼は怒りを抑えようとした。	verb	6	2	""[""""抑える"""",""""広げる"""",""""認める"""",""""高める"""",""""失う""""]""	""[""""suppress"""",""""spread"""",""""accept"""",""""raise"""",""""lose""""]""	""[""""suppress"""",""""support"""",""""surprise"""",""""suggest"""",""""suspect""""]""	""[{""""word"""":""""control"""",""""note"""":""""広い意味で「抑える」""""},{""""word"""":""""hold back"""",""""note"""":""""感情などを抑える""""}]""	""[{""""word"""":""""express"""",""""note"""":""""感情などを表す""""},{""""word"""":""""release"""",""""note"""":""""抑えていたものを放つ""""}]"""
501574	5	pull over	車を止める	to move a car to the side of the road and stop	The driver pulled over near the station.	その運転手は駅の近くで車を止めた。	verb	5	3	""[""""車を止める"""",""""車を運転する"""",""""車を追い越す"""",""""車を修理する"""",""""車を洗う""""]""	""[""""pull over"""",""""drive"""",""""pass"""",""""repair"""",""""wash""""]""	""[""""pull over"""",""""turn over"""",""""fall over"""",""""pull out"""",""""put away""""]""	""[{""""word"""":""""stop"""",""""note"""":""""一般的に「止まる」""""},{""""word"""":""""park"""",""""note"""":""""駐車する意味で近いことがある""""}]""	[]"
501575	5	brake	ブレーキ	a part of a vehicle that makes it stop	Step on the brake before the red light.	赤信号の前でブレーキを踏みなさい。	noun	4	4	""[""""ブレーキ"""",""""ハンドル"""",""""タイヤ"""",""""ミラー"""",""""シート""""]""	""[""""brake"""",""""handle"""",""""tire"""",""""mirror"""",""""seat""""]""	""[""""brake"""",""""breakfast"""",""""black"""",""""brick"""",""""branch""""]""	[]	[]"
501576	5	cease	やめる	to stop doing something	The rain ceased in the afternoon.	雨は午後にやんだ。	verb	6	2	""[""""やめる"""",""""始める"""",""""続ける"""",""""集める"""",""""変える""""]""	""[""""cease"""",""""begin"""",""""continue"""",""""collect"""",""""change""""]""	""[""""cease"""",""""seem"""",""""seat"""",""""case"""",""""face""""]""	""[{""""word"""":""""stop"""",""""note"""":""""より基本的な語""""},{""""word"""":""""end"""",""""note"""":""""終わる・終える""""}]""	""[{""""word"""":""""continue"""",""""note"""":""""続ける""""}]"""
501577	5	truce	休戦	an agreement to stop fighting for a time	The two sides agreed to a truce.	その両者は休戦に同意した。	noun	5	2	""[""""休戦"""",""""戦争"""",""""攻撃"""",""""防御"""",""""勝利""""]""	""[""""truce"""",""""battle"""",""""attack"""",""""defense"""",""""victory""""]""	""[""""truce"""",""""truth"""",""""trace"""",""""truck"""",""""trade""""]""	""[{""""word"""":""""ceasefire"""",""""note"""":""""特に戦闘の停止を表す""""}]""	[]"
501578	5	suspend	中止する	to stop something for a time	The school will suspend the club activity.	学校はその部活動を中止するだろう。	verb	5	3	""[""""中止する"""",""""開始する"""",""""続ける"""",""""変える"""",""""支える""""]""	""[""""suspend"""",""""start"""",""""continue"""",""""change"""",""""support""""]""	""[""""suspend"""",""""suspect"""",""""support"""",""""surprise"""",""""suggest""""]""	""[{""""word"""":""""stop"""",""""note"""":""""より基本的な語""""},{""""word"""":""""pause"""",""""note"""":""""一時的に止める""""}]""	""[{""""word"""":""""continue"""",""""note"""":""""続ける""""},{""""word"""":""""resume"""",""""note"""":""""再開する""""}]"""
501579	5	paralyze	まひさせる	to make someone unable to move or act	The accident could paralyze his left arm.	その事故で彼の左腕がまひするかもしれない。	verb	6	2	""[""""まひさせる"""",""""治す"""",""""動かす"""",""""守る"""",""""押す""""]""	""[""""paralyze"""",""""heal"""",""""move"""",""""protect"""",""""push""""]""	""[""""paralyze"""",""""realize"""",""""organize"""",""""memorize"""",""""exercise""""]""	[]	[]"
501580	5	limitation	制限	something that controls what is possible	Money is a limitation for the project.	お金はその計画の制限となる。	noun	5	3	""[""""制限"""",""""許可"""",""""方法"""",""""結果"""",""""目的""""]""	""[""""limitation"""",""""permission"""",""""method"""",""""result"""",""""purpose""""]""	""[""""limitation"""",""""invitation"""",""""information"""",""""situation"""",""""imagination""""]""	""[{""""word"""":""""limit"""",""""note"""":""""より短い形でよく使う""""}]""	""[{""""word"""":""""freedom"""",""""note"""":""""制限がないこと""""}]"""
501581	5	hinder	妨げる	to make something difficult to do	Rain may hinder our plans.	雨が私たちの計画を妨げるかもしれない。	verb	5	3	""[""""妨げる"""",""""支える"""",""""認める"""",""""集める"""",""""運ぶ""""]""	""[""""hinder"""",""""support"""",""""accept"""",""""collect"""",""""carry""""]""	""[""""hinder"""",""""finder"""",""""winter"""",""""finger"""",""""under""""]""	""[{""""word"""":""""prevent"""",""""note"""":""""より強く「防ぐ」""""}]""	""[{""""word"""":""""help"""",""""note"""":""""反対に助ける""""}]"""
501582	5	cut off	切り離す	to stop or separate something	The storm cut off the power.	嵐で電気が止まった。	verb	5	4	""[""""切り離す"""",""""持ち上げる"""",""""書き留める"""",""""呼び戻す"""",""""見つけ出す""""]""	""[""""cut off"""",""""pick up"""",""""write down"""",""""call back"""",""""find out""""]""	""[""""cut off"""",""""take off"""",""""put up"""",""""turn off"""",""""come back""""]""	""[{""""word"""":""""disconnect"""",""""note"""":""""つながりを切る""""}]""	""[{""""word"""":""""connect"""",""""note"""":""""つなぐ""""}]"""
501583	5	breakdown	故障	a time when a machine or system stops working	Our car had a breakdown on the way home.	家に帰る途中で私たちの車が故障した。	noun	5	3	""[""""故障"""",""""修理"""",""""事故"""",""""出発"""",""""運転""""]""	""[""""breakdown"""",""""repair"""",""""accident"""",""""departure"""",""""driving""""]""	""[""""breakdown"""",""""breakfast"""",""""background"""",""""blackboard"""",""""playground""""]""	""[{""""word"""":""""failure"""",""""note"""":""""機械や計画がうまくいかないこと""""}]""	[]"
501584	5	interfere with	を妨げる	to get in the way of something	Loud music can interfere with my study.	大きな音楽は私の勉強を妨げることがある。	verb	6	3	""[""""を妨げる"""",""""を支える"""",""""を始める"""",""""を続ける"""",""""を改善する""""]""	""[""""interfere with"""",""""support"""",""""begin"""",""""continue"""",""""improve""""]""	""[""""interfere with"""",""""interest in"""",""""interrupt"""",""""introduce"""",""""interview""""]""	""[{""""word"""":""""disturb"""",""""note"""":""""じゃまする意味で近い""""}]""	""[{""""word"""":""""help"""",""""note"""":""""助ける""""}]"""
501585	5	do away with	を廃止する	to stop using or having something	The school did away with that old rule.	その学校はその古い規則を廃止した。	verb	6	2	""[""""を廃止する"""",""""を守る"""",""""を説明する"""",""""を選ぶ"""",""""を借りる""""]""	""[""""do away with"""",""""keep"""",""""explain"""",""""choose"""",""""borrow""""]""	""[""""do away with"""",""""do well in"""",""""go along with"""",""""run away from"""",""""walk around""""]""	""[{""""word"""":""""abolish"""",""""note"""":""""ややかたい語""""}]""	""[{""""word"""":""""keep"""",""""note"""":""""そのまま残す""""}]"""
501586	5	prohibition	禁止	an official rule that says something is not allowed	There is a prohibition on smoking here.	ここでは喫煙が禁止されている。	noun	5	3	""[""""禁止"""",""""予防"""",""""許可"""",""""提案"""",""""改善""""]""	""[""""prohibition"""",""""permission"""",""""suggestion"""",""""improvement"""",""""preparation""""]""	""[""""prohibition"""",""""position"""",""""promotion"""",""""production"""",""""protection""""]""	""[{""""word"""":""""ban"""",""""note"""":""""より短く日常的""""}]""	""[{""""word"""":""""permission"""",""""note"""":""""してよいこと""""}]"""
501587	5	prevention	予防	the act of stopping something bad from happening	Regular exercise helps with the prevention of disease.	定期的な運動は病気の予防に役立つ。	noun	5	4	""[""""予防"""",""""禁止"""",""""治療"""",""""発見"""",""""拡大""""]""	""[""""prevention"""",""""treatment"""",""""discovery"""",""""growth"""",""""prohibition""""]""	""[""""prevention"""",""""presentation"""",""""prediction"""",""""preparation"""",""""protection""""]""	""[{""""word"""":""""protection"""",""""note"""":""""害から守ること""""}]""	[]"
501588	5	preventive	予防の	used to stop something bad from happening	Washing your hands is a preventive measure.	手を洗うことは予防の対策だ。	adjective	5	3	""[""""予防の"""",""""危険な"""",""""効果的な"""",""""医学の"""",""""自然な""""]""	""[""""preventive"""",""""dangerous"""",""""effective"""",""""medical"""",""""natural""""]""	""[""""preventive"""",""""protective"""",""""creative"""",""""primitive"""",""""positive""""]""	""[{""""word"""":""""protective"""",""""note"""":""""守る働きがある""""}]""	[]"
501589	5	retirement	引退	the time when someone stops working	He enjoyed fishing after retirement.	彼は引退後に釣りを楽しんだ。	noun	5	3	""[""""引退"""",""""就職"""",""""昇進"""",""""出発"""",""""失敗""""]""	""[""""retirement"""",""""employment"""",""""promotion"""",""""departure"""",""""failure""""]""	""[""""retirement"""",""""requirement"""",""""retail"""",""""remember"""",""""retire""""]""	""[{""""word"""":""""retiring"""",""""note"""":""""名詞的に使うことがあるが retirement が一般的""""}]""	""[{""""word"""":""""employment"""",""""note"""":""""働いている状態""""}]"""
501590	5	lightning	稲妻	a bright flash in the sky during a storm	We saw lightning in the dark sky.	私たちは暗い空に稲妻を見た。	noun	5	4	""[""""稲妻"""",""""雷雨"""",""""雲"""",""""虹"""",""""霧""""]""	""[""""lightning"""",""""thunderstorm"""",""""cloud"""",""""rainbow"""",""""fog""""]""	""[""""lightning"""",""""lightly"""",""""lighting"""",""""frightening"""",""""brighten""""]""	[]	[]"
501591	5	tale	物語	a story, often old or imagined	My grandmother told me a funny tale.	祖母は私におもしろい物語を話してくれた。	noun	4	4	""[""""物語"""",""""詩"""",""""手紙"""",""""質問"""",""""答え""""]""	""[""""tale"""",""""poem"""",""""letter"""",""""question"""",""""answer""""]""	""[""""tale"""",""""tail"""",""""tile"""",""""take"""",""""talk""""]""	""[{""""word"""":""""story"""",""""note"""":""""より一般的な語""""}]""	[]"
501592	5	episode	出来事	an event or a part of a story	He told us a funny episode from his trip.	彼は旅行中の面白い出来事を私たちに話した。	noun	5	3	""[""""出来事"""",""""経験"""",""""場面"""",""""物語"""",""""事故""""]""	""[""""episode"""",""""event"""",""""scene"""",""""story"""",""""accident""""]""	""[""""episode"""",""""explode"""",""""excited"""",""""exercise"""",""""outside""""]""	""[{""""word"""":""""event"""",""""note"""":""""より一般的な語""""},{""""word"""":""""incident"""",""""note"""":""""ややかたいが近い意味""""}]""	[]"
501593	5	narrative	物語	a story or an account of events	The book has a simple narrative.	その本には簡単な物語がある。	noun	6	2	""[""""物語"""",""""説明"""",""""会話"""",""""手紙"""",""""記事""""]""	""[""""narrative"""",""""conversation"""",""""letter"""",""""article"""",""""report""""]""	""[""""narrative"""",""""negative"""",""""native"""",""""relative"""",""""creative""""]""	""[{""""word"""":""""story"""",""""note"""":""""最も基本的な近い語""""}]""	[]"
501594	5	upright	まっすぐな	straight up; in a vertical position	Please keep the box upright.	その箱をまっすぐ立てておいてください。	adjective	5	2	""[""""まっすぐな"""",""""平らな"""",""""丸い"""",""""狭い"""",""""深い""""]""	""[""""upright"""",""""flat"""",""""round"""",""""narrow"""",""""deep""""]""	""[""""upright"""",""""update"""",""""upset"""",""""bright"""",""""outright""""]""	""[{""""word"""":""""vertical"""",""""note"""":""""より説明的な語""""},{""""word"""":""""straight"""",""""note"""":""""文脈によって近い""""}]""	""[{""""word"""":""""flat"""",""""note"""":""""横たわった状態""""}]"""
501595	5	paradox	逆説	a statement that seems strange but may be true	It is a paradox that less is sometimes more.	少ないほうが時には多いというのは逆説だ。	noun	5	2	""[""""逆説"""",""""矛盾"""",""""理論"""",""""証拠"""",""""結論""""]""	""[""""paradox"""",""""theory"""",""""proof"""",""""result"""",""""idea""""]""	""[""""paradox"""",""""paragraph"""",""""pair"""",""""palace"""",""""period""""]""	[]	[]"
501596	5	peculiar	独特な	strange or unusual in a noticeable way	He has a peculiar way of speaking.	彼には独特な話し方がある。	adjective	5	3	""[""""独特な"""",""""普通の"""",""""静かな"""",""""重要な"""",""""正確な""""]""	""[""""peculiar"""",""""normal"""",""""quiet"""",""""important"""",""""exact""""]""	""[""""peculiar"""",""""popular"""",""""particular"""",""""picture"""",""""careful""""]""	""[{""""word"""":""""odd"""",""""note"""":""""よりくだけた語""""},{""""word"""":""""strange"""",""""note"""":""""より一般的""""}]""	""[{""""word"""":""""normal"""",""""note"""":""""普通の""""}]"""
501597	5	weird	変な	very strange or unusual	That noise sounds weird to me.	その音は私には変に聞こえる。	adjective	4	4	""[""""変な"""",""""普通の"""",""""明るい"""",""""静かな"""",""""安全な""""]""	""[""""weird"""",""""normal"""",""""bright"""",""""quiet"""",""""safe""""]""	""[""""weird"""",""""word"""",""""world"""",""""wild"""",""""wind""""]""	""[{""""word"""":""""strange"""",""""note"""":""""より一般的""""},{""""word"""":""""odd"""",""""note"""":""""少しくだけた語""""}]""	""[{""""word"""":""""normal"""",""""note"""":""""普通の""""}]"""
501598	5	tactical	戦術的な	planned to get a good result in a situation	They made a tactical change before the game.	彼らは試合の前に戦術的な変更をした。	adjective	5	2	""[""""戦術的な"""",""""弾力のある"""",""""厳しい"""",""""実用的な"""",""""伝統的な""""]""	""[""""tactical"""",""""elastic"""",""""stern"""",""""practical"""",""""traditional""""]""	""[""""tactical"""",""""practical"""",""""technical"""",""""typical"""",""""tropical""""]""	""[{""""word"""":""""strategic"""",""""note"""":""""より広い計画にも使う""""}]""	[]"
501599	5	elastic	弾力のある	able to stretch and return to its shape	These pants have an elastic waist.	このズボンは伸縮性のあるウエストだ。	adjective	5	3	""[""""弾力のある"""",""""戦術的な"""",""""厳しい"""",""""透明な"""",""""伝統的な""""]""	""[""""elastic"""",""""tactical"""",""""stern"""",""""transparent"""",""""traditional""""]""	""[""""elastic"""",""""plastic"""",""""classic"""",""""electric"""",""""fantastic""""]""	""[{""""word"""":""""stretchy"""",""""note"""":""""よりくだけた語""""}]""	""[{""""word"""":""""rigid"""",""""note"""":""""かたくて曲がらない""""}]"""
501600	5	stern	厳しい	very serious and strict	Our coach was stern but fair.	私たちのコーチは厳しかったが公平だった。	adjective	5	3	""[""""厳しい"""",""""弾力のある"""",""""戦術的な"""",""""穏やかな"""",""""陽気な""""]""	""[""""stern"""",""""elastic"""",""""tactical"""",""""gentle"""",""""cheerful""""]""	""[""""stern"""",""""stone"""",""""storm"""",""""stir"""",""""stand""""]""	""[{""""word"""":""""strict"""",""""note"""":""""規則に厳しいときによく使う""""},{""""word"""":""""severe"""",""""note"""":""""やや強い語""""}]""	""[{""""word"""":""""gentle"""",""""note"""":""""やさしく穏やかな""""},{""""word"""":""""kind"""",""""note"""":""""親切で厳しくない""""}]"""
501601	5	shoelace	靴ひも	a string used to tie a shoe	My shoelace came undone while I was running.	走っているときに靴ひもがほどけた。	noun	5	3	""[""""靴ひも"""",""""ボタン"""",""""ベルト"""",""""くつ下"""",""""ひも""""]""	""[""""shoelace"""",""""button"""",""""belt"""",""""sock"""",""""string""""]""	""[""""shoelace"""",""""showcase"""",""""shoebox"""",""""shoemaker"""",""""shoeshine""""]""	[]	[]"
501602	5	scorn	軽蔑する	to feel and show strong disrespect	Some people scorn his simple way of life.	彼の質素な生き方を軽蔑する人もいる。	verb	7	2	""[""""軽蔑する"""",""""尊敬する"""",""""無視する"""",""""ほめる"""",""""信じる""""]""	""[""""scorn"""",""""respect"""",""""ignore"""",""""praise"""",""""trust""""]""	""[""""scorn"""",""""storm"""",""""score"""",""""screen"""",""""stone""""]""	""[{""""word"""":""""despise"""",""""note"""":""""より強い「軽蔑する」""""}]""	""[{""""word"""":""""respect"""",""""note"""":""""敬意を持つ""""}]"""
501603	5	passionate	情熱的な	having very strong feelings about something	She is passionate about music.	彼女は音楽に情熱的だ。	adjective	6	3	""[""""情熱的な"""",""""冷静な"""",""""親切な"""",""""有名な"""",""""正直な""""]""	""[""""passionate"""",""""calm"""",""""kind"""",""""famous"""",""""honest""""]""	""[""""passionate"""",""""patient"""",""""pleasant"""",""""fashionable"""",""""personal""""]""	""[{""""word"""":""""enthusiastic"""",""""note"""":""""何かに強い興味がある""""}]""	""[{""""word"""":""""calm"""",""""note"""":""""感情が強く出ていない""""}]"""
501604	5	hatred	憎しみ	a very strong feeling of hate	His hatred of war was clear.	彼の戦争への憎しみは明らかだった。	noun	5	3	""[""""憎しみ"""",""""喜び"""",""""希望"""",""""不安"""",""""驚き""""]""	""[""""hatred"""",""""joy"""",""""hope"""",""""fear"""",""""surprise""""]""	""[""""hatred"""",""""sacred"""",""""hundred"""",""""heated"""",""""headed""""]""	""[{""""word"""":""""hate"""",""""note"""":""""より直接的で日常的""""}]""	""[{""""word"""":""""love"""",""""note"""":""""反対の感情""""}]"""
501605	5	durable	丈夫な	strong and able to last a long time	This bag is durable and useful.	このかばんは丈夫で便利です。	adjective	5	3	""[""""丈夫な"""",""""柔らかい"""",""""重い"""",""""高価な"""",""""軽い""""]""	""[""""durable"""",""""soft"""",""""heavy"""",""""expensive"""",""""light""""]""	""[""""durable"""",""""valuable"""",""""terrible"""",""""double"""",""""during""""]""	""[{""""word"""":""""strong"""",""""note"""":""""より広い意味で使う""""},{""""word"""":""""tough"""",""""note"""":""""くだけた表現""""}]""	""[{""""word"""":""""fragile"""",""""note"""":""""こわれやすい""""}]"""
501606	5	be caught in	巻き込まれる	to be trapped in something unpleasant	We were caught in the rain.	私たちは雨に巻き込まれた。	verb	5	4	""[""""巻き込まれる"""",""""避ける"""",""""集める"""",""""運ぶ"""",""""隠す""""]""	""[""""be caught in"""",""""avoid"""",""""collect"""",""""carry"""",""""hide""""]""	""[""""be caught in"""",""""be called in"""",""""be covered in"""",""""be carried in"""",""""be cut in""""]""	""[{""""word"""":""""be trapped in"""",""""note"""":""""より説明的な表現""""}]""	[]"
501607	5	analysis	分析	a careful study of something	The report includes an analysis of the data.	その報告書にはデータの分析が含まれている。	noun	5	3	""[""""分析"""",""""実験"""",""""研究"""",""""結果"""",""""理論""""]""	""[""""analysis"""",""""experiment"""",""""research"""",""""result"""",""""theory""""]""	""[""""analysis"""",""""analogy"""",""""animal"""",""""announce"""",""""anxious""""]""	""[{""""word"""":""""study"""",""""note"""":""""より広い意味で使う""""},{""""word"""":""""examination"""",""""note"""":""""より注意深く調べること""""}]""	[]"
501608	5	physicist	物理学者	a scientist who studies physics	The physicist gave a talk at our school.	その物理学者は私たちの学校で話をした。	noun	5	2	""[""""物理学者"""",""""化学者"""",""""生物学者"""",""""科学者"""",""""発明家""""]""	""[""""physicist"""",""""chemist"""",""""biologist"""",""""scientist"""",""""inventor""""]""	""[""""physicist"""",""""physical"""",""""visitor"""",""""musician"""",""""specific""""]""	[]	[]"
501609	5	physics	物理学	the science of matter, energy, and force	Physics is my favorite subject.	物理学は私のいちばん好きな科目です。	noun	5	3	""[""""物理学"""",""""化学"""",""""生物学"""",""""数学"""",""""地学""""]""	""[""""physics"""",""""chemistry"""",""""biology"""",""""mathematics"""",""""geology""""]""	""[""""physics"""",""""fizzics"""",""""musics"""""""picnic"""",""""basic""""]""	[]	[]"
501610	5	theology	神学	the study of God and religion	She studies theology at college.	彼女は大学で神学を学んでいます。	noun	5	2	""[""""神学"""",""""生物学"""",""""植物学"""",""""地理学"""",""""歴史学""""]""	""[""""theology"""",""""biology"""",""""botany"""",""""geography"""",""""history""""]""	""[""""theology"""",""""biology"""",""""geology"""",""""technology"""",""""theory""""]""	[]	[]"
501611	5	biology	生物学	the study of living things	Biology is my favorite subject.	生物学は私のいちばん好きな科目です。	noun	4	4	""[""""生物学"""",""""神学"""",""""植物学"""",""""化学"""",""""物理学""""]""	""[""""biology"""",""""theology"""",""""botany"""",""""chemistry"""",""""physics""""]""	""[""""biology"""",""""geology"""",""""technology"""",""""biography"""",""""botany""""]""	[]	[]"
501612	5	botany	植物学	the study of plants	He wants to study botany in the future.	彼は将来、植物学を学びたいと思っています。	noun	5	2	""[""""植物学"""",""""生物学"""",""""神学"""",""""化学"""",""""物理学""""]""	""[""""botany"""",""""biology"""",""""theology"""",""""chemistry"""",""""physics""""]""	""[""""botany"""",""""biology"""",""""bottom"""",""""battery"""",""""botanic""""]""	[]	[]"
501613	5	specialize in	〜を専門にする	to study or work mainly in one subject or field	She wants to specialize in art history.	彼女は美術史を専門にしたいと思っています。	verb	5	3	""[""""〜を専門にする"""",""""〜を調べる"""",""""〜に参加する"""",""""〜を集める"""",""""〜を改善する""""]""	""[""""specialize in"""",""""participate in"""",""""look into"""",""""collect"""",""""improve""""]""	""[""""specialize in"""",""""specific"""",""""especially"""",""""socialize"""",""""spectacle""""]""	""[{""""word"""":""""focus on"""",""""note"""":""""より広く「集中する」""""}]""	""[{""""word"""":""""ignore"""",""""note"""":""""注意を向けない""""}]"""
501614	5	elegant	上品な	graceful and stylish in appearance	She wore an elegant black dress.	彼女は上品な黒いドレスを着ていました。	adjective	5	3	""[""""上品な"""",""""陽気な"""",""""勇敢な"""",""""正直な"""",""""静かな""""]""	""[""""elegant"""",""""cheerful"""",""""brave"""",""""honest"""",""""quiet""""]""	""[""""elegant"""",""""element"""",""""elephant"""",""""relevant"""",""""excellent""""]""	""[{""""word"""":""""graceful"""",""""note"""":""""動きや見た目が優雅""""},{""""word"""":""""stylish"""",""""note"""":""""おしゃれな感じ""""}]""	""[{""""word"""":""""ugly"""",""""note"""":""""見た目が美しくない""""},{""""word"""":""""plain"""",""""note"""":""""飾り気がない""""}]"""
501615	5	raid	襲撃	a sudden attack on a place	The police carried out a raid last night.	警察は昨夜、手入れを行いました。	noun	5	2	""[""""襲撃"""",""""会議"""",""""旅行"""",""""競争"""",""""約束""""]""	""[""""raid"""",""""meeting"""",""""trip"""",""""race"""",""""promise""""]""	""[""""raid"""",""""rain"""",""""road"""",""""rate"""",""""ride""""]""	""[{""""word"""":""""attack"""",""""note"""":""""より広い意味の語""""}]""	[]"
501616	5	slump	落ち込み	a sudden drop or bad period	Sales are in a slump this year.	今年は売り上げが落ち込んでいる。	noun	5	3	""[""""落ち込み"""",""""成長"""",""""回復"""",""""上昇"""",""""成功""""]""	""[""""slump"""",""""growth"""",""""recovery"""",""""rise"""",""""success""""]""	""[""""slump"""",""""stump"""",""""slam"""",""""slim"""",""""sleep""""]""	""[{""""word"""":""""decline"""",""""note"""":""""より一般的な「減少」""""}]""	""[{""""word"""":""""recovery"""",""""note"""":""""悪い状態からの回復""""},{""""word"""":""""growth"""",""""note"""":""""増加・成長""""}]"""
501617	5	be qualified for	〜の資格がある	to have the right skills or conditions for something	She is qualified for the job.	彼女はその仕事の資格がある。	verb	5	3	""[""""〜の資格がある"""",""""〜に反対する"""",""""〜を要求する"""",""""〜をあきらめる"""",""""〜に参加する""""]""	""[""""be qualified for"""",""""be against"""",""""ask for"""",""""give up"""",""""join""""]""	""[""""be qualified for"""",""""be ready for"""",""""be famous for"""",""""be careful with"""",""""be suitable for""""]""	[]	[]"
501618	5	advocate	主張する	to publicly support an idea or plan	They advocate better safety rules.	彼らはよりよい安全規則を主張している。	verb	5	3	""[""""主張する"""",""""拒否する"""",""""無視する"""",""""疑う"""",""""隠す""""]""	""[""""advocate"""",""""reject"""",""""ignore"""",""""doubt"""",""""hide""""]""	""[""""advocate"""",""""advertise"""",""""educate"""",""""indicate"""",""""celebrate""""]""	""[{""""word"""":""""support"""",""""note"""":""""考えや計画を支持する""""},{""""word"""":""""argue for"""",""""note"""":""""賛成の立場を述べる""""}]""	""[{""""word"""":""""oppose"""",""""note"""":""""反対する""""},{""""word"""":""""reject"""",""""note"""":""""受け入れない""""}]"""
501619	5	endorse	支持する	to publicly say that you support someone or something	Many famous athletes endorse this brand.	多くの有名な運動選手がこのブランドを支持している。	verb	5	2	""[""""支持する"""",""""拒否する"""",""""説明する"""",""""比較する"""",""""修理する""""]""	""[""""endorse"""",""""reject"""",""""explain"""",""""compare"""",""""repair""""]""	""[""""endorse"""",""""enforce"""",""""adore"""",""""indoor"""",""""entrance""""]""	""[{""""word"""":""""support"""",""""note"""":""""より広い意味で使える基本語""""}]""	""[{""""word"""":""""reject"""",""""note"""":""""受け入れず反対する""""}]"""
501620	5	pillar	柱	a tall strong post that supports a building	The old temple has a stone pillar.	その古い寺には石の柱がある。	noun	5	2	""[""""柱"""",""""屋根"""",""""壁"""",""""床"""",""""天井""""]""	""[""""pillar"""",""""roof"""",""""wall"""",""""floor"""",""""ceiling""""]""	""[""""pillar"""",""""pillow"""",""""pilot"""",""""silver"""",""""player""""]""	""[{""""word"""":""""column"""",""""note"""":""""ややかたい語で『柱』""""}]""	[]"
501621	5	behalf	代わり	the place of another person in an action or request	She spoke on behalf of the team.	彼女はチームを代表して話した。	noun	5	2	""[""""代わり"""",""""理由"""",""""結果"""",""""方法"""",""""機会""""]""	""[""""behalf"""",""""reason"""",""""result"""",""""method"""",""""chance""""]""	""[""""behalf"""",""""belief"""",""""behind"""",""""behave"""",""""below""""]""	[]	[]"
501622	5	uphold	支持する	to support or keep something strong	We must uphold the rules at school.	私たちは学校の規則を守らなければならない。	verb	5	2	""[""""支持する"""",""""拒否する"""",""""疑う"""",""""無視する"""",""""変える""""]""	""[""""uphold"""",""""reject"""",""""doubt"""",""""ignore"""",""""change""""]""	""[""""uphold"""",""""upload"""",""""unfold"""",""""behold"""",""""upset""""]""	""[{""""word"""":""""support"""",""""note"""":""""より基本的な語""""},{""""word"""":""""maintain"""",""""note"""":""""保つ意味で近い""""}]""	""[{""""word"""":""""reject"""",""""note"""":""""受け入れず退ける""""},{""""word"""":""""oppose"""",""""note"""":""""反対する""""}]"""
501623	5	back up	支援する	to help or support someone or something	My friends always back up my ideas.	友だちはいつも私の考えを支えてくれる。	verb	4	3	""[""""支援する"""",""""攻撃する"""",""""隠す"""",""""失う"""",""""止める""""]""	""[""""back up"""",""""attack"""",""""hide"""",""""lose"""",""""stop""""]""	""[""""back up"""",""""pack up"""",""""pick up"""",""""wake up"""",""""checkup""""]""	""[{""""word"""":""""support"""",""""note"""":""""最も近い基本語""""},{""""word"""":""""help"""",""""note"""":""""より広い意味の語""""}]""	""[{""""word"""":""""oppose"""",""""note"""":""""反対する""""},{""""word"""":""""abandon"""",""""note"""":""""見捨てる""""}]"""
501624	5	patron	常連客	a person who often uses a shop, restaurant, or service	He is a patron of that small cafe.	彼はその小さなカフェの常連客です。	noun	5	2	""[""""常連客"""",""""店員"""",""""旅行者"""",""""案内人"""",""""配達員""""]""	""[""""patron"""",""""clerk"""",""""traveler"""",""""guide"""",""""driver""""]""	""[""""patron"""",""""pattern"""",""""parent"""",""""pardon"""",""""partner""""]""	""[{""""word"""":""""customer"""",""""note"""":""""より一般的な語""""}]""	[]"
501625	5	in favor of	〜に賛成して	supporting something or someone	Many students are in favor of the new rule.	多くの生徒がその新しい規則に賛成している。	preposition	5	3	""[""""〜に賛成して"""",""""〜に反対して"""",""""〜に興味を持って"""",""""〜に気づいて"""",""""〜に困って""""]""	""[""""in favor of"""",""""against"""",""""interested in"""",""""aware of"""",""""troubled by""""]""	""[""""in favor of"""",""""in front of"""",""""afraid of"""",""""fond of"""",""""part of""""]""	""[{""""word"""":""""for"""",""""note"""":""""やや短い言い方""""},{""""word"""":""""supporting"""",""""note"""":""""意味が近い""""}]""	""[{""""word"""":""""against"""",""""note"""":""""反対して""""}]"""
501626	5	constitution	憲法	the basic laws of a country	The constitution protects our basic rights.	憲法は私たちの基本的な権利を守る。	noun	5	3	""[""""憲法"""",""""法律"""",""""制度"""",""""政府"""",""""裁判""""]""	""[""""constitution"""",""""law"""",""""system"""",""""government"""",""""trial""""]""	""[""""constitution"""",""""condition"""",""""conversation"""",""""instruction"""",""""institution""""]""	[]	[]"
501627	5	sovereignty	主権	the power of a nation to rule itself	The country fought to keep its sovereignty.	その国は主権を守るために戦った。	noun	6	2	""[""""主権"""",""""独立"""",""""支配"""",""""自由"""",""""権利""""]""	""[""""sovereignty"""",""""independence"""",""""control"""",""""freedom"""",""""right""""]""	""[""""sovereignty"""",""""society"""",""""security"""",""""solidarity"""",""""authority""""]""	[]	[]"
501628	5	sovereign	君主	a king, queen, or ruler of a country	The sovereign spoke to the people.	その君主は人々に話しかけた。	noun	5	2	""[""""君主"""",""""大臣"""",""""兵士"""",""""農民"""",""""商人""""]""	""[""""sovereign"""",""""minister"""",""""soldier"""",""""farmer"""",""""merchant""""]""	""[""""sovereign"""",""""southern"""",""""servant"""",""""silver"""",""""several""""]""	""[{""""word"""":""""ruler"""",""""note"""":""""支配者という広い意味""""},{""""word"""":""""monarch"""",""""note"""":""""王・女王などの君主""""}]""	[]"
501629	5	be certain of	〜を確信している	to feel sure about something	I am certain of his success.	私は彼の成功を確信している。	verb	5	3	""[""""〜を確信している"""",""""〜を疑っている"""",""""〜を恐れている"""",""""〜を求めている"""",""""〜を避けている""""]""	""[""""be certain of"""",""""doubt"""",""""fear"""",""""seek"""",""""avoid""""]""	""[""""be certain of"""",""""be careful of"""",""""be proud of"""",""""be tired of"""",""""be aware of""""]""	""[{""""word"""":""""be sure of"""",""""note"""":""""より基本的な表現""""}]""	""[{""""word"""":""""doubt"""",""""note"""":""""確信せず疑う""""}]"""
501630	5	certainty	確信	a strong feeling that something is true	There is no certainty about the result.	その結果について確信はない。	noun	5	3	""[""""確信"""",""""疑い"""",""""希望"""",""""計画"""",""""方法""""]""	""[""""certainty"""",""""doubt"""",""""hope"""",""""plan"""",""""method""""]""	""[""""certainty"""",""""central"""",""""carefully"""",""""certain"""",""""century""""]""	""[{""""word"""":""""confidence"""",""""note"""":""""自信・確信の意味で近い""""}]""	""[{""""word"""":""""doubt"""",""""note"""":""""確信がないこと""""}]"""
501631	5	astonish	驚かせる	to surprise someone very much	The magic show will astonish the children.	その手品ショーは子どもたちを驚かせるでしょう。	verb	5	2	""[""""驚かせる"""",""""助ける"""",""""招待する"""",""""守る"""",""""褒める""""]""	""[""""astonish"""",""""admire"""",""""protect"""",""""invite"""",""""encourage""""]""	""[""""astonish"""",""""establish"""",""""astonished"""",""""attach"""",""""assist""""]""	""[{""""word"""":""""surprise"""",""""note"""":""""より一般的な語""""}]""	[]"
501632	5	besiege	包囲する	to surround a place with an army	The enemy tried to besiege the city.	敵はその町を包囲しようとした。	verb	6	1	""[""""包囲する"""",""""攻撃する"""",""""防ぐ"""",""""逃げる"""",""""建てる""""]""	""[""""besiege"""",""""attack"""",""""defend"""",""""escape"""",""""build""""]""	""[""""besiege"""",""""believe"""",""""receive"""",""""beside"""",""""become""""]""	[]	[]"
501633	5	live on	〜で暮らす	to have enough money or food from something	Many people live on rice in that area.	その地域では多くの人が米で暮らしている。	verb	5	2	""[""""〜で暮らす"""",""""〜を探す"""",""""〜を集める"""",""""〜を運ぶ"""",""""〜を隠す""""]""	""[""""live on"""",""""depend on"""",""""look for"""",""""carry on"""",""""give up""""]""	""[""""live on"""",""""leave on"""",""""lean on"""",""""move on"""",""""hold on""""]""	[]	[]"
501634	5	exchange A for B	AをBと交換する	to give one thing and get another instead	You can exchange this shirt for a larger one.	このシャツをもっと大きいものと交換できます。	verb	5	3	""[""""AをBと交換する"""",""""AをBに加える"""",""""AをBに見せる"""",""""AをBに送る"""",""""AをBに貸す""""]""	""[""""exchange A for B"""",""""add A to B"""",""""show A to B"""",""""send A to B"""",""""lend A to B""""]""	""[""""exchange A for B"""",""""excuse me"""",""""expect"""",""""explain"""",""""expand""""]""	""[{""""word"""":""""trade A for B"""",""""note"""":""""よりくだけた言い方""""}]""	[]"
501635	5	exchange for	〜と交換する	to give something and get something else	I exchanged my ticket for a new one.	私は自分のチケットを新しいものと交換した。	verb	5	3	""[""""〜と交換する"""",""""〜を受け取る"""",""""〜を選ぶ"""",""""〜を修理する"""",""""〜を注文する""""]""	""[""""exchange for"""",""""receive"""",""""choose"""",""""repair"""",""""order""""]""	""[""""exchange for"""",""""except for"""",""""excited"""",""""exercise"""",""""examine""""]""	""[{""""word"""":""""trade for"""",""""note"""":""""日常会話で使う""""}]""	[]"
501636	5	framework	枠組み	a basic structure that supports something	We need a clear framework for the plan.	私たちはその計画のための明確な枠組みが必要です。	noun	6	2	""[""""枠組み"""",""""表面"""",""""材料"""",""""結果"""",""""方法""""]""	""[""""framework"""",""""surface"""",""""material"""",""""result"""",""""method""""]""	""[""""framework"""",""""farm work"""",""""firework"""",""""network"""",""""homework""""]""	""[{""""word"""":""""structure"""",""""note"""":""""より一般的な語""""}]""	[]"
501637	5	taxation	課税	the system of collecting taxes	High taxation can hurt small businesses.	高い課税は小さな会社に悪い影響を与えることがある。	noun	5	2	""[""""課税"""",""""輸送"""",""""建設"""",""""教育"""",""""治療""""]""	""[""""taxation"""",""""transportation"""",""""construction"""",""""education"""",""""treatment""""]""	""[""""taxation"""",""""vacation"""",""""station"""",""""nation"""",""""action""""]""	""[{""""word"""":""""tax system"""",""""note"""":""""制度として言うときに使う""""}]""	[]"
501638	5	detach	切り離す	to separate something from something else	Please detach the label from the bag.	その札をかばんから切り離してください。	verb	5	2	""[""""切り離す"""",""""結びつける"""",""""集める"""",""""運ぶ"""",""""隠す""""]""	""[""""detach"""",""""connect"""",""""collect"""",""""carry"""",""""hide""""]""	""[""""detach"""",""""attack"""",""""detail"""",""""decide"""",""""design""""]""	""[{""""word"""":""""separate"""",""""note"""":""""より一般的な語""""}]""	""[{""""word"""":""""attach"""",""""note"""":""""反対に、取り付ける""""}]"""
501639	5	deprive	奪う	to take something away from someone	The war deprived many children of their homes.	その戦争は多くの子どもたちから家を奪った。	verb	5	2	""[""""奪う"""",""""与える"""",""""守る"""",""""選ぶ"""",""""探す""""]""	""[""""deprive"""",""""give"""",""""protect"""",""""choose"""",""""search""""]""	""[""""deprive"""",""""derive"""",""""describe"""",""""divide"""",""""drive""""]""	""[{""""word"""":""""take away"""",""""note"""":""""意味が近い基本表現""""}]""	""[{""""word"""":""""give"""",""""note"""":""""反対に、与える""""}]"""
501640	5	deprive A of B	AからBを奪う	to take something away from someone	The war deprived many children of their homes.	その戦争は多くの子どもたちから家を奪った。	verb	5	2	""[""""AからBを奪う"""",""""AにBを与える"""",""""AをBから守る"""",""""AにBを見せる"""",""""AとBを比べる""""]""	""[""""deprive A of B"""",""""provide A with B"""",""""protect A from B"""",""""show A B"""",""""compare A with B""""]""	""[""""deprive A of B"""",""""derive from"""",""""describe"""",""""decide"""",""""divide""""]""	""[{""""word"""":""""rob A of B"""",""""note"""":""""少しかたい deprive に近い""""}]""	""[{""""word"""":""""provide A with B"""",""""note"""":""""必要なものを与える""""}]"""
501641	5	withdraw	引き出す	to take back or remove something	She went to the bank to withdraw some money.	彼女はお金を引き出すために銀行へ行った。	verb	5	3	""[""""引き出す"""",""""預ける"""",""""集める"""",""""借りる"""",""""数える""""]""	""[""""withdraw"""",""""deposit"""",""""collect"""",""""borrow"""",""""count""""]""	""[""""withdraw"""",""""without"""",""""within"""",""""window"""",""""withhold""""]""	""[{""""word"""":""""take out"""",""""note"""":""""特にお金を外へ出す感じ""""}]""	""[{""""word"""":""""deposit"""",""""note"""":""""お金を預ける""""}]"""
501642	5	distract	気を散らす	to make someone stop paying attention	The loud noise distracted me from my homework.	その大きな音で私は宿題に集中できなかった。	verb	5	3	""[""""気を散らす"""",""""集中させる"""",""""励ます"""",""""助ける"""",""""驚かせる""""]""	""[""""distract"""",""""focus"""",""""encourage"""",""""help"""",""""surprise""""]""	""[""""distract"""",""""district"""",""""discuss"""",""""direct"""",""""detect""""]""	""[{""""word"""":""""disturb"""",""""note"""":""""じゃまする感じ""""}]""	""[{""""word"""":""""focus"""",""""note"""":""""集中する""""}]"""
501643	5	unload	降ろす	to remove things from a vehicle	They unload the boxes from the truck.	彼らはトラックから箱を降ろす。	verb	5	3	""[""""降ろす"""",""""運ぶ"""",""""積む"""",""""集める"""",""""送る""""]""	""[""""unload"""",""""carry"""",""""load"""",""""collect"""",""""send""""]""	""[""""unload"""",""""upload"""",""""unlock"""",""""alone"""",""""allowed""""]""	""[{""""word"""":""""unpack"""",""""note"""":""""箱や荷物を開けて取り出すときに近い""""}]""	""[{""""word"""":""""load"""",""""note"""":""""荷物を積む""""}]"""
501644	5	absorb	吸収する	to take in liquid, light, or ideas	Plants absorb water through their roots.	植物は根を通して水を吸収する。	verb	5	4	""[""""吸収する"""",""""反射する"""",""""放出する"""",""""混ぜる"""",""""集める""""]""	""[""""absorb"""",""""reflect"""",""""release"""",""""mix"""",""""collect""""]""	""[""""absorb"""",""""observe"""",""""absolute"""",""""aboard"""",""""aside""""]""	""[{""""word"""":""""take in"""",""""note"""":""""液体・情報などを取り込む""""}]""	""[{""""word"""":""""release"""",""""note"""":""""外に出す""""},{""""word"""":""""reflect"""",""""note"""":""""光などをはね返す""""}]"""
501645	5	withdrawal	引き出し	the act of taking money out of a bank account	I made a cash withdrawal at the bank.	私は銀行で現金の引き出しをした。	noun	5	3	""[""""引き出し"""",""""預け入れ"""",""""支払い"""",""""借金"""",""""貯金""""]""	""[""""withdrawal"""",""""deposit"""",""""payment"""",""""debt"""",""""savings""""]""	""[""""withdrawal"""",""""withdrew"""",""""without"""",""""window"""",""""arrival""""]""	[]	""[{""""word"""":""""deposit"""",""""note"""":""""お金を口座に入れること""""}]"""
501646	5	gossip	うわさ話	talk about other people's private lives	They often gossip after school.	彼らは放課後によくうわさ話をします。	verb	5	3	""[""""うわさ話"""",""""約束"""",""""質問"""",""""冗談"""",""""秘密""""]""	""[""""gossip"""",""""promise"""",""""question"""",""""joke"""",""""whisper""""]""	""[""""gossip"""",""""guitar"""",""""garden"""",""""golden"""",""""ticket""""]""	""[{""""word"""":""""chat"""",""""note"""":""""より広い意味で「おしゃべりする」""""}]""	[]"
501647	5	confer	相談する	to discuss something with someone	I need to confer with my teacher after class.	授業のあとで先生に相談する必要があります。	verb	5	2	""[""""相談する"""",""""説明する"""",""""決める"""",""""比べる"""",""""断る""""]""	""[""""confer"""",""""explain"""",""""decide"""",""""compare"""",""""refuse""""]""	""[""""confer"""",""""confirm"""",""""comfort"""",""""corner"""",""""convert""""]""	""[{""""word"""":""""consult"""",""""note"""":""""より一般的な語""""}]""	[]"
501648	5	boast	自慢する	to talk too proudly about yourself or something you have done	He likes to boast about his test scores.	彼は自分のテストの点を自慢するのが好きです。	verb	5	2	""[""""自慢する"""",""""謝る"""",""""隠す"""",""""説明する"""",""""応援する""""]""	""[""""boast"""",""""apologize"""",""""hide"""",""""explain"""",""""cheer""""]""	""[""""boast"""",""""coast"""",""""post"""",""""boat"""",""""boost""""]""	""[{""""word"""":""""brag"""",""""note"""":""""よりくだけた言い方""""}]""	""[{""""word"""":""""hide"""",""""note"""":""""見せたり言ったりしない""""}]"""
501649	5	preach	説教する	to give a religious talk or teach strongly	The priest will preach at church on Sunday.	その司祭は日曜日に教会で説教をします。	verb	5	2	""[""""説教する"""",""""祈る"""",""""叫ぶ"""",""""説明する"""",""""招待する""""]""	""[""""preach"""",""""pray"""",""""shout"""",""""explain"""",""""invite""""]""	""[""""preach"""",""""peach"""",""""price"""",""""bridge"""",""""breach""""]""	""[{""""word"""":""""lecture"""",""""note"""":""""強く教える感じで近い""""}]""	[]"
501650	5	discussion	話し合い	a talk about something to share ideas	We had a discussion about the school trip.	私たちは修学旅行について話し合いをしました。	noun	4	4	""[""""話し合い"""",""""会議"""",""""けんか"""",""""発表"""",""""質問""""]""	""[""""discussion"""",""""meeting"""",""""argument"""",""""speech"""",""""question""""]""	""[""""discussion"""",""""decision"""",""""condition"""",""""direction"""",""""division""""]""	""[{""""word"""":""""talk"""",""""note"""":""""よりくだけた語""""},{""""word"""":""""conversation"""",""""note"""":""""ふつうの会話に近い""""}]""	[]"
501651	5	discus	円盤	a heavy round object thrown in sports	She threw the discus very far.	彼女はその円盤をとても遠くへ投げました。	noun	5	1	""[""""円盤"""",""""やり"""",""""ボール"""",""""ハンマー"""",""""バット""""]""	""[""""discus"""",""""javelin"""",""""ball"""",""""hammer"""",""""bat""""]""	""[""""discus"""",""""discount"""",""""dislike"""",""""disco"""",""""discuss""""]""	[]	[]"
501652	5	as far as	〜まで	up to a particular place or point	We walked as far as the station.	私たちは駅まで歩きました。	preposition	5	3	""[""""〜まで"""",""""〜から"""",""""〜の前に"""",""""〜のあとで"""",""""〜の近くに""""]""	""[""""as far as"""",""""from"""",""""before"""",""""after"""",""""near""""]""	""[""""as far as"""",""""as long as"""",""""as soon as"""",""""apart from"""",""""around""""]""	[]	[]"
501653	5	fiscal	財政の	related to government money or taxes	The city has a serious fiscal problem.	その市は深刻な財政問題を抱えています。	adjective	7	2	""[""""財政の"""",""""経済の"""",""""政治の"""",""""個人の"""",""""国際的な""""]""	""[""""fiscal"""",""""economic"""",""""political"""",""""personal"""",""""international""""]""	""[""""fiscal"""",""""physical"""",""""typical"""",""""critical"""",""""musical""""]""	[]	[]"
501654	5	tariff	関税	a tax on goods coming into a country	The country raised the tariff on rice.	その国は米への関税を引き上げました。	noun	7	2	""[""""関税"""",""""税金"""",""""価格"""",""""賃金"""",""""予算""""]""	""[""""tariff"""",""""tax"""",""""price"""",""""wage"""",""""budget""""]""	""[""""tariff"""",""""terrace"""",""""traffic"""",""""topic"""",""""target""""]""	[]	[]"
501655	5	instructor	指導者	a person who teaches a skill or subject	Our swimming instructor is very kind.	私たちの水泳の指導者はとても親切です。	noun	5	3	""[""""指導者"""",""""生徒"""",""""医者"""",""""記者"""",""""画家""""]""	""[""""instructor"""",""""student"""",""""doctor"""",""""reporter"""",""""artist""""]""	""[""""instructor"""",""""inspector"""",""""investor"""",""""director"""",""""collector""""]""	""[{""""word"""":""""teacher"""",""""note"""":""""より一般的な語""""},{""""word"""":""""coach"""",""""note"""":""""スポーツ指導でよく使う""""}]""	[]"
501656	5	guidance	指導	help or advice for someone	Thank you for your guidance.	ご指導ありがとうございます。	noun	5	3	""[""""指導"""",""""助言"""",""""経験"""",""""努力"""",""""計画""""]""	""[""""guidance"""",""""advice"""",""""experience"""",""""effort"""",""""plan""""]""	""[""""guidance"""",""""science"""",""""giant"""",""""silence"""",""""license""""]""	""[{""""word"""":""""advice"""",""""note"""":""""助言という意味で近い""""},{""""word"""":""""help"""",""""note"""":""""より広い意味の語""""}]""	[]"
501657	5	morale	士気	the level of confidence and spirit in a group	The team's morale was high after the win.	そのチームの士気は勝利のあと高かった。	noun	6	2	""[""""士気"""",""""人気"""",""""勇気"""",""""才能"""",""""責任""""]""	""[""""morale"""",""""popularity"""",""""courage"""",""""talent"""",""""responsibility""""]""	""[""""morale"""",""""moral"""",""""model"""",""""mobile"""",""""normal""""]""	""[{""""word"""":""""spirit"""",""""note"""":""""集団の気持ちを表すとき近い""""}]""	""[{""""word"""":""""depression"""",""""note"""":""""気分や活気が低い状態""""}]"""
501658	5	inform A of B	AにBを知らせる	to tell someone about something officially or clearly	Please inform me of the change.	その変更を私に知らせてください。	verb	5	2	""[""""AにBを知らせる"""",""""AにBを見せる"""",""""AにBを送る"""",""""AにBを教える"""",""""AにBを頼む""""]""	""[""""inform A of B"""",""""show A B"""",""""send A B"""",""""teach A B"""",""""ask A for B""""]""	""[""""inform A of B"""",""""in form A of B"""",""""invite A to B"""",""""improve A by B"""",""""in front of B""""]""	""[{""""word"""":""""notify A of B"""",""""note"""":""""ややかたい言い方""""},{""""word"""":""""tell A about B"""",""""note"""":""""より日常的""""}]""	[]"
501659	5	distinguish A from B	AとBを区別する	to see or show the difference between two things	Can you distinguish A from B in this picture?	この絵の中でAとBを区別できますか。	verb	5	2	""[""""AとBを区別する"""",""""AとBを混ぜる"""",""""AとBを比べる"""",""""AとBを選ぶ"""",""""AとBを数える""""]""	""[""""distinguish A from B"""",""""mix A and B"""",""""compare A and B"""",""""choose A or B"""",""""count A and B""""]""	""[""""distinguish A from B"""",""""extinguish A and B"""",""""discuss A and B"""",""""finish A and B"""",""""exchange A and B""""]""	[]	[]"
501660	5	warn of	～を警告する	to tell someone about possible danger or trouble	They warned us of the coming storm.	彼らは私たちに近づく嵐を警告した。	verb	5	3	""[""""～を警告する"""",""""～を信じる"""",""""～を選ぶ"""",""""～を説明する"""",""""～を集める""""]""	""[""""warn of"""",""""believe"""",""""choose"""",""""explain"""",""""collect""""]""	""[""""warn of"""",""""word of"""",""""work on"""",""""walk off"""",""""turn off""""]""	""[{""""word"""":""""alert"""",""""note"""":""""より短い形で「警告する」""""}]""	[]"
501661	5	convey	伝える	to make an idea or feeling known to someone	This picture conveys peace and hope.	この絵は平和と希望を伝えている。	verb	5	3	""[""""伝える"""",""""集める"""",""""比べる"""",""""防ぐ"""",""""選ぶ""""]""	""[""""convey"""",""""collect"""",""""compare"""",""""prevent"""",""""choose""""]""	""[""""convey"""",""""convince"""",""""contain"""",""""connect"""",""""control""""]""	""[{""""word"""":""""communicate"""",""""note"""":""""情報や気持ちを伝える""""}]""	[]"
501662	5	pass on	伝える	to give information to another person	Please pass on the message to Ken.	その伝言をケンに伝えてください。	verb	4	4	""[""""伝える"""",""""断る"""",""""隠す"""",""""失う"""",""""借りる""""]""	""[""""pass on"""",""""refuse"""",""""hide"""",""""lose"""",""""borrow""""]""	""[""""pass on"""",""""lesson"""",""""person"""",""""pardon"""",""""basket""""]""	""[{""""word"""":""""tell"""",""""note"""":""""より基本的な語""""},{""""word"""":""""inform"""",""""note"""":""""ややかたい語""""}]""	[]"
501663	5	experimental	実験的な	using new ideas or methods to test something	The school started an experimental class this year.	その学校は今年、実験的な授業を始めた。	adjective	5	2	""[""""実験的な"""",""""伝統的な"""",""""効果的な"""",""""危険な"""",""""国際的な""""]""	""[""""experimental"""",""""traditional"""",""""effective"""",""""dangerous"""",""""international""""]""	""[""""experimental"""",""""experience"""",""""express"""",""""special"""",""""environmental""""]""	""[{""""word"""":""""trial"""",""""note"""":""""形容詞的に使うと「試験的な」""""}]""	""[{""""word"""":""""traditional"""",""""note"""":""""新しい方法ではなく従来の""""}]"""
501664	5	script	台本	the written words for a play, movie, or show	She read the script before the play.	彼女は劇の前に台本を読んだ。	noun	4	3	""[""""台本"""",""""記事"""",""""表紙"""",""""題名"""",""""場面""""]""	""[""""script"""",""""article"""",""""cover"""",""""title"""",""""scene""""]""	""[""""script"""",""""strict"""",""""screen"""",""""skirt"""",""""slip""""]""	[]	[]"
501665	5	paragraph	段落	a section of writing made of several sentences	Write one paragraph about your summer vacation.	あなたの夏休みについて1つの段落を書きなさい。	noun	4	3	""[""""段落"""",""""文"""",""""題名"""",""""章"""",""""会話""""]""	""[""""paragraph"""",""""sentence"""",""""title"""",""""chapter"""",""""conversation""""]""	""[""""paragraph"""",""""parrot"""",""""parallel"""",""""photograph"""",""""program""""]""	[]	[]"
501666	5	appreciate	感謝する	to be thankful for something	I really appreciate your help.	私はあなたの助けに本当に感謝しています。	verb	5	3	""[""""感謝する"""",""""応援する"""",""""説明する"""",""""共有する"""",""""招待する""""]""	""[""""appreciate"""",""""support"""",""""explain"""",""""share"""",""""invite""""]""	""[""""appreciate"""",""""appropriate"""",""""approach"""",""""approve"""",""""appear""""]""	""[{""""word"""":""""thank"""",""""note"""":""""より直接的に「礼を言う」""""}]""	[]"
501667	5	gratitude	感謝	the feeling of being thankful	She showed gratitude for the gift.	彼女はその贈り物に感謝を示した。	noun	5	2	""[""""感謝"""",""""希望"""",""""勇気"""",""""努力"""",""""成功""""]""	""[""""gratitude"""",""""hope"""",""""courage"""",""""effort"""",""""success""""]""	""[""""gratitude"""",""""graduate"""",""""gravity"""",""""grandma"""",""""grateful""""]""	""[{""""word"""":""""thanks"""",""""note"""":""""より日常的な表現""""}]""	[]"
501668	5	appreciation	感謝	a feeling of thanks	He sent a note of appreciation.	彼は感謝の手紙を送った。	noun	5	2	""[""""感謝"""",""""提案"""",""""経験"""",""""意見"""",""""約束""""]""	""[""""appreciation"""",""""suggestion"""",""""experience"""",""""opinion"""",""""promise""""]""	""[""""appreciation"""",""""application"""",""""operation"""",""""education"""",""""attention""""]""	""[{""""word"""":""""thanks"""",""""note"""":""""より日常的な表現""""},{""""word"""":""""gratitude"""",""""note"""":""""ややかたい語""""}]""	[]"
501669	5	hearing	聴力	the ability to hear sounds	My grandfather's hearing is not very good.	私の祖父の聴力はあまりよくありません。	noun	5	3	""[""""聴力"""",""""視力"""",""""記憶"""",""""体力"""",""""声""""]""	""[""""hearing"""",""""vision"""",""""memory"""",""""strength"""",""""voice""""]""	""[""""hearing"""",""""feeling"""",""""clearing"""",""""leading"""",""""fearing""""]""	[]	[]"
501670	5	arrival	到着	the act of coming to a place	We waited for the arrival of the train.	私たちは電車の到着を待ちました。	noun	5	4	""[""""到着"""",""""出発"""",""""訪問"""",""""旅行"""",""""案内""""]""	""[""""arrival"""",""""departure"""",""""visit"""",""""travel"""",""""guide""""]""	""[""""arrival"""",""""approval"""",""""festival"""",""""survival"""",""""animal""""]""	""[{""""word"""":""""coming"""",""""note"""":""""より日常的な言い方""""}]""	""[{""""word"""":""""departure"""",""""note"""":""""出発""""}]"""
501671	5	laughter	笑い	the sound or act of laughing	The room was full of laughter.	その部屋は笑いでいっぱいでした。	noun	5	3	""[""""笑い"""",""""涙"""",""""拍手"""",""""叫び"""",""""沈黙""""]""	""[""""laughter"""",""""tears"""",""""applause"""",""""shout"""",""""silence""""]""	""[""""laughter"""",""""daughter"""",""""after"""",""""water"""",""""letter""""]""	""[{""""word"""":""""laugh"""",""""note"""":""""動詞・名詞の基本形""""}]""	[]"
501672	5	earliest	最も早い	before all others in time	She caught the earliest train this morning.	彼女は今朝いちばん早い電車に乗った。	adjective	5	3	""[""""最も早い"""",""""最も遅い"""",""""最も近い"""",""""最も高い"""",""""最も長い""""]""	""[""""earliest"""",""""latest"""",""""nearest"""",""""highest"""",""""longest""""]""	""[""""earliest"""",""""earnest"""",""""artist"""",""""early"""",""""largest""""]""	""[{""""word"""":""""first"""",""""note"""":""""順番で最初の意味で近い""""}]""	""[{""""word"""":""""latest"""",""""note"""":""""時間的に最も遅い""""}]"""
501673	5	itself	それ自体	the thing alone; not another thing	The machine stopped by itself.	その機械はひとりでに止まった。	pronoun	5	4	""[""""それ自体"""",""""彼自身"""",""""彼女自身"""",""""あなた自身"""",""""私たち自身""""]""	""[""""itself"""",""""himself"""",""""herself"""",""""yourself"""",""""ourselves""""]""	""[""""itself"""",""""himself"""",""""herself"""",""""myself"""",""""yourself""""]""	[]	[]"
501674	5	burglary	空き巣	the crime of entering a building to steal	The police are investigating the burglary.	警察はその空き巣事件を調べている。	noun	5	2	""[""""空き巣"""",""""強盗"""",""""盗み"""",""""詐欺"""",""""放火""""]""	""[""""burglary"""",""""robbery"""",""""theft"""",""""fraud"""",""""arson""""]""	""[""""burglary"""",""""battery"""",""""gallery"""",""""boundary"""",""""bakery""""]""	[]	[]"
501675	5	dense	密集した	having many things close together	The forest is dense with tall trees.	その森は高い木が密集している。	adjective	5	3	""[""""密集した"""",""""細い"""",""""柔らかい"""",""""明るい"""",""""静かな""""]""	""[""""dense"""",""""thin"""",""""soft"""",""""bright"""",""""quiet""""]""	""[""""dense"""",""""dance"""",""""tense"""",""""sense"""",""""dents""""]""	""[{""""word"""":""""thick"""",""""note"""":""""物がたくさん詰まっている感じ""""}]""	""[{""""word"""":""""thin"""",""""note"""":""""密度が低い""""}]"""
501676	5	slender	細い	thin and graceful	She has slender fingers.	彼女は細い指をしている。	adjective	5	2	""[""""細い"""",""""太い"""",""""短い"""",""""丸い"""",""""重い""""]""	""[""""slender"""",""""thick"""",""""short"""",""""round"""",""""heavy""""]""	""[""""slender"""",""""sender"""",""""splendor"""",""""shelter"""",""""slipper""""]""	""[{""""word"""":""""thin"""",""""note"""":""""より一般的な語""""}]""	""[{""""word"""":""""thick"""",""""note"""":""""太い""""}]"""
501677	5	wire	針金	a thin metal line	He bent the wire into a circle.	彼はその針金を曲げて円にした。	noun	5	3	""[""""針金"""",""""ひも"""",""""板"""",""""管"""",""""くぎ""""]""	""[""""wire"""",""""rope"""",""""board"""",""""pipe"""",""""nail""""]""	""[""""wire"""",""""fire"""",""""tire"""",""""wide"""",""""wine""""]""	[]	[]"
501678	5	replacement	代わり	a person or thing that takes the place of another	We need a replacement for the broken chair.	私たちはその壊れた椅子の代わりが必要です。	noun	5	3	""[""""代わり"""",""""原因"""",""""結果"""",""""方法"""",""""目的""""]""	""[""""replacement"""",""""reason"""",""""result"""",""""method"""",""""purpose""""]""	""[""""replacement"""",""""agreement"""",""""arrangement"""",""""requirement"""",""""apartment""""]""	""[{""""word"""":""""substitute"""",""""note"""":""""より直接的に「代用品」""""}]""	""[{""""word"""":""""original"""",""""note"""":""""元のもの""""}]"""
501679	5	stimulus	刺激	something that causes action or feeling	The bright light was a stimulus for the baby.	その明るい光は赤ちゃんへの刺激でした。	noun	5	2	""[""""刺激"""",""""反応"""",""""影響"""",""""変化"""",""""合図""""]""	""[""""stimulus"""",""""response"""",""""effect"""",""""change"""",""""signal""""]""	""[""""stimulus"""",""""similar"""",""""serious"""",""""citizen"""",""""syllable""""]""	[]	[]"
501680	5	belongings	持ち物	the things that a person owns or carries	Please check your belongings before you leave.	出かける前に持ち物を確認してください。	noun	3	3	""[""""持ち物"""",""""荷物"""",""""家具"""",""""道具"""",""""衣類""""]""	""[""""belongings"""",""""baggage"""",""""furniture"""",""""tools"""",""""clothes""""]""	""[""""belongings"""",""""beginnings"""",""""buildings"""",""""believers"""",""""belonging""""]""	""[{""""word"""":""""property"""",""""note"""":""""ややかたい語""""},{""""word"""":""""things"""",""""note"""":""""くだけた言い方""""}]""	[]"
501681	5	regard A as B	AをBとみなす	to think of one thing as another	Many people regard this book as useful.	多くの人がこの本を役に立つものとみなしている。	verb	5	2	""[""""AをBとみなす"""",""""AをBに変える"""",""""AをBに送る"""",""""AをBから守る"""",""""AをBに分ける""""]""	""[""""regard A as B"""",""""change A into B"""",""""send A to B"""",""""protect A from B"""",""""divide A into B""""]""	""[""""regard A as B"""",""""reward A with B"""",""""record A on B"""",""""repeat A to B"""",""""replace A with B""""]""	""[{""""word"""":""""think of A as B"""",""""note"""":""""よりやさしい言い方""""}]""	[]"
501682	5	look back	振り返る	to think about the past	She likes to look back on her school days.	彼女は学生時代を振り返るのが好きです。	verb	3	3	""[""""振り返る"""",""""見上げる"""",""""見回す"""",""""見つける"""",""""見送る""""]""	""[""""look back"""",""""look up"""",""""look around"""",""""find"""",""""see off""""]""	""[""""look back"""",""""look bad"""",""""look black"""",""""look bank"""",""""look pack""""]""	""[{""""word"""":""""remember"""",""""note"""":""""過去を思い出すとき""""}]""	""[{""""word"""":""""look ahead"""",""""note"""":""""先のことを見る""""}]"""
501683	5	regard as	～とみなす	to think of someone or something in a certain way	Many people regard him as a great leader.	多くの人は彼を偉大な指導者だとみなしている。	verb	5	3	""[""""～とみなす"""",""""～を避ける"""",""""～を支える"""",""""～を調べる"""",""""～を比較する""""]""	""[""""regard as"""",""""depend on"""",""""look for"""",""""compare with"""",""""give up""""]""	""[""""regard as"""",""""reward us"""",""""record us"""",""""regret us"""",""""reply to""""]""	""[{""""word"""":""""consider"""",""""note"""":""""少しかたいが近い意味""""}]""	[]"
501684	5	ponder	じっくり考える	to think carefully about something	She sat by the window to ponder the question.	彼女はその質問をじっくり考えるために窓辺に座った。	verb	5	2	""[""""じっくり考える"""",""""すぐに決める"""",""""大声で話す"""",""""急いで走る"""",""""簡単に信じる""""]""	""[""""ponder"""",""""decide"""",""""shout"""",""""hurry"""",""""believe""""]""	""[""""ponder"""",""""wonder"""",""""powder"""",""""panda"""",""""under""""]""	""[{""""word"""":""""consider"""",""""note"""":""""より一般的な語""""},{""""word"""":""""think over"""",""""note"""":""""口語で近い""""}]""	""[{""""word"""":""""ignore"""",""""note"""":""""考えないで放っておく""""}]"""
501685	5	reflect on	～を振り返って考える	to think carefully about something in the past	He reflected on his mistake after school.	彼は放課後に自分の失敗を振り返って考えた。	verb	5	2	""[""""～を振り返って考える"""",""""～をすぐ忘れる"""",""""～を作り直す"""",""""～を人に任せる"""",""""～を外に運ぶ""""]""	""[""""reflect on"""",""""forget"""",""""rebuild"""",""""leave"""",""""carry""""]""	""[""""reflect on"""",""""respect"""",""""reject"""",""""report"""",""""result""""]""	""[{""""word"""":""""think about"""",""""note"""":""""より広い意味の基本表現""""}]""	""[{""""word"""":""""ignore"""",""""note"""":""""考えずに無視する""""}]"""
501686	5	be impressed with	〜に感心する	to feel admiration for something or someone	I was impressed with her speech.	私は彼女のスピーチに感心した。	verb	5	3	""[""""〜に感心する"""",""""〜を誇りに思う"""",""""〜に驚く"""",""""〜を信じる"""",""""〜を理解する""""]""	""[""""be impressed with"""",""""be proud of"""",""""be surprised at"""",""""believe in"""",""""understand""""]""	""[""""be impressed with"""",""""be involved in"""",""""be interested in"""",""""be careful with"""",""""be famous for""""]""	""[{""""word"""":""""admire"""",""""note"""":""""より短い動詞形""""}]""	[]"
501687	5	look down on	〜を見下す	to think someone is not as good as you	Some people look down on others for no reason.	理由もなく他人を見下す人もいる。	verb	5	3	""[""""〜を見下す"""",""""〜を助ける"""",""""〜を尊敬する"""",""""〜を招く"""",""""〜を許す""""]""	""[""""look down on"""",""""help"""",""""respect"""",""""invite"""",""""forgive""""]""	""[""""look down on"""",""""look back on"""",""""look for"""",""""look after"""",""""look around""""]""	""[{""""word"""":""""despise"""",""""note"""":""""やや強い表現""""}]""	""[{""""word"""":""""respect"""",""""note"""":""""敬意を持つ""""}]"""
501688	5	mistake for	〜と間違える	to think one person or thing is another	I mistook him for his brother.	私は彼を彼の兄弟と間違えた。	verb	5	3	""[""""〜と間違える"""",""""〜を選ぶ"""",""""〜を探す"""",""""〜を呼ぶ"""",""""〜を止める""""]""	""[""""mistake for"""",""""choose"""",""""search for"""",""""call"""",""""stop""""]""	""[""""mistake for"""",""""missed the bus"""",""""make a plan"""",""""take a walk"""",""""wait for""""]""	""[{""""word"""":""""confuse"""",""""note"""":""""文型は異なるが近い意味""""}]""	""[{""""word"""":""""recognize"""",""""note"""":""""見分ける""""}]"""
501689	5	presume	推測する	to think something is true without being completely sure	I presume he is busy now.	彼は今忙しいのだろうと私は推測する。	verb	5	2	""[""""推測する"""",""""確認する"""",""""説明する"""",""""拒否する"""",""""比較する""""]""	""[""""presume"""",""""confirm"""",""""explain"""",""""refuse"""",""""compare""""]""	""[""""presume"""",""""resume"""",""""perfume"""",""""prepare"""",""""present""""]""	""[{""""word"""":""""suppose"""",""""note"""":""""より基本的な語""""}]""	""[{""""word"""":""""confirm"""",""""note"""":""""確かだと確認する""""}]"""
501690	5	come up with	思いつく	to think of an idea or answer	She came up with a good idea.	彼女はよい考えを思いついた。	verb	5	3	""[""""思いつく"""",""""あきらめる"""",""""片づける"""",""""書き写す"""",""""申し込む""""]""	""[""""come up with"""",""""give up"""",""""put away"""",""""copy down"""",""""apply for""""]""	""[""""come up with"""",""""come back"""",""""come in"""",""""come out"""",""""come from""""]""	""[{""""word"""":""""think of"""",""""note"""":""""考えつく""""}]""	[]"
501691	5	be obsessed with	に夢中である	to think about something too much and be very interested in it	He is obsessed with video games.	彼はテレビゲームに夢中だ。	adjective	5	2	""[""""に夢中である"""",""""に失望している"""",""""に満足している"""",""""に驚いている"""",""""に興味がない""""]""	""[""""be obsessed with"""",""""be disappointed with"""",""""be satisfied with"""",""""be surprised at"""",""""be uninterested in""""]""	""[""""be obsessed with"""",""""be upset with"""",""""be honest with"""",""""be busy with"""",""""be pleased with""""]""	""[{""""word"""":""""be crazy about"""",""""note"""":""""くだけた表現""""}]""	""[{""""word"""":""""be uninterested in"""",""""note"""":""""興味がない""""}]"""
501692	5	say to oneself	心の中で言う	to speak quietly in your mind	He said to himself that he could do it.	彼は自分ならできると心の中で言った。	verb	5	2	""[""""心の中で言う"""",""""大声で話す"""",""""人にたずねる"""",""""紙に書く"""",""""注意して聞く""""]""	""[""""say to oneself"""",""""speak aloud"""",""""ask someone"""",""""write down"""",""""listen carefully""""]""	""[""""say to oneself"""",""""say to everyone"""",""""stay by oneself"""",""""talk to oneself"""",""""sing to oneself""""]""	""[{""""word"""":""""think to oneself"""",""""note"""":""""心の中で思うに近い""""}]""	[]"
501693	5	philosopher	哲学者	a person who studies deep ideas about life	The philosopher wrote about happiness.	その哲学者は幸福について書いた。	noun	5	2	""[""""哲学者"""",""""科学者"""",""""画家"""",""""作家"""",""""音楽家""""]""	""[""""philosopher"""",""""scientist"""",""""painter"""",""""writer"""",""""musician""""]""	""[""""philosopher"""",""""photographer"""",""""visitor"""",""""professor"""",""""passenger""""]""	[]	[]"
501694	5	reflection	反射像	an image you see in a mirror or water	I saw my reflection in the window.	私は窓に自分の反射像を見た。	noun	5	2	""[""""反射像"""",""""影"""",""""模様"""",""""景色"""",""""写真""""]""	""[""""reflection"""",""""shadow"""",""""pattern"""",""""view"""",""""photo""""]""	""[""""reflection"""",""""direction"""",""""selection"""",""""connection"""",""""collection""""]""	""[{""""word"""":""""image"""",""""note"""":""""見える像という意味で近い""""}]""	[]"
501695	5	pessimistic	悲観的な	expecting bad things to happen	He is pessimistic about the game.	彼はその試合について悲観的だ。	adjective	5	2	""[""""悲観的な"""",""""楽観的な"""",""""慎重な"""",""""正直な"""",""""活発な""""]""	""[""""pessimistic"""",""""optimistic"""",""""careful"""",""""honest"""",""""active""""]""	""[""""pessimistic"""",""""optimistic"""",""""realistic"""",""""artistic"""",""""domestic""""]""	""[{""""word"""":""""negative"""",""""note"""":""""やや広い意味で「否定的な」""""}]""	""[{""""word"""":""""optimistic"""",""""note"""":""""「楽観的な」""""}]"""
501696	5	fiber	繊維	thin material like thread in cloth or food	Vegetables are rich in fiber.	野菜は繊維が豊富です。	noun	4	2	""[""""繊維"""",""""金属"""",""""液体"""",""""蒸気"""",""""結晶""""]""	""[""""fiber"""",""""metal"""",""""liquid"""",""""steam"""",""""crystal""""]""	""[""""fiber"""",""""final"""",""""fever"""",""""fighter"""",""""finer""""]""	[]	[]"
501697	5	discard	捨てる	to throw away something you do not need	Please discard the old papers.	古い書類を捨ててください。	verb	5	3	""[""""捨てる"""",""""集める"""",""""借りる"""",""""隠す"""",""""選ぶ""""]""	""[""""discard"""",""""collect"""",""""borrow"""",""""hide"""",""""choose""""]""	""[""""discard"""",""""discuss"""",""""discover"""",""""distance"""",""""district""""]""	""[{""""word"""":""""throw away"""",""""note"""":""""よりやさしい表現""""}]""	""[{""""word"""":""""keep"""",""""note"""":""""手元に置いておく""""}]"""
501698	5	scatter	まき散らす	to throw things over a wide area	The wind scattered the leaves.	風が葉をまき散らした。	verb	5	3	""[""""まき散らす"""",""""集める"""",""""運ぶ"""",""""洗う"""",""""数える""""]""	""[""""scatter"""",""""collect"""",""""carry"""",""""wash"""",""""count""""]""	""[""""scatter"""",""""shatter"""",""""scanner"""",""""skater"""",""""ladder""""]""	""[{""""word"""":""""spread"""",""""note"""":""""広げる感じ""""}]""	""[{""""word"""":""""gather"""",""""note"""":""""集める""""}]"""
501699	5	toss	投げる	to throw something lightly	She tossed the ball to me.	彼女は私にボールを投げた。	verb	4	4	""[""""投げる"""",""""つかむ"""",""""落とす"""",""""押す"""",""""引く""""]""	""[""""toss"""",""""catch"""",""""drop"""",""""push"""",""""pull""""]""	""[""""toss"""",""""boss"""",""""cost"""",""""top"""",""""touch""""]""	""[{""""word"""":""""throw"""",""""note"""":""""最も基本的な語""""}]""	""[{""""word"""":""""catch"""",""""note"""":""""投げられた物を受け取る""""}]"""
501700	5	disposal	処分	the act of getting rid of something	The safe disposal of trash is important.	ごみの安全な処分は重要です。	noun	5	3	""[""""処分"""",""""保管"""",""""配達"""",""""発明"""",""""修理""""]""	""[""""disposal"""",""""storage"""",""""delivery"""",""""invention"""",""""repair""""]""	""[""""disposal"""",""""proposal"""",""""supposal"""",""""disappear"""",""""display""""]""	""[{""""word"""":""""removal"""",""""note"""":""""取り除くことの意味で近い""""}]""	[]"
501701	5	bind	縛る	to tie something tightly	Please bind the boxes with rope.	ロープでその箱を縛ってください。	verb	5	3	""[""""縛る"""",""""運ぶ"""",""""隠す"""",""""壊す"""",""""洗う""""]""	""[""""bind"""",""""carry"""",""""hide"""",""""break"""",""""wash""""]""	""[""""bind"""",""""find"""",""""mind"""",""""bend"""",""""band""""]""	""[{""""word"""":""""tie"""",""""note"""":""""より基本的な語""""}]""	""[{""""word"""":""""loosen"""",""""note"""":""""ゆるめる""""}]"""
501702	5	bound	向かっている	going to a place	This train is bound for Osaka.	この電車は大阪行きです。	adjective	5	3	""[""""向かっている"""",""""止まっている"""",""""遅れている"""",""""混んでいる"""",""""空いている""""]""	""[""""bound"""",""""stopped"""",""""delayed"""",""""crowded"""",""""empty""""]""	""[""""bound"""",""""found"""",""""sound"""",""""round"""",""""band""""]""	""[{""""word"""":""""headed"""",""""note"""":""""be headed for ... で近い""""}]""	[]"
501703	5	duration	継続時間	the length of time something lasts	The duration of the movie was two hours.	その映画の継続時間は2時間だった。	noun	5	3	""[""""継続時間"""",""""速度"""",""""距離"""",""""重さ"""",""""温度""""]""	""[""""duration"""",""""speed"""",""""distance"""",""""weight"""",""""temperature""""]""	""[""""duration"""",""""situation"""",""""direction"""",""""vacation"""",""""education""""]""	""[{""""word"""":""""length"""",""""note"""":""""時間や長さを表す基本語""""}]""	[]"
501704	5	lifespan	寿命	the length of time a person, animal, or thing lives	A dog has a shorter lifespan than a human.	犬の寿命は人間より短い。	noun	5	3	""[""""寿命"""",""""身長"""",""""年齢"""",""""体重"""",""""速度""""]""	""[""""lifespan"""",""""height"""",""""age"""",""""weight"""",""""speed""""]""	""[""""lifespan"""",""""lifetime"""",""""lighten"""",""""lifeboat"""",""""library""""]""	""[{""""word"""":""""lifetime"""",""""note"""":""""life全体の期間""""}]""	[]"
501705	5	molecule	分子	a very small part of a substance	Water is made of tiny molecules.	水はとても小さな分子でできている。	noun	5	2	""[""""分子"""",""""原子"""",""""細胞"""",""""金属"""",""""液体""""]""	""[""""molecule"""",""""atom"""",""""cell"""",""""metal"""",""""liquid""""]""	""[""""molecule"""",""""miracle"""",""""motorcycle"""",""""medical"""",""""musical""""]""	[]	[]"
501706	5	bacteria	細菌	very small living things that can cause disease	Dirty water may contain bacteria.	汚れた水には細菌が含まれているかもしれません。	noun	5	3	""[""""細菌"""",""""ウイルス"""",""""虫"""",""""植物"""",""""薬""""]""	""[""""bacteria"""",""""virus"""",""""insect"""",""""plant"""",""""medicine""""]""	""[""""bacteria"""",""""back area"""",""""cafeteria"""",""""criteria"""",""""material""""]""	""[{""""word"""":""""germs"""",""""note"""":""""日常的でやや広い言い方""""}]""	[]"
501707	5	exhaust	疲れ果てさせる	to make someone very tired	The long walk will exhaust me.	その長い散歩で私は疲れ果てるでしょう。	verb	5	3	""[""""疲れ果てさせる"""",""""驚かせる"""",""""助ける"""",""""守る"""",""""招く""""]""	""[""""exhaust"""",""""surprise"""",""""help"""",""""protect"""",""""invite""""]""	""[""""exhaust"""",""""exact"""",""""exist"""",""""expand"""",""""expect""""]""	""[{""""word"""":""""tire"""",""""note"""":""""より基本的な語""""}]""	""[{""""word"""":""""refresh"""",""""note"""":""""元気を回復させる""""}]"""
501708	5	fatigue	疲労	a feeling of being very tired	After the game, I felt great fatigue.	試合のあと、私はひどい疲労を感じました。	noun	5	2	""[""""疲労"""",""""緊張"""",""""安心"""",""""怒り"""",""""喜び""""]""	""[""""fatigue"""",""""tension"""",""""relief"""",""""anger"""",""""joy""""]""	""[""""fatigue"""",""""figure"""",""""fifteen"""",""""future"""",""""feature""""]""	""[{""""word"""":""""tiredness"""",""""note"""":""""よりやさしい言い方""""}]""	""[{""""word"""":""""energy"""",""""note"""":""""元気・活力""""}]"""
501709	5	caption	説明文	words under a picture or photo	Read the caption under the picture.	その絵の下の説明文を読みなさい。	noun	5	3	""[""""説明文"""",""""見出し"""",""""記事"""",""""表紙"""",""""段落""""]""	""[""""caption"""",""""headline"""",""""article"""",""""cover"""",""""paragraph""""]""	""[""""caption"""",""""caution"""",""""captain"""",""""action"""",""""question""""]""	""[{""""word"""":""""title"""",""""note"""":""""短い題名の意味で近い""""}]""	[]"
501710	5	greatly	大いに	very much	Her English has greatly improved.	彼女の英語は大いに上達した。	adverb	5	4	""[""""大いに"""",""""少し"""",""""静かに"""",""""すぐに"""",""""たいてい""""]""	""[""""greatly"""",""""slightly"""",""""quietly"""",""""soon"""",""""usually""""]""	""[""""greatly"""",""""gratefully"""",""""brightly"""",""""lately"""",""""gently""""]""	""[{""""word"""":""""very much"""",""""note"""":""""意味が近い表現""""}]""	""[{""""word"""":""""slightly"""",""""note"""":""""程度が小さい""""}]"""
501711	5	in the first place	そもそも	to begin with; originally	I did not want to go there in the first place.	私はそもそもそこへ行きたくなかった。	adverb	6	3	""[""""そもそも"""",""""その後"""",""""たぶん"""",""""突然"""",""""たしかに""""]""	""[""""in the first place"""",""""afterward"""",""""perhaps"""",""""suddenly"""",""""certainly""""]""	""[""""in the first place"""",""""in the last place"""",""""in the first case"""",""""in the next place"""",""""in that first place""""]""	""[{""""word"""":""""to begin with"""",""""note"""":""""言い換えとして自然""""}]""	[]"
501712	5	aside	わきへ	to one side	He stepped aside to let her pass.	彼は彼女を通すためにわきへよけた。	adverb	5	3	""[""""わきへ"""",""""まっすぐに"""",""""後ろへ"""",""""中へ"""",""""上へ""""]""	""[""""aside"""",""""straight"""",""""backward"""",""""inside"""",""""upstairs""""]""	""[""""aside"""",""""a side"""",""""inside"""",""""outside"""",""""asleep""""]""	""[{""""word"""":""""away"""",""""note"""":""""少し離れて""""}]""	[]"
501713	5	unbearable	耐えられない	too bad to accept or stand	The heat was unbearable in the small room.	その小さな部屋の暑さは耐えられなかった。	adjective	7	3	""[""""耐えられない"""",""""快適な"""",""""危険な"""",""""静かな"""",""""重要な""""]""	""[""""unbearable"""",""""comfortable"""",""""dangerous"""",""""quiet"""",""""important""""]""	""[""""unbearable"""",""""unusual"""",""""uncertain"""",""""unhealthy"""",""""unfair""""]""	""[{""""word"""":""""intolerable"""",""""note"""":""""やや硬い語""""}]""	""[{""""word"""":""""bearable"""",""""note"""":""""耐えられる""""},{""""word"""":""""comfortable"""",""""note"""":""""心地よい""""}]"""
501714	5	premature	早すぎる	happening before the right time	It is premature to make a decision now.	今決定するのは早すぎる。	adjective	8	2	""[""""早すぎる"""",""""遅い"""",""""正確な"""",""""公平な"""",""""簡単な""""]""	""[""""premature"""",""""late"""",""""accurate"""",""""fair"""",""""easy""""]""	""[""""premature"""",""""pressure"""",""""pleasure"""",""""creature"""",""""private""""]""	""[{""""word"""":""""early"""",""""note"""":""""より基本的な語""""}]""	""[{""""word"""":""""late"""",""""note"""":""""遅い""""}]"""
501715	5	out of reach	手の届かない	too far away to get or touch	The top shelf is out of reach for the child.	一番上の棚はその子どもには手が届かない。	adjective	5	3	""[""""手の届かない"""",""""十分近い"""",""""とても重い"""",""""完全に空の"""",""""安全な""""]""	""[""""out of reach"""",""""close by"""",""""too heavy"""",""""empty"""",""""safe""""]""	""[""""out of reach"""",""""out of breath"""",""""on the beach"""",""""under each"""",""""over there""""]""	""[{""""word"""":""""unreachable"""",""""note"""":""""やや硬い言い方""""}]""	""[{""""word"""":""""within reach"""",""""note"""":""""手の届く範囲に""""}]"""
501716	5	excessive	過度の	too much; more than is good	Excessive noise can make it hard to study.	過度の騒音は勉強をしにくくすることがある。	adjective	5	3	""[""""過度の"""",""""静かな"""",""""十分な"""",""""突然の"""",""""個人的な""""]""	""[""""excessive"""",""""quiet"""",""""enough"""",""""sudden"""",""""personal""""]""	""[""""excessive"""",""""expensive"""",""""exciting"""",""""effective"""",""""exclusive""""]""	""[{""""word"""":""""too much"""",""""note"""":""""意味が近い基本表現""""}]""	""[{""""word"""":""""moderate"""",""""note"""":""""適度な""""},{""""word"""":""""reasonable"""",""""note"""":""""行き過ぎていない""""}]"""
501717	5	excess	過剰	more than what is needed	The factory produced an excess of goods last month.	その工場は先月、商品を過剰に生産した。	noun	5	3	""[""""過剰"""",""""不足"""",""""平均"""",""""方法"""",""""結果""""]""	""[""""excess"""",""""lack"""",""""average"""",""""method"""",""""result""""]""	""[""""excess"""",""""access"""",""""except"""",""""expert"""",""""expand""""]""	""[{""""word"""":""""extra"""",""""note"""":""""より基本的な語""""}]""	""[{""""word"""":""""lack"""",""""note"""":""""足りないこと""""},{""""word"""":""""shortage"""",""""note"""":""""不足""""}]"""
501718	5	kettle	やかん	a pot used for boiling water	She put water in the kettle.	彼女はやかんに水を入れた。	noun	3	3	""[""""やかん"""",""""なべ"""",""""フライパン"""",""""コップ"""",""""皿""""]""	""[""""kettle"""",""""pan"""",""""pot"""",""""cup"""",""""plate""""]""	""[""""kettle"""",""""metal"""",""""little"""",""""cattle"""",""""settle""""]""	[]	[]"
501719	5	ambassador	大使	an official sent to represent a country	The ambassador visited our school.	その大使は私たちの学校を訪れた。	noun	5	2	""[""""大使"""",""""大統領"""",""""市長"""",""""記者"""",""""裁判官""""]""	""[""""ambassador"""",""""president"""",""""mayor"""",""""reporter"""",""""judge""""]""	""[""""ambassador"""",""""visitor"""",""""advisor"""",""""actor"""",""""editor""""]""	[]	[]"
501720	5	presidency	大統領の職	the position or period of being president	He wrote a book about his presidency.	彼は自分の大統領としての任期について本を書いた。	noun	5	1	""[""""大統領の職"""",""""市長の職"""",""""教師の仕事"""",""""王の地位"""",""""社長の職""""]""	""[""""presidency"""",""""mayorship"""",""""teaching"""",""""kingship"""",""""leadership""""]""	""[""""presidency"""",""""president"""",""""residency"""",""""presently"""",""""preserve""""]""	[]	[]"
501721	5	upside	上側	the upper side of something	The upside of the box is white.	その箱の上側は白いです。	noun	4	2	""[""""上側"""",""""下側"""",""""内側"""",""""外側"""",""""表面""""]""	""[""""upside"""",""""bottom"""",""""inside"""",""""outside"""",""""surface""""]""	""[""""upside"""",""""outside"""",""""inside"""",""""upset"""",""""uptown""""]""	[]	""[{""""word"""":""""downside"""",""""note"""":""""反対の向き・下側""""}]"""
501722	5	gross	総計の	total before anything is taken away	The store reported gross sales of one million yen.	その店は総計100万円の売り上げを報告した。	adjective	5	3	""[""""総計の"""",""""純利益の"""",""""平均の"""",""""追加の"""",""""毎月の""""]""	""[""""gross"""",""""net"""",""""average"""",""""extra"""",""""monthly""""]""	""[""""gross"""",""""grass"""",""""glass"""",""""cross"""",""""group""""]""	""[{""""word"""":""""total"""",""""note"""":""""より一般的な語""""}]""	""[{""""word"""":""""net"""",""""note"""":""""必要な費用などを引いた後の""""}]"""
501723	5	amount to	合計で〜になる	to add up to a total	The cost will amount to 5,000 yen.	費用は合計で5000円になります。	verb	5	3	""[""""合計で〜になる"""",""""減少する"""",""""比較する"""",""""交換する"""",""""延期する""""]""	""[""""amount to"""",""""decrease"""",""""compare"""",""""exchange"""",""""delay""""]""	""[""""amount to"""",""""account for"""",""""announce"""",""""around"""",""""allow""""]""	""[{""""word"""":""""total"""",""""note"""":""""合計すると、の意味で近い""""}]""	[]"
501724	5	pat	軽くたたく	to touch someone or something gently with your hand	She gave the dog a pat on the head.	彼女はその犬の頭を軽くたたいた。	verb	5	3	""[""""軽くたたく"""",""""押す"""",""""引く"""",""""持ち上げる"""",""""投げる""""]""	""[""""pat"""",""""push"""",""""pull"""",""""lift"""",""""throw""""]""	""[""""pat"""",""""pet"""",""""put"""",""""pan"""",""""bat""""]""	""[{""""word"""":""""tap"""",""""note"""":""""より軽くたたく感じ""""}]""	[]"
501725	5	poisonous	有毒な	dangerous to eat or touch because it has poison	Some mushrooms are poisonous.	有毒なきのこもあります。	adjective	6	3	""[""""有毒な"""",""""安全な"""",""""甘い"""",""""固い"""",""""深い""""]""	""[""""poisonous"""",""""safe"""",""""sweet"""",""""hard"""",""""deep""""]""	""[""""poisonous"""",""""powerful"""",""""dangerous"""",""""famous"""",""""nervous""""]""	""[{""""word"""":""""toxic"""",""""note"""":""""やや硬い語だが近い意味""""}]""	""[{""""word"""":""""safe"""",""""note"""":""""害がない""""}]"""
501726	5	commerce	商業	the activity of buying and selling goods	The city grew through commerce.	その都市は商業によって発展した。	noun	7	2	""[""""商業"""",""""農業"""",""""工業"""",""""文化"""",""""教育""""]""	""[""""commerce"""",""""farming"""",""""industry"""",""""culture"""",""""education""""]""	""[""""commerce"""",""""common"""",""""concert"""",""""corner"""",""""college""""]""	""[{""""word"""":""""trade"""",""""note"""":""""売買活動を表す基本語""""}]""	[]"
501727	5	landfill	ごみ埋立地	a place where waste is buried in the ground	The city built a new landfill outside town.	その市は町の外に新しいごみ埋立地を作った。	noun	5	2	""[""""ごみ埋立地"""",""""工場"""",""""発電所"""",""""駐車場"""",""""農場""""]""	""[""""landfill"""",""""factory"""",""""power plant"""",""""parking lot"""",""""farm""""]""	""[""""landfill"""",""""landline"""",""""landmark"""",""""handbill"""",""""sandhill""""]""	[]	[]"
501728	5	pilgrim	巡礼者	a person who travels to a holy place	The pilgrim walked for many days.	その巡礼者は何日も歩いた。	noun	5	2	""[""""巡礼者"""",""""旅行者"""",""""登山家"""",""""探検家"""",""""案内人""""]""	""[""""pilgrim"""",""""traveler"""",""""climber"""",""""explorer"""",""""guide""""]""	""[""""pilgrim"""",""""program"""",""""penguin"""",""""picture"""",""""pillow""""]""	[]	[]"
501729	5	wedge	くさび	a piece with a thin edge used to split or hold things	He used a wedge to open the door.	彼はドアを開けるためにくさびを使った。	noun	5	2	""[""""くさび"""",""""ハンマー"""",""""くぎ"""",""""のこぎり"""",""""ひも""""]""	""[""""wedge"""",""""hammer"""",""""nail"""",""""saw"""",""""rope""""]""	""[""""wedge"""",""""edge"""",""""badge"""",""""bridge"""",""""watch""""]""	[]	[]"
501730	5	mislead	誤解させる	to make someone believe something wrong	His words may mislead people.	彼の言葉は人々を誤解させるかもしれない。	verb	5	2	""[""""誤解させる"""",""""助ける"""",""""招待する"""",""""比較する"""",""""説明する""""]""	""[""""mislead"""",""""support"""",""""invite"""",""""compare"""",""""explain""""]""	""[""""mislead"""",""""mistreat"""",""""misread"""",""""message"""",""""instead""""]""	""[{""""word"""":""""deceive"""",""""note"""":""""だますという意味で近い""""}]""	""[{""""word"""":""""guide"""",""""note"""":""""正しい方向に導く""""}]"""
501731	5	honeymoon	新婚旅行	a trip taken by a couple after marriage	They went to Italy for their honeymoon.	彼らは新婚旅行でイタリアへ行った。	noun	4	2	""[""""新婚旅行"""",""""修学旅行"""",""""出張"""",""""遠足"""",""""船旅""""]""	""[""""honeymoon"""",""""school trip"""",""""business trip"""",""""picnic"""",""""voyage""""]""	""[""""honeymoon"""",""""afternoon"""",""""bedroom"""",""""holiday"""",""""monsoon""""]""	[]	[]"
501732	5	expedition	探検	a long trip for a special purpose	The team started an expedition to the mountain.	そのチームは山への探検を始めた。	noun	5	2	""[""""探検"""",""""旅行"""",""""散歩"""",""""競争"""",""""会議""""]""	""[""""expedition"""",""""journey"""",""""walk"""",""""race"""",""""meeting""""]""	""[""""expedition"""",""""exhibition"""",""""expression"""",""""education"""",""""operation""""]""	""[{""""word"""":""""journey"""",""""note"""":""""より広い意味の旅""""}]""	[]"
501733	5	stumble	つまずく	to hit your foot and almost fall	I stumbled on a stone in the dark.	私は暗闇で石につまずいた。	verb	5	2	""[""""つまずく"""",""""転ぶ"""",""""滑る"""",""""跳ぶ"""",""""登る""""]""	""[""""stumble"""",""""slip"""",""""fall"""",""""jump"""",""""climb""""]""	""[""""stumble"""",""""struggle"""",""""student"""",""""simple"""",""""sample""""]""	""[{""""word"""":""""trip"""",""""note"""":""""足を引っかけてつまずく""""}]""	[]"
501734	5	endeavor	努力する	to try hard to do something	We endeavor to finish the work on time.	私たちは時間どおりにその仕事を終えるよう努力する。	verb	6	1	""[""""努力する"""",""""挑戦する"""",""""計画する"""",""""説明する"""",""""避ける""""]""	""[""""endeavor"""",""""challenge"""",""""plan"""",""""explain"""",""""avoid""""]""	""[""""endeavor"""",""""inventor"""",""""envelope"""",""""adventure"""",""""endeared""""]""	""[{""""word"""":""""try"""",""""note"""":""""より基本的な語""""},{""""word"""":""""strive"""",""""note"""":""""ややかたい語""""}]""	""[{""""word"""":""""give up"""",""""note"""":""""あきらめる""""}]"""
501735	5	show off	見せびらかす	to try to make people notice you or your things	He likes to show off his new bike.	彼は新しい自転車を見せびらかすのが好きだ。	verb	5	3	""[""""見せびらかす"""",""""隠す"""",""""借りる"""",""""直す"""",""""選ぶ""""]""	""[""""show off"""",""""hide"""",""""borrow"""",""""fix"""",""""choose""""]""	""[""""show off"""",""""shut off"""",""""show up"""",""""set off"""",""""take off""""]""	""[{""""word"""":""""boast"""",""""note"""":""""自慢する""""}]""	""[{""""word"""":""""hide"""",""""note"""":""""隠す""""}]"""
501736	5	strive	努力する	to try very hard to do something	We strive to do our best every day.	私たちは毎日最善を尽くそうと努力する。	verb	5	2	""[""""努力する"""",""""競争する"""",""""準備する"""",""""改善する"""",""""挑戦する""""]""	""[""""strive"""",""""compete"""",""""prepare"""",""""improve"""",""""challenge""""]""	""[""""strive"""",""""stripe"""",""""strike"""",""""drive"""",""""strange""""]""	""[{""""word"""":""""try"""",""""note"""":""""より基本的な語""""},{""""word"""":""""work"""",""""note"""":""""文脈によって近い""""}]""	""[{""""word"""":""""give up"""",""""note"""":""""途中でやめる""""}]"""
501737	5	competitive	競争心の強い	wanting very much to win	He is very competitive in sports.	彼はスポーツでとても競争心が強い。	adjective	5	3	""[""""競争心の強い"""",""""親切な"""",""""活発な"""",""""注意深い"""",""""正直な""""]""	""[""""competitive"""",""""kind"""",""""active"""",""""careful"""",""""honest""""]""	""[""""competitive"""",""""creative"""",""""cooperative"""",""""comparative"""",""""complete""""]""	""[{""""word"""":""""eager"""",""""note"""":""""何かを強く望む感じ""""},{""""word"""":""""ambitious"""",""""note"""":""""成功したい気持ちが強い""""}]""	""[{""""word"""":""""easygoing"""",""""note"""":""""勝ち負けにこだわらない""""}]"""
501738	5	pipeline	パイプライン	a long pipe for carrying oil, gas, or water	The oil moves through the pipeline.	その石油はパイプラインを通って運ばれる。	noun	5	2	""[""""パイプライン"""",""""トンネル"""",""""線路"""",""""運河"""",""""高速道路""""]""	""[""""pipeline"""",""""tunnel"""",""""railway"""",""""canal"""",""""highway""""]""	""[""""pipeline"""",""""lifeline"""",""""outline"""",""""airline"""",""""sunlight""""]""	[]	[]"
501739	5	rotate	回転する	to turn around in a circle	The Earth rotates around the sun.	地球は太陽のまわりを回転する。	verb	5	3	""[""""回転する"""",""""移動する"""",""""落ちる"""",""""集める"""",""""壊す""""]""	""[""""rotate"""",""""move"""",""""drop"""",""""gather"""",""""break""""]""	""[""""rotate"""",""""related"""",""""road"""",""""remote"""",""""repeat""""]""	""[{""""word"""":""""spin"""",""""note"""":""""くるくる回るときによく使う""""}]""	""[{""""word"""":""""stop"""",""""note"""":""""回転をやめる""""}]"""
501740	5	evaporate	蒸発する	to change from liquid into gas	The water evaporated in the sun.	その水は日光で蒸発した。	verb	6	2	""[""""蒸発する"""",""""凍る"""",""""溶ける"""",""""流れる"""",""""混ざる""""]""	""[""""evaporate"""",""""freeze"""",""""melt"""",""""flow"""",""""mix""""]""	""[""""evaporate"""",""""evaluate"""",""""celebrate"""",""""separate"""",""""operate""""]""	[]	""[{""""word"""":""""freeze"""",""""note"""":""""液体が凍る""""}]"""
501741	5	distort	ゆがめる	to change the shape or meaning in a bad way	The mirror distorted her face.	その鏡は彼女の顔をゆがめた。	verb	6	2	""[""""ゆがめる"""",""""隠す"""",""""支える"""",""""運ぶ"""",""""測る""""]""	""[""""distort"""",""""hide"""",""""support"""",""""carry"""",""""measure""""]""	""[""""distort"""",""""destroy"""",""""district"""",""""discuss"""",""""display""""]""	""[{""""word"""":""""twist"""",""""note"""":""""形をねじって変える""""}]""	""[{""""word"""":""""straighten"""",""""note"""":""""まっすぐにする""""}]"""
501742	5	tangle	もつれ	a twisted mass of things	I found a tangle of wires under the desk.	机の下で電線のもつれを見つけた。	noun	5	2	""[""""もつれ"""",""""束"""",""""列"""",""""輪"""",""""かたまり""""]""	""[""""tangle"""",""""bundle"""",""""line"""",""""loop"""",""""pile""""]""	""[""""tangle"""",""""angle"""",""""single"""",""""jungle"""",""""ankle""""]""	""[{""""word"""":""""knot"""",""""note"""":""""ひもなどの結び目に近い""""}]""	[]"
501743	5	at the same time	同時に	at one time; together	They started speaking at the same time.	彼らは同時に話し始めた。	adverb	4	4	""[""""同時に"""",""""すぐに"""",""""たいてい"""",""""突然"""",""""静かに""""]""	""[""""at the same time"""",""""right away"""",""""usually"""",""""suddenly"""",""""quietly""""]""	""[""""at the same time"""",""""at the right time"""",""""at that time"""",""""all the same"""",""""at the same place""""]""	""[{""""word"""":""""together"""",""""note"""":""""文脈によって近い意味""""}]""	[]"
501744	5	terrain	地形	the shape and features of land	The rough terrain made walking hard.	その険しい地形のため、歩くのが大変だった。	noun	5	2	""[""""地形"""",""""気候"""",""""景色"""",""""地域"""",""""地面""""]""	""[""""terrain"""",""""climate"""",""""scenery"""",""""area"""",""""ground""""]""	""[""""terrain"""",""""train"""",""""remain"""",""""terrace"""",""""turn""""]""	""[{""""word"""":""""land"""",""""note"""":""""より広く一般的な語""""},{""""word"""":""""ground"""",""""note"""":""""地面という意味で近い""""}]""	[]"
501745	5	beneath	〜の下に	in or to a lower place than something	The keys were beneath the table.	鍵はテーブルの下にありました。	preposition	5	3	""[""""〜の下に"""",""""〜の上に"""",""""〜の後ろに"""",""""〜の前に"""",""""〜の中に""""]""	""[""""beneath"""",""""above"""",""""behind"""",""""before"""",""""inside""""]""	""[""""beneath"""",""""belief"""",""""beneaths"""",""""between"""",""""beneathly""""]""	""[{""""word"""":""""under"""",""""note"""":""""より基本的な語""""}]""	""[{""""word"""":""""above"""",""""note"""":""""反対の位置""""}]"""
501746	5	comprehend	理解する	to understand something	I can comprehend this story now.	私は今この物語を理解できます。	verb	6	2	""[""""理解する"""",""""説明する"""",""""記録する"""",""""選ぶ"""",""""防ぐ""""]""	""[""""comprehend"""",""""explain"""",""""record"""",""""choose"""",""""prevent""""]""	""[""""comprehend"""",""""complain"""",""""compare"""",""""compose"""",""""command""""]""	""[{""""word"""":""""understand"""",""""note"""":""""より基本的な語""""}]""	""[{""""word"""":""""misunderstand"""",""""note"""":""""誤って理解する""""}]"""
501747	5	discrimination	差別	unfair treatment of people	We must stop discrimination at school.	私たちは学校での差別をやめなければなりません。	noun	7	3	""[""""差別"""",""""協力"""",""""努力"""",""""自由"""",""""責任""""]""	""[""""discrimination"""",""""cooperation"""",""""effort"""",""""freedom"""",""""responsibility""""]""	""[""""discrimination"""",""""discussion"""",""""destination"""",""""determination"""",""""distribution""""]""	[]	""[{""""word"""":""""equality"""",""""note"""":""""平等""""}]"""
501748	5	bias	偏見	an unfair opinion for or against something	We should report the news without bias.	私たちは偏見なしにニュースを伝えるべきだ。	noun	5	3	""[""""偏見"""",""""誤解"""",""""証拠"""",""""習慣"""",""""意見""""]""	""[""""bias"""",""""myth"""",""""proof"""",""""custom"""",""""opinion""""]""	""[""""bias"""",""""buyer"""",""""bicycle"""",""""virus"""",""""violet""""]""	""[{""""word"""":""""prejudice"""",""""note"""":""""より強く不公平な判断""""}]""	""[{""""word"""":""""fairness"""",""""note"""":""""公平であること""""}]"""
501749	5	hostile	敵対的な	unfriendly and ready to fight or oppose	The crowd became hostile after the game.	試合のあと、群衆は敵対的になった。	adjective	5	3	""[""""敵対的な"""",""""友好的な"""",""""冷静な"""",""""正直な"""",""""静かな""""]""	""[""""hostile"""",""""friendly"""",""""calm"""",""""honest"""",""""quiet""""]""	""[""""hostile"""",""""hospital"""",""""history"""",""""honest"""",""""holiday""""]""	""[{""""word"""":""""unfriendly"""",""""note"""":""""より基本的な語""""}]""	""[{""""word"""":""""friendly"""",""""note"""":""""友好的な""""}]"""
501750	5	solidarity	団結	unity and support among people	The workers showed solidarity during the strike.	その労働者たちはストライキの間、団結を示した。	noun	6	2	""[""""団結"""",""""孤立"""",""""混乱"""",""""努力"""",""""自由""""]""	""[""""solidarity"""",""""isolation"""",""""confusion"""",""""effort"""",""""freedom""""]""	""[""""solidarity"""",""""solution"""",""""society"""",""""security"""",""""celebrity""""]""	""[{""""word"""":""""unity"""",""""note"""":""""より基本的な語""""}]""	""[{""""word"""":""""division"""",""""note"""":""""分裂""""}]"""
501751	5	professor	教授	a teacher at a university	The professor gave us a homework assignment.	その教授は私たちに宿題を出した。	noun	3	3	""[""""教授"""",""""先生"""",""""生徒"""",""""校長"""",""""研究者""""]""	""[""""professor"""",""""teacher"""",""""student"""",""""principal"""",""""researcher""""]""	""[""""professor"""",""""processor"""",""""professional"""",""""protect"""",""""progress""""]""	""[{""""word"""":""""teacher"""",""""note"""":""""より広い意味の「先生」""""}]""	[]"
501752	5	undergraduate	大学生	a student at a college or university	My sister is an undergraduate at a university in Tokyo.	私の姉は東京の大学の大学生です。	noun	4	2	""[""""大学生"""",""""高校生"""",""""大学院生"""",""""留学生"""",""""新入生""""]""	""[""""undergraduate"""",""""high school student"""",""""graduate student"""",""""international student"""",""""freshman""""]""	""[""""undergraduate"""",""""understand"""",""""underground"""",""""underline"""",""""undertake""""]""	""[{""""word"""":""""college student"""",""""note"""":""""より一般的な言い方""""}]""	""[{""""word"""":""""graduate student"""",""""note"""":""""大学院生""""}]"""
501753	5	I wonder if ...	〜かどうかと思う	used to say you are not sure about something	I wonder if he will come today.	彼は今日来るのかな。	phrase	4	4	""[""""〜かどうかと思う"""",""""〜を楽しみにする"""",""""〜に賛成する"""",""""〜を確かめる"""",""""〜に気づく""""]""	""[""""I wonder if ..."""",""""look forward to ..."""",""""agree with ..."""",""""check ..."""",""""notice ...""""]""	""[""""I wonder if ..."""",""""I want to ..."""",""""I know that ..."""",""""I'm worried ..."""",""""I hope that ...""""]""	[]	[]"
501754	5	be reluctant to	したがらない	to not want to do something easily	He was reluctant to speak in front of the class.	彼はクラスの前で話したがらなかった。	verb	5	2	""[""""したがらない"""",""""決心する"""",""""約束する"""",""""あきらめる"""",""""準備する""""]""	""[""""be reluctant to"""",""""decide to"""",""""promise to"""",""""give up"""",""""prepare for""""]""	""[""""be reluctant to"""",""""be related to"""",""""be ready to"""",""""be likely to"""",""""be allowed to""""]""	""[{""""word"""":""""be unwilling to"""",""""note"""":""""ややかたいが近い意味""""}]""	""[{""""word"""":""""be willing to"""",""""note"""":""""進んでする気がある""""}]"""
501755	5	spend A on B	AをBに使う	to use money or time for something	I spend a lot of money on books.	私は本にたくさんのお金を使う。	verb	5	3	""[""""AをBに使う"""",""""AをBから借りる"""",""""AをBに送る"""",""""AをBで見つける"""",""""AをBに教える""""]""	""[""""spend A on B"""",""""borrow A from B"""",""""send A to B"""",""""find A in B"""",""""teach A to B""""]""	""[""""spend A on B"""",""""send A to B"""",""""stand by me"""",""""speak to me"""",""""stay at home""""]""	[]	[]"
501756	5	reuse	再利用する	to use something again	We should reuse old bags.	私たちは古い袋を再利用すべきだ。	verb	4	3	""[""""再利用する"""",""""捨てる"""",""""修理する"""",""""集める"""",""""運ぶ""""]""	""[""""reuse"""",""""throw away"""",""""repair"""",""""collect"""",""""carry""""]""	""[""""reuse"""",""""reduce"""",""""refuse"""",""""review"""",""""remove""""]""	""[{""""word"""":""""use again"""",""""note"""":""""やさしい言い換え""""}]""	""[{""""word"""":""""throw away"""",""""note"""":""""捨てる""""}]"""
501757	5	resort to	頼る	to use something because nothing else works	He had to resort to a map to find the station.	彼は駅を見つけるために地図に頼らなければならなかった。	verb	5	2	""[""""頼る"""",""""避ける"""",""""集める"""",""""隠す"""",""""断る""""]""	""[""""resort to"""",""""avoid"""",""""gather"""",""""hide"""",""""refuse""""]""	""[""""resort to"""",""""result"""",""""report"""",""""respect"""",""""restore""""]""	""[{""""word"""":""""depend on"""",""""note"""":""""より基本的な表現""""}]""	""[{""""word"""":""""avoid"""",""""note"""":""""使わないようにする""""}]"""
501758	5	exploit	利用する	to use something well for a purpose	We should exploit solar energy more.	私たちは太陽エネルギーをもっと利用すべきだ。	verb	5	2	""[""""利用する"""",""""観察する"""",""""修理する"""",""""発明する"""",""""保存する""""]""	""[""""exploit"""",""""observe"""",""""repair"""",""""invent"""",""""save""""]""	""[""""exploit"""",""""export"""",""""explain"""",""""explode"""",""""explore""""]""	""[{""""word"""":""""use"""",""""note"""":""""最も基本的な語""""}]""	""[{""""word"""":""""waste"""",""""note"""":""""むだにする""""}]"""
501759	5	exert	発揮する	to use power, effort, or influence	She exerted all her strength to lift the box.	彼女はその箱を持ち上げるために力を振りしぼった。	verb	5	2	""[""""発揮する"""",""""防ぐ"""",""""選ぶ"""",""""数える"""",""""比べる""""]""	""[""""exert"""",""""prevent"""",""""choose"""",""""count"""",""""compare""""]""	""[""""exert"""",""""expert"""",""""except"""",""""exit"""",""""insert""""]""	""[{""""word"""":""""use"""",""""note"""":""""力や影響を使うとき""""}]""	[]"
501760	5	draw on	利用する	to use something such as knowledge or experience	She drew on her experience to solve the problem.	彼女はその問題を解くために自分の経験を利用した。	verb	5	2	""[""""利用する"""",""""避ける"""",""""失う"""",""""集める"""",""""隠す""""]""	""[""""draw on"""",""""avoid"""",""""lose"""",""""gather"""",""""hide""""]""	""[""""draw on"""",""""dream of"""",""""drop off"""",""""dry up"""",""""drive on""""]""	""[{""""word"""":""""use"""",""""note"""":""""より基本的な語""""},{""""word"""":""""rely on"""",""""note"""":""""〜に頼るの意味が近い""""}]""	[]"
501761	5	it is no use doing	〜してもむだだ	used to say that doing something will not help	It is no use waiting any longer.	これ以上待ってもむだだ。	phrase	5	2	""[""""〜してもむだだ"""",""""〜することに決める"""",""""〜しないようにする"""",""""〜するのが楽しみだ"""",""""〜する必要がある""""]""	""[""""it is no use doing"""",""""decide to do"""",""""avoid doing"""",""""look forward to doing"""",""""have to do""""]""	""[""""it is no use doing"""",""""it is easy to do"""",""""it is hard to do"""",""""it is safe to do"""",""""it is nice to do""""]""	[]	[]"
501762	5	operator	操作者	a person who controls or uses a machine or system	The machine operator checked the buttons carefully.	その機械の操作者はボタンを注意深く確認した。	noun	5	3	""[""""操作者"""",""""運転手"""",""""案内人"""",""""管理人"""",""""作業員""""]""	""[""""operator"""",""""driver"""",""""guide"""",""""manager"""",""""worker""""]""	""[""""operator"""",""""operation"""",""""opposite"""",""""organizer"""",""""editor""""]""	""[{""""word"""":""""worker"""",""""note"""":""""より広い意味の語""""},{""""word"""":""""user"""",""""note"""":""""機械やシステムを使う人""""}]""	[]"
501763	5	consumption	消費	the use of something such as energy, food, or goods	The city is trying to reduce energy consumption.	その都市はエネルギー消費を減らそうとしている。	noun	6	3	""[""""消費"""",""""生産"""",""""節約"""",""""供給"""",""""輸送""""]""	""[""""consumption"""",""""production"""",""""saving"""",""""supply"""",""""transport""""]""	""[""""consumption"""",""""condition"""",""""connection"""",""""construction"""",""""conversation""""]""	""[{""""word"""":""""use"""",""""note"""":""""より基本的な語""""}]""	""[{""""word"""":""""production"""",""""note"""":""""作ること・生み出すこと""""}]"""
501764	5	vocal	声の	related to the voice or singing	She is good at vocal music.	彼女は声楽が得意です。	adjective	5	3	""[""""声の"""",""""視覚の"""",""""身体の"""",""""音楽の"""",""""自然の""""]""	""[""""vocal"""",""""visual"""",""""physical"""",""""musical"""",""""natural""""]""	""[""""vocal"""",""""local"""",""""total"""",""""social"""",""""mobile""""]""	""[{""""word"""":""""spoken"""",""""note"""":""""話し言葉に関する場合""""},{""""word"""":""""oral"""",""""note"""":""""ややかたい語""""}]""	""[{""""word"""":""""written"""",""""note"""":""""書かれた""""}]"""
501765	5	generally speaking	一般的に言って	in most cases; usually	Generally speaking, dogs like people.	一般的に言って、犬は人が好きです。	adverb	5	3	""[""""一般的に言って"""",""""実は"""",""""たとえば"""",""""突然"""",""""その結果""""]""	""[""""generally speaking"""",""""in fact"""",""""for example"""",""""suddenly"""",""""as a result""""]""	""[""""generally speaking"""",""""gently speaking"""",""""general meeting"""",""""usually speaking"""",""""really speaking""""]""	""[{""""word"""":""""usually"""",""""note"""":""""より短く日常的""""}]""	[]"
501766	5	be worth doing	〜する価値がある	to be good enough to do	This book is worth reading.	この本は読む価値があります。	verb	5	3	""[""""〜する価値がある"""",""""〜するのをやめる"""",""""〜することを忘れる"""",""""〜することを決める"""",""""〜する必要がある""""]""	""[""""be worth doing"""",""""stop doing"""",""""forget to do"""",""""decide to do"""",""""need to do""""]""	""[""""be worth doing"""",""""be worth seeing"""",""""be worth trying"""",""""be worth keeping"""",""""be worth buying""""]""	[]	[]"
501767	5	worth	価値がある	having a certain value	The museum is worth a visit.	その博物館は訪れる価値があります。	adjective	5	4	""[""""価値がある"""",""""必要な"""",""""有名な"""",""""安全な"""",""""簡単な""""]""	""[""""worth"""",""""necessary"""",""""famous"""",""""safe"""",""""easy""""]""	""[""""worth"""",""""work"""",""""world"""",""""warm"""",""""word""""]""	""[{""""word"""":""""valuable"""",""""note"""":""""ややフォーマル""""}]""	""[{""""word"""":""""worthless"""",""""note"""":""""価値がない""""}]"""
501768	5	diversity	多様性	the state of having many different kinds of people or things	Our city has great diversity in food and culture.	私たちの町には、食べ物や文化の大きな多様性がある。	noun	5	3	""[""""多様性"""",""""人気"""",""""伝統"""",""""安全"""",""""責任""""]""	""[""""diversity"""",""""popularity"""",""""tradition"""",""""safety"""",""""responsibility""""]""	""[""""diversity"""",""""university"""",""""discovery"""",""""different"""",""""delivery""""]""	[]	[]"
501769	5	furious	激怒した	very angry	She was furious about the broken window.	彼女は割れた窓のことで激怒した。	adjective	5	3	""[""""激怒した"""",""""満足した"""",""""驚いた"""",""""退屈した"""",""""心配した""""]""	""[""""furious"""",""""pleased"""",""""surprised"""",""""bored"""",""""worried""""]""	""[""""furious"""",""""curious"""",""""serious"""",""""famous"""",""""forest""""]""	""[{""""word"""":""""angry"""",""""note"""":""""furious のほうがずっと強い""""}]""	""[{""""word"""":""""calm"""",""""note"""":""""落ち着いた状態""""}]"""
501770	5	gigantic	巨大な	extremely large	They saw a gigantic ship in the harbor.	彼らは港で巨大な船を見た。	adjective	5	3	""[""""巨大な"""",""""細い"""",""""柔らかい"""",""""静かな"""",""""危険な""""]""	""[""""gigantic"""",""""thin"""",""""soft"""",""""quiet"""",""""dangerous""""]""	""[""""gigantic"""",""""giant"""",""""romantic"""",""""organic"""",""""dynamic""""]""	""[{""""word"""":""""huge"""",""""note"""":""""より基本的な語""""},{""""word"""":""""enormous"""",""""note"""":""""とても大きい""""}]""	""[{""""word"""":""""tiny"""",""""note"""":""""とても小さい""""},{""""word"""":""""small"""",""""note"""":""""基本的な反対語""""}]"""
501771	5	immense	巨大な	extremely large	They live in an immense house.	彼らは巨大な家に住んでいます。	adjective	5	2	""[""""巨大な"""",""""狭い"""",""""静かな"""",""""柔らかい"""",""""危険な""""]""	""[""""immense"""",""""narrow"""",""""quiet"""",""""soft"""",""""dangerous""""]""	""[""""immense"""",""""expense"""",""""intense"""",""""invent"""",""""image""""]""	""[{""""word"""":""""huge"""",""""note"""":""""より基本的な語""""},{""""word"""":""""enormous"""",""""note"""":""""とても大きい""""}]""	""[{""""word"""":""""tiny"""",""""note"""":""""とても小さい""""},{""""word"""":""""small"""",""""note"""":""""小さい""""}]"""
501772	5	intimate	親しい	having a very close relationship	She is an intimate friend of my sister.	彼女は私の姉の親しい友人です。	adjective	5	2	""[""""親しい"""",""""有名な"""",""""正直な"""",""""陽気な"""",""""丁寧な""""]""	""[""""intimate"""",""""famous"""",""""honest"""",""""cheerful"""",""""polite""""]""	""[""""intimate"""",""""internet"""",""""interest"""",""""into"""",""""invent""""]""	""[{""""word"""":""""close"""",""""note"""":""""close friend で親しい友人""""},{""""word"""":""""friendly"""",""""note"""":""""より広い意味で親しみのある""""}]""	""[{""""word"""":""""distant"""",""""note"""":""""よそよそしい""""},{""""word"""":""""cold"""",""""note"""":""""冷たい態度の""""}]"""
501773	5	brutal	残酷な	very cruel and violent	The movie shows a brutal attack.	その映画は残酷な襲撃を描いています。	adjective	5	2	""[""""残酷な"""",""""穏やかな"""",""""公平な"""",""""賢い"""",""""安全な""""]""	""[""""brutal"""",""""calm"""",""""fair"""",""""wise"""",""""safe""""]""	""[""""brutal"""",""""brilliant"""",""""brother"""",""""crucial"""",""""rural""""]""	""[{""""word"""":""""cruel"""",""""note"""":""""最も近い基本語""""},{""""word"""":""""violent"""",""""note"""":""""暴力的な意味が強い""""}]""	""[{""""word"""":""""kind"""",""""note"""":""""親切な""""},{""""word"""":""""gentle"""",""""note"""":""""優しい""""}]"""
501774	5	in contrast	対照的に	when compared, in a very different way	My brother likes summer. In contrast, I love winter.	兄は夏が好きです。対照的に、私は冬が大好きです。	adverb	5	3	""[""""対照的に"""",""""実は"""",""""たとえば"""",""""その結果"""",""""突然""""]""	""[""""in contrast"""",""""for example"""",""""in fact"""",""""as a result"""",""""suddenly""""]""	""[""""in contrast"""",""""in contact"""",""""in control"""",""""in common"""",""""in danger""""]""	""[{""""word"""":""""on the other hand"""",""""note"""":""""別の面を示すときによく使う""""}]""	[]"
501775	5	splendid	すばらしい	very good or beautiful	We had a splendid view from the top.	私たちは頂上からすばらしい景色を見ました。	adjective	5	2	""[""""すばらしい"""",""""退屈な"""",""""静かな"""",""""簡単な"""",""""危険な""""]""	""[""""splendid"""",""""boring"""",""""quiet"""",""""easy"""",""""dangerous""""]""	""[""""splendid"""",""""blended"""",""""splinter"""",""""spending"""",""""spirit""""]""	""[{""""word"""":""""wonderful"""",""""note"""":""""より一般的な語""""},{""""word"""":""""excellent"""",""""note"""":""""質がとても高い""""}]""	""[{""""word"""":""""terrible"""",""""note"""":""""とてもひどい""""},{""""word"""":""""awful"""",""""note"""":""""口語でよく使う反対語""""}]"""
501776	5	delighted	とてもうれしい	very happy and pleased	She was delighted with the gift.	彼女はその贈り物をとてもうれしく思いました。	adjective	5	3	""[""""とてもうれしい"""",""""とても悲しい"""",""""とても怒った"""",""""とても疲れた"""",""""とても驚いた""""]""	""[""""delighted"""",""""sad"""",""""angry"""",""""tired"""",""""surprised""""]""	""[""""delighted"""",""""decided"""",""""divided"""",""""delivered"""",""""designed""""]""	""[{""""word"""":""""glad"""",""""note"""":""""delighted より少し弱い""""},{""""word"""":""""pleased"""",""""note"""":""""満足してうれしい""""}]""	""[{""""word"""":""""sad"""",""""note"""":""""悲しい""""},{""""word"""":""""upset"""",""""note"""":""""気分が乱れている""""}]"""
501777	5	be keen on	～が好きである	to like something very much	She is keen on tennis.	彼女はテニスが好きです。	phrase	5	3	""[""""～が好きである"""",""""～に反対する"""",""""～をあきらめる"""",""""～を必要とする"""",""""～を避ける""""]""	""[""""be keen on"""",""""be afraid of"""",""""be tired of"""",""""be good at"""",""""be interested in""""]""	""[""""be keen on"""",""""be kind to"""",""""begin with"""",""""keep on"""",""""carry on""""]""	""[{""""word"""":""""be interested in"""",""""note"""":""""興味がある""""},{""""word"""":""""like"""",""""note"""":""""より基本的な語""""}]""	""[{""""word"""":""""dislike"""",""""note"""":""""好きではない""""}]"""
501778	5	crucial	極めて重要な	extremely important	Good communication is crucial for success.	良い意思疎通は成功にとって極めて重要です。	adjective	5	3	""[""""極めて重要な"""",""""危険な"""",""""困難な"""",""""明らかな"""",""""一般的な""""]""	""[""""crucial"""",""""dangerous"""",""""difficult"""",""""obvious"""",""""common""""]""	""[""""crucial"""",""""special"""",""""social"""",""""natural"""",""""visual""""]""	""[{""""word"""":""""important"""",""""note"""":""""より基本的な語""""},{""""word"""":""""essential"""",""""note"""":""""なくてはならない""""}]""	""[{""""word"""":""""unimportant"""",""""note"""":""""重要でない""""}]"""
501779	5	a great deal of	たくさんの	a large amount of something	We spent a great deal of time on the project.	私たちはその計画にたくさんの時間を使いました。	phrase	5	3	""[""""たくさんの"""",""""少しの"""",""""十分な"""",""""追加の"""",""""無料の""""]""	""[""""a great deal of"""",""""a little"""",""""enough"""",""""extra"""",""""free""""]""	""[""""a great deal of"""",""""a lot of"""",""""afraid of"""",""""all of"""",""""part of""""]""	""[{""""word"""":""""a lot of"""",""""note"""":""""より口語的""""},{""""word"""":""""much"""",""""note"""":""""不可算名詞で使う""""}]""	""[{""""word"""":""""a little"""",""""note"""":""""少しの""""}]"""
501780	5	essential	不可欠な	very important and necessary	Water is essential for life.	水は生命にとって不可欠だ。	adjective	5	3	""[""""不可欠な"""",""""危険な"""",""""便利な"""",""""有名な"""",""""複雑な""""]""	""[""""essential"""",""""dangerous"""",""""useful"""",""""famous"""",""""complex""""]""	""[""""essential"""",""""especial"""",""""official"""",""""initial"""",""""natural""""]""	""[{""""word"""":""""necessary"""",""""note"""":""""より基本的な語""""},{""""word"""":""""important"""",""""note"""":""""意味は広く、必須とは限らない""""}]""	""[{""""word"""":""""unnecessary"""",""""note"""":""""必要でない""""}]"""
501781	5	skyscraper	超高層ビル	a very tall building	That skyscraper is the tallest in the city.	あの超高層ビルはその都市でいちばん高い。	noun	5	2	""[""""超高層ビル"""",""""駅"""",""""橋"""",""""工場"""",""""塔""""]""	""[""""skyscraper"""",""""station"""",""""bridge"""",""""factory"""",""""tower""""]""	""[""""skyscraper"""",""""skyrocket"""",""""scraper"""",""""subscriber"""",""""sunflower""""]""	[]	[]"
501782	5	terrorism	テロ行為	the use of violence to frighten people for political reasons	The news reported an act of terrorism.	そのニュースはテロ行為を報じた。	noun	5	2	""[""""テロ行為"""",""""戦争"""",""""犯罪"""",""""暴力"""",""""抗議""""]""	""[""""terrorism"""",""""war"""",""""crime"""",""""violence"""",""""protest""""]""	""[""""terrorism"""",""""tourism"""",""""terrible"""",""""journalism"""",""""mechanism""""]""	[]	[]"
501783	5	riot	暴動	a violent and noisy public disturbance	The riot spread through the city center.	その暴動は市の中心部に広がった。	noun	5	3	""[""""暴動"""",""""地震"""",""""洪水"""",""""火事"""",""""事故""""]""	""[""""riot"""",""""earthquake"""",""""flood"""",""""fire"""",""""accident""""]""	""[""""riot"""",""""pilot"""",""""quiet"""",""""violet"""",""""right""""]""	""[{""""word"""":""""disturbance"""",""""note"""":""""より広い意味の「騒ぎ」""""}]""	""[{""""word"""":""""peace"""",""""note"""":""""争いや混乱がない状態""""}]"""
501784	5	eruption	噴火	the act of a volcano sending out fire, ash, and rock	The eruption covered the town with ash.	その噴火で町は灰におおわれた。	noun	5	3	""[""""噴火"""",""""洪水"""",""""干ばつ"""",""""台風"""",""""地震""""]""	""[""""eruption"""",""""flood"""",""""drought"""",""""typhoon"""",""""earthquake""""]""	""[""""eruption"""",""""election"""",""""direction"""",""""attention"""",""""invention""""]""	[]	[]"
501785	5	await	待つ	to wait for something or someone	We await the final decision.	私たちは最終決定を待っている。	verb	5	3	""[""""待つ"""",""""選ぶ"""",""""集める"""",""""守る"""",""""運ぶ""""]""	""[""""await"""",""""choose"""",""""collect"""",""""protect"""",""""carry""""]""	""[""""await"""",""""awake"""",""""away"""",""""admit"""",""""arrive""""]""	""[{""""word"""":""""wait for"""",""""note"""":""""より基本的な表現""""}]""	""[{""""word"""":""""ignore"""",""""note"""":""""待たずに気にしない""""}]"""
501786	5	anticipate	予想する	to expect something before it happens	We anticipate heavy rain tomorrow.	私たちは明日大雨を予想している。	verb	5	2	""[""""予想する"""",""""避ける"""",""""確認する"""",""""延期する"""",""""解決する""""]""	""[""""anticipate"""",""""avoid"""",""""confirm"""",""""delay"""",""""solve""""]""	""[""""anticipate"""",""""associate"""",""""appreciate"""",""""calculate"""",""""celebrate""""]""	""[{""""word"""":""""expect"""",""""note"""":""""より基本的な語""""}]""	""[{""""word"""":""""doubt"""",""""note"""":""""そうならないと思う""""}]"""
501787	5	be patient with	～に辛抱強くする	to stay calm with someone or something	Please be patient with your little brother.	弟に辛抱強く接してあげてください。	verb	4	3	""[""""～に辛抱強くする"""",""""～を信頼する"""",""""～を手伝う"""",""""～を許す"""",""""～を招待する""""]""	""[""""be patient with"""",""""trust"""",""""help"""",""""forgive"""",""""invite""""]""	""[""""be patient with"""",""""be careful with"""",""""be honest with"""",""""be popular with"""",""""be friendly with""""]""	[]	""[{""""word"""":""""get angry with"""",""""note"""":""""反対の態度""""}]"""
501788	5	stagger	よろめく	to walk in an unsteady way	He began to stagger after the long run.	彼は長いランニングのあと、よろめき始めた。	verb	5	1	""[""""よろめく"""",""""飛び込む"""",""""滑る"""",""""かがむ"""",""""登る""""]""	""[""""stagger"""",""""dive"""",""""slip"""",""""bend"""",""""climb""""]""	""[""""stagger"""",""""swagger"""",""""trigger"""",""""stronger"""",""""sticker""""]""	""[{""""word"""":""""stumble"""",""""note"""":""""つまずくようによろめく""""}]""	""[{""""word"""":""""stand firm"""",""""note"""":""""しっかり立つ""""}]"""
501789	5	pavement	歩道	the hard path beside a road for people to walk on	Please walk on the pavement.	歩道を歩いてください。	noun	5	3	""[""""歩道"""",""""車道"""",""""横断歩道"""",""""道路"""",""""橋""""]""	""[""""pavement"""",""""sidewalk"""",""""crosswalk"""",""""road"""",""""bridge""""]""	""[""""pavement"""",""""payment"""",""""patient"""",""""basement"""",""""moment""""]""	""[{""""word"""":""""sidewalk"""",""""note"""":""""主に米語で「歩道」""""}]""	[]"
501790	5	on foot	徒歩で	by walking, not by car or bike	I went to school on foot.	私は徒歩で学校へ行った。	adverb	4	4	""[""""徒歩で"""",""""車で"""",""""バスで"""",""""自転車で"""",""""電車で""""]""	""[""""on foot"""",""""by car"""",""""by bus"""",""""by bike"""",""""by train""""]""	""[""""on foot"""",""""on food"""",""""in front"""",""""by foot"""",""""a foot""""]""	[]	[]"
501791	5	barrier	障害物	something that blocks the way	A barrier blocked the road.	障害物が道路をふさいでいた。	noun	5	3	""[""""障害物"""",""""出口"""",""""通路"""",""""標識"""",""""信号""""]""	""[""""barrier"""",""""exit"""",""""path"""",""""sign"""",""""signal""""]""	""[""""barrier"""",""""carrier"""",""""buried"""",""""berry"""",""""billion""""]""	""[{""""word"""":""""block"""",""""note"""":""""通行をさえぎるもの""""}]""	[]"
501792	5	plaster	しっくい	a material used to cover walls or ceilings	The workers put plaster on the wall.	作業員たちは壁にしっくいを塗った。	noun	5	2	""[""""しっくい"""",""""れんが"""",""""木材"""",""""屋根"""",""""床""""]""	""[""""plaster"""",""""brick"""",""""wood"""",""""roof"""",""""floor""""]""	""[""""plaster"""",""""master"""",""""plastic"""",""""planet"""",""""player""""]""	[]	[]"
501793	5	partition	仕切り	a wall or screen that divides a space	A partition separates the two desks.	仕切りがその二つの机を分けている。	noun	6	2	""[""""仕切り"""",""""天井"""",""""階段"""",""""窓"""",""""柱""""]""	""[""""partition"""",""""ceiling"""",""""stairs"""",""""window"""",""""pillar""""]""	""[""""partition"""",""""position"""",""""petition"""",""""vacation"""",""""condition""""]""	""[{""""word"""":""""divider"""",""""note"""":""""空間を分けるもの""""}]""	[]"
501794	5	be inclined to	〜しがちである	to tend to do something	He is inclined to worry too much.	彼は心配しすぎる傾向がある。	verb	6	2	""[""""〜しがちである"""",""""〜を避ける"""",""""〜を決める"""",""""〜を断る"""",""""〜を続ける""""]""	""[""""be inclined to"""",""""avoid"""",""""decide to"""",""""refuse to"""",""""continue to""""]""	""[""""be inclined to"""",""""be invited to"""",""""be interested in"""",""""be ready to"""",""""be likely to""""]""	""[{""""word"""":""""tend to"""",""""note"""":""""より基本的な表現""""}]""	[]"
501795	5	curiosity	好奇心	a strong desire to know or learn something	His curiosity led him to open the old box.	彼の好奇心が、古い箱を開けさせた。	noun	5	3	""[""""好奇心"""",""""勇気"""",""""注意"""",""""自信"""",""""想像力""""]""	""[""""curiosity"""",""""courage"""",""""attention"""",""""confidence"""",""""imagination""""]""	""[""""curiosity"""",""""curious"""",""""serious"""",""""community"""",""""quality""""]""	""[{""""word"""":""""interest"""",""""note"""":""""より広い意味の「興味」""""}]""	""[{""""word"""":""""indifference"""",""""note"""":""""無関心""""}]"""
501796	5	long for	切望する	to want something very much	She longed for a chance to see her family again.	彼女はもう一度家族に会う機会を切望した。	verb	5	2	""[""""切望する"""",""""拒む"""",""""避ける"""",""""隠す"""",""""失う""""]""	""[""""long for"""",""""refuse"""",""""avoid"""",""""hide"""",""""lose""""]""	""[""""long for"""",""""look for"""",""""learn from"""",""""wait for"""",""""work for""""]""	""[{""""word"""":""""desire"""",""""note"""":""""やや硬い語""""}]""	""[{""""word"""":""""hate"""",""""note"""":""""強く嫌う""""}]"""
501797	5	in need of	～を必要として	needing something important	Many people are in need of clean water.	多くの人々がきれいな水を必要としている。	preposition	5	3	""[""""～を必要として"""",""""～に反対して"""",""""～に満足して"""",""""～に興味を持って"""",""""～を恐れて""""]""	""[""""in need of"""",""""against"""",""""satisfied with"""",""""interested in"""",""""afraid of""""]""	""[""""in need of"""",""""in front of"""",""""instead of"""",""""on top of"""",""""because of""""]""	[]	[]"
501798	5	ambitious	野心的な	wanting to be successful	She is ambitious and studies hard.	彼女は野心的で、一生懸命勉強します。	adjective	5	3	""[""""野心的な"""",""""親切な"""",""""正直な"""",""""活発な"""",""""慎重な""""]""	""[""""ambitious"""",""""kind"""",""""honest"""",""""active"""",""""careful""""]""	""[""""ambitious"""",""""anxious"""",""""famous"""",""""curious"""",""""serious""""]""	""[{""""word"""":""""aspiring"""",""""note"""":""""目標に向かう気持ちを表す""""}]""	""[{""""word"""":""""lazy"""",""""note"""":""""やる気がなく努力しない""""}]"""
501799	5	be curious about	〜に興味がある	to want to know more about something	I am curious about space.	私は宇宙に興味があります。	verb	5	3	""[""""〜に興味がある"""",""""〜を信じる"""",""""〜を心配する"""",""""〜に参加する"""",""""〜を探す""""]""	""[""""be curious about"""",""""believe in"""",""""worry about"""",""""join in"""",""""look for""""]""	""[""""be curious about"""",""""be serious about"""",""""be careful about"""",""""be nervous about"""",""""be ready for""""]""	""[{""""word"""":""""be interested in"""",""""note"""":""""より一般的な表現""""}]""	[]"
501800	5	greed	欲張り	a strong wish to have too much	Greed can cause many problems.	欲張りは多くの問題を引き起こすことがあります。	noun	5	2	""[""""欲張り"""",""""勇気"""",""""誇り"""",""""希望"""",""""忍耐""""]""	""[""""greed"""",""""courage"""",""""pride"""",""""hope"""",""""patience""""]""	""[""""greed"""",""""green"""",""""great"""",""""grade"""",""""grin""""]""	[]	""[{""""word"""":""""generosity"""",""""note"""":""""気前のよさ""""}]"""
501801	5	bathe	入浴する	to wash yourself in water	I usually bathe before dinner.	私はたいてい夕食の前に入浴します。	verb	5	3	""[""""入浴する"""",""""料理する"""",""""掃除する"""",""""運動する"""",""""休む""""]""	""[""""bathe"""",""""cook"""",""""clean"""",""""exercise"""",""""rest""""]""	""[""""bathe"""",""""bake"""",""""base"""",""""bath"""",""""bait""""]""	""[{""""word"""":""""wash"""",""""note"""":""""より広く「洗う」""""}]""	[]"
501802	5	supervise	監督する	to watch and direct work or activity	She will supervise the students during lunch.	彼女は昼食の間、生徒たちを監督します。	verb	7	2	""[""""監督する"""",""""参加する"""",""""説明する"""",""""準備する"""",""""応援する""""]""	""[""""supervise"""",""""join"""",""""explain"""",""""prepare"""",""""support""""]""	""[""""supervise"""",""""surprise"""",""""summarize"""",""""supply"""",""""sunrise""""]""	""[{""""word"""":""""manage"""",""""note"""":""""より広く「管理する」""""},{""""word"""":""""watch"""",""""note"""":""""文脈によって近い""""}]""	[]"
501803	5	beware	用心する	to be careful about something dangerous	Please beware of dogs.	犬に用心してください。	verb	6	2	""[""""用心する"""",""""信じる"""",""""集める"""",""""選ぶ"""",""""招く""""]""	""[""""beware"""",""""believe"""",""""collect"""",""""choose"""",""""invite""""]""	""[""""beware"""",""""before"""",""""belong"""",""""between"""",""""become""""]""	""[{""""word"""":""""watch out"""",""""note"""":""""口語で「気をつけて」""""},{""""word"""":""""be careful"""",""""note"""":""""より基本的な表現""""}]""	[]"
501804	5	alert	警戒している	watching carefully and ready to act	The guard stayed alert all night.	その警備員は一晩中警戒していた。	adjective	5	3	""[""""警戒している"""",""""眠い"""",""""静かな"""",""""混乱した"""",""""安全な""""]""	""[""""alert"""",""""sleepy"""",""""quiet"""",""""confused"""",""""safe""""]""	""[""""alert"""",""""alone"""",""""artist"""",""""asleep"""",""""effort""""]""	""[{""""word"""":""""watchful"""",""""note"""":""""より注意深く見ている感じ""""}]""	""[{""""word"""":""""careless"""",""""note"""":""""不注意な""""},{""""word"""":""""asleep"""",""""note"""":""""眠っている""""}]"""
501805	5	surveillance	監視	careful watching of a person or place	The building is under surveillance.	その建物は監視下にある。	noun	6	2	""[""""監視"""",""""調査"""",""""保護"""",""""警告"""",""""記録""""]""	""[""""surveillance"""",""""investigation"""",""""protection"""",""""warning"""",""""record""""]""	""[""""surveillance"""",""""survey"""",""""servant"""",""""silence"""",""""distance""""]""	""[{""""word"""":""""monitoring"""",""""note"""":""""継続して見守ること""""}]""	[]"
501806	5	irrigate	かんがいする	to supply water to land or crops	Farmers irrigate the fields in summer.	農家の人たちは夏に畑をかんがいする。	verb	6	2	""[""""かんがいする"""",""""収穫する"""",""""耕す"""",""""植える"""",""""乾かす""""]""	""[""""irrigate"""",""""harvest"""",""""plow"""",""""plant"""",""""dry""""]""	""[""""irrigate"""",""""integrate"""",""""indicate"""",""""decorate"""",""""navigate""""]""	""[{""""word"""":""""water"""",""""note"""":""""より基本的な語""""}]""	""[{""""word"""":""""dry"""",""""note"""":""""乾かす""""}]"""
501807	5	fluid	液体	a substance that can flow, like water	This machine uses a special fluid.	この機械は特別な液体を使います。	noun	5	3	""[""""液体"""",""""気体"""",""""固体"""",""""粉"""",""""蒸気""""]""	""[""""fluid"""",""""gas"""",""""solid"""",""""powder"""",""""steam""""]""	""[""""fluid"""",""""fruit"""",""""floor"""",""""flute"""",""""flood""""]""	""[{""""word"""":""""liquid"""",""""note"""":""""より一般的な語""""}]""	[]"
501808	5	humidity	湿気	the amount of water in the air	The humidity is high today.	今日は湿気が高いです。	noun	5	3	""[""""湿気"""",""""気温"""",""""気圧"""",""""風"""",""""日差し""""]""	""[""""humidity"""",""""temperature"""",""""pressure"""",""""wind"""",""""sunlight""""]""	""[""""humidity"""",""""community"""",""""activity"""",""""ability"""",""""security""""]""	[]	""[{""""word"""":""""dryness"""",""""note"""":""""空気などの乾いた状態""""}]"""
501809	5	pump	ポンプ	a machine that moves liquid or air	We use a pump to move water.	私たちは水を動かすためにポンプを使います。	noun	4	4	""[""""ポンプ"""",""""モーター"""",""""パイプ"""",""""タンク"""",""""バルブ""""]""	""[""""pump"""",""""motor"""",""""pipe"""",""""tank"""",""""valve""""]""	""[""""pump"""",""""jump"""",""""dump"""",""""bump"""",""""lamp""""]""	[]	[]"
501810	5	plumber	配管工	a person who fixes water pipes	We called a plumber to fix the sink.	私たちは流しを直すために配管工を呼んだ。	noun	5	3	""[""""配管工"""",""""大工"""",""""画家"""",""""農家"""",""""運転手""""]""	""[""""plumber"""",""""carpenter"""",""""painter"""",""""farmer"""",""""driver""""]""	""[""""plumber"""",""""number"""",""""summer"""",""""player"""",""""plenty""""]""	""[{""""word"""":""""pipefitter"""",""""note"""":""""主に配管を取り付ける人""""}]""	[]"
501811	5	canal	運河	a long narrow waterway made by people	Boats moved slowly along the canal.	船はその運河に沿ってゆっくり進んだ。	noun	5	2	""[""""運河"""",""""港"""",""""川"""",""""湖"""",""""橋""""]""	""[""""canal"""",""""harbor"""",""""river"""",""""lake"""",""""bridge""""]""	""[""""canal"""",""""camel"""",""""kernel"""",""""cancel"""",""""candle""""]""	""[{""""word"""":""""waterway"""",""""note"""":""""水の通り道という広い意味""""}]""	[]"
501812	5	irrigation	かんがい	the supply of water to land for farming	The farm needs irrigation in summer.	その農場は夏にかんがいを必要とする。	noun	6	2	""[""""かんがい"""",""""収穫"""",""""耕作"""",""""肥料"""",""""種まき""""]""	""[""""irrigation"""",""""harvest"""",""""cultivation"""",""""fertilizer"""",""""seeding""""]""	""[""""irrigation"""",""""invitation"""",""""education"""",""""operation"""",""""information""""]""	""[{""""word"""":""""watering"""",""""note"""":""""より日常的な言い方""""}]""	[]"
501813	5	pronunciation	発音	the way a word is spoken	Her English pronunciation is very clear.	彼女の英語の発音はとてもはっきりしている。	noun	5	3	""[""""発音"""",""""意味"""",""""文法"""",""""会話"""",""""単語""""]""	""[""""pronunciation"""",""""meaning"""",""""grammar"""",""""conversation"""",""""vocabulary""""]""	""[""""pronunciation"""",""""pronounce"""",""""announcement"""",""""association"""",""""conversation""""]""	[]	[]"
501814	5	attitude	態度	the way a person thinks or behaves	She has a positive attitude toward school.	彼女は学校に対して前向きな態度を持っている。	noun	5	4	""[""""態度"""",""""習慣"""",""""意見"""",""""表情"""",""""行動""""]""	""[""""attitude"""",""""habit"""",""""opinion"""",""""expression"""",""""behavior""""]""	""[""""attitude"""",""""aptitude"""",""""activity"""",""""altitude"""",""""article""""]""	""[{""""word"""":""""behavior"""",""""note"""":""""外に表れるふるまいに近い""""}]""	[]"
501815	5	access	利用する機会	a way or chance to use or reach something	Students have free access to the library.	生徒は図書館を自由に利用できる。	noun	5	4	""[""""利用する機会"""",""""許可"""",""""方法"""",""""入口"""",""""情報""""]""	""[""""access"""",""""permission"""",""""method"""",""""entrance"""",""""information""""]""	""[""""access"""",""""across"""",""""accept"""",""""excess"""",""""axis""""]""	[]	[]"
501816	5	fragile	壊れやすい	easily broken or damaged	This glass is very fragile.	このガラスはとても壊れやすい。	adjective	5	3	""[""""壊れやすい"""",""""重い"""",""""鋭い"""",""""柔らかい"""",""""厚い""""]""	""[""""fragile"""",""""heavy"""",""""sharp"""",""""soft"""",""""thick""""]""	""[""""fragile"""",""""fragrant"""",""""fraction"""",""""travel"""",""""triangle""""]""	""[{""""word"""":""""delicate"""",""""note"""":""""こわれやすい物に使う""""}]""	""[{""""word"""":""""strong"""",""""note"""":""""丈夫な""""},{""""word"""":""""tough"""",""""note"""":""""簡単には壊れない""""}]"""
501817	5	feeble	弱々しい	not strong; weak	He felt feeble after the long illness.	彼は長い病気のあとで弱々しかった。	adjective	6	2	""[""""弱々しい"""",""""素早い"""",""""静かな"""",""""明るい"""",""""正直な""""]""	""[""""feeble"""",""""quick"""",""""quiet"""",""""bright"""",""""honest""""]""	""[""""feeble"""",""""people"""",""""table"""",""""eagle"""",""""legal""""]""	""[{""""word"""":""""weak"""",""""note"""":""""より基本的な語""""}]""	""[{""""word"""":""""strong"""",""""note"""":""""力が強い""""}]"""
501818	5	faint	かすかな	not clear, strong, or easy to hear or see	I heard a faint sound in the room.	私はその部屋でかすかな音を聞いた。	adjective	5	3	""[""""かすかな"""",""""深い"""",""""丸い"""",""""熱い"""",""""狭い""""]""	""[""""faint"""",""""deep"""",""""round"""",""""hot"""",""""narrow""""]""	""[""""faint"""",""""paint"""",""""face"""",""""find"""",""""fan""""]""	""[{""""word"""":""""weak"""",""""note"""":""""音や光が弱いときにも使う""""},{""""word"""":""""slight"""",""""note"""":""""少しだけの意""""}]""	""[{""""word"""":""""clear"""",""""note"""":""""はっきりした""""},{""""word"""":""""strong"""",""""note"""":""""強い音・光など""""}]"""
501819	5	vulnerable	傷つきやすい	easy to hurt or harm	Young children are vulnerable to stress.	幼い子どもはストレスに傷つきやすい。	adjective	5	2	""[""""傷つきやすい"""",""""勇敢な"""",""""安全な"""",""""穏やかな"""",""""頑固な""""]""	""[""""vulnerable"""",""""brave"""",""""secure"""",""""calm"""",""""stubborn""""]""	""[""""vulnerable"""",""""valuable"""",""""comfortable"""",""""visible"""",""""volunteer""""]""	""[{""""word"""":""""weak"""",""""note"""":""""より広い意味で「弱い」""""}]""	""[{""""word"""":""""safe"""",""""note"""":""""害を受けにくい""""}]"""
501820	5	undermine	弱める	to make something weaker	His lies will undermine our trust.	彼のうそは私たちの信頼を弱めるだろう。	verb	5	2	""[""""弱める"""",""""支える"""",""""築く"""",""""広げる"""",""""守る""""]""	""[""""undermine"""",""""support"""",""""build"""",""""expand"""",""""protect""""]""	""[""""undermine"""",""""understand"""",""""underline"""",""""overcome"""",""""undertake""""]""	""[{""""word"""":""""weaken"""",""""note"""":""""より基本的な語""""}]""	""[{""""word"""":""""support"""",""""note"""":""""支えて強くする""""},{""""word"""":""""strengthen"""",""""note"""":""""より強くする""""}]"""
501821	5	erosion	浸食	the gradual wearing away of land or rock	Heavy rain caused serious erosion on the hill.	大雨がその丘に深刻な浸食を引き起こした。	noun	5	2	""[""""浸食"""",""""成長"""",""""爆発"""",""""移動"""",""""建設""""]""	""[""""erosion"""",""""growth"""",""""explosion"""",""""movement"""",""""construction""""]""	""[""""erosion"""",""""emotion"""",""""election"""",""""edition"""",""""eruption""""]""	[]	[]"
501822	5	humid	湿気の多い	warm and a little wet in the air	It gets very humid in summer.	夏はとても湿気が多くなります。	adjective	5	3	""[""""湿気の多い"""",""""乾燥した"""",""""涼しい"""",""""暖かい"""",""""風の強い""""]""	""[""""humid"""",""""dry"""",""""cool"""",""""warm"""",""""windy""""]""	""[""""humid"""",""""human"""",""""humor"""",""""helmet"""",""""heated""""]""	""[{""""word"""":""""muggy"""",""""note"""":""""より口語的""""}]""	""[{""""word"""":""""dry"""",""""note"""":""""空気に湿気が少ない""""}]"""
501823	5	swamp	沼地	very wet land with a lot of water	Many birds live in the swamp.	多くの鳥がその沼地に住んでいます。	noun	5	2	""[""""沼地"""",""""砂漠"""",""""森"""",""""島"""",""""谷""""]""	""[""""swamp"""",""""desert"""",""""forest"""",""""island"""",""""valley""""]""	""[""""swamp"""",""""swan"""",""""stamp"""",""""swing"""",""""swept""""]""	""[{""""word"""":""""marsh"""",""""note"""":""""似た意味の湿地""""}]""	[]"
501824	5	on demand	要求に応じて	available when someone asks for it	You can watch the show on demand.	その番組は要求に応じて見ることができます。	adverb	5	2	""[""""要求に応じて"""",""""前もって"""",""""無料で"""",""""直接"""",""""定期的に""""]""	""[""""on demand"""",""""in advance"""",""""for free"""",""""directly"""",""""regularly""""]""	""[""""on demand"""",""""on the map"""",""""in demand"""",""""on the desk"""",""""in the dark""""]""	[]	[]"
501825	5	whereas	一方で	used to compare two different facts	He likes tennis, whereas his brother likes soccer.	彼はテニスが好きだが、一方で彼の兄弟はサッカーが好きです。	conjunction	5	3	""[""""一方で"""",""""そのため"""",""""たとえば"""",""""しかし"""",""""さらに""""]""	""[""""whereas"""",""""therefore"""",""""for example"""",""""however"""",""""moreover""""]""	""[""""whereas"""",""""whether"""",""""wear"""",""""winter"""",""""window""""]""	""[{""""word"""":""""while"""",""""note"""":""""比較して「一方で」""""}]""	[]"
501826	5	porcelain	磁器	a hard white material used for cups and plates	This cup is made of porcelain.	このカップは磁器でできています。	noun	5	2	""[""""磁器"""",""""木材"""",""""金属"""",""""ガラス"""",""""布""""]""	""[""""porcelain"""",""""wood"""",""""metal"""",""""glass"""",""""cloth""""]""	""[""""porcelain"""",""""portal"""",""""portion"""",""""pocket"""",""""poem""""]""	""[{""""word"""":""""china"""",""""note"""":""""食器の文脈で使うことがある""""}]""	[]"
501827	5	lifetime	一生	the whole period of a person's life	She traveled a lot in her lifetime.	彼女は一生の間にたくさん旅をしました。	noun	4	4	""[""""一生"""",""""瞬間"""",""""朝"""",""""週末"""",""""未来""""]""	""[""""lifetime"""",""""moment"""",""""morning"""",""""weekend"""",""""future""""]""	""[""""lifetime"""",""""daytime"""",""""lifeboat"""",""""light"""",""""library""""]""	""[{""""word"""":""""life"""",""""note"""":""""文脈によって近い意味""""}]""	[]"
501828	5	How come ...?	どうして〜なの？	used to ask why something is true or happened	How come you are late today?	どうして今日は遅いのですか。	phrase	5	3	""[""""どうして〜なの？"""",""""いつ〜ですか？"""",""""どこで〜ですか？"""",""""だれが〜ですか？"""",""""どのくらい〜ですか？""""]""	""[""""How come ...?"""",""""When ...?"""",""""Where ...?"""",""""Who ...?"""",""""How long ...?""""]""	""[""""How come ...?"""",""""How long ...?"""",""""How far ...?"""",""""How old ...?"""",""""How about ...?""""]""	""[{""""word"""":""""Why ...?"""",""""note"""":""""より普通の言い方""""}]""	[]"
501829	5	extensive	広範囲の	covering a large area or amount	The fire caused extensive damage.	その火事は広範囲の被害を引き起こした。	adjective	5	3	""[""""広範囲の"""",""""限定された"""",""""浅い"""",""""穏やかな"""",""""単純な""""]""	""[""""extensive"""",""""limited"""",""""shallow"""",""""calm"""",""""simple""""]""	""[""""extensive"""",""""expensive"""",""""intensive"""",""""active"""",""""effective""""]""	""[{""""word"""":""""wide"""",""""note"""":""""より基本的な語""""},{""""word"""":""""broad"""",""""note"""":""""幅広いという意味""""}]""	""[{""""word"""":""""limited"""",""""note"""":""""範囲が限られた""""}]"""
501830	5	avenue	大通り	a wide street in a town or city	There are many trees along the avenue.	その大通りにはたくさんの木があります。	noun	5	3	""[""""大通り"""",""""小道"""",""""橋"""",""""交差点"""",""""歩道""""]""	""[""""avenue"""",""""path"""",""""bridge"""",""""crossing"""",""""sidewalk""""]""	""[""""avenue"""",""""afternoon"""",""""average"""",""""animal"""",""""adventure""""]""	""[{""""word"""":""""street"""",""""note"""":""""より一般的な語""""},{""""word"""":""""road"""",""""note"""":""""道全般を表す""""}]""	[]"
501831	5	panorama	全景	a wide view of an area	We enjoyed the panorama from the mountain.	私たちは山からの全景を楽しんだ。	noun	5	2	""[""""全景"""",""""景色"""",""""地平線"""",""""山道"""",""""頂上""""]""	""[""""panorama"""",""""landscape"""",""""horizon"""",""""viewpoint"""",""""summit""""]""	""[""""panorama"""",""""parade"""",""""piano"""",""""camera"""",""""banana""""]""	""[{""""word"""":""""view"""",""""note"""":""""より一般的な語""""},{""""word"""":""""landscape"""",""""note"""":""""自然の景色を表しやすい""""}]""	[]"
501832	5	breadth	幅	the distance from one side to the other	The breadth of the river is surprising.	その川の幅には驚かされる。	noun	5	2	""[""""幅"""",""""長さ"""",""""深さ"""",""""高さ"""",""""厚さ""""]""	""[""""breadth"""",""""length"""",""""depth"""",""""height"""",""""thickness""""]""	""[""""breadth"""",""""breath"""",""""bright"""",""""bridge"""",""""break""""]""	""[{""""word"""":""""width"""",""""note"""":""""より一般的な語""""}]""	""[{""""word"""":""""length"""",""""note"""":""""幅ではなく長さ""""}]"""
501833	5	savage	どう猛な	very violent and wild	The movie showed a savage animal.	その映画にはどう猛な動物が出てきた。	adjective	5	2	""[""""どう猛な"""",""""おとなしい"""",""""危険な"""",""""野生の"""",""""残酷な""""]""	""[""""savage"""",""""gentle"""",""""dangerous"""",""""wild"""",""""cruel""""]""	""[""""savage"""",""""cabbage"""",""""sandwich"""",""""village"""",""""manage""""]""	""[{""""word"""":""""wild"""",""""note"""":""""自然で荒々しい感じ""""},{""""word"""":""""cruel"""",""""note"""":""""残酷な意味で近いことがある""""}]""	""[{""""word"""":""""gentle"""",""""note"""":""""やさしくおとなしい""""}]"""
501834	5	beast	野獣	a wild and dangerous animal	The story is about a beast in the forest.	その物語は森の中の野獣についてです。	noun	5	3	""[""""野獣"""",""""家畜"""",""""昆虫"""",""""鳥"""",""""魚""""]""	""[""""beast"""",""""cattle"""",""""insect"""",""""bird"""",""""fish""""]""	""[""""beast"""",""""best"""",""""beach"""",""""beat"""",""""east""""]""	""[{""""word"""":""""monster"""",""""note"""":""""想像上のこわい生き物にも使う""""}]""	[]"
501835	5	wilderness	原野	a wild natural area with no towns	They got lost in the wilderness.	彼らは原野で道に迷いました。	noun	6	2	""[""""原野"""",""""砂漠"""",""""谷"""",""""島"""",""""海岸""""]""	""[""""wilderness"""",""""desert"""",""""valley"""",""""island"""",""""coast""""]""	""[""""wilderness"""",""""winter"""",""""window"""",""""winner"""",""""village""""]""	""[{""""word"""":""""wild"""",""""note"""":""""名詞ではなく形容詞としてよく使う""""}]""	[]"
501836	5	conquer	征服する	to take control of a place or people by force	The king tried to conquer the land.	その王はその土地を征服しようとしました。	verb	6	3	""[""""征服する"""",""""守る"""",""""発見する"""",""""建てる"""",""""支配する""""]""	""[""""conquer"""",""""protect"""",""""discover"""",""""build"""",""""rule""""]""	""[""""conquer"""",""""concert"""",""""corner"""",""""copper"""",""""common""""]""	[]	""[{""""word"""":""""lose"""",""""note"""":""""戦いや争いで負ける""""}]"""
501837	5	prevail	広まる	to become common or accepted	Peace finally prevailed in the country.	その国ではついに平和が広まった。	verb	5	2	""[""""広まる"""",""""消える"""",""""集まる"""",""""続く"""",""""変わる""""]""	""[""""prevail"""",""""disappear"""",""""gather"""",""""continue"""",""""change""""]""	""[""""prevail"""",""""prepare"""",""""prevent"""",""""provide"""",""""private""""]""	""[{""""word"""":""""dominate"""",""""note"""":""""より強く支配する感じ""""},{""""word"""":""""win"""",""""note"""":""""結果として勝つ意味でも使う""""}]""	""[{""""word"""":""""disappear"""",""""note"""":""""広まらず消える""""}]"""
501838	5	tornado	竜巻	a violent spinning storm	The tornado damaged many houses.	その竜巻は多くの家に被害を与えた。	noun	4	3	""[""""竜巻"""",""""洪水"""",""""地震"""",""""台風"""",""""雷""""]""	""[""""tornado"""",""""flood"""",""""earthquake"""",""""typhoon"""",""""thunder""""]""	""[""""tornado"""",""""tomato"""",""""torpedo"""",""""today"""",""""tunnel""""]""	[]	[]"
501839	5	cord	ひも	a thick string or wire	Tie the box with a cord.	ひもでその箱をしばってください。	noun	4	3	""[""""ひも"""",""""鎖"""",""""棒"""",""""板"""",""""管""""]""	""[""""cord"""",""""chain"""",""""stick"""",""""board"""",""""pipe""""]""	""[""""cord"""",""""card"""",""""cold"""",""""core"""",""""coat""""]""	""[{""""word"""":""""rope"""",""""note"""":""""cord より太いことが多い""""},{""""word"""":""""string"""",""""note"""":""""cord より細いことが多い""""}]""	[]"
501840	5	cable	ケーブル	a thick wire used to carry electricity or signals	Please connect the cable to the TV.	そのケーブルをテレビにつないでください。	noun	5	3	""[""""ケーブル"""",""""コード"""",""""電池"""",""""画面"""",""""機械""""]""	""[""""cable"""",""""cord"""",""""battery"""",""""screen"""",""""machine""""]""	""[""""cable"""",""""table"""",""""label"""",""""camel"""",""""caper""""]""	""[{""""word"""":""""cord"""",""""note"""":""""より細いひもやコードにも使う""""}]""	[]"
501841	5	including	〜を含めて	with something as part of a group	Five students came, including Ken.	ケンを含めて5人の生徒が来ました。	preposition	5	4	""[""""〜を含めて"""",""""〜を除いて"""",""""〜の間に"""",""""〜の前に"""",""""〜の後に""""]""	""[""""including"""",""""except"""",""""during"""",""""before"""",""""after""""]""	""[""""including"""",""""increasing"""",""""excusing"""",""""included"""",""""include""""]""	[]	""[{""""word"""":""""excluding"""",""""note"""":""""含めないで""""}]"""
501842	5	anxiously	心配して	in a worried way	She waited anxiously for the test result.	彼女はテストの結果を心配して待ちました。	adverb	6	2	""[""""心配して"""",""""静かに"""",""""すばやく"""",""""ゆっくり"""",""""元気よく""""]""	""[""""anxiously"""",""""quietly"""",""""quickly"""",""""slowly"""",""""cheerfully""""]""	""[""""anxiously"""",""""angrily"""",""""carefully"""",""""actually"""",""""easily""""]""	""[{""""word"""":""""worriedly"""",""""note"""":""""やや不自然だが意味は近い""""}]""	""[{""""word"""":""""calmly"""",""""note"""":""""落ち着いて""""}]"""
501843	5	retreat	退く	to move back from danger or attack	The soldiers had to retreat at night.	兵士たちは夜に退かなければならなかった。	verb	5	2	""[""""退く"""",""""進む"""",""""守る"""",""""攻撃する"""",""""隠れる""""]""	""[""""retreat"""",""""advance"""",""""defend"""",""""attack"""",""""hide""""]""	""[""""retreat"""",""""repeat"""",""""receive"""",""""return"""",""""remain""""]""	""[{""""word"""":""""withdraw"""",""""note"""":""""少しかたい語""""}]""	""[{""""word"""":""""advance"""",""""note"""":""""前に進む""""}]"""
501844	5	take back	取り消す	to say that something you said was wrong	I take back what I said yesterday.	私は昨日言ったことを取り消します。	verb	4	3	""[""""取り消す"""",""""受け入れる"""",""""説明する"""",""""繰り返す"""",""""約束する""""]""	""[""""take back"""",""""accept"""",""""explain"""",""""repeat"""",""""promise""""]""	""[""""take back"""",""""pay back"""",""""take care"""",""""come back"""",""""talk back""""]""	""[{""""word"""":""""withdraw"""",""""note"""":""""発言や申し出を取り下げる""""}]""	[]"
501845	5	regardless	それでも	without being affected by something	He went out regardless of the rain.	彼は雨にもかかわらず出かけた。	adverb	5	2	""[""""それでも"""",""""たぶん"""",""""突然"""",""""たしかに"""",""""すぐに""""]""	""[""""regardless"""",""""probably"""",""""suddenly"""",""""certainly"""",""""immediately""""]""	""[""""regardless"""",""""regularly"""",""""carelessly"""",""""fearlessly"""",""""seriously""""]""	[]	[]"
501846	5	unlimited	無制限の	without any limit	This plan gives you unlimited data.	このプランではデータが無制限です。	adjective	5	3	""[""""無制限の"""",""""限られた"""",""""十分な"""",""""高価な"""",""""便利な""""]""	""[""""unlimited"""",""""limited"""",""""useful"""",""""careful"""",""""special""""]""	""[""""unlimited"""",""""unlucky"""",""""unusual"""",""""unfinished"""",""""unhealthy""""]""	""[{""""word"""":""""limitless"""",""""note"""":""""やや書き言葉的""""}]""	""[{""""word"""":""""limited"""",""""note"""":""""制限がある""""}]"""
501847	5	innocently	無邪気に	in a way that shows no bad intention	The child smiled innocently at me.	その子どもは私に無邪気にほほえんだ。	adverb	6	2	""[""""無邪気に"""",""""静かに"""",""""突然"""",""""正直に"""",""""慎重に""""]""	""[""""innocently"""",""""quietly"""",""""suddenly"""",""""honestly"""",""""carefully""""]""	""[""""innocently"""",""""instantly"""",""""easily"""",""""openly"""",""""quietly""""]""	[]	""[{""""word"""":""""guiltily"""",""""note"""":""""罪悪感を持って""""}]"""
501848	5	safe and sound	無事で	not hurt or in danger	We got home safe and sound.	私たちは無事に家に着いた。	adjective	5	3	""[""""無事で"""",""""危険で"""",""""疲れて"""",""""静かで"""",""""空腹で""""]""	""[""""safe and sound"""",""""in danger"""",""""tired"""",""""quiet"""",""""hungry""""]""	""[""""safe and sound"""",""""same and round"""",""""save the sound"""",""""safe and soft"""",""""face and sound""""]""	[]	""[{""""word"""":""""in danger"""",""""note"""":""""危険な状態で""""}]"""
501849	5	free of charge	無料で	without paying money	Children under six can enter free of charge.	6歳未満の子どもは無料で入れます。	adverb	5	3	""[""""無料で"""",""""有料で"""",""""前もって"""",""""特別に"""",""""静かに""""]""	""[""""free of charge"""",""""for a fee"""",""""in advance"""",""""especially"""",""""quietly""""]""	""[""""free of charge"""",""""free of cost"""",""""full of charm"""",""""fresh and large"""",""""three at home""""]""	""[{""""word"""":""""for free"""",""""note"""":""""より口語的""""}]""	""[{""""word"""":""""for a fee"""",""""note"""":""""料金を払って""""}]"""
501850	5	at random	無作為に	without a plan or order	The teacher chose students at random.	先生は無作為に生徒を選びました。	adverb	5	3	""[""""無作為に"""",""""慎重に"""",""""順番に"""",""""突然"""",""""静かに""""]""	""[""""at random"""",""""carefully"""",""""in order"""",""""suddenly"""",""""quietly""""]""	""[""""at random"""",""""around them"""",""""all alone"""",""""at the end"""",""""on the road""""]""	[]	""[{""""word"""":""""in order"""",""""note"""":""""順番どおりに""""}]"""
501851	5	continuously	継続的に	without stopping for a long time	It rained continuously all day.	一日中ずっと雨が降り続きました。	adverb	5	3	""[""""継続的に"""",""""突然"""",""""静かに"""",""""慎重に"""",""""部分的に""""]""	""[""""continuously"""",""""suddenly"""",""""quietly"""",""""carefully"""",""""partly""""]""	""[""""continuously"""",""""carefully"""",""""seriously"""",""""completely"""",""""conveniently""""]""	""[{""""word"""":""""constantly"""",""""note"""":""""ほぼ同じ意味""""}]""	""[{""""word"""":""""occasionally"""",""""note"""":""""ときどき""""}]"""
501852	5	widow	未亡人	a woman whose husband has died	The widow lived alone in a small house.	その未亡人は小さな家に一人で住んでいた。	noun	5	2	""[""""未亡人"""",""""花嫁"""",""""主婦"""",""""女王"""",""""看護師""""]""	""[""""widow"""",""""bride"""",""""housewife"""",""""queen"""",""""nurse""""]""	""[""""widow"""",""""window"""",""""video"""",""""middle"""",""""winner""""]""	[]	[]"
501853	5	barrel	たる	a large round container made of wood or metal	They kept water in a barrel.	彼らはたるに水を入れていた。	noun	5	2	""[""""たる"""",""""箱"""",""""びん"""",""""かご"""",""""バケツ""""]""	""[""""barrel"""",""""box"""",""""bottle"""",""""basket"""",""""bucket""""]""	""[""""barrel"""",""""battle"""",""""borrow"""",""""parrot"""",""""travel""""]""	[]	[]"
501854	5	lumber	木材	wood used for building	They bought lumber to build a fence.	彼らはフェンスを作るために木材を買った。	noun	5	2	""[""""木材"""",""""れんが"""",""""鉄"""",""""ガラス"""",""""石""""]""	""[""""lumber"""",""""brick"""",""""iron"""",""""glass"""",""""stone""""]""	""[""""lumber"""",""""number"""",""""summer"""",""""runner"""",""""member""""]""	""[{""""word"""":""""timber"""",""""note"""":""""主に建築用の木材""""}]""	[]"
501855	5	carpenter	大工	a person who makes or repairs wooden things	My uncle is a carpenter.	私のおじは大工です。	noun	5	3	""[""""大工"""",""""画家"""",""""農家"""",""""運転手"""",""""店員""""]""	""[""""carpenter"""",""""painter"""",""""farmer"""",""""driver"""",""""clerk""""]""	""[""""carpenter"""",""""calendar"""",""""character"""",""""customer"""",""""computer""""]""	[]	[]"
501856	5	career	経歴	the job or work a person does in life	She wants a career in medicine.	彼女は医療の分野での仕事を望んでいます。	noun	5	4	""[""""経歴"""",""""趣味"""",""""予定"""",""""経験"""",""""夢""""]""	""[""""career"""",""""hobby"""",""""plan"""",""""experience"""",""""dream""""]""	""[""""career"""",""""careful"""",""""carrier"""",""""Korean"""",""""clear""""]""	""[{""""word"""":""""profession"""",""""note"""":""""ややかたい語""""}]""	[]"
501857	5	collaborate	協力する	to work together with others	We often collaborate on school projects.	私たちは学校の課題でよく協力します。	verb	6	2	""[""""協力する"""",""""反対する"""",""""説明する"""",""""比較する"""",""""準備する""""]""	""[""""collaborate"""",""""oppose"""",""""explain"""",""""compare"""",""""prepare""""]""	""[""""collaborate"""",""""celebrate"""",""""collect"""",""""color"""",""""communicate""""]""	""[{""""word"""":""""cooperate"""",""""note"""":""""いっしょに働く""""}]""	""[{""""word"""":""""oppose"""",""""note"""":""""反対する""""}]"""
501858	5	cooperation	協力	working together to do something	We need cooperation to finish the project.	その計画を終えるには協力が必要です。	noun	5	3	""[""""協力"""",""""競争"""",""""会話"""",""""努力"""",""""計画""""]""	""[""""cooperation"""",""""competition"""",""""conversation"""",""""effort"""",""""project""""]""	""[""""cooperation"""",""""corporation"""",""""operation"""",""""celebration"""",""""conversation""""]""	""[{""""word"""":""""help"""",""""note"""":""""より基本的な語""""},{""""word"""":""""teamwork"""",""""note"""":""""チームでの協力""""}]""	""[{""""word"""":""""competition"""",""""note"""":""""競い合うこと""""}]"""
501859	5	partnership	提携	a relationship of working together	The two companies formed a partnership.	その2社は提携を結びました。	noun	5	3	""[""""提携"""",""""競争"""",""""契約"""",""""会議"""",""""投資""""]""	""[""""partnership"""",""""competition"""",""""contract"""",""""meeting"""",""""investment""""]""	""[""""partnership"""",""""parentship"""",""""hardship"""",""""leadership"""",""""membership""""]""	""[{""""word"""":""""alliance"""",""""note"""":""""ややかたい語""""},{""""word"""":""""teamwork"""",""""note"""":""""協力して進めること""""}]""	""[{""""word"""":""""competition"""",""""note"""":""""協力ではなく競争""""}]"""
501860	5	globalization	グローバル化	the process of becoming connected around the world	Globalization has changed many businesses.	グローバル化は多くの企業を変えました。	noun	5	2	""[""""グローバル化"""",""""工業化"""",""""近代化"""",""""都市化"""",""""国際化""""]""	""[""""globalization"""",""""industrialization"""",""""modernization"""",""""urbanization"""",""""internationalization""""]""	""[""""globalization"""",""""organization"""",""""modernization"""",""""civilization"""",""""communication""""]""	[]	[]"
501861	5	concerned	心配して	worried about something	She looked concerned about her son.	彼女は息子のことを心配しているようだった。	adjective	5	3	""[""""心配して"""",""""驚いて"""",""""退屈して"""",""""満足して"""",""""怒って""""]""	""[""""concerned"""",""""surprised"""",""""bored"""",""""satisfied"""",""""angry""""]""	""[""""concerned"""",""""confirmed"""",""""confused"""",""""contained"""",""""connected""""]""	""[{""""word"""":""""worried"""",""""note"""":""""より基本的な語""""}]""	""[{""""word"""":""""calm"""",""""note"""":""""落ち着いている""""}]"""
501862	5	anxious	不安な	worried and nervous	I felt anxious before the test.	私はテストの前に不安だった。	adjective	5	3	""[""""不安な"""",""""自信のある"""",""""穏やかな"""",""""疲れた"""",""""うれしい""""]""	""[""""anxious"""",""""confident"""",""""calm"""",""""tired"""",""""glad""""]""	""[""""anxious"""",""""ancient"""",""""active"""",""""angry"""",""""answer""""]""	""[{""""word"""":""""worried"""",""""note"""":""""より基本的な語""""},{""""word"""":""""nervous"""",""""note"""":""""緊張している感じが強い""""}]""	""[{""""word"""":""""calm"""",""""note"""":""""落ち着いた""""},{""""word"""":""""confident"""",""""note"""":""""自信がある""""}]"""
501863	5	fuss	大騒ぎ	unnecessary excitement or worry	Don't make a fuss about it.	そのことで大騒ぎしないで。	noun	5	2	""[""""大騒ぎ"""",""""約束"""",""""習慣"""",""""冗談"""",""""計画""""]""	""[""""fuss"""",""""promise"""",""""habit"""",""""joke"""",""""plan""""]""	""[""""fuss"""",""""face"""",""""fast"""",""""bus"""",""""fish""""]""	[]	[]"
501864	5	be inferior to	〜より劣っている	to be not as good as something else	This camera is inferior to that one.	このカメラはあのカメラより劣っている。	verb	5	2	""[""""〜より劣っている"""",""""〜に似ている"""",""""〜に慣れている"""",""""〜に役立つ"""",""""〜で満足している""""]""	""[""""be inferior to"""",""""be similar to"""",""""be used to"""",""""be useful for"""",""""be satisfied with""""]""	""[""""be inferior to"""",""""be familiar to"""",""""be important to"""",""""be similar to"""",""""be useful to""""]""	""[{""""word"""":""""be worse than"""",""""note"""":""""よりやさしい言い方""""}]""	""[{""""word"""":""""be superior to"""",""""note"""":""""反対の意味""""}]"""
501865	5	remarkable	注目すべき	unusual or very good in a way that people notice	She made remarkable progress in English.	彼女は英語で注目すべき進歩をした。	adjective	5	3	""[""""注目すべき"""",""""普通の"""",""""静かな"""",""""危険な"""",""""正直な""""]""	""[""""remarkable"""",""""ordinary"""",""""quiet"""",""""dangerous"""",""""honest""""]""	""[""""remarkable"""",""""reliable"""",""""comfortable"""",""""memorable"""",""""available""""]""	""[{""""word"""":""""notable"""",""""note"""":""""ややかたいが近い意味""""}]""	""[{""""word"""":""""ordinary"""",""""note"""":""""特別でない""""}]"""
501866	5	bundle	束	a group of things tied or held together	He carried a bundle of old newspapers.	彼は古い新聞の束を運んだ。	noun	5	2	""[""""束"""",""""列"""",""""山"""",""""組"""",""""箱""""]""	""[""""bundle"""",""""line"""",""""pile"""",""""set"""",""""box""""]""	""[""""bundle"""",""""bottle"""",""""buckle"""",""""jungle"""",""""handle""""]""	""[{""""word"""":""""pack"""",""""note"""":""""ひとまとめの物""""}]""	[]"
501867	5	statute	法律	a written law made by a government	The new statute will start next month.	その新しい法律は来月施行されます。	noun	5	2	""[""""法律"""",""""規則"""",""""契約"""",""""判決"""",""""制度""""]""	""[""""statute"""",""""rule"""",""""contract"""",""""judgment"""",""""system""""]""	""[""""statute"""",""""status"""",""""station"""",""""stated"""",""""static""""]""	""[{""""word"""":""""law"""",""""note"""":""""より一般的な語""""}]""	[]"
501868	5	manuscript	原稿	the written copy of a book or article	She finished her manuscript last night.	彼女は昨夜、原稿を書き終えました。	noun	5	2	""[""""原稿"""",""""記事"""",""""小説"""",""""報告"""",""""詩""""]""	""[""""manuscript"""",""""article"""",""""novel"""",""""report"""",""""poem""""]""	""[""""manuscript"""",""""manual"""",""""manage"""",""""manner"""",""""man""""]""	[]	[]"
501869	5	anniversary	記念日	the date when an important event happened in a past year	Today is our wedding anniversary.	今日は私たちの結婚記念日です。	noun	5	3	""[""""記念日"""",""""休日"""",""""誕生日"""",""""祭り"""",""""会議""""]""	""[""""anniversary"""",""""holiday"""",""""birthday"""",""""festival"""",""""meeting""""]""	""[""""anniversary"""",""""university"""",""""January"""",""""adventure"""",""""animal""""]""	""[{""""word"""":""""celebration"""",""""note"""":""""祝う行事そのものを表すことが多い""""}]""	[]"
501870	5	approval	承認	permission or agreement that something is okay	We need the teacher's approval.	私たちは先生の承認が必要です。	noun	5	3	""[""""承認"""",""""拒否"""",""""提案"""",""""説明"""",""""警告""""]""	""[""""approval"""",""""refusal"""",""""proposal"""",""""explanation"""",""""warning""""]""	""[""""approval"""",""""arrival"""",""""apron"""",""""improve"""",""""April""""]""	""[{""""word"""":""""permission"""",""""note"""":""""許可の意味で近い""""}]""	""[{""""word"""":""""refusal"""",""""note"""":""""受け入れず断ること""""}]"""
501871	5	youngster	若者	a child or young person	The park is full of youngsters after school.	放課後、その公園は若者たちでいっぱいです。	noun	5	2	""[""""若者"""",""""大人"""",""""先生"""",""""選手"""",""""旅行者""""]""	""[""""youngster"""",""""adult"""",""""teacher"""",""""player"""",""""traveler""""]""	""[""""youngster"""",""""younger"""",""""monster"""",""""singer"""",""""hunter""""]""	""[{""""word"""":""""youth"""",""""note"""":""""やや一般的で集合的にも使う""""},{""""word"""":""""kid"""",""""note"""":""""よりくだけた言い方""""}]""	""[{""""word"""":""""adult"""",""""note"""":""""成長した人""""}]"""
501872	5	youth	若者	a young person	The youth helped the old man cross the street.	その若者はお年寄りが通りを渡るのを手伝った。	noun	3	3	""[""""若者"""",""""大人"""",""""子ども"""",""""先生"""",""""友達""""]""	""[""""youth"""",""""adult"""",""""child"""",""""teacher"""",""""friend""""]""	""[""""youth"""",""""use"""",""""yours"""",""""south"""",""""month""""]""	""[{""""word"""":""""young person"""",""""note"""":""""やや説明的な言い方""""}]""	""[{""""word"""":""""adult"""",""""note"""":""""年齢の対比""""}]"""
