"no	grade	word	japanese	description	sentence	japanese_sentence	pos	difficulty	frequency	""[""""年"""",""""月"""",""""週"""",""""日"""",""""時間""""]""	""[""""year"""",""""month"""",""""week"""",""""day"""",""""hour""""]""	""[""""year"""",""""ear"""",""""near"""",""""dear"""",""""yard""""]""	[]	[]"
200001	2	convenience store	コンビニ	a small store open for long hours	I bought some milk at the convenience store.	私はコンビニで牛乳を買いました。	noun	2	3	""[""""コンビニ"""",""""本屋"""",""""スーパー"""",""""駅"""",""""図書館""""]""	""[""""convenience store"""",""""bookstore"""",""""supermarket"""",""""station"""",""""library""""]""	""[""""convenience store"""",""""computer store"""",""""corner store"""",""""department store"""",""""candy store""""]""	[]	[]"
200002	2	comic	漫画	a funny story in pictures	I read a comic after dinner.	私は夕食のあとで漫画を読みます。	noun	2	3	""[""""漫画"""",""""小説"""",""""新聞"""",""""辞書"""",""""手紙""""]""	""[""""comic"""",""""novel"""",""""newspaper"""",""""dictionary"""",""""letter""""]""	""[""""comic"""",""""coming"""",""""common"""",""""comet"""",""""camera""""]""	[]	[]"
200003	2	lot	たくさん	a large amount or number	We have a lot of homework today.	私たちは今日、宿題がたくさんあります。	noun	2	4	""[""""たくさん"""",""""少し"""",""""全部"""",""""半分"""",""""ひとつ""""]""	""[""""lot"""",""""many"""",""""much"""",""""few"""",""""some""""]""	""[""""lot"""",""""hot"""",""""not"""",""""light"""",""""late""""]""	[]	[]"
200004	2	place	場所	a spot or area	This is a nice place to read.	ここは読むのにいい場所です。	noun	2	4	""[""""場所"""",""""部屋"""",""""町"""",""""道"""",""""公園""""]""	""[""""place"""",""""room"""",""""town"""",""""road"""",""""park""""]""	""[""""place"""",""""plane"""",""""plate"""",""""play"""",""""price""""]""	""[{""""word"""":""""spot"""",""""note"""":""""くだけた言い方で「場所」""""}]""	[]"
200005	2	number	数	a word or sign for counting	Write your number here.	ここにあなたの番号を書いてください。	noun	2	5	""[""""数"""",""""名前"""",""""色"""",""""時間"""",""""年齢""""]""	""[""""number"""",""""name"""",""""color"""",""""time"""",""""age""""]""	""[""""number"""",""""member"""",""""summer"""",""""hammer"""",""""under""""]""	[]	[]"
200006	2	photo	写真	a picture taken with a camera	I have a photo of my dog.	私は自分の犬の写真を持っています。	noun	2	4	""[""""写真"""",""""絵"""",""""地図"""",""""手紙"""",""""本""""]""	""[""""photo"""",""""picture"""",""""map"""",""""letter"""",""""book""""]""	""[""""photo"""",""""potato"""",""""hotel"""",""""piano"""",""""window""""]""	""[{""""word"""":""""picture"""",""""note"""":""""photo より広く「絵・写真」""""}]""	[]"
200007	2	story	物語	a tale with people and events	This story is very interesting.	この物語はとてもおもしろいです。	noun	2	4	""[""""物語"""",""""歌"""",""""写真"""",""""手紙"""",""""地図""""]""	""[""""story"""",""""song"""",""""picture"""",""""letter"""",""""map""""]""	""[""""story"""",""""store"""",""""storm"""",""""straw"""",""""study""""]""	""[{""""word"""":""""tale"""",""""note"""":""""やや物語らしい言い方""""}]""	[]"
200008	2	rose	バラ	a flower with a sweet smell	She has a red rose.	彼女は赤いバラを持っています。	noun	2	2	""[""""バラ"""",""""ユリ"""",""""木"""",""""草"""",""""葉""""]""	""[""""rose"""",""""lily"""",""""tree"""",""""grass"""",""""leaf""""]""	""[""""rose"""",""""road"""",""""rope"""",""""rice"""",""""rule""""]""	[]	[]"
200009	2	package	小包	a box or bag sent to someone	A package came this morning.	今朝、小包が届きました。	noun	3	3	""[""""小包"""",""""手紙"""",""""箱"""",""""かばん"""",""""封筒""""]""	""[""""package"""",""""letter"""",""""box"""",""""bag"""",""""envelope""""]""	""[""""package"""",""""passage"""",""""picnic"""",""""pocket"""",""""village""""]""	""[{""""word"""":""""parcel"""",""""note"""":""""主に英語でよく使う言い方""""}]""	[]"
200010	2	shopping	買い物	the activity of buying things	My mother likes shopping on Sunday.	私の母は日曜日に買い物をするのが好きです。	noun	2	3	""[""""買い物"""",""""勉強"""",""""料理"""",""""運動"""",""""散歩""""]""	""[""""shopping"""",""""studying"""",""""cooking"""",""""exercise"""",""""walking""""]""	""[""""shopping"""",""""stopping"""",""""shocking"""",""""showing"""",""""shop""""]""	""[{""""word"""":""""buying"""",""""note"""":""""「買うこと」の意味で近い""""}]""	[]"
200011	2	cycling	サイクリング	the activity of riding a bicycle	We enjoy cycling in the park.	私たちは公園でサイクリングを楽しみます。	noun	2	2	""[""""サイクリング"""",""""水泳"""",""""ランニング"""",""""ダンス"""",""""スキー""""]""	""[""""cycling"""",""""swimming"""",""""running"""",""""dancing"""",""""skiing""""]""	""[""""cycling"""",""""singer"""",""""circle"""",""""cooking"""",""""skiing""""]""	""[{""""word"""":""""biking"""",""""note"""":""""特に米語で近い""""}]""	[]"
200012	2	also	〜もまた	in addition; too	She can also play the piano.	彼女はピアノもまた弾けます。	adverb	2	4	""[""""〜もまた"""",""""いつも"""",""""たぶん"""",""""すぐに"""",""""とても""""]""	""[""""also"""",""""always"""",""""maybe"""",""""soon"""",""""very""""]""	""[""""also"""",""""all"""",""""already"""",""""always"""",""""although""""]""	""[{""""word"""":""""too"""",""""note"""":""""文末でよく使う""""},{""""word"""":""""as well"""",""""note"""":""""文末で使うことが多い""""}]""	[]"
200013	2	should	〜すべき	used to say what is right or a good idea	You should study today.	あなたは今日勉強するべきです。	modal verb	2	4	""[""""〜すべき"""",""""〜できる"""",""""〜しなければならない"""",""""〜するだろう"""",""""〜したい""""]""	""[""""should"""",""""can"""",""""must"""",""""will"""",""""want""""]""	""[""""should"""",""""could"""",""""would"""",""""showed"""",""""short""""]""	""[{""""word"""":""""must"""",""""note"""":""""shouldより強い言い方""""}]""	[]"
200014	2	then	そのとき	at that time or next	I did my homework, and then I watched TV.	私は宿題をして、そのときテレビを見ました。	adverb	2	4	""[""""そのとき"""",""""いま"""",""""きのう"""",""""すぐに"""",""""いつも""""]""	""[""""then"""",""""now"""",""""yesterday"""",""""soon"""",""""always""""]""	""[""""then"""",""""ten"""",""""them"""",""""thin"""",""""thank""""]""	""[{""""word"""":""""next"""",""""note"""":""""順序で「次に」""""}]""	[]"
200015	2	late	遅れて	after the right or usual time	He was late for school.	彼は学校に遅れました。	adjective	2	4	""[""""遅れて"""",""""早く"""",""""静かに"""",""""忙しい"""",""""元気な""""]""	""[""""late"""",""""early"""",""""quiet"""",""""busy"""",""""fine""""]""	""[""""late"""",""""rate"""",""""light"""",""""lake"""",""""wait""""]""	[]	""[{""""word"""":""""early"""",""""note"""":""""反対の意味""""}]"""
200016	2	once again	もう一度	one more time	Please say it once again.	もう一度それを言ってください。	adverb	2	3	""[""""もう一度"""",""""すぐに"""",""""ゆっくり"""",""""いっしょに"""",""""たいてい""""]""	""[""""once again"""",""""soon"""",""""slowly"""",""""together"""",""""usually""""]""	""[""""once again"""",""""once a day"""",""""all again"""",""""come again"""",""""one game""""]""	""[{""""word"""":""""again"""",""""note"""":""""より短い言い方""""}]""	[]"
200017	2	years old	歳	used to show a person's age	My sister is ten years old.	私の姉は10歳です。	adjective	1	5	""[""""歳"""",""""年"""",""""月"""",""""週"""",""""日""""]""	""[""""years old"""",""""year"""",""""month"""",""""week"""",""""day""""]""	""[""""years old"""",""""year"""",""""yellow"""",""""yours"""",""""old""""]""	[]	[]"
200018	2	plane	飛行機	a vehicle that flies in the sky	The plane is very big.	その飛行機はとても大きいです。	noun	2	4	""[""""飛行機"""",""""電車"""",""""船"""",""""自転車"""",""""バス""""]""	""[""""plane"""",""""train"""",""""ship"""",""""bike"""",""""bus""""]""	""[""""plane"""",""""play"""",""""plate"""",""""plant"""",""""place""""]""	""[{""""word"""":""""airplane"""",""""note"""":""""同じ意味でよく使う語""""}]""	[]"
200019	2	airplane	飛行機	a vehicle that flies in the sky	The airplane is very big.	その飛行機はとても大きいです。	noun	2	3	""[""""飛行機"""",""""電車"""",""""船"""",""""車"""",""""自転車""""]""	""[""""airplane"""",""""train"""",""""ship"""",""""car"""",""""bike""""]""	""[""""airplane"""",""""airport"""",""""airmail"""",""""raincoat"""",""""playground""""]""	""[{""""word"""":""""plane"""",""""note"""":""""airplane の短い言い方""""}]""	[]"
200020	2	around	まわりに	on every side of something	We sat around the table.	私たちはテーブルのまわりに座りました。	preposition	2	4	""[""""まわりに"""",""""中に"""",""""下に"""",""""後ろに"""",""""近くに""""]""	""[""""around"""",""""in"""",""""under"""",""""behind"""",""""near""""]""	""[""""around"""",""""aloud"""",""""about"""",""""along"""",""""arrive""""]""	[]	[]"
200021	2	too	〜も	also; in addition	I like dogs too.	私も犬が好きです。	adverb	2	5	""[""""〜も"""",""""だけ"""",""""いつも"""",""""たぶん"""",""""すぐに""""]""	""[""""too"""",""""only"""",""""always"""",""""maybe"""",""""soon""""]""	""[""""too"""",""""do"""",""""tooth"""",""""tool"""",""""two""""]""	""[{""""word"""":""""also"""",""""note"""":""""より少しかたい言い方""""}]""	[]"
200022	2	panda	パンダ	a black and white animal from China	I saw a panda at the zoo.	私は動物園でパンダを見ました。	noun	2	2	""[""""パンダ"""",""""ウサギ"""",""""イヌ"""",""""ネコ"""",""""サル""""]""	""[""""panda"""",""""rabbit"""",""""dog"""",""""cat"""",""""monkey""""]""	""[""""panda"""",""""pencil"""",""""painter"""",""""pan"""",""""band""""]""	[]	[]"
200023	2	rabbit	ウサギ	a small animal with long ears	The rabbit is eating a carrot.	そのウサギはにんじんを食べています。	noun	2	2	""[""""ウサギ"""",""""パンダ"""",""""イヌ"""",""""ネコ"""",""""サル""""]""	""[""""rabbit"""",""""panda"""",""""dog"""",""""cat"""",""""monkey""""]""	""[""""rabbit"""",""""racket"""",""""rapid"""",""""habit"""",""""robot""""]""	[]	[]"
200024	2	pet	ペット	an animal you keep at home	We have a pet at home.	私たちは家でペットを飼っています。	noun	2	3	""[""""ペット"""",""""動物"""",""""赤ちゃん"""",""""おもちゃ"""",""""友だち""""]""	""[""""pet"""",""""animal"""",""""baby"""",""""toy"""",""""friend""""]""	""[""""pet"""",""""pen"""",""""bed"""",""""pig"""",""""ten""""]""	[]	[]"
200025	2	Sorry I'm late.	遅れてごめんなさい	used to apologize for being late	Sorry I'm late.	遅れてごめんなさい。	phrase	2	4	""[""""遅れてごめんなさい"""",""""手伝ってくれてありがとう"""",""""はじめまして"""",""""また会いましょう"""",""""気をつけて""""]""	""[""""Sorry I'm late."""",""""Thank you for your help."""",""""Nice to meet you."""",""""See you again."""",""""Take care.""""]""	""[""""Sorry I'm late."""",""""Sorry I'm tired."""",""""See you later."""",""""Thank you very much."""",""""I am at home.""""]""	[]	[]"
200026	2	sorry	すまない	feeling bad for doing something wrong	I am sorry for the mistake.	私はそのまちがいをすまないと思っています。	adjective	2	5	""[""""すまない"""",""""うれしい"""",""""かなしい"""",""""元気な"""",""""忙しい""""]""	""[""""sorry"""",""""happy"""",""""sad"""",""""fine"""",""""busy""""]""	""[""""sorry"""",""""story"""",""""sunny"""",""""slowly"""",""""sister""""]""	""[{""""word"""":""""sad"""",""""note"""":""""「悲しい」ではなく、申し訳ない気持ちで使うこともある""""}]""	[]"
200027	2	What happened?	どうしたの？	used to ask about a problem or event	You look sad. What happened?	悲しそうだね。どうしたの？	phrase	2	4	""[""""どうしたの？"""",""""元気ですか？"""",""""何を探しているの？"""",""""どこへ行くの？"""",""""何時ですか？""""]""	""[""""What happened?"""",""""How are you?"""",""""What are you looking for?"""",""""Where are you going?"""",""""What time is it?""""]""	""[""""What happened?"""",""""What time is it?"""",""""What color is it?"""",""""What do you want?"""",""""What are you doing?""""]""	[]	[]"
200028	2	How are you?	お元気ですか？	used to ask about someone's condition	Hi, Tom. How are you?	こんにちは、トム。お元気ですか？	phrase	1	5	""[""""お元気ですか？"""",""""どうしたの？"""",""""何を探しているの？"""",""""お名前は何ですか？"""",""""何時ですか？""""]""	""[""""How are you?"""",""""What happened?"""",""""What are you looking for?"""",""""What is your name?"""",""""What time is it?""""]""	""[""""How are you?"""",""""How old are you?"""",""""Who are you?"""",""""Where are you?"""",""""How about you?""""]""	[]	[]"
200029	2	What are you looking for?	何を探しているのですか？	used to ask what someone wants to find	You seem busy. What are you looking for?	忙しそうですね。何を探しているのですか？	phrase	3	3	""[""""何を探しているのですか？"""",""""どうしたの？"""",""""お元気ですか？"""",""""どこに住んでいますか？"""",""""何時に起きますか？""""]""	""[""""What are you looking for?"""",""""What happened?"""",""""How are you?"""",""""Where do you live?"""",""""What time do you get up?""""]""	""[""""What are you looking for?"""",""""What are you waiting for?"""",""""What are you doing now?"""",""""What are you talking about?"""",""""What are you reading?""""]""	[]	[]"
200030	2	What's the problem?	どうしたの？	used to ask what is wrong	What's the problem?	どうしたの？	phrase	2	3	""[""""どうしたの？"""",""""元気ですか？"""",""""何がほしいですか？"""",""""どこへ行くの？"""",""""何時ですか？""""]""	""[""""What's the problem?"""",""""How are you?"""",""""What do you want?"""",""""Where are you going?"""",""""What time is it?""""]""	""[""""What's the problem?"""",""""What's the matter?"""",""""What's your name?"""",""""What color is it?"""",""""Where's the station?""""]""	""[{""""word"""":""""What's the matter?"""",""""note"""":""""ほぼ同じ意味""""}]""	[]"
200031	2	How is everything?	調子はどうですか？	used to ask if things are going well	How is everything?	調子はどうですか？	phrase	2	3	""[""""調子はどうですか？"""",""""どうしたの？"""",""""お名前は何ですか？"""",""""いくらですか？"""",""""どこに住んでいますか？""""]""	""[""""How is everything?"""",""""What's the problem?"""",""""What's your name?"""",""""How much is it?"""",""""Where do you live?""""]""	""[""""How is everything?"""",""""How is your father?"""",""""How are you today?"""",""""Where is my notebook?"""",""""What is your favorite color?""""]""	""[{""""word"""":""""How are things?"""",""""note"""":""""似たあいさつ表現""""}]""	[]"
200032	2	What size do you want?	どのサイズがほしいですか？	used to ask about the size someone wants	What size do you want?	どのサイズがほしいですか？	phrase	2	2	""[""""どのサイズがほしいですか？"""",""""何色が好きですか？"""",""""いくら払いますか？"""",""""どれがあなたのですか？"""",""""何時に行きますか？""""]""	""[""""What size do you want?"""",""""What color do you like?"""",""""How much will you pay?"""",""""Which one is yours?"""",""""What time will you go?""""]""	""[""""What size do you want?"""",""""What kind do you want?"""",""""What time do you have?"""",""""Which bag do you want?"""",""""What song do you like?""""]""	[]	[]"
200033	2	What's wrong?	どうしたの？	used to ask about a problem	You look sad. What's wrong?	悲しそうだね。どうしたの？	phrase	2	4	""[""""どうしたの？"""",""""元気ですか？"""",""""どこですか？"""",""""何時ですか？"""",""""準備はいいですか？""""]""	""[""""What's wrong?"""",""""How are you?"""",""""Where are you?"""",""""What time is it?"""",""""Are you ready?""""]""	""[""""What's wrong?"""",""""What's this?"""",""""What's that?"""",""""What's up?"""",""""What's new?""""]""	""[{""""word"""":""""What's the matter?"""",""""note"""":""""ほぼ同じ意味""""}]""	[]"
200034	2	Is it raining outside?	外は雨ですか。	used to ask if rain is falling outside	I cannot see the sky. Is it raining outside?	空が見えません。外は雨ですか。	sentence	2	3	""[""""外は雨ですか。"""",""""外は寒いですか。"""",""""外は暗いですか。"""",""""外は静かですか。"""",""""外は晴れですか。""""]""	""[""""Is it raining outside?"""",""""Is it cold outside?"""",""""Is it dark outside?"""",""""Is it quiet outside?"""",""""Is it sunny outside?""""]""	""[""""Is it raining outside?"""",""""Is it windy outside?"""",""""Is it snowing outside?"""",""""Is it sunny outside?"""",""""Is it cloudy outside?""""]""	[]	[]"
200035	2	Can you talk now?	今話せますか。	used to ask if someone can speak now	I have a question. Can you talk now?	質問があります。今話せますか。	sentence	2	3	""[""""今話せますか。"""",""""今来られますか。"""",""""今見えますか。"""",""""今行けますか。"""",""""今聞こえますか。""""]""	""[""""Can you talk now?"""",""""Can you come now?"""",""""Can you see now?"""",""""Can you go now?"""",""""Can you hear now?""""]""	""[""""Can you talk now?"""",""""Can you walk now?"""",""""Can you work now?"""",""""Can you wait now?"""",""""Can you call now?""""]""	[]	[]"
200036	2	Will you help me?	手伝ってくれますか	used to ask someone to help you	Will you help me?	手伝ってくれますか。	sentence	2	3	""[""""手伝ってくれますか"""",""""来てくれますか"""",""""待ってくれますか"""",""""見せてくれますか"""",""""教えてくれますか""""]""	""[""""Will you help me?"""",""""Will you come with me?"""",""""Will you wait for me?"""",""""Will you show me?"""",""""Will you tell me?""""]""	""[""""Will you help me?"""",""""Will you tell me?"""",""""Will you wait for me?"""",""""Will you come with me?"""",""""Will you look at me?""""]""	[]	[]"
200037	2	Do you know the way to the station?	駅への道がわかりますか	used to ask if someone knows how to get to the station	Do you know the way to the station?	駅への道がわかりますか。	sentence	3	2	""[""""駅への道がわかりますか"""",""""駅はどこですか"""",""""駅は近いですか"""",""""駅まで歩けますか"""",""""駅に行きますか""""]""	""[""""Do you know the way to the station?"""",""""Where is the station?"""",""""Is the station near here?"""",""""Can I walk to the station?"""",""""Are you going to the station?""""]""	""[""""Do you know the way to the station?"""",""""Do you know the way to the school?"""",""""Do you know the name of the station?"""",""""Can you show me the station?"""",""""Are you going to the station?""""]""	[]	[]"
200038	2	Where is the nearest station?	いちばん近い駅はどこですか	used to ask the location of the closest station	Where is the nearest station?	いちばん近い駅はどこですか。	sentence	3	2	""[""""いちばん近い駅はどこですか"""",""""駅への道がわかりますか"""",""""この駅は新しいですか"""",""""駅まで何分ですか"""",""""駅に行きたいです""""]""	""[""""Where is the nearest station?"""",""""Do you know the way to the station?"""",""""Is this station new?"""",""""How many minutes to the station?"""",""""I want to go to the station.""""]""	""[""""Where is the nearest station?"""",""""Where is the nearest bus stop?"""",""""Where is the station now?"""",""""Where is your station?"""",""""Where is the big station?""""]""	[]	[]"
200039	2	How can I get there?	どうやってそこへ行けますか	used to ask the way to a place	How can I get there?	どうやってそこへ行けますか。	phrase	2	3	""[""""どうやってそこへ行けますか"""",""""これはいくらですか"""",""""今何時ですか"""",""""駅はどこですか"""",""""手伝ってくれますか""""]""	""[""""How can I get there?"""",""""How much is this?"""",""""What time is it?"""",""""Where is the station?"""",""""Can you help me?""""]""	""[""""How can I get there?"""",""""How can I go now?"""",""""How do I get home?"""",""""Where can I get off?"""",""""When can I get there?""""]""	[]	[]"
200040	2	Why not?	もちろん	used to say yes to a suggestion	Why not?	もちろん。	phrase	2	3	""[""""もちろん"""",""""たぶん"""",""""だめです"""",""""知りません"""",""""急いで""""]""	""[""""Why not?"""",""""Maybe."""",""""No way."""",""""I don't know."""",""""Hurry up.""""]""	""[""""Why not?"""",""""What now?"""",""""Why me?"""",""""Try it."""",""""Wait up.""""]""	[]	[]"
200041	2	Anything else?	ほかに何かありますか	used to ask if more is needed	Anything else?	ほかに何かありますか。	phrase	2	3	""[""""ほかに何かありますか"""",""""これは何ですか"""",""""どちらが好きですか"""",""""いつ行きますか"""",""""だれが来ますか""""]""	""[""""Anything else?"""",""""What is this?"""",""""Which do you like?"""",""""When will you go?"""",""""Who will come?""""]""	""[""""Anything else?"""",""""Anyone home?"""",""""Something new?"""",""""Anything wrong?"""",""""Nothing much?""""]""	[]	[]"
200042	2	Where shall we meet?	どこで会いましょうか	used to ask the place to meet	Where shall we meet after school?	放課後、どこで会いましょうか。	phrase	2	3	""[""""どこで会いましょうか"""",""""いつ出発しましょうか"""",""""だれと行きましょうか"""",""""何を食べましょうか"""",""""どうやって帰りましょうか""""]""	""[""""Where shall we meet?"""",""""When shall we leave?"""",""""Who shall we go with?"""",""""What shall we eat?"""",""""How shall we go home?""""]""	""[""""Where shall we meet?"""",""""When shall we leave?"""",""""Where can we eat?"""",""""Why shall we wait?"""",""""What shall we need?""""]""	[]	[]"
200043	2	Are you ready to order?	ご注文の準備はできましたか	used to ask if someone is ready to choose food	Are you ready to order now?	今、ご注文の準備はできましたか。	phrase	2	2	""[""""ご注文の準備はできましたか"""",""""お会計をお願いします"""",""""お水をください"""",""""席は空いていますか"""",""""何名様ですか""""]""	""[""""Are you ready to order?"""",""""Can I have the bill?"""",""""May I have some water?"""",""""Is this seat free?"""",""""How many people?""""]""	""[""""Are you ready to order?"""",""""Are you ready to go?"""",""""Do you want some water?"""",""""Would you like to order?"""",""""Are you going to school?""""]""	[]	[]"
200044	2	help with	～を手伝う	to assist someone with something	Can you help with the dishes?	皿洗いを手伝ってくれますか。	verb	2	3	""[""""～を手伝う"""",""""～を選ぶ"""",""""～を運ぶ"""",""""～を集める"""",""""～を調べる""""]""	""[""""help with"""",""""choose"""",""""carry"""",""""collect"""",""""check""""]""	""[""""help with"""",""""held it"""",""""health"""",""""helmet"""",""""half""""]""	""[{""""word"""":""""assist with"""",""""note"""":""""ややかたい言い方""""}]""	[]"
200045	2	away	離れて	to or in another place	My father is away today.	私の父は今日いません。	adverb	2	3	""[""""離れて"""",""""すぐに"""",""""いっしょに"""",""""外で"""",""""近くに""""]""	""[""""away"""",""""soon"""",""""together"""",""""outside"""",""""near""""]""	""[""""away"""",""""awake"""",""""again"""",""""around"""",""""aunt""""]""	[]	""[{""""word"""":""""near"""",""""note"""":""""近くに""""}]"""
200046	2	later	あとで	at a time after now	See you later.	またあとでね。	adverb	2	4	""[""""あとで"""",""""今"""",""""昨日"""",""""早く"""",""""たぶん""""]""	""[""""later"""",""""now"""",""""yesterday"""",""""early"""",""""maybe""""]""	""[""""later"""",""""letter"""",""""little"""",""""water"""",""""waiter""""]""	[]	""[{""""word"""":""""now"""",""""note"""":""""今""""}]"""
200047	2	at school	学校で	in the school place	I met my friend at school.	私は学校で友だちに会いました。	prepositional phrase	2	3	""[""""学校で"""",""""家で"""",""""公園で"""",""""駅で"""",""""店で""""]""	""[""""at school"""",""""at home"""",""""in the park"""",""""at the station"""",""""at the store""""]""	""[""""at school"""",""""after school"""",""""at home"""",""""at the store"""",""""at the park""""]""	[]	[]"
200048	2	someday	いつか	at some time in the future	I want to visit Canada someday.	私はいつかカナダを訪れたいです。	adverb	2	3	""[""""いつか"""",""""たぶん"""",""""すぐに"""",""""昨日"""",""""毎日""""]""	""[""""someday"""",""""soon"""",""""yesterday"""",""""always"""",""""maybe""""]""	""[""""someday"""",""""Sunday"""",""""somehow"""",""""someone"""",""""sunny""""]""	[]	[]"
200049	2	sometime	いつか	at an unknown time	Let's meet sometime next week.	来週のいつか会いましょう。	adverb	3	2	""[""""いつか"""",""""たまに"""",""""すぐに"""",""""毎週"""",""""昨日""""]""	""[""""sometime"""",""""sometimes"""",""""soon"""",""""weekly"""",""""yesterday""""]""	""[""""sometime"""",""""sometimes"""",""""sunshine"""",""""someone"""",""""summer""""]""	[]	[]"
200050	2	over there	あそこに	in that place far from here	My bag is over there.	私のかばんはあそこにあります。	adverb	2	4	""[""""あそこに"""",""""ここに"""",""""どこに"""",""""中に"""",""""外に""""]""	""[""""over there"""",""""here"""",""""where"""",""""inside"""",""""outside""""]""	""[""""over there"""",""""over here"""",""""older there"""",""""open there"""",""""under there""""]""	[]	[]"
200051	2	in those days	そのころ	at that time in the past	In those days, my father was a student.	そのころ、私の父は学生でした。	adverb	2	2	""[""""そのころ"""",""""いま"""",""""すぐに"""",""""毎日"""",""""明日""""]""	""[""""in those days"""",""""now"""",""""soon"""",""""every day"""",""""tomorrow""""]""	""[""""in those days"""",""""in these days"""",""""on those days"""",""""in the day"""",""""in those rooms""""]""	""[{""""word"""":""""then"""",""""note"""":""""過去のその時""""}]""	[]"
200052	2	behind	うしろに	at the back of something	The dog is behind the door.	その犬はドアのうしろにいます。	preposition	2	3	""[""""うしろに"""",""""前に"""",""""中に"""",""""上に"""",""""下に""""]""	""[""""behind"""",""""in front of"""",""""in"""",""""on"""",""""under""""]""	""[""""behind"""",""""beside"""",""""between"""",""""below"""",""""before""""]""	[]	""[{""""word"""":""""in front of"""",""""note"""":""""前に""""}]"""
200053	2	right now	いま	at this moment	I am busy right now.	私はいま忙しいです。	adverb	2	3	""[""""いま"""",""""昨日"""",""""明日"""",""""ときどき"""",""""すぐに""""]""	""[""""right now"""",""""yesterday"""",""""tomorrow"""",""""sometimes"""",""""soon""""]""	""[""""right now"""",""""right here"""",""""light now"""",""""write down"""",""""night owl""""]""	""[{""""word"""":""""now"""",""""note"""":""""より短い基本表現""""}]""	[]"
200054	2	now	今	at this time	I am busy now.	私は今忙しいです。	adverb	1	5	""[""""今"""",""""昨日"""",""""明日"""",""""すぐに"""",""""いつも""""]""	""[""""now"""",""""today"""",""""soon"""",""""always"""",""""then""""]""	""[""""now"""",""""how"""",""""not"""",""""name"""",""""night""""]""	""[{""""word"""":""""right now"""",""""note"""":""""より強く「今すぐ」""""}]""	""[{""""word"""":""""later"""",""""note"""":""""あとで""""}]"""
200055	2	at home	家で	in your house	My mother is at home.	私の母は家にいます。	adverb	1	4	""[""""家で"""",""""学校で"""",""""公園で"""",""""店で"""",""""駅で""""]""	""[""""at home"""",""""at school"""",""""at the park"""",""""at the store"""",""""at the station""""]""	""[""""at home"""",""""at school"""",""""at noon"""",""""alone"""",""""hotel""""]""	""[{""""word"""":""""in the house"""",""""note"""":""""場所を表す近い表現""""}]""	""[{""""word"""":""""outside"""",""""note"""":""""外で""""}]"""
200056	2	backpack	リュック	a bag you carry on your back	My backpack is blue.	私のリュックは青いです。	noun	2	3	""[""""リュック"""",""""かばん"""",""""帽子"""",""""靴"""",""""上着""""]""	""[""""backpack"""",""""bag"""",""""cap"""",""""shoe"""",""""jacket""""]""	""[""""backpack"""",""""blackboard"""",""""baseball"""",""""bathtub"""",""""handbag""""]""	""[{""""word"""":""""bag"""",""""note"""":""""より広い意味の語""""},{""""word"""":""""rucksack"""",""""note"""":""""英ではよく使う""""}]""	[]"
200057	2	rice ball	おにぎり	a ball of cooked rice	I ate a rice ball for lunch.	私は昼食におにぎりを食べました。	noun	2	2	""[""""おにぎり"""",""""サンドイッチ"""",""""パン"""",""""スープ"""",""""サラダ""""]""	""[""""rice ball"""",""""sandwich"""",""""bread"""",""""soup"""",""""salad""""]""	""[""""rice ball"""",""""ice wall"""",""""right ball"""",""""nice doll"""",""""rice bowl""""]""	""[{""""word"""":""""onigiri"""",""""note"""":""""Japanese word for rice ball""""}]""	[]"
200058	2	win	勝つ	to be the best in a game or contest	Our team can win this game.	私たちのチームはこの試合に勝てます。	verb	2	4	""[""""勝つ"""",""""負ける"""",""""始める"""",""""止まる"""",""""投げる""""]""	""[""""win"""",""""lose"""",""""start"""",""""stop"""",""""throw""""]""	""[""""win"""",""""wing"""",""""wish"""",""""wet"""",""""when""""]""	[]	""[{""""word"""":""""lose"""",""""note"""":""""試合などで負ける""""}]"""
200059	2	come from	〜の出身である	to be from a place	I come from Japan.	私は日本の出身です。	verb	2	4	""[""""〜の出身である"""",""""〜に住んでいる"""",""""〜へ行く"""",""""〜を知っている"""",""""〜が好きである""""]""	""[""""come from"""",""""live in"""",""""go to"""",""""know"""",""""like""""]""	""[""""come from"""",""""come back"""",""""come in"""",""""came from"""",""""go from""""]""	""[{""""word"""":""""be from"""",""""note"""":""""ほぼ同じ意味""""}]""	[]"
200060	2	join	参加する	to become a member of a group or activity	I want to join the tennis club.	私はテニスクラブに参加したいです。	verb	2	3	""[""""参加する"""",""""出発する"""",""""練習する"""",""""選ぶ"""",""""集める""""]""	""[""""join"""",""""leave"""",""""practice"""",""""choose"""",""""collect""""]""	""[""""join"""",""""joy"""",""""joke"""",""""June"""",""""job""""]""	""[{""""word"""":""""enter"""",""""note"""":""""groupやcontestに入るときにも使う""""}]""	""[{""""word"""":""""leave"""",""""note"""":""""その場やグループを去る""""}]"""
200061	2	grow up	成長する	to become an adult	I want to be a doctor when I grow up.	私は大人になったら医者になりたいです。	verb	2	3	""[""""成長する"""",""""眠る"""",""""起きる"""",""""出かける"""",""""戻る""""]""	""[""""grow up"""",""""sleep"""",""""wake"""",""""leave"""",""""return""""]""	""[""""grow up"""",""""glove"""",""""group"""",""""green"""",""""ground""""]""	[]	[]"
200062	2	make friends with ...	〜と友だちになる	to become friends with someone	I want to make friends with everyone in my class.	私はクラスのみんなと友だちになりたいです。	verb	2	2	""[""""〜と友だちになる"""",""""〜を手伝う"""",""""〜に会う"""",""""〜を知っている"""",""""〜と話す""""]""	""[""""make friends with ..."""",""""help ..."""",""""meet ..."""",""""know ..."""",""""talk to ...""""]""	""[""""make friends with ..."""",""""make lunch with ..."""",""""take friends with ..."""",""""make plans with ..."""",""""make cakes with ...""""]""	[]	[]"
200063	2	catch a cold	かぜをひく	to become sick with a cold	I often catch a cold in winter.	私は冬によくかぜをひきます。	verb	2	3	""[""""かぜをひく"""",""""ねつがある"""",""""せきをする"""",""""やすむ"""",""""くすりをのむ""""]""	""[""""catch a cold"""",""""have a fever"""",""""cough"""",""""rest"""",""""take medicine""""]""	""[""""catch a cold"""",""""catch a ball"""",""""get a cold"""",""""have a cold"""",""""catch a bus""""]""	[]	[]"
200064	2	bedroom	寝室	a room where you sleep	My bedroom is on the second floor.	私の寝室は2階にあります。	noun	2	3	""[""""寝室"""",""""台所"""",""""居間"""",""""浴室"""",""""教室""""]""	""[""""bedroom"""",""""kitchen"""",""""living room"""",""""bathroom"""",""""classroom""""]""	""[""""bedroom"""",""""bathroom"""",""""restroom"""",""""classroom"""",""""mushroom""""]""	[]	[]"
200065	2	early	早く	before the usual time	I got up early this morning.	私は今朝早く起きました。	adverb	2	4	""[""""早く"""",""""おそく"""",""""静かに"""",""""ゆっくり"""",""""すぐに""""]""	""[""""early"""",""""late"""",""""quietly"""",""""slowly"""",""""soon""""]""	""[""""early"""",""""earth"""",""""easy"""",""""angry"""",""""empty""""]""	[]	""[{""""word"""":""""late"""",""""note"""":""""反対に「遅く」""""}]"""
200066	2	start to do	〜し始める	to begin doing something	I start to study after dinner.	私は夕食のあとに勉強し始めます。	verb	2	3	""[""""〜し始める"""",""""〜し終える"""",""""〜し続ける"""",""""〜するのをやめる"""",""""〜するのを忘れる""""]""	""[""""start to do"""",""""finish doing"""",""""keep doing"""",""""stop doing"""",""""forget to do""""]""	""[""""start to do"""",""""stay to do"""",""""smart to do"""",""""star to do"""",""""start the day""""]""	""[{""""word"""":""""begin to do"""",""""note"""":""""より基本的な言い方""""}]""	[]"
200067	2	start doing	〜し始める	to begin doing something	It started raining in the afternoon.	午後に雨が降り始めました。	verb	2	3	""[""""〜し始める"""",""""〜し終える"""",""""〜し続ける"""",""""〜するのをやめる"""",""""〜するのを楽しむ""""]""	""[""""start doing"""",""""finish doing"""",""""keep doing"""",""""stop doing"""",""""enjoy doing""""]""	""[""""start doing"""",""""stop doing"""",""""smart doing"""",""""star doing"""",""""start going""""]""	""[{""""word"""":""""begin doing"""",""""note"""":""""ほぼ同じ意味""""}]""	[]"
200068	2	gorilla	ゴリラ	a large black animal like a big monkey	We saw a gorilla at the zoo.	私たちは動物園でゴリラを見ました。	noun	2	2	""[""""ゴリラ"""",""""サル"""",""""ライオン"""",""""トラ"""",""""ゾウ""""]""	""[""""gorilla"""",""""monkey"""",""""lion"""",""""tiger"""",""""elephant""""]""	""[""""gorilla"""",""""vanilla"""",""""guerrilla"""",""""umbrella"""",""""garden""""]""	[]	[]"
200069	2	gate	門	a door or opening in a wall or fence	Please close the gate.	門を閉めてください。	noun	2	3	""[""""門"""",""""窓"""",""""屋根"""",""""壁"""",""""床""""]""	""[""""gate"""",""""window"""",""""roof"""",""""wall"""",""""floor""""]""	""[""""gate"""",""""game"""",""""late"""",""""get"""",""""goat""""]""	[]	[]"
200070	2	shark	サメ	a large fish with sharp teeth	We saw a shark in the sea.	私たちは海でサメを見ました。	noun	2	2	""[""""サメ"""",""""クジラ"""",""""イルカ"""",""""タコ"""",""""カニ""""]""	""[""""shark"""",""""whale"""",""""dolphin"""",""""octopus"""",""""crab""""]""	""[""""shark"""",""""sharp"""",""""shop"""",""""sock"""",""""park""""]""	[]	[]"
200071	2	supermarket	スーパーマーケット	a large store that sells food and daily goods	My mother went to the supermarket.	母はスーパーマーケットへ行きました。	noun	2	3	""[""""スーパーマーケット"""",""""図書館"""",""""病院"""",""""公園"""",""""駅""""]""	""[""""supermarket"""",""""library"""",""""hospital"""",""""park"""",""""station""""]""	""[""""supermarket"""",""""summer"""",""""supper"""",""""market"""",""""school""""]""	""[{""""word"""":""""grocery store"""",""""note"""":""""主に食料品店""""}]""	[]"
200072	2	fat	太った	having too much body weight	The fat cat is sleeping.	その太った猫は眠っています。	adjective	2	3	""[""""太った"""",""""やせた"""",""""若い"""",""""強い"""",""""速い""""]""	""[""""fat"""",""""thin"""",""""young"""",""""strong"""",""""fast""""]""	""[""""fat"""",""""hat"""",""""cat"""",""""fan"""",""""cap""""]""	""[{""""word"""":""""heavy"""",""""note"""":""""人に使うときは意味が少し広い""""}]""	""[{""""word"""":""""thin"""",""""note"""":""""やせた""""}]"""
200073	2	castle	城	a large strong building for a king or queen	We saw a big castle on the hill.	私たちは丘の上に大きな城を見ました。	noun	2	2	""[""""城"""",""""塔"""",""""宮殿"""",""""橋"""",""""寺""""]""	""[""""castle"""",""""tower"""",""""palace"""",""""bridge"""",""""temple""""]""	""[""""castle"""",""""candle"""",""""camel"""",""""cap"""",""""cart""""]""	[]	[]"
200074	2	hall	広間	a large room or passage in a building	We waited in the hall.	私たちは広間で待ちました。	noun	2	2	""[""""広間"""",""""教室"""",""""台所"""",""""庭"""",""""屋根""""]""	""[""""hall"""",""""classroom"""",""""kitchen"""",""""garden"""",""""roof""""]""	""[""""hall"""",""""wall"""",""""ball"""",""""call"""",""""hot""""]""	[]	[]"
200075	2	department store	デパート	a large store with many kinds of things	We went to the department store on Sunday.	私たちは日曜日にデパートへ行きました。	noun	2	3	""[""""デパート"""",""""図書館"""",""""駅"""",""""病院"""",""""公園""""]""	""[""""department store"""",""""library"""",""""station"""",""""hospital"""",""""park""""]""	""[""""department store"""",""""apartment"""",""""different"""",""""important"""",""""sport""""]""	""[{""""word"""":""""store"""",""""note"""":""""より広い意味の「店」""""}]""	[]"
200076	2	duck	あひる	a bird that can swim	The duck is in the pond.	あひるは池にいます。	noun	1	3	""[""""あひる"""",""""にわとり"""",""""はと"""",""""うさぎ"""",""""さる""""]""	""[""""duck"""",""""chicken"""",""""pigeon"""",""""rabbit"""",""""monkey""""]""	""[""""duck"""",""""dark"""",""""dock"""",""""luck"""",""""back""""]""	[]	[]"
200077	2	penguin	ペンギン	a black and white bird that cannot fly	The penguin is walking on the ice.	ペンギンが氷の上を歩いています。	noun	2	2	""[""""ペンギン"""",""""あひる"""",""""わし"""",""""ふくろう"""",""""はくちょう""""]""	""[""""penguin"""",""""duck"""",""""eagle"""",""""owl"""",""""swan""""]""	""[""""penguin"""",""""pencil"""",""""people"""",""""window"""",""""painting""""]""	[]	[]"
200078	2	pepper	こしょう	a hot spice used in food	Please pass me the pepper.	こしょうを取ってください。	noun	2	3	""[""""こしょう"""",""""さとう"""",""""しお"""",""""しょうゆ"""",""""ソース""""]""	""[""""pepper"""",""""sugar"""",""""salt"""",""""sauce"""",""""oil""""]""	""[""""pepper"""",""""paper"""",""""pencil"""",""""player"""",""""proper""""]""	[]	[]"
200079	2	blackboard	黒板	a dark board in a classroom	The teacher writes on the blackboard.	先生は黒板に書きます。	noun	2	2	""[""""黒板"""",""""机"""",""""いす"""",""""教室"""",""""ノート""""]""	""[""""blackboard"""",""""desk"""",""""chair"""",""""classroom"""",""""notebook""""]""	""[""""blackboard"""",""""backyard"""",""""bookmark"""",""""baseball"""",""""breakfast""""]""	""[{""""word"""":""""board"""",""""note"""":""""教室では blackboard の意味で使うことがある""""}]""	[]"
200080	2	muscle	筋肉	a part of the body that helps you move	He has strong leg muscles.	彼は足の筋肉が強いです。	noun	3	2	""[""""筋肉"""",""""骨"""",""""皮ふ"""",""""ひざ"""",""""肩""""]""	""[""""muscle"""",""""bone"""",""""skin"""",""""knee"""",""""shoulder""""]""	""[""""muscle"""",""""muzzle"""",""""mustard"""",""""middle"""",""""metal""""]""	[]	[]"
200081	2	diary	日記	a book for writing about your days	I write in my diary every night.	私は毎晩日記を書きます。	noun	2	3	""[""""日記"""",""""辞書"""",""""教科書"""",""""手紙"""",""""地図""""]""	""[""""diary"""",""""dictionary"""",""""notebook"""",""""letter"""",""""map""""]""	""[""""diary"""",""""dairy"""",""""daily"""",""""diaper"""",""""diamond""""]""	""[{""""word"""":""""journal"""",""""note"""":""""ややかたい言い方""""}]""	[]"
200082	2	both ... and ...	〜も〜も両方	used to join two things that are true together	I like both math and science.	私は数学も理科も両方好きです。	conjunction	2	3	""[""""〜も〜も両方"""",""""〜か〜のどちらか"""",""""〜ではない"""",""""〜の前に"""",""""〜のあとで""""]""	""[""""both ... and ..."""",""""either ... or ..."""",""""not ..."""",""""before ..."""",""""after ...""""]""	""[""""both ... and ..."""",""""either ... or ..."""",""""all"""",""""boat"""",""""band""""]""	[]	[]"
200083	2	trash can	ごみ箱	a container for trash	Please put this paper in the trash can.	この紙をごみ箱に入れてください。	noun	2	3	""[""""ごみ箱"""",""""机"""",""""いす"""",""""本棚"""",""""かばん""""]""	""[""""trash can"""",""""desk"""",""""chair"""",""""shelf"""",""""bag""""]""	""[""""trash can"""",""""flash card"""",""""blackboard"""",""""glass case"""",""""lunch bag""""]""	""[{""""word"""":""""garbage can"""",""""note"""":""""同じ意味でよく使う""""}]""	[]"
200084	2	lunch box	弁当箱	a box for carrying your lunch	I put my sandwich in my lunch box.	私はサンドイッチを弁当箱に入れます。	noun	2	2	""[""""弁当箱"""",""""かばん"""",""""皿"""",""""コップ"""",""""机""""]""	""[""""lunch box"""",""""schoolbag"""",""""plate"""",""""cup"""",""""desk""""]""	""[""""lunch box"""",""""lunch bag"""",""""long box"""",""""lock box"""",""""lunch book""""]""	[]	[]"
200085	2	drawer	引き出し	a box in a desk or cabinet that pulls out	My socks are in the top drawer.	私のくつ下は一番上の引き出しにあります。	noun	2	2	""[""""引き出し"""",""""たな"""",""""箱"""",""""いす"""",""""窓""""]""	""[""""drawer"""",""""shelf"""",""""box"""",""""chair"""",""""window""""]""	""[""""drawer"""",""""driver"""",""""dreamer"""",""""drama"""",""""dragon""""]""	[]	[]"
200086	2	mailbox	郵便受け	a box where letters are put	There is a red mailbox near the station.	駅の近くに赤い郵便受けがあります。	noun	2	2	""[""""郵便受け"""",""""本だな"""",""""冷蔵庫"""",""""ごみ箱"""",""""引き出し""""]""	""[""""mailbox"""",""""bookshelf"""",""""refrigerator"""",""""trash can"""",""""drawer""""]""	""[""""mailbox"""",""""mail bag"""",""""raincoat"""",""""main road"""",""""milk box""""]""	[]	[]"
200087	2	trumpet	トランペット	a musical instrument you blow	He can play the trumpet well.	彼はトランペットを上手に演奏できます。	noun	2	2	""[""""トランペット"""",""""ピアノ"""",""""ギター"""",""""たいこ"""",""""フルート""""]""	""[""""trumpet"""",""""piano"""",""""guitar"""",""""drum"""",""""flute""""]""	""[""""trumpet"""",""""blanket"""",""""ticket"""",""""bucket"""",""""jacket""""]""	[]	[]"
200088	2	hero	英雄	a brave person people admire	The boy wants to be a hero.	その少年は英雄になりたがっています。	noun	2	2	""[""""英雄"""",""""王"""",""""兵士"""",""""選手"""",""""画家""""]""	""[""""hero"""",""""king"""",""""soldier"""",""""player"""",""""artist""""]""	""[""""hero"""",""""zero"""",""""yellow"""",""""hello"""",""""window""""]""	[]	[]"
200089	2	toast	トースト	bread made brown by heat	I ate toast for breakfast.	私は朝食にトーストを食べました。	noun	2	2	""[""""トースト"""",""""スープ"""",""""サラダ"""",""""チーズ"""",""""ヨーグルト""""]""	""[""""toast"""",""""soup"""",""""salad"""",""""cheese"""",""""yogurt""""]""	""[""""toast"""",""""coast"""",""""post"""",""""most"""",""""host""""]""	[]	[]"
200090	2	brown	茶色	having the color of chocolate or wood	His bag is brown.	彼のかばんは茶色です。	adjective	2	3	""[""""茶色"""",""""赤"""",""""青"""",""""黒"""",""""白""""]""	""[""""brown"""",""""red"""",""""blue"""",""""black"""",""""white""""]""	""[""""brown"""",""""blown"""",""""crown"""",""""ground"""",""""cloud""""]""	[]	[]"
200091	2	toothbrush	歯ブラシ	a brush for cleaning your teeth	I need a new toothbrush.	私は新しい歯ブラシが必要です。	noun	2	2	""[""""歯ブラシ"""",""""くし"""",""""タオル"""",""""せっけん"""",""""コップ""""]""	""[""""toothbrush"""",""""comb"""",""""towel"""",""""soap"""",""""cup""""]""	""[""""toothbrush"""",""""toothpaste"""",""""toolbox"""",""""toothache"""",""""breakfast""""]""	[]	[]"
200092	2	alone	ひとりで	without other people	She stayed home alone.	彼女はひとりで家にいました。	adverb	2	2	""[""""ひとりで"""",""""いっしょに"""",""""すぐに"""",""""ゆっくり"""",""""外で""""]""	""[""""alone"""",""""together"""",""""soon"""",""""slowly"""",""""outside""""]""	""[""""alone"""",""""along"""",""""around"""",""""awake"""",""""afraid""""]""	""[{""""word"""":""""by oneself"""",""""note"""":""""同じ意味のやさしい表現""""}]""	""[{""""word"""":""""together"""",""""note"""":""""いっしょに""""}]"""
200093	2	date	日付	the day of the month and year	Please write the date here.	ここに日付を書いてください。	noun	2	3	""[""""日付"""",""""名前"""",""""住所"""",""""番号"""",""""時間""""]""	""[""""date"""",""""name"""",""""address"""",""""number"""",""""time""""]""	""[""""date"""",""""late"""",""""gate"""",""""day"""",""""data""""]""	[]	[]"
200094	2	taxi	タクシー	a car that takes people for money	We went to the station by taxi.	私たちはタクシーで駅へ行きました。	noun	2	3	""[""""タクシー"""",""""バス"""",""""電車"""",""""自転車"""",""""飛行機""""]""	""[""""taxi"""",""""bus"""",""""train"""",""""bike"""",""""plane""""]""	""[""""taxi"""",""""tasty"""",""""table"""",""""happy"""",""""ticket""""]""	""[{""""word"""":""""cab"""",""""note"""":""""主に口語で使う""""}]""	[]"
200095	2	postcard	はがき	a card for sending a short message by mail	She sent me a postcard from Kyoto.	彼女は京都から私にはがきを送ってくれました。	noun	2	2	""[""""はがき"""",""""手紙"""",""""切手"""",""""封筒"""",""""小包""""]""	""[""""postcard"""",""""letter"""",""""stamp"""",""""envelope"""",""""package""""]""	""[""""postcard"""",""""postman"""",""""passport"""",""""baseball"""",""""coast""""]""	[]	[]"
200096	2	yeah	うん	an informal way to say yes	Yeah, I can help you.	うん、手伝えるよ。	interjection	1	4	""[""""うん"""",""""いいえ"""",""""たぶん"""",""""こんにちは"""",""""さようなら""""]""	""[""""yeah"""",""""no"""",""""maybe"""",""""hello"""",""""goodbye""""]""	""[""""yeah"""",""""year"""",""""yell"""",""""young"""",""""yes""""]""	""[{""""word"""":""""yes"""",""""note"""":""""yeah は yes よりくだけた言い方""""}]""	""[{""""word"""":""""no"""",""""note"""":""""反対の返事""""}]"""
200097	2	fishing	魚つり	the activity of catching fish	My father likes fishing.	私の父は魚つりが好きです。	noun	2	3	""[""""魚つり"""",""""水泳"""",""""買い物"""",""""料理"""",""""読書""""]""	""[""""fishing"""",""""swimming"""",""""shopping"""",""""cooking"""",""""reading""""]""	""[""""fishing"""",""""finishing"""",""""facing"""",""""washing"""",""""teaching""""]""	[]	[]"
200098	2	stop doing	〜するのをやめる	to not continue an action	Please stop doing that.	それをするのをやめてください。	verb	3	3	""[""""〜するのをやめる"""",""""〜し始める"""",""""〜するのが好きだ"""",""""〜するのを忘れる"""",""""〜することができる""""]""	""[""""stop doing"""",""""start doing"""",""""like doing"""",""""forget to do"""",""""can do""""]""	""[""""stop doing"""",""""start doing"""",""""keep doing"""",""""stop talking"""",""""shop during""""]""	[]	""[{""""word"""":""""start doing"""",""""note"""":""""反対に、し始める""""}]"""
200099	2	necklace	ネックレス	a piece of jewelry worn around the neck	She got a necklace for her birthday.	彼女は誕生日にネックレスをもらいました。	noun	2	2	""[""""ネックレス"""",""""指輪"""",""""帽子"""",""""くつ"""",""""かばん""""]""	""[""""necklace"""",""""ring"""",""""hat"""",""""shoes"""",""""bag""""]""	""[""""necklace"""",""""reckless"""",""""network"""",""""napkin"""",""""ticket""""]""	[]	[]"
200100	2	turn	曲がる	to move in a different direction	Turn left at the corner.	その角を左に曲がってください。	verb	2	4	""[""""曲がる"""",""""歩く"""",""""止まる"""",""""押す"""",""""運ぶ""""]""	""[""""turn"""",""""walk"""",""""stop"""",""""push"""",""""carry""""]""	""[""""turn"""",""""term"""",""""tall"""",""""town"""",""""team""""]""	[]	""[{""""word"""":""""go straight"""",""""note"""":""""まっすぐ進む""""}]"""
200101	2	become	〜になる	to start to be something	He wants to become a doctor.	彼は医者になりたがっています。	verb	2	4	""[""""〜になる"""",""""〜を持つ"""",""""〜を見る"""",""""〜を作る"""",""""〜を見つける""""]""	""[""""become"""",""""have"""",""""see"""",""""make"""",""""find""""]""	""[""""become"""",""""began"""",""""before"""",""""behind"""",""""because""""]""	[]	[]"
200102	2	move	動く	to change place or position	The bus began to move.	そのバスは動き始めた。	verb	2	3	""[""""動く"""",""""止まる"""",""""歩く"""",""""走る"""",""""座る""""]""	""[""""move"""",""""stop"""",""""walk"""",""""run"""",""""sit""""]""	""[""""move"""",""""mood"""",""""moon"""",""""more"""",""""mouth""""]""	""[{""""word"""":""""go"""",""""note"""":""""より広い意味で「行く」""""}]""	""[{""""word"""":""""stop"""",""""note"""":""""動くことをやめる""""}]"""
200103	2	move to	～に引っ越す	to go to live in another place	My family will move to Osaka next month.	私の家族は来月大阪に引っ越します。	verb	2	3	""[""""～に引っ越す"""",""""～に到着する"""",""""～に戻る"""",""""～に滞在する"""",""""～を訪れる""""]""	""[""""move to"""",""""arrive at"""",""""return to"""",""""stay in"""",""""visit""""]""	""[""""move to"""",""""movie"""",""""moon"""",""""music"""",""""mute""""]""	""[{""""word"""":""""relocate to"""",""""note"""":""""少しかたい言い方""""}]""	[]"
200104	2	hunt	狩りをする	to look for and catch animals	They hunt in the forest.	彼らは森で狩りをする。	verb	3	2	""[""""狩りをする"""",""""育てる"""",""""洗う"""",""""運ぶ"""",""""集める""""]""	""[""""hunt"""",""""grow"""",""""wash"""",""""carry"""",""""collect""""]""	""[""""hunt"""",""""hand"""",""""hot"""",""""heart"""",""""hat""""]""	""[{""""word"""":""""look for"""",""""note"""":""""「探す」の意味では近いが動物を捕まえる意味は弱い""""}]""	[]"
200105	2	cherry blossoms	桜の花	pink or white flowers on cherry trees	We saw cherry blossoms in the park.	私たちは公園で桜の花を見ました。	noun	2	2	""[""""桜の花"""",""""ひまわり"""",""""バラ"""",""""葉"""",""""木""""]""	""[""""cherry blossoms"""",""""sunflower"""",""""rose"""",""""leaf"""",""""tree""""]""	""[""""cherry blossoms"""",""""cheery lessons"""",""""shiny blossoms"""",""""cherry branches"""",""""early blossoms""""]""	[]	[]"
200106	2	kid	子ども	a child	That kid is my brother.	あの子どもは私の弟です。	noun	1	4	""[""""子ども"""",""""大人"""",""""先生"""",""""友だち"""",""""赤ちゃん""""]""	""[""""kid"""",""""adult"""",""""teacher"""",""""friend"""",""""baby""""]""	""[""""kid"""",""""kit"""",""""kiss"""",""""king"""",""""kick""""]""	""[{""""word"""":""""child"""",""""note"""":""""より一般的な語""""}]""	""[{""""word"""":""""adult"""",""""note"""":""""子どもではなく大人""""}]"""
200107	2	cousin	いとこ	the child of your aunt or uncle	My cousin lives in Osaka.	私のいとこは大阪に住んでいます。	noun	2	3	""[""""いとこ"""",""""おじ"""",""""おば"""",""""兄弟"""",""""両親""""]""	""[""""cousin"""",""""uncle"""",""""aunt"""",""""brother"""",""""parent""""]""	""[""""cousin"""",""""dozen"""",""""cotton"""",""""custom"""",""""cabin""""]""	[]	[]"
200108	2	Chicago	シカゴ	a large city in the United States	My uncle lives in Chicago.	私のおじはシカゴに住んでいます。	noun	2	2	""[""""シカゴ"""",""""ロンドン"""",""""パリ"""",""""ソウル"""",""""ローマ""""]""	""[""""Chicago"""",""""London"""",""""Paris"""",""""Seoul"""",""""Rome""""]""	""[""""Chicago"""",""""cheese"""",""""jacket"""",""""school"""",""""singer""""]""	[]	[]"
200109	2	Vancouver	バンクーバー	a large city in Canada	She wants to visit Vancouver someday.	彼女はいつかバンクーバーを訪れたいです。	noun	2	1	""[""""バンクーバー"""",""""トロント"""",""""シドニー"""",""""ロンドン"""",""""パリ""""]""	""[""""Vancouver"""",""""Toronto"""",""""Sydney"""",""""London"""",""""Paris""""]""	""[""""Vancouver"""",""""visitor"""",""""basket"""",""""camera"""",""""calendar""""]""	[]	[]"
200110	2	Rome	ローマ	the capital city of Italy	They visited Rome last year.	彼らは去年ローマを訪れました。	noun	2	2	""[""""ローマ"""",""""パリ"""",""""ロンドン"""",""""ソウル"""",""""シドニー""""]""	""[""""Rome"""",""""Paris"""",""""London"""",""""Seoul"""",""""Sydney""""]""	""[""""Rome"""",""""road"""",""""rose"""",""""room"""",""""rain""""]""	[]	[]"
200111	2	London	ロンドン	the capital city of the UK	My uncle lives in London.	私のおじはロンドンに住んでいます。	noun	2	3	""[""""ロンドン"""",""""パリ"""",""""東京"""",""""ソウル"""",""""北京""""]""	""[""""London"""",""""Paris"""",""""Tokyo"""",""""Seoul"""",""""Beijing""""]""	""[""""London"""",""""random"""",""""lesson"""",""""window"""",""""lemon""""]""	[]	[]"
200112	2	course	講座	a series of classes on a subject	She is taking an English course.	彼女は英語の講座を受けています。	noun	3	3	""[""""講座"""",""""授業"""",""""宿題"""",""""試験"""",""""教科書""""]""	""[""""course"""",""""class"""",""""homework"""",""""test"""",""""textbook""""]""	""[""""course"""",""""cause"""",""""court"""",""""coat"""",""""case""""]""	[]	[]"
200113	2	lesson	授業	a time when you learn something	Our math lesson starts at nine.	私たちの算数の授業は9時に始まります。	noun	2	4	""[""""授業"""",""""宿題"""",""""試験"""",""""教科書"""",""""質問""""]""	""[""""lesson"""",""""homework"""",""""test"""",""""textbook"""",""""question""""]""	""[""""lesson"""",""""lemon"""",""""reason"""",""""listen"""",""""season""""]""	""[{""""word"""":""""class"""",""""note"""":""""schoolでの授業でよく使う""""}]""	[]"
200114	2	brush	みがく	to clean with a brush	I brush my teeth every morning.	私は毎朝歯をみがきます。	verb	2	3	""[""""みがく"""",""""洗う"""",""""切る"""",""""作る"""",""""開ける""""]""	""[""""brush"""",""""wash"""",""""cut"""",""""make"""",""""open""""]""	""[""""brush"""",""""blush"""",""""break"""",""""bread"""",""""branch""""]""	[]	[]"
200115	2	smart	頭がよい	good at learning and thinking	Ken is a smart student.	ケンは頭のよい生徒です。	adjective	2	3	""[""""頭がよい"""",""""親切な"""",""""元気な"""",""""静かな"""",""""有名な""""]""	""[""""smart"""",""""kind"""",""""fine"""",""""quiet"""",""""famous""""]""	""[""""smart"""",""""start"""",""""small"""",""""smile"""",""""short""""]""	""[{""""word"""":""""clever"""",""""note"""":""""smartと近い意味""""}]""	""[{""""word"""":""""stupid"""",""""note"""":""""very informal; use carefully""""}]"""
200116	2	alarm clock	目覚まし時計	a clock that wakes you up	I set my alarm clock at seven.	私は目覚まし時計を7時に合わせます。	noun	2	2	""[""""目覚まし時計"""",""""腕時計"""",""""壁掛け時計"""",""""時計店"""",""""時間割""""]""	""[""""alarm clock"""",""""watch"""",""""wall clock"""",""""clock shop"""",""""schedule""""]""	""[""""alarm clock"""",""""around clock"""",""""garden clock"""",""""morning clock"""",""""yellow clock""""]""	[]	[]"
200117	2	shut	閉める	to close something	Please shut the door.	ドアを閉めてください。	verb	2	3	""[""""閉める"""",""""開ける"""",""""押す"""",""""引く"""",""""置く""""]""	""[""""shut"""",""""open"""",""""push"""",""""pull"""",""""put""""]""	""[""""shut"""",""""shot"""",""""shop"""",""""ship"""",""""short""""]""	""[{""""word"""":""""close"""",""""note"""":""""より一般的な語""""}]""	""[{""""word"""":""""open"""",""""note"""":""""反対の動作""""}]"""
200118	2	near here	この近くに	in a place close to this one	Is there a bank near here?	この近くに銀行はありますか。	adverb	2	2	""[""""この近くに"""",""""あの近くに"""",""""家の中に"""",""""学校の前に"""",""""駅の後ろに""""]""	""[""""near here"""",""""over there"""",""""inside"""",""""in front of the school"""",""""behind the station""""]""	""[""""near here"""",""""new year"""",""""ear"""",""""nearly"""",""""hear""""]""	""[{""""word"""":""""around here"""",""""note"""":""""このあたりで""""}]""	""[{""""word"""":""""far away"""",""""note"""":""""遠くに""""}]"""
200119	2	lock	鍵をかける	to close something with a key	Please lock the door.	ドアに鍵をかけてください。	verb	2	3	""[""""鍵をかける"""",""""閉める"""",""""開ける"""",""""たたく"""",""""運ぶ""""]""	""[""""lock"""",""""shut"""",""""open"""",""""knock"""",""""carry""""]""	""[""""lock"""",""""rock"""",""""look"""",""""luck"""",""""clock""""]""	[]	""[{""""word"""":""""unlock"""",""""note"""":""""鍵を開ける""""}]"""
200120	2	curtain	カーテン	a piece of cloth that covers a window	She opened the curtain in the morning.	彼女は朝にカーテンを開けました。	noun	2	3	""[""""カーテン"""",""""まど"""",""""ドア"""",""""テーブル"""",""""いす""""]""	""[""""curtain"""",""""window"""",""""door"""",""""table"""",""""chair""""]""	""[""""curtain"""",""""certain"""",""""carton"""",""""captain"""",""""garden""""]""	[]	[]"
200121	2	costume	衣装	special clothes for a play or party	He wore a pirate costume at the party.	彼はパーティーで海賊の衣装を着ました。	noun	3	2	""[""""衣装"""",""""制服"""",""""ぼうし"""",""""くつ"""",""""手袋""""]""	""[""""costume"""",""""uniform"""",""""hat"""",""""shoes"""",""""gloves""""]""	""[""""costume"""",""""custom"""",""""castle"""",""""coffee"""",""""cartoon""""]""	[]	[]"
200122	2	pajamas	パジャマ	clothes you wear in bed	I put on my pajamas before bed.	私は寝る前にパジャマを着ます。	noun	2	2	""[""""パジャマ"""",""""くつ"""",""""ぼうし"""",""""シャツ"""",""""コート""""]""	""[""""pajamas"""",""""shoes"""",""""hat"""",""""shirt"""",""""coat""""]""	""[""""pajamas"""",""""bananas"""",""""potatoes"""",""""piano"""",""""panda""""]""	""[{""""word"""":""""sleepwear"""",""""note"""":""""やや一般的な言い方""""}]""	[]"
200123	2	glove	手袋	a thing you wear on your hand	I need a glove for baseball.	私は野球に手袋が必要です。	noun	2	3	""[""""手袋"""",""""帽子"""",""""くつ"""",""""シャツ"""",""""くつ下""""]""	""[""""glove"""",""""cap"""",""""shoe"""",""""shirt"""",""""sock""""]""	""[""""glove"""",""""globe"""",""""glow"""",""""glad"""",""""grab""""]""	[]	[]"
200124	2	dress	ドレス	a piece of clothing for women or girls	She has a new dress.	彼女は新しいドレスを持っています。	noun	2	4	""[""""ドレス"""",""""シャツ"""",""""スカート"""",""""コート"""",""""ぼうし""""]""	""[""""dress"""",""""shirt"""",""""skirt"""",""""coat"""",""""cap""""]""	""[""""dress"""",""""drill"""",""""dream"""",""""drop"""",""""glass""""]""	[]	[]"
200125	2	smoke	煙	the gray or black gas from fire	Smoke came from the kitchen.	台所から煙が出ました。	noun	2	3	""[""""煙"""",""""雲"""",""""雨"""",""""雪"""",""""風""""]""	""[""""smoke"""",""""cloud"""",""""rain"""",""""snow"""",""""wind""""]""	""[""""smoke"""",""""snake"""",""""small"""",""""smile"""",""""snow""""]""	[]	[]"
200126	2	raincoat	レインコート	a coat you wear in the rain	I put on my raincoat before I went out.	私は出かける前にレインコートを着ました。	noun	2	2	""[""""レインコート"""",""""ぼうし"""",""""くつ"""",""""かさ"""",""""てぶくろ""""]""	""[""""raincoat"""",""""hat"""",""""shoes"""",""""umbrella"""",""""gloves""""]""	""[""""raincoat"""",""""railroad"""",""""rainy"""",""""great"""",""""coat""""]""	[]	[]"
200127	2	rainbow	にじ	a band of colors in the sky after rain	We saw a rainbow after the rain.	私たちは雨のあとににじを見ました。	noun	2	2	""[""""にじ"""",""""くも"""",""""たいよう"""",""""ほし"""",""""そら""""]""	""[""""rainbow"""",""""cloud"""",""""sun"""",""""star"""",""""sky""""]""	""[""""rainbow"""",""""rainy"""",""""window"""",""""yellow"""",""""table""""]""	[]	[]"
200128	2	come to	着く	to arrive at a place	We will come to the station at noon.	私たちは正午にその駅に着きます。	verb	2	2	""[""""着く"""",""""去る"""",""""訪れる"""",""""通る"""",""""戻る""""]""	""[""""come to"""",""""leave"""",""""visit"""",""""pass"""",""""return""""]""	""[""""come to"""",""""come by"""",""""come back"""",""""go to"""",""""came to""""]""	""[{""""word"""":""""arrive at"""",""""note"""":""""より直接的に「着く」""""}]""	""[{""""word"""":""""leave"""",""""note"""":""""その場を去る""""}]"""
200129	2	as ... as	〜と同じくらい	used to compare two things as equal	This bag is as heavy as that one.	このかばんはあれと同じくらい重い。	conjunction	2	3	""[""""〜と同じくらい"""",""""〜よりもっと"""",""""〜の前に"""",""""〜のあとで"""",""""〜のあいだに""""]""	""[""""as ... as"""",""""more than"""",""""before"""",""""after"""",""""between""""]""	""[""""as ... as"""",""""at last"""",""""across"""",""""always"""",""""answer""""]""	[]	[]"
200130	2	contest	コンテスト	a competition to find the best person or thing	She won the speech contest.	彼女はスピーチコンテストで優勝した。	noun	2	3	""[""""コンテスト"""",""""試合"""",""""会議"""",""""旅行"""",""""宿題""""]""	""[""""contest"""",""""game"""",""""meeting"""",""""trip"""",""""homework""""]""	""[""""contest"""",""""context"""",""""contact"""",""""concert"""",""""constant""""]""	""[{""""word"""":""""competition"""",""""note"""":""""より一般的な『競争・大会』""""}]""	[]"
200131	2	finish doing	〜し終える	to complete an action	I finish doing my homework at eight.	私は8時に宿題をし終えます。	verb	2	2	""[""""〜し終える"""",""""〜し始める"""",""""〜し続ける"""",""""〜するのをやめる"""",""""〜するのを忘れる""""]""	""[""""finish doing"""",""""start doing"""",""""keep doing"""",""""stop doing"""",""""forget to do""""]""	""[""""finish doing"""",""""fish is swimming"""",""""visit during"""",""""English reading"""",""""fishing boat""""]""	[]	[]"
200132	2	would	〜だろう	used to talk about what may happen or what someone wants	I would like some water.	私は水がほしいです。	auxiliary verb	2	4	""[""""〜だろう"""",""""〜できる"""",""""〜しなければならない"""",""""〜した"""",""""〜している""""]""	""[""""would"""",""""could"""",""""must"""",""""did"""",""""doing""""]""	""[""""would"""",""""wood"""",""""good"""",""""could"""",""""word""""]""	[]	[]"
200133	2	basket	かご	a container used to carry or hold things	She has a basket of apples.	彼女はりんごの入ったかごを持っています。	noun	2	3	""[""""かご"""",""""箱"""",""""袋"""",""""びん"""",""""皿""""]""	""[""""basket"""",""""box"""",""""bag"""",""""bottle"""",""""plate""""]""	""[""""basket"""",""""blanket"""",""""jacket"""",""""packet"""",""""bucket""""]""	[]	[]"
200134	2	bake	焼く	to cook food in an oven	We bake cookies on Sunday.	私たちは日曜日にクッキーを焼きます。	verb	2	3	""[""""焼く"""",""""煮る"""",""""切る"""",""""混ぜる"""",""""洗う""""]""	""[""""bake"""",""""boil"""",""""cut"""",""""mix"""",""""wash""""]""	""[""""bake"""",""""cake"""",""""make"""",""""lake"""",""""back""""]""	[]	[]"
200135	2	air conditioner	エアコン	a machine that makes a room cooler or warmer	The air conditioner is on.	エアコンがついています。	noun	2	3	""[""""エアコン"""",""""れいぞうこ"""",""""せんぷうき"""",""""でんき"""",""""まど""""]""	""[""""air conditioner"""",""""refrigerator"""",""""fan"""",""""light"""",""""window""""]""	""[""""air conditioner"""",""""hair"""",""""chair"""",""""care"""",""""pair""""]""	[]	[]"
200136	2	police station	警察署	a place where police officers work	Go to the police station now.	今すぐ警察署に行きなさい。	noun	2	2	""[""""警察署"""",""""消防署"""",""""駅"""",""""病院"""",""""図書館""""]""	""[""""police station"""",""""fire station"""",""""station"""",""""hospital"""",""""library""""]""	""[""""police station"""",""""train station"""",""""play station"""",""""post office"""",""""bus station""""]""	[]	[]"
200137	2	true	本当の	right and not false	This story is true.	この話は本当です。	adjective	2	3	""[""""本当の"""",""""うその"""",""""やさしい"""",""""はやい"""",""""つよい""""]""	""[""""true"""",""""false"""",""""kind"""",""""fast"""",""""strong""""]""	""[""""true"""",""""tree"""",""""try"""",""""blue"""",""""train""""]""	""[{""""word"""":""""right"""",""""note"""":""""「正しい」の意味で近い""""}]""	""[{""""word"""":""""false"""",""""note"""":""""本当ではない""""}]"""
200138	2	Italy	イタリア	a country in Europe	My uncle lives in Italy.	私のおじはイタリアに住んでいます。	noun	2	3	""[""""イタリア"""",""""インド"""",""""中国"""",""""フランス"""",""""カナダ""""]""	""[""""Italy"""",""""India"""",""""China"""",""""France"""",""""Canada""""]""	""[""""Italy"""",""""idea"""",""""item"""",""""Italian"""",""""icy""""]""	[]	[]"
200139	2	India	インド	a country in Asia	She wants to visit India someday.	彼女はいつかインドを訪れたいです。	noun	2	3	""[""""インド"""",""""イタリア"""",""""中国"""",""""日本"""",""""カナダ""""]""	""[""""India"""",""""Italy"""",""""China"""",""""Japan"""",""""Canada""""]""	""[""""India"""",""""inside"""",""""into"""",""""window"""",""""idea""""]""	[]	[]"
200140	2	koala	コアラ	an animal from Australia	The koala is sleeping in the tree.	そのコアラは木の上で眠っています。	noun	2	2	""[""""コアラ"""",""""パンダ"""",""""ライオン"""",""""ウサギ"""",""""サル""""]""	""[""""koala"""",""""panda"""",""""lion"""",""""rabbit"""",""""monkey""""]""	""[""""koala"""",""""cola"""",""""corner"""",""""color"""",""""cocoa""""]""	[]	[]"
200141	2	haircut	散髪	the style or act of cutting hair	I got a haircut yesterday.	私は昨日、散髪をしました。	noun	2	3	""[""""散髪"""",""""買い物"""",""""宿題"""",""""食事"""",""""運動""""]""	""[""""haircut"""",""""shopping"""",""""homework"""",""""dinner"""",""""exercise""""]""	""[""""haircut"""",""""airplane"""",""""helper"""",""""careful"""",""""helmet""""]""	[]	[]"
200142	2	yogurt	ヨーグルト	a soft food made from milk	I eat yogurt every morning.	私は毎朝ヨーグルトを食べます。	noun	2	3	""[""""ヨーグルト"""",""""チーズ"""",""""バター"""",""""パン"""",""""スープ""""]""	""[""""yogurt"""",""""cheese"""",""""butter"""",""""bread"""",""""soup""""]""	""[""""yogurt"""",""""yellow"""",""""young"""",""""yard"""",""""ticket""""]""	[]	[]"
200143	2	granddaughter	孫娘	the daughter of your son or daughter	My granddaughter is five years old.	私の孫娘は5歳です。	noun	3	2	""[""""孫娘"""",""""孫息子"""",""""娘"""",""""姉妹"""",""""おば""""]""	""[""""granddaughter"""",""""grandson"""",""""daughter"""",""""sister"""",""""aunt""""]""	""[""""granddaughter"""",""""grandfather"""",""""grandmother"""",""""grasshopper"""",""""gladness""""]""	[]	[]"
200144	2	Wednesday	水曜日	the day after Tuesday	We have music class on Wednesday.	私たちは水曜日に音楽の授業があります。	noun	2	3	""[""""水曜日"""",""""月曜日"""",""""火曜日"""",""""木曜日"""",""""金曜日""""]""	""[""""Wednesday"""",""""Monday"""",""""Tuesday"""",""""Thursday"""",""""Friday""""]""	""[""""Wednesday"""",""""Tuesday"""",""""holiday"""",""""window"""",""""weather""""]""	[]	[]"
200145	2	weekday	平日	a day from Monday to Friday	I go to school on every weekday.	私は毎週の平日に学校へ行きます。	noun	3	3	""[""""平日"""",""""週末"""",""""休日"""",""""朝"""",""""夜""""]""	""[""""weekday"""",""""weekend"""",""""holiday"""",""""morning"""",""""night""""]""	""[""""weekday"""",""""weekend"""",""""weather"""",""""waiting"""",""""window""""]""	[]	""[{""""word"""":""""weekend"""",""""note"""":""""土日などの休みの日""""}]"""
200146	2	pot	なべ	a deep round container for cooking	The soup is in the pot.	スープはなべの中にあります。	noun	2	3	""[""""なべ"""",""""皿"""",""""茶わん"""",""""コップ"""",""""びん""""]""	""[""""pot"""",""""plate"""",""""bowl"""",""""cup"""",""""bottle""""]""	""[""""pot"""",""""hot"""",""""top"""",""""pop"""",""""dot""""]""	[]	[]"
200147	2	leave for	へ向けて出発する	to go away to a place	They will leave for Osaka tomorrow morning.	彼らは明日の朝、大阪へ向けて出発します。	verb	2	2	""[""""へ向けて出発する"""",""""に到着する"""",""""を訪れる"""",""""を通り過ぎる"""",""""に戻る""""]""	""[""""leave for"""",""""arrive at"""",""""visit"""",""""pass"""",""""return""""]""	""[""""leave for"""",""""live for"""",""""leave home"""",""""lead for"""",""""look for""""]""	""[{""""word"""":""""go to"""",""""note"""":""""文脈によって近い意味""""}]""	""[{""""word"""":""""arrive at"""",""""note"""":""""目的地に着く""""}]"""
200148	2	camel	ラクダ	a large desert animal with humps	I saw a camel at the zoo.	私は動物園でラクダを見ました。	noun	2	2	""[""""ラクダ"""",""""ライオン"""",""""ゾウ"""",""""ウマ"""",""""サル""""]""	""[""""camel"""",""""lion"""",""""elephant"""",""""horse"""",""""monkey""""]""	""[""""camel"""",""""camera"""",""""candle"""",""""canal"""",""""camp""""]""	[]	[]"
200149	2	want to do	～したい	to wish to do something	I want to do my homework now.	私は今、宿題をしたいです。	verb	2	3	""[""""～したい"""",""""～しなければならない"""",""""～できる"""",""""～するつもりだ"""",""""～してはいけない""""]""	""[""""want to do"""",""""have to do"""",""""can do"""",""""be going to do"""",""""must not do""""]""	""[""""want to do"""",""""want to go"""",""""want to eat"""",""""want to play"""",""""want to read""""]""	[]	[]"
200150	2	telephone	電話	a machine used to talk to someone far away	I use the telephone at home.	私は家で電話を使います。	noun	2	3	""[""""電話"""",""""手紙"""",""""時計"""",""""机"""",""""かばん""""]""	""[""""telephone"""",""""letter"""",""""clock"""",""""desk"""",""""bag""""]""	""[""""telephone"""",""""television"""",""""elephant"""",""""tennis"""",""""yellow""""]""	""[{""""word"""":""""phone"""",""""note"""":""""ふつうは phone のほうがよく使う""""}]""	[]"
200151	2	oven	オーブン	a kitchen machine used for baking or cooking	Mom is using the oven now.	母は今オーブンを使っています。	noun	2	2	""[""""オーブン"""",""""冷蔵庫"""",""""電子レンジ"""",""""皿"""",""""なべ""""]""	""[""""oven"""",""""fridge"""",""""microwave"""",""""plate"""",""""pan""""]""	""[""""oven"""",""""open"""",""""often"""",""""over"""",""""owner""""]""	[]	[]"
200152	2	find	見つける	to see or get something after looking for it	I can find my book now.	私は今、自分の本を見つけられます。	verb	2	5	""[""""見つける"""",""""借りる"""",""""送る"""",""""洗う"""",""""教える""""]""	""[""""find"""",""""borrow"""",""""send"""",""""wash"""",""""teach""""]""	""[""""find"""",""""fine"""",""""kind"""",""""mind"""",""""fan""""]""	""[{""""word"""":""""discover"""",""""note"""":""""少しかたい語""""}]""	""[{""""word"""":""""lose"""",""""note"""":""""なくす""""}]"""
200153	2	talk about ...	〜について話す	to speak about something	We talk about music after school.	私たちは放課後に音楽について話します。	verb	2	3	""[""""〜について話す"""",""""〜を見る"""",""""〜を聞く"""",""""〜を書く"""",""""〜を作る""""]""	""[""""talk about ..."""",""""look at ..."""",""""listen to ..."""",""""write ..."""",""""make ...""""]""	""[""""talk about ..."""",""""walk around ..."""",""""think about ..."""",""""talk with ..."""",""""write about ...""""]""	""[{""""word"""":""""speak about ..."""",""""note"""":""""ややかたい言い方""""}]""	[]"
200154	2	hurry up	急ぐ	to do something quickly	Please hurry up.	急いでください。	verb	2	3	""[""""急ぐ"""",""""座る"""",""""待つ"""",""""運ぶ"""",""""開ける""""]""	""[""""hurry up"""",""""sit down"""",""""wait"""",""""carry"""",""""open""""]""	""[""""hurry up"""",""""carry on"""",""""handy up"""",""""head up"""",""""heavy""""]""	""[{""""word"""":""""be quick"""",""""note"""":""""「急いで」の近い表現""""}]""	""[{""""word"""":""""wait"""",""""note"""":""""待つ""""}]"""
200155	2	work hard	一生懸命勉強する	to study or do a job with much effort	I work hard every day.	私は毎日一生懸命勉強します。	verb	2	3	""[""""一生懸命勉強する"""",""""ゆっくり歩く"""",""""早く走る"""",""""静かに座る"""",""""家に帰る""""]""	""[""""work hard"""",""""walk slowly"""",""""run fast"""",""""sit quietly"""",""""go home""""]""	""[""""work hard"""",""""walk far"""",""""work late"""",""""word card"""",""""work fast""""]""	""[{""""word"""":""""study hard"""",""""note"""":""""勉強に特に使う""""}]""	[]"
200156	2	have no idea	わからない	to not know something	I have no idea about the answer.	私はその答えがわかりません。	phrase	2	3	""[""""わからない"""",""""覚えている"""",""""同意する"""",""""急ぐ"""",""""手伝う""""]""	""[""""have no idea"""",""""remember"""",""""agree"""",""""hurry"""",""""help""""]""	""[""""have no idea"""",""""have an idea"""",""""have to go"""",""""have a dog"""",""""have some time""""]""	[]	[]"
200157	2	be good at	〜が得意だ	to do something well	She is good at tennis.	彼女はテニスが得意です。	phrase	2	3	""[""""〜が得意だ"""",""""〜に興味がある"""",""""〜が必要だ"""",""""〜で忙しい"""",""""〜がこわい""""]""	""[""""be good at"""",""""be interested in"""",""""need"""",""""be busy with"""",""""be afraid of""""]""	""[""""be good at"""",""""be bad at"""",""""be glad at"""",""""be looking at"""",""""be quick at""""]""	[]	[]"
200158	2	dentist	歯医者	a doctor for teeth	My mother went to the dentist today.	母は今日、歯医者に行きました。	noun	2	3	""[""""歯医者"""",""""看護師"""",""""先生"""",""""運転手"""",""""店員""""]""	""[""""dentist"""",""""nurse"""",""""teacher"""",""""driver"""",""""clerk""""]""	""[""""dentist"""",""""tennis"""",""""artist"""",""""desk"""",""""ticket""""]""	[]	[]"
200159	2	go for a drive	ドライブに行く	to ride in a car for fun	We go for a drive on Sunday.	私たちは日曜日にドライブに行きます。	verb	2	2	""[""""ドライブに行く"""",""""散歩に行く"""",""""買い物に行く"""",""""走りに行く"""",""""泳ぎに行く""""]""	""[""""go for a drive"""",""""go for a walk"""",""""go shopping"""",""""go running"""",""""go swimming""""]""	""[""""go for a drive"""",""""go for a walk"""",""""go for a ride"""",""""go for a drink"""",""""go for a run""""]""	[]	[]"
200160	2	every day	毎日	on each day	I study English every day.	私は毎日英語を勉強します。	adverb	1	5	""[""""毎日"""",""""毎週"""",""""毎月"""",""""毎年"""",""""毎朝""""]""	""[""""every day"""",""""every week"""",""""every month"""",""""every year"""",""""every morning""""]""	""[""""every day"""",""""every way"""",""""every week"""",""""every time"""",""""every night""""]""	[]	[]"
200161	2	every weekend	毎週末	on each weekend	We play tennis every weekend.	私たちは毎週末テニスをします。	adverb	2	3	""[""""毎週末"""",""""毎日"""",""""毎週"""",""""毎月"""",""""毎年""""]""	""[""""every weekend"""",""""every day"""",""""every week"""",""""every month"""",""""every year""""]""	""[""""every weekend"""",""""every weekday"""",""""every week"""",""""every winter"""",""""every evening""""]""	[]	[]"
200162	2	every year	毎年	each year	We visit my grandparents every year.	私たちは毎年祖父母を訪ねます。	adverb	2	3	""[""""毎年"""",""""毎月"""",""""毎週"""",""""毎日"""",""""毎朝""""]""	""[""""every year"""",""""every month"""",""""every week"""",""""every day"""",""""every morning""""]""	""[""""every year"""",""""every ear"""",""""every near"""",""""every hear"""",""""every dear""""]""	[]	[]"
200163	2	ground	地面	the surface of the earth	The ball fell on the ground.	ボールは地面に落ちました。	noun	2	3	""[""""地面"""",""""天井"""",""""壁"""",""""床"""",""""屋根""""]""	""[""""ground"""",""""ceiling"""",""""wall"""",""""floor"""",""""roof""""]""	""[""""ground"""",""""grand"""",""""cloud"""",""""crown"""",""""round""""]""	""[{""""word"""":""""land"""",""""note"""":""""広い土地を表すことが多い""""}]""	[]"
200164	2	clear	はっきりした	easy to see or understand	Her answer was clear.	彼女の答えははっきりしていました。	adjective	2	3	""[""""はっきりした"""",""""暗い"""",""""静かな"""",""""狭い"""",""""弱い""""]""	""[""""clear"""",""""dark"""",""""quiet"""",""""narrow"""",""""weak""""]""	""[""""clear"""",""""clean"""",""""cheer"""",""""class"""",""""clerk""""]""	""[{""""word"""":""""plain"""",""""note"""":""""わかりやすいという意味で近い""""}]""	""[{""""word"""":""""unclear"""",""""note"""":""""はっきりしない""""}]"""
200165	2	have dinner	夕食を食べる	to eat the evening meal	We have dinner at seven.	私たちは7時に夕食を食べます。	verb	2	3	""[""""夕食を食べる"""",""""朝食を食べる"""",""""昼食を食べる"""",""""料理をする"""",""""皿を洗う""""]""	""[""""have dinner"""",""""have breakfast"""",""""have lunch"""",""""cook dinner"""",""""wash dishes""""]""	""[""""have dinner"""",""""have winner"""",""""half dinner"""",""""have singer"""",""""have winter""""]""	""[{""""word"""":""""eat dinner"""",""""note"""":""""同じ意味で使える""""}]""	[]"
200166	2	email	電子メール	a message sent by computer	I got your email this morning.	私は今朝あなたの電子メールを受け取りました。	noun	2	4	""[""""電子メール"""",""""手紙"""",""""はがき"""",""""電話"""",""""メッセージ""""]""	""[""""email"""",""""letter"""",""""postcard"""",""""phone"""",""""message""""]""	""[""""email"""",""""female"""",""""detail"""",""""easy"""",""""eagle""""]""	""[{""""word"""":""""mail"""",""""note"""":""""ふつうは email の意味でも使う""""}]""	[]"
200167	2	hole	穴	an empty space in something	There is a hole in my sock.	私のくつ下に穴があります。	noun	2	3	""[""""穴"""",""""線"""",""""点"""",""""角"""",""""面""""]""	""[""""hole"""",""""line"""",""""point"""",""""corner"""",""""side""""]""	""[""""hole"""",""""home"""",""""hope"""",""""hall"""",""""hold""""]""	[]	[]"
200168	2	You'll do better next time.	次はもっとうまくいくよ	a phrase to encourage someone after a mistake	You'll do better next time.	次はもっとうまくいくよ。	phrase	2	2	""[""""次はもっとうまくいくよ"""",""""今すぐ始めなさい"""",""""もう一度見せて"""",""""今日はとても暑い"""",""""私はそれを知りません""""]""	""[""""You'll do better next time."""",""""Please open the window."""",""""I have a new bag."""",""""Let's play after school."""",""""This book is very easy.""""]""	""[""""You'll do better next time."""",""""You'll be late next time."""",""""You can do it next time."""",""""We'll do better next time."""",""""You'll do better this time.""""]""	[]	[]"
200169	2	kill	殺す	to make a person or animal die	The lion can kill a deer.	そのライオンはシカを殺すことがある。	verb	2	3	""[""""殺す"""",""""助ける"""",""""追う"""",""""捕まえる"""",""""守る""""]""	""[""""kill"""",""""help"""",""""chase"""",""""catch"""",""""save""""]""	""[""""kill"""",""""hill"""",""""kick"""",""""kind"""",""""kept""""]""	[]	[]"
200170	2	like doing	〜するのが好き	to enjoy doing something	I like doing my homework in the library.	私は図書館で宿題をするのが好きです。	phrase	2	3	""[""""〜するのが好き"""",""""〜したい"""",""""〜しなければならない"""",""""〜し始める"""",""""〜するのをやめる""""]""	""[""""like doing"""",""""want to"""",""""have to"""",""""start to"""",""""stop doing""""]""	""[""""like doing"""",""""like reading"""",""""like cooking"""",""""like going"""",""""like playing""""]""	[]	[]"
200171	2	Have fun.	楽しんで。	used to tell someone to enjoy themselves	Have fun at the party.	パーティーを楽しんで。	phrase	2	4	""[""""楽しんで。"""",""""急いで。"""",""""気をつけて。"""",""""座って。"""",""""手伝って。""""]""	""[""""Have fun."""",""""Hurry up."""",""""Be careful."""",""""Sit down."""",""""Help me.""""]""	""[""""Have fun."""",""""Have lunch."""",""""Have time."""",""""Have cake."""",""""Have milk.""""]""	[]	[]"
200172	2	fun	楽しみ	pleasure and enjoyment	The game was fun.	そのゲームは楽しかった。	noun	2	4	""[""""楽しみ"""",""""宿題"""",""""仕事"""",""""練習"""",""""約束""""]""	""[""""fun"""",""""homework"""",""""work"""",""""practice"""",""""promise""""]""	""[""""fun"""",""""fan"""",""""fine"""",""""phone"""",""""full""""]""	[]	[]"
200173	2	get into	〜に入る	to go into a place or vehicle	We got into the car.	私たちは車に乗り込んだ。	phrasal verb	3	3	""[""""〜に入る"""",""""〜から出る"""",""""〜の上に置く"""",""""〜を見つける"""",""""〜を待つ""""]""	""[""""get into"""",""""get out of"""",""""put on"""",""""find"""",""""wait for""""]""	""[""""get into"""",""""get in"""",""""get on"""",""""go into"""",""""went into""""]""	[]	[]"
200174	2	go to bed	寝る	to get into bed to sleep	I go to bed at ten.	私は10時に寝ます。	verb	2	3	""[""""寝る"""",""""起きる"""",""""座る"""",""""歩く"""",""""食べる""""]""	""[""""go to bed"""",""""get up"""",""""sit down"""",""""walk"""",""""eat""""]""	""[""""go to bed"""",""""go to school"""",""""go to work"""",""""go by bus"""",""""go home""""]""	""[{""""word"""":""""sleep"""",""""note"""":""""より広い意味で「眠る」""""}]""	""[{""""word"""":""""get up"""",""""note"""":""""起きる""""}]"""
200175	2	come in	入る	to enter a room or building	Please come in.	どうぞお入りください。	verb	2	3	""[""""入る"""",""""出る"""",""""座る"""",""""待つ"""",""""開ける""""]""	""[""""come in"""",""""go out"""",""""sit"""",""""wait"""",""""open""""]""	""[""""come in"""",""""come on"""",""""coming"""",""""common"""",""""come back""""]""	""[{""""word"""":""""enter"""",""""note"""":""""少しかたい言い方""""}]""	""[{""""word"""":""""go out"""",""""note"""":""""外へ出る""""}]"""
200176	2	get there	そこに着く	to arrive at that place	You'll get there in ten minutes.	あなたは10分でそこに着きます。	verb	2	3	""[""""そこに着く"""",""""そこを出る"""",""""そこに住む"""",""""そこを見る"""",""""そこに座る""""]""	""[""""get there"""",""""leave there"""",""""live there"""",""""see there"""",""""sit there""""]""	""[""""get there"""",""""get here"""",""""get home"""",""""go there"""",""""went there""""]""	""[{""""word"""":""""arrive"""",""""note"""":""""「着く」の基本語""""}]""	""[{""""word"""":""""leave"""",""""note"""":""""その場を去る""""}]"""
200177	2	all over	いたるところに	in every part of a place	There were flowers all over the park.	公園のいたるところに花がありました。	adverb	2	3	""[""""いたるところに"""",""""まったく"""",""""すぐに"""",""""たぶん"""",""""ひとりで""""]""	""[""""all over"""",""""almost"""",""""right away"""",""""probably"""",""""alone""""]""	""[""""all over"""",""""almost"""",""""older"""",""""over"""",""""allow""""]""	""[{""""word"""":""""everywhere"""",""""note"""":""""ほぼ同じ意味""""}]""	[]"
200178	2	just	ちょうど	exactly or only a short time ago	I got home just before dinner.	私は夕食のちょうど前に家に着きました。	adverb	2	5	""[""""ちょうど"""",""""すぐに"""",""""たぶん"""",""""いつも"""",""""とても""""]""	""[""""just"""",""""soon"""",""""maybe"""",""""always"""",""""very""""]""	""[""""just"""",""""jump"""",""""job"""",""""June"""",""""juice""""]""	[]	[]"
200179	2	have a hard time	苦労する	to have difficulty doing something	I have a hard time getting up early.	私は早起きするのに苦労します。	verb	3	3	""[""""苦労する"""",""""楽しむ"""",""""決める"""",""""練習する"""",""""説明する""""]""	""[""""have a hard time"""",""""enjoy"""",""""decide"""",""""practice"""",""""explain""""]""	""[""""have a hard time"""",""""have a good time"""",""""have to study"""",""""have a cold"""",""""have lunch""""]""	""[{""""word"""":""""have trouble"""",""""note"""":""""ほぼ同じ意味で使う""""}]""	[]"
200180	2	It's wonderful!	すばらしいですね	used to say something is very good	Look at this picture. It's wonderful!	この絵を見て。すばらしいですね。	phrase	2	3	""[""""すばらしいですね"""",""""がんばってください"""",""""お元気で"""",""""気をつけて"""",""""どういたしまして""""]""	""[""""It's wonderful!"""",""""Good luck!"""",""""See you!"""",""""Take care."""",""""You're welcome.""""]""	""[""""It's wonderful!"""",""""It's beautiful!"""",""""It's colorful!"""",""""It's helpful!"""",""""It's powerful!""""]""	[]	[]"
200181	2	Best wishes.	お元気で	used to express kind hopes for someone	Thank you for your letter. Best wishes.	お手紙をありがとう。お元気で。	phrase	2	2	""[""""お元気で"""",""""すばらしいですね"""",""""がんばります"""",""""気をつけて"""",""""どうぞお入りください""""]""	""[""""Best wishes."""",""""It's wonderful!"""",""""I'll do my best."""",""""Take care."""",""""Come in, please.""""]""	""[""""Best wishes."""",""""Best fishes."""",""""Best teachers."""",""""Best pictures."""",""""Best windows.""""]""	[]	[]"
200182	2	I'll do my best.	がんばります	used to say you will try very hard	This test is hard, but I'll do my best.	このテストは難しいですが、がんばります。	phrase	2	3	""[""""がんばります"""",""""お元気で"""",""""すばらしいですね"""",""""気をつけて"""",""""どういたしまして""""]""	""[""""I'll do my best."""",""""Best wishes."""",""""It's wonderful!"""",""""Take care."""",""""You're welcome.""""]""	""[""""I'll do my best."""",""""I'll do my test."""",""""I'll do my rest."""",""""I'll do my task."""",""""I'll do my work.""""]""	[]	[]"
200183	2	excited	わくわくした	feeling very happy and interested	I was excited about the trip.	私はその旅行にわくわくしていました。	adjective	2	3	""[""""わくわくした"""",""""かなしい"""",""""つかれた"""",""""おこった"""",""""びっくりした""""]""	""[""""excited"""",""""sad"""",""""tired"""",""""angry"""",""""surprised""""]""	""[""""excited"""",""""accepted"""",""""expected"""",""""invited"""",""""decided""""]""	""[{""""word"""":""""happy"""",""""note"""":""""より広い意味の「うれしい」""""}]""	""[{""""word"""":""""bored"""",""""note"""":""""退屈している""""}]"""
200184	2	fun	楽しい	giving happiness and enjoyment	The game was fun.	そのゲームは楽しかったです。	adjective	1	4	""[""""楽しい"""",""""むずかしい"""",""""やさしい"""",""""おもしろくない"""",""""たいへんな""""]""	""[""""fun"""",""""hard"""",""""easy"""",""""boring"""",""""busy""""]""	""[""""fun"""",""""fan"""",""""fine"""",""""full"""",""""sun""""]""	""[{""""word"""":""""enjoyable"""",""""note"""":""""少しかための言い方""""}]""	""[{""""word"""":""""boring"""",""""note"""":""""たいくつな""""}]"""
200185	2	say goodbye to	にさよならを言う	to tell someone goodbye	We said goodbye to our teacher.	私たちは先生にさよならを言いました。	verb	2	2	""[""""にさよならを言う"""",""""に会う"""",""""に話しかける"""",""""を待つ"""",""""を手伝う""""]""	""[""""say goodbye to"""",""""meet"""",""""speak to"""",""""wait for"""",""""help""""]""	""[""""say goodbye to"""",""""say hello to"""",""""stay close to"""",""""go back to"""",""""talk about""""]""	[]	[]"
200186	2	Thanks for calling.	お電話ありがとうございます	a polite phrase used on the phone	Thanks for calling.	お電話ありがとうございます。	phrase	2	3	""[""""お電話ありがとうございます"""",""""お待ちください"""",""""少々失礼します"""",""""また後で電話します"""",""""どちら様ですか""""]""	""[""""Thanks for calling."""",""""Please hold on."""",""""I'll call back later."""",""""Who is this?"""",""""Just a moment.""""]""	""[""""Thanks for calling."""",""""Thanks for coming."""",""""Thanks for waiting."""",""""Time for calling."""",""""Thanks for talking.""""]""	[]	[]"
200187	2	It looks good.	よさそうです	a phrase meaning something seems nice	It looks good.	よさそうです。	phrase	2	3	""[""""よさそうです"""",""""高そうです"""",""""難しそうです"""",""""新しそうです"""",""""おもしろそうです""""]""	""[""""It looks good."""",""""It looks expensive."""",""""It looks difficult."""",""""It looks new."""",""""It looks interesting.""""]""	""[""""It looks good."""",""""It looks great."""",""""It sounds good."""",""""It feels good."""",""""It looks bad.""""]""	[]	[]"
200188	2	I'm glad to meet you.	お会いできてうれしいです	a polite phrase used when meeting someone	I'm glad to meet you.	お会いできてうれしいです。	phrase	2	2	""[""""お会いできてうれしいです"""",""""お手伝いできてうれしいです"""",""""また会えてうれしいです"""",""""お話しできてうれしいです"""",""""あなたに会いに来ました""""]""	""[""""I'm glad to meet you."""",""""I'm happy to help you."""",""""I'm glad to see you again."""",""""I'm happy to talk with you."""",""""I came to see you.""""]""	""[""""I'm glad to meet you."""",""""I'm glad to see you."""",""""I'm happy to meet you."""",""""I'm glad to help you."""",""""I'm ready to meet you.""""]""	[]	[]"
200189	2	I'm sad.	私は悲しいです	used to say you feel unhappy	I'm sad.	私は悲しいです。	phrase	1	4	""[""""私は悲しいです"""",""""私はうれしいです"""",""""私は疲れています"""",""""私は忙しいです"""",""""私は元気です""""]""	""[""""I'm sad."""",""""I'm happy."""",""""I'm tired."""",""""I'm busy."""",""""I'm fine.""""]""	""[""""I'm sad."""",""""I'm glad."""",""""I'm bad."""",""""I'm mad."""",""""I'm fast.""""]""	[]	""[{""""word"""":""""I'm happy."""",""""note"""":""""反対の気持ち""""}]"""
200190	2	I'm surprised.	私は驚いています	used to say something makes you feel surprise	I'm surprised.	私は驚いています。	phrase	2	3	""[""""私は驚いています"""",""""私は怒っています"""",""""私は眠いです"""",""""私は悲しいです"""",""""私は心配しています""""]""	""[""""I'm surprised."""",""""I'm angry."""",""""I'm sleepy."""",""""I'm sad."""",""""I'm worried.""""]""	""[""""I'm surprised."""",""""I'm sleepy."""",""""I'm sorry."""",""""I'm excited."""",""""I'm afraid.""""]""	[]	[]"
200191	2	That's too bad.	それは残念です	used to say something is unfortunate	That's too bad.	それは残念です。	phrase	2	3	""[""""それは残念です"""",""""それはすばらしいです"""",""""それは簡単です"""",""""それは本当です"""",""""それは大丈夫です""""]""	""[""""That's too bad."""",""""That's great."""",""""That's easy."""",""""That's true."""",""""That's OK.""""]""	""[""""That's too bad."""",""""That's too big."""",""""That's too hard."""",""""That's so sad."""",""""That is too late.""""]""	""[{""""word"""":""""That's a shame."""",""""note"""":""""ほぼ同じ意味の表現""""}]""	[]"
200192	2	there's	〜がある	used to say that something exists	There's a book on the desk.	机の上に本があります。	contraction	2	5	""[""""〜がある"""",""""〜がほしい"""",""""〜が見える"""",""""〜が必要だ"""",""""〜がわかる""""]""	""[""""there's"""",""""here's"""",""""that's"""",""""it's"""",""""where's""""]""	""[""""there's"""",""""theirs"""",""""these"""",""""those"""",""""three""""]""	[]	[]"
200193	2	OK	だいじょうぶ	all right; fine	I'm OK now.	私はもうだいじょうぶです。	adjective	1	5	""[""""だいじょうぶ"""",""""うれしい"""",""""かなしい"""",""""いそがしい"""",""""ゆうめいな""""]""	""[""""OK"""",""""fine"""",""""busy"""",""""happy"""",""""ready""""]""	""[""""OK"""",""""away"""",""""open"""",""""only"""",""""today""""]""	""[{""""word"""":""""fine"""",""""note"""":""""「元気だ・問題ない」で近い""""}]""	[]"
200194	2	sure	もちろん	used to say yes with confidence	Sure, I can help you.	もちろん、あなたを手伝えます。	adverb	2	4	""[""""もちろん"""",""""たぶん"""",""""けっして〜ない"""",""""すぐに"""",""""いっしょに""""]""	""[""""sure"""",""""maybe"""",""""never"""",""""soon"""",""""together""""]""	""[""""sure"""",""""shore"""",""""shop"""",""""short"""",""""show""""]""	""[{""""word"""":""""certainly"""",""""note"""":""""ややていねいな言い方""""}]""	[]"
200195	2	in front of	～の前に	before something or someone	The car is in front of the house.	その車は家の前にあります。	preposition	2	3	""[""""～の前に"""",""""～の後ろに"""",""""～の中に"""",""""～の下に"""",""""～の近くに""""]""	""[""""in front of"""",""""behind"""",""""in"""",""""under"""",""""near""""]""	""[""""in front of"""",""""in back of"""",""""in place of"""",""""in spite of"""",""""in charge of""""]""	""[{""""word"""":""""before"""",""""note"""":""""位置ではなく順序や時間でも使う""""}]""	""[{""""word"""":""""behind"""",""""note"""":""""～の後ろに""""}]"""
200196	2	host family	ホストファミリー	a family you stay with in another country	I stayed with a host family in Canada.	私はカナダでホストファミリーの家に滞在しました。	noun	3	2	""[""""ホストファミリー"""",""""家族"""",""""親せき"""",""""先生"""",""""友だち""""]""	""[""""host family"""",""""family"""",""""relative"""",""""teacher"""",""""friend""""]""	""[""""host family"""",""""most family"""",""""hot family"""",""""home family"""",""""guest family""""]""	[]	[]"
200197	2	burger	バーガー	a sandwich with meat or other food inside	I ate a burger for lunch.	私は昼食にバーガーを食べました。	noun	2	3	""[""""バーガー"""",""""ピザ"""",""""サンドイッチ"""",""""サラダ"""",""""スープ""""]""	""[""""burger"""",""""pizza"""",""""sandwich"""",""""salad"""",""""soup""""]""	""[""""burger"""",""""bigger"""",""""baker"""",""""border"""",""""burner""""]""	""[{""""word"""":""""hamburger"""",""""note"""":""""より完全な言い方""""}]""	[]"
200198	2	quick	速い	fast in moving or doing something	She gave me a quick answer.	彼女は私にすばやい答えをくれました。	adjective	2	3	""[""""速い"""",""""遅い"""",""""高い"""",""""強い"""",""""重い""""]""	""[""""quick"""",""""slow"""",""""high"""",""""strong"""",""""heavy""""]""	""[""""quick"""",""""quiet"""",""""queen"""",""""kick"""",""""click""""]""	""[{""""word"""":""""fast"""",""""note"""":""""より一般的な語""""}]""	""[{""""word"""":""""slow"""",""""note"""":""""速くない""""}]"""
200199	2	worry	心配する	to think that something bad may happen	Don't worry about the test.	そのテストを心配しないで。	verb	2	3	""[""""心配する"""",""""待つ"""",""""忘れる"""",""""信じる"""",""""助ける""""]""	""[""""worry"""",""""wait"""",""""forget"""",""""believe"""",""""help""""]""	""[""""worry"""",""""sorry"""",""""hurry"""",""""word"""",""""warm""""]""	[]	""[{""""word"""":""""relax"""",""""note"""":""""気にしないで落ち着く""""}]"""
200200	2	worry about ...	…を心配する	to feel nervous or afraid about something	Don't worry about the test.	そのテストを心配しないで。	verb	2	3	""[""""…を心配する"""",""""…を楽しむ"""",""""…を始める"""",""""…を選ぶ"""",""""…を訪ねる""""]""	""[""""worry about ..."""",""""enjoy ..."""",""""start ..."""",""""choose ..."""",""""visit ...""""]""	""[""""worry about ..."""",""""hurry about ..."""",""""sorry about ..."""",""""carry a bag"""",""""walk around""""]""	""[{""""word"""":""""be anxious about ..."""",""""note"""":""""ややかたい言い方""""}]""	""[{""""word"""":""""feel calm about ..."""",""""note"""":""""心配しない""""}]"""
200201	2	miss	逃す	to fail to catch, see, or hear something	I missed the bus this morning.	私は今朝バスに乗り遅れました。	verb	2	3	""[""""逃す"""",""""見つける"""",""""受け取る"""",""""運ぶ"""",""""選ぶ""""]""	""[""""miss"""",""""find"""",""""carry"""",""""choose"""",""""receive""""]""	""[""""miss"""",""""mess"""",""""milk"""",""""mask"""",""""map""""]""	[]	[]"
200202	2	touch	触れる	to put your hand on something	Do not touch the glass.	そのガラスに触れないでください。	verb	2	3	""[""""触れる"""",""""押す"""",""""引く"""",""""持ち上げる"""",""""投げる""""]""	""[""""touch"""",""""push"""",""""pull"""",""""lift"""",""""throw""""]""	""[""""touch"""",""""teach"""",""""tough"""",""""much"""",""""lunch""""]""	[]	[]"
200203	2	sleepy	眠い	feeling that you want to sleep	I feel sleepy after lunch.	私は昼食のあと眠いです。	adjective	2	3	""[""""眠い"""",""""元気な"""",""""忙しい"""",""""静かな"""",""""空腹の""""]""	""[""""sleepy"""",""""busy"""",""""quiet"""",""""hungry"""",""""cheerful""""]""	""[""""sleepy"""",""""slippery"""",""""sleep"""",""""sneaky"""",""""sweepy""""]""	""[{""""word"""":""""tired"""",""""note"""":""""tired は「疲れた」、sleepy は「眠い」""""}]""	""[{""""word"""":""""awake"""",""""note"""":""""眠っていない状態""""}]"""
200204	2	waitress	ウェイトレス	a woman who serves food in a restaurant	The waitress brought us water.	そのウェイトレスは私たちに水を持ってきました。	noun	2	2	""[""""ウェイトレス"""",""""看護師"""",""""店員"""",""""料理人"""",""""運転手""""]""	""[""""waitress"""",""""nurse"""",""""clerk"""",""""cook"""",""""driver""""]""	""[""""waitress"""",""""wet"""",""""winter"""",""""window"""",""""writer""""]""	""[{""""word"""":""""server"""",""""note"""":""""gender-neutral word""""}]""	[]"
200205	2	half	半分	one of two equal parts	I ate half of the cake.	私はそのケーキの半分を食べました。	noun	2	3	""[""""半分"""",""""全部"""",""""一部"""",""""一組"""",""""一番""""]""	""[""""half"""",""""all"""",""""part"""",""""pair"""",""""first""""]""	""[""""half"""",""""hand"""",""""heart"""",""""hat"""",""""hot""""]""	[]	""[{""""word"""":""""whole"""",""""note"""":""""全部で1つの形""""}]"""
200206	2	movie	映画	a story you watch on a screen	We watched a movie last night.	私たちは昨夜映画を見ました。	noun	2	4	""[""""映画"""",""""音楽"""",""""写真"""",""""試合"""",""""物語""""]""	""[""""movie"""",""""music"""",""""photo"""",""""game"""",""""story""""]""	""[""""movie"""",""""moving"""",""""music"""",""""money"""",""""morning""""]""	""[{""""word"""":""""film"""",""""note"""":""""movie とほぼ同じ意味""""}]""	[]"
200207	2	end	終わり	the last part of something	This is the end of the movie.	これがその映画の終わりです。	noun	2	3	""[""""終わり"""",""""始まり"""",""""途中"""",""""答え"""",""""名前""""]""	""[""""end"""",""""start"""",""""middle"""",""""answer"""",""""name""""]""	""[""""end"""",""""and"""",""""hand"""",""""send"""",""""tent""""]""	""[{""""word"""":""""finish"""",""""note"""":""""「終わり」の意味で使うことがある""""}]""	""[{""""word"""":""""beginning"""",""""note"""":""""始まり""""}]"""
200208	2	at last	ついに	finally; after a long time	He came home at last.	彼はついに家に帰ってきました。	adverb	3	2	""[""""ついに"""",""""すぐに"""",""""いつも"""",""""たぶん"""",""""もう""""]""	""[""""at last"""",""""soon"""",""""always"""",""""maybe"""",""""already""""]""	""[""""at last"""",""""at least"""",""""as fast"""",""""last"""",""""first""""]""	""[{""""word"""":""""finally"""",""""note"""":""""ほぼ同じ意味""""}]""	[]"
200209	2	shoot	撃つ	to fire a gun or kick a ball hard	The boy can shoot the ball well.	その少年はボールを上手にシュートできます。	verb	3	2	""[""""撃つ"""",""""投げる"""",""""取る"""",""""運ぶ"""",""""押す""""]""	""[""""shoot"""",""""throw"""",""""take"""",""""carry"""",""""push""""]""	""[""""shoot"""",""""short"""",""""sheet"""",""""shut"""",""""shop""""]""	[]	[]"
200210	2	fire station	消防署	a building where firefighters work	The fire station is near my school.	消防署は私の学校の近くにあります。	noun	2	3	""[""""消防署"""",""""警察署"""",""""郵便局"""",""""図書館"""",""""駅""""]""	""[""""fire station"""",""""police station"""",""""post office"""",""""library"""",""""station""""]""	""[""""fire station"""",""""train station"""",""""gas station"""",""""vacation"""",""""fashion""""]""	[]	[]"
200211	2	on the first day	初日に	at the beginning day of something	We met on the first day of school.	私たちは学校の初日に会いました。	phrase	3	2	""[""""初日に"""",""""最終日に"""",""""次の日に"""",""""毎日"""",""""朝に""""]""	""[""""on the first day"""",""""on the last day"""",""""the next day"""",""""every day"""",""""in the morning""""]""	""[""""on the first day"""",""""on the third day"""",""""on Thursday"""",""""on the birthday"""",""""on the school day""""]""	[]	[]"
200212	2	aquarium	水族館	a place where people can see fish and sea animals	We went to the aquarium on Sunday.	私たちは日曜日に水族館へ行きました。	noun	2	3	""[""""水族館"""",""""動物園"""",""""博物館"""",""""公園"""",""""図書館""""]""	""[""""aquarium"""",""""zoo"""",""""museum"""",""""park"""",""""library""""]""	""[""""aquarium"""",""""museum"""",""""stadium"""",""""accordion"""",""""area""""]""	[]	[]"
200213	2	taste	味	the flavor of food or drink	This soup has a nice taste.	このスープはよい味がします。	noun	2	3	""[""""味"""",""""におい"""",""""色"""",""""形"""",""""音""""]""	""[""""taste"""",""""smell"""",""""color"""",""""shape"""",""""sound""""]""	""[""""taste"""",""""test"""",""""table"""",""""take"""",""""toast""""]""	""[{""""word"""":""""flavor"""",""""note"""":""""foodの味でよく使う""""}]""	[]"
200214	2	tulip	チューリップ	a flower with a cup-shaped bloom	A red tulip is in the garden.	赤いチューリップが庭にあります。	noun	2	2	""[""""チューリップ"""",""""バラ"""",""""ユリ"""",""""ひまわり"""",""""すみれ""""]""	""[""""tulip"""",""""rose"""",""""lily"""",""""sunflower"""",""""violet""""]""	""[""""tulip"""",""""two lips"""",""""turtle"""",""""music"""",""""student""""]""	[]	[]"
200215	2	blossom	花	a flower on a tree or plant	The cherry trees have pink blossom in spring.	その桜の木は春にピンクの花をつけます。	noun	2	2	""[""""花"""",""""葉"""",""""実"""",""""種"""",""""枝""""]""	""[""""blossom"""",""""leaf"""",""""fruit"""",""""seed"""",""""branch""""]""	""[""""blossom"""",""""bottom"""",""""bosom"""",""""lesson"""",""""custom""""]""	""[{""""word"""":""""flower"""",""""note"""":""""より一般的な語""""}]""	[]"
200216	2	next	次の	coming after this one	The next bus is at ten.	次のバスは10時です。	adjective	1	4	""[""""次の"""",""""前の"""",""""最後の"""",""""新しい"""",""""古い""""]""	""[""""next"""",""""last"""",""""new"""",""""old"""",""""first""""]""	""[""""next"""",""""nest"""",""""net"""",""""neck"""",""""need""""]""	""[{""""word"""":""""following"""",""""note"""":""""やや書き言葉的""""}]""	""[{""""word"""":""""last"""",""""note"""":""""前の、または最後の文脈で使う""""}]"""
200217	2	sandwich	サンドイッチ	bread with meat, cheese, or other food inside	I ate a sandwich for lunch.	私は昼食にサンドイッチを食べました。	noun	1	3	""[""""サンドイッチ"""",""""ハンバーガー"""",""""おにぎり"""",""""スープ"""",""""サラダ""""]""	""[""""sandwich"""",""""hamburger"""",""""salad"""",""""soup"""",""""pizza""""]""	""[""""sandwich"""",""""language"""",""""bandage"""",""""singer"""",""""candle""""]""	[]	[]"
200218	2	egg	卵	an oval food from a chicken or other bird	I eat an egg every morning.	私は毎朝卵を1つ食べます。	noun	1	5	""[""""卵"""",""""牛乳"""",""""パン"""",""""ごはん"""",""""肉""""]""	""[""""egg"""",""""milk"""",""""bread"""",""""rice"""",""""meat""""]""	""[""""egg"""",""""leg"""",""""bed"""",""""end"""",""""bag""""]""	[]	[]"
200219	2	pasta	パスタ	food made from flour, like spaghetti	We had pasta for dinner.	私たちは夕食にパスタを食べました。	noun	2	3	""[""""パスタ"""",""""スープ"""",""""サラダ"""",""""パン"""",""""ごはん""""]""	""[""""pasta"""",""""soup"""",""""salad"""",""""bread"""",""""rice""""]""	""[""""pasta"""",""""faster"""",""""past"""",""""master"""",""""basket""""]""	[]	[]"
200220	2	stew	シチュー	a dish of meat or vegetables cooked slowly	My mother made beef stew.	母はビーフシチューを作りました。	noun	3	2	""[""""シチュー"""",""""カレー"""",""""スープ"""",""""サラダ"""",""""サンドイッチ""""]""	""[""""stew"""",""""curry"""",""""soup"""",""""salad"""",""""sandwich""""]""	""[""""stew"""",""""student"""",""""stone"""",""""star"""",""""store""""]""	[]	[]"
200221	2	police	警察	the people who keep a town safe	The police came quickly.	警察はすぐに来ました。	noun	2	4	""[""""警察"""",""""消防士"""",""""医者"""",""""先生"""",""""運転手""""]""	""[""""police"""",""""firefighter"""",""""doctor"""",""""teacher"""",""""driver""""]""	""[""""police"""",""""please"""",""""place"""",""""piece"""",""""pilot""""]""	[]	[]"
200222	2	become friends	友だちになる	to start being friends with someone	We became friends at school.	私たちは学校で友だちになりました。	verb	2	3	""[""""友だちになる"""",""""けんかする"""",""""あいさつする"""",""""手伝う"""",""""電話する""""]""	""[""""become friends"""",""""fight"""",""""greet"""",""""help"""",""""call""""]""	""[""""become friends"""",""""become free"""",""""come friends"""",""""become fresh"""",""""become first""""]""	[]	[]"
200223	2	front	前	the part that is before or ahead	Please stand in front of the door.	ドアの前に立ってください。	noun	2	4	""[""""前"""",""""後ろ"""",""""中"""",""""横"""",""""下""""]""	""[""""front"""",""""back"""",""""inside"""",""""side"""",""""under""""]""	""[""""front"""",""""frog"""",""""from"""",""""floor"""",""""fruit""""]""	[]	""[{""""word"""":""""back"""",""""note"""":""""反対の位置""""}]"""
200224	2	hello	こんにちは	a word used when you meet or call someone	I said hello to my teacher.	私は先生にこんにちはと言いました。	interjection	1	5	""[""""こんにちは"""",""""さようなら"""",""""ありがとう"""",""""ごめんなさい"""",""""おはよう""""]""	""[""""hello"""",""""goodbye"""",""""thanks"""",""""sorry"""",""""morning""""]""	""[""""hello"""",""""yellow"""",""""hollow"""",""""hero"""",""""below""""]""	""[{""""word"""":""""hi"""",""""note"""":""""よりくだけた言い方""""}]""	[]"
200225	2	out of	〜から外へ	from inside to outside	She ran out of the room.	彼女は部屋から外へ走って出ました。	preposition	2	4	""[""""〜から外へ"""",""""〜の中に"""",""""〜の上に"""",""""〜の下に"""",""""〜の近くに""""]""	""[""""out of"""",""""in"""",""""on"""",""""under"""",""""near""""]""	""[""""out of"""",""""outside"""",""""about"""",""""off"""",""""over""""]""	[]	[]"
200226	2	all day	一日中	from morning to night	I studied English all day.	私は一日中英語を勉強しました。	adverb	2	3	""[""""一日中"""",""""一週間中"""",""""毎朝"""",""""今夜"""",""""すぐに""""]""	""[""""all day"""",""""all week"""",""""every morning"""",""""tonight"""",""""soon""""]""	""[""""all day"""",""""always"""",""""already"""",""""holiday"""",""""today""""]""	[]	[]"
200227	2	American	アメリカ人	a person from America	My teacher is American.	私の先生はアメリカ人です。	noun	2	3	""[""""アメリカ人"""",""""日本人"""",""""中国人"""",""""カナダ人"""",""""イギリス人""""]""	""[""""American"""",""""Japanese"""",""""Chinese"""",""""Canadian"""",""""British""""]""	""[""""American"""",""""African"""",""""Mexican"""",""""Canadian"""",""""Italian""""]""	[]	[]"
200228	2	ice	氷	frozen water	There is ice in my drink.	私の飲み物に氷が入っています。	noun	1	4	""[""""氷"""",""""水"""",""""雪"""",""""雨"""",""""湯""""]""	""[""""ice"""",""""water"""",""""snow"""",""""rain"""",""""juice""""]""	""[""""ice"""",""""eyes"""",""""rice"""",""""nice"""",""""idea""""]""	[]	[]"
200229	2	cherry	さくらんぼ	a small red fruit	I ate a cherry after lunch.	私は昼食のあとにさくらんぼを食べました。	noun	2	2	""[""""さくらんぼ"""",""""ぶどう"""",""""もも"""",""""いちご"""",""""りんご""""]""	""[""""cherry"""",""""grape"""",""""peach"""",""""strawberry"""",""""apple""""]""	""[""""cherry"""",""""cheery"""",""""Jerry"""",""""carry"""",""""very""""]""	[]	[]"
200230	2	grape	ぶどう	a small sweet fruit	These grapes are very sweet.	このぶどうはとても甘いです。	noun	2	2	""[""""ぶどう"""",""""もも"""",""""なし"""",""""りんご"""",""""みかん""""]""	""[""""grape"""",""""peach"""",""""pear"""",""""apple"""",""""orange""""]""	""[""""grape"""",""""great"""",""""grass"""",""""globe"""",""""grade""""]""	[]	[]"
200231	2	orange	オレンジ	a round fruit with orange skin	I eat an orange after lunch.	私は昼食のあとにオレンジを食べます。	noun	1	4	""[""""オレンジ"""",""""りんご"""",""""ぶどう"""",""""もも"""",""""バナナ""""]""	""[""""orange"""",""""apple"""",""""grape"""",""""peach"""",""""banana""""]""	""[""""orange"""",""""arrange"""",""""orchid"""",""""bridge"""",""""village""""]""	[]	[]"
200232	2	peach	もも	a soft sweet fruit with a large seed	This peach is very sweet.	このももはとても甘いです。	noun	1	3	""[""""もも"""",""""りんご"""",""""オレンジ"""",""""ぶどう"""",""""レモン""""]""	""[""""peach"""",""""apple"""",""""orange"""",""""grape"""",""""lemon""""]""	""[""""peach"""",""""beach"""",""""teach"""",""""pitch"""",""""piece""""]""	[]	[]"
200233	2	jam	ジャム	a sweet food made from fruit and sugar	I put jam on my bread.	私はパンにジャムをぬります。	noun	1	3	""[""""ジャム"""",""""バター"""",""""はちみつ"""",""""チーズ"""",""""スープ""""]""	""[""""jam"""",""""butter"""",""""honey"""",""""cheese"""",""""soup""""]""	""[""""jam"""",""""ham"""",""""cap"""",""""man"""",""""map""""]""	[]	[]"
200234	2	strawberry	いちご	a small sweet red fruit	I like strawberry cake.	私はいちごのケーキが好きです。	noun	2	3	""[""""いちご"""",""""りんご"""",""""ぶどう"""",""""もも"""",""""みかん""""]""	""[""""strawberry"""",""""apple"""",""""grape"""",""""peach"""",""""orange""""]""	""[""""strawberry"""",""""blueberry"""",""""library"""",""""story"""",""""street""""]""	[]	[]"
200235	2	interesting	おもしろい	making you want to know more	This book is interesting.	この本はおもしろいです。	adjective	3	4	""[""""おもしろい"""",""""やさしい"""",""""むずかしい"""",""""たいくつな"""",""""うれしい""""]""	""[""""interesting"""",""""easy"""",""""difficult"""",""""boring"""",""""happy""""]""	""[""""interesting"""",""""interested"""",""""important"""",""""exciting"""",""""different""""]""	""[{""""word"""":""""fun"""",""""note"""":""""くだけた言い方""""},{""""word"""":""""exciting"""",""""note"""":""""もっとわくわくする感じ""""}]""	""[{""""word"""":""""boring"""",""""note"""":""""退屈な""""}]"""
200236	2	shall	〜しましょうか	used to make a suggestion	Shall we play tennis?	テニスをしましょうか。	verb	3	3	""[""""〜しましょうか"""",""""〜できます"""",""""〜しなければならない"""",""""〜するつもりだ"""",""""〜している""""]""	""[""""shall"""",""""can"""",""""must"""",""""will"""",""""am""""]""	""[""""shall"""",""""shell"""",""""shy"""",""""show"""",""""short""""]""	[]	[]"
200237	2	sport	スポーツ	a game or activity people play for fun	My favorite sport is soccer.	私の好きなスポーツはサッカーです。	noun	2	4	""[""""スポーツ"""",""""音楽"""",""""科目"""",""""食べ物"""",""""映画""""]""	""[""""sport"""",""""music"""",""""subject"""",""""food"""",""""movie""""]""	""[""""sport"""",""""short"""",""""spot"""",""""spoon"""",""""store""""]""	""[{""""word"""":""""game"""",""""note"""":""""広い意味で使える基本語""""}]""	[]"
200238	2	air	空気	the mixture of gases around us	Open the window and let in some air.	窓を開けて空気を入れてください。	noun	2	4	""[""""空気"""",""""水"""",""""光"""",""""土"""",""""火""""]""	""[""""air"""",""""water"""",""""light"""",""""soil"""",""""fire""""]""	""[""""air"""",""""ear"""",""""care"""",""""fair"""",""""arm""""]""	[]	[]"
200239	2	grow	育つ	to become bigger or older	These flowers grow fast in spring.	この花は春に早く育ちます。	verb	3	4	""[""""育つ"""",""""歩く"""",""""泳ぐ"""",""""作る"""",""""教える""""]""	""[""""grow"""",""""walk"""",""""swim"""",""""make"""",""""teach""""]""	""[""""grow"""",""""glow"""",""""crow"""",""""gray"""",""""green""""]""	[]	""[{""""word"""":""""shrink"""",""""note"""":""""小さくなる""""}]"""
200240	2	present	贈り物	something you give to someone	This present is for my sister.	この贈り物は私の姉（妹）のためのものです。	noun	2	3	""[""""贈り物"""",""""手紙"""",""""写真"""",""""宿題"""",""""時計""""]""	""[""""present"""",""""letter"""",""""picture"""",""""homework"""",""""clock""""]""	""[""""present"""",""""pleasant"""",""""parent"""",""""planet"""",""""peasant""""]""	""[{""""word"""":""""gift"""",""""note"""":""""present とほぼ同じ意味""""}]""	[]"
200241	2	tell about	～について話す	to give information about something	Please tell me about your school.	あなたの学校について私に話してください。	verb	2	2	""[""""～について話す"""",""""～を探す"""",""""～を選ぶ"""",""""～を訪れる"""",""""～を集める""""]""	""[""""tell about"""",""""look for"""",""""choose"""",""""visit"""",""""collect""""]""	""[""""tell about"""",""""talk about"""",""""think about"""",""""write about"""",""""learn about""""]""	""[{""""word"""":""""talk about"""",""""note"""":""""より会話的な表現""""}]""	[]"
200242	2	pay	払う	to give money for something	I will pay for the lunch.	私は昼食代を払います。	verb	2	4	""[""""払う"""",""""借りる"""",""""使う"""",""""売る"""",""""選ぶ""""]""	""[""""pay"""",""""borrow"""",""""use"""",""""sell"""",""""choose""""]""	""[""""pay"""",""""play"""",""""pen"""",""""pan"""",""""pair""""]""	[]	[]"
200243	2	lend	貸す	to let someone use something for a time	Can you lend me your pen?	あなたのペンを私に貸してくれますか。	verb	2	3	""[""""貸す"""",""""借りる"""",""""買う"""",""""使う"""",""""返す""""]""	""[""""lend"""",""""borrow"""",""""buy"""",""""use"""",""""return""""]""	""[""""lend"""",""""send"""",""""land"""",""""left"""",""""end""""]""	""[{""""word"""":""""loan"""",""""note"""":""""ややかたい語。動詞でも使う""""}]""	""[{""""word"""":""""borrow"""",""""note"""":""""lend は貸す、borrow は借りる""""}]"""
200244	2	Here you are.	はい、どうぞ	something you say when giving something to someone	Here you are.	はい、どうぞ。	expression	2	4	""[""""はい、どうぞ"""",""""ありがとう"""",""""すみません"""",""""さようなら"""",""""気をつけて""""]""	""[""""Here you are."""",""""Thank you."""",""""Excuse me."""",""""Goodbye."""",""""Take care.""""]""	""[""""Here you are."""",""""How are you?"""",""""There you are."""",""""Here we go."""",""""Where are you?""""]""	[]	[]"
200245	2	window	窓	an opening in a wall with glass	Please open the window.	窓を開けてください。	noun	1	4	""[""""窓"""",""""ドア"""",""""机"""",""""いす"""",""""壁""""]""	""[""""window"""",""""door"""",""""desk"""",""""chair"""",""""wall""""]""	""[""""window"""",""""widow"""",""""winter"""",""""yellow"""",""""windowpane""""]""	[]	[]"
200246	2	mirror	鏡	something you look into to see your face	I looked in the mirror.	私は鏡を見ました。	noun	2	3	""[""""鏡"""",""""窓"""",""""机"""",""""いす"""",""""かばん""""]""	""[""""mirror"""",""""window"""",""""desk"""",""""chair"""",""""bag""""]""	""[""""mirror"""",""""minute"""",""""melon"""",""""middle"""",""""miller""""]""	[]	[]"
200247	2	leave	去る	to go away from a place	We leave school at three.	私たちは3時に学校を出ます。	verb	3	4	""[""""去る"""",""""来る"""",""""座る"""",""""待つ"""",""""歩く""""]""	""[""""leave"""",""""come"""",""""sit"""",""""wait"""",""""walk""""]""	""[""""leave"""",""""live"""",""""lead"""",""""leap"""",""""lean""""]""	""[{""""word"""":""""go"""",""""note"""":""""より広い意味の基本語""""}]""	""[{""""word"""":""""arrive"""",""""note"""":""""着く、到着する""""}]"""
200248	2	return	戻る	to go back to a place	I will return home soon.	私はすぐ家に戻ります。	verb	3	3	""[""""戻る"""",""""進む"""",""""止まる"""",""""始める"""",""""開ける""""]""	""[""""return"""",""""move"""",""""stop"""",""""start"""",""""open""""]""	""[""""return"""",""""reply"""",""""reduce"""",""""report"""",""""remain""""]""	""[{""""word"""":""""go back"""",""""note"""":""""よりやさしい言い方""""}]""	""[{""""word"""":""""leave"""",""""note"""":""""その場を去る""""}]"""
200249	2	pass	通る	to go by or move past a place	We pass the park every day.	私たちは毎日その公園の前を通ります。	verb	2	3	""[""""通る"""",""""止まる"""",""""入る"""",""""開ける"""",""""待つ""""]""	""[""""pass"""",""""stop"""",""""enter"""",""""open"""",""""wait""""]""	""[""""pass"""",""""past"""",""""path"""",""""pack"""",""""pace""""]""	[]	[]"
200250	2	travel	旅行する	to go to places far from home	They travel by train in summer.	彼らは夏に電車で旅行します。	verb	2	3	""[""""旅行する"""",""""勉強する"""",""""料理する"""",""""練習する"""",""""買い物する""""]""	""[""""travel"""",""""study"""",""""cook"""",""""practice"""",""""shop""""]""	""[""""travel"""",""""trouble"""",""""table"""",""""tunnel"""",""""triple""""]""	""[{""""word"""":""""trip"""",""""note"""":""""noun; travel is usually a verb""""}]""	[]"
200251	2	walk to	～まで歩いて行く	to go to a place on foot	I walk to school every day.	私は毎日学校まで歩いて行きます。	verb	2	2	""[""""～まで歩いて行く"""",""""～まで走って行く"""",""""～まで車で行く"""",""""～まで飛んで行く"""",""""～まで泳いで行く""""]""	""[""""walk to"""",""""run to"""",""""drive to"""",""""fly to"""",""""swim to""""]""	""[""""walk to"""",""""work to"""",""""want to"""",""""talk to"""",""""walked""""]""	""[{""""word"""":""""go on foot"""",""""note"""":""""on foot を使った言い方""""}]""	[]"
200252	2	go to	行く	to move to a place	I go to school by bus.	私はバスで学校に行きます。	verb	1	5	""[""""行く"""",""""来る"""",""""帰る"""",""""歩く"""",""""走る""""]""	""[""""go to"""",""""come to"""",""""return to"""",""""walk to"""",""""run to""""]""	""[""""go to"""",""""got"""",""""go"""",""""good"""",""""coat""""]""	[]	[]"
200253	2	cross	横切る	to go from one side to the other	Please cross the street here.	ここで通りを横切ってください。	verb	3	4	""[""""横切る"""",""""止まる"""",""""曲がる"""",""""運ぶ"""",""""押す""""]""	""[""""cross"""",""""stop"""",""""turn"""",""""carry"""",""""push""""]""	""[""""cross"""",""""class"""",""""clock"""",""""crab"""",""""grass""""]""	[]	[]"
200254	2	climb	登る	to go up something	We climb the hill together.	私たちはいっしょにその丘に登ります。	verb	2	4	""[""""登る"""",""""走る"""",""""泳ぐ"""",""""投げる"""",""""押す""""]""	""[""""climb"""",""""run"""",""""swim"""",""""throw"""",""""push""""]""	""[""""climb"""",""""crime"""",""""class"""",""""cloud"""",""""clock""""]""	[]	""[{""""word"""":""""go down"""",""""note"""":""""反対の方向""""}]"""
200255	2	luck	運	good things that happen by chance	I had good luck today.	私は今日、運がよかった。	noun	2	3	""[""""運"""",""""機会"""",""""計画"""",""""約束"""",""""習慣""""]""	""[""""luck"""",""""chance"""",""""plan"""",""""promise"""",""""habit""""]""	""[""""luck"""",""""lock"""",""""lake"""",""""look"""",""""like""""]""	""[{""""word"""":""""fortune"""",""""note"""":""""ややかたい語""""}]""	""[{""""word"""":""""bad luck"""",""""note"""":""""運が悪いこと""""}]"""
200256	2	cereal	シリアル	a breakfast food made from grains	I eat cereal for breakfast.	私は朝食にシリアルを食べます。	noun	2	2	""[""""シリアル"""",""""トースト"""",""""スープ"""",""""サラダ"""",""""ヨーグルト""""]""	""[""""cereal"""",""""toast"""",""""soup"""",""""salad"""",""""yogurt""""]""	""[""""cereal"""",""""serial"""",""""syrup"""",""""salad"""",""""zero""""]""	[]	[]"
200257	2	grandparent	祖父母	the parent of your father or mother	My grandparent lives in Osaka.	私の祖父母は大阪に住んでいます。	noun	2	2	""[""""祖父母"""",""""両親"""",""""兄弟"""",""""おじ"""",""""いとこ""""]""	""[""""grandparent"""",""""parent"""",""""brother"""",""""uncle"""",""""cousin""""]""	""[""""grandparent"""",""""grandfather"""",""""grandmother"""",""""parent"""",""""ground""""]""	[]	[]"
200258	2	yard	庭	an area of land next to a house	The dog is playing in the yard.	その犬は庭で遊んでいます。	noun	2	3	""[""""庭"""",""""公園"""",""""畑"""",""""道"""",""""湖""""]""	""[""""yard"""",""""park"""",""""field"""",""""road"""",""""lake""""]""	""[""""yard"""",""""card"""",""""hard"""",""""guard"""",""""yarn""""]""	[]	[]"
200259	2	thank you for ...	〜をありがとう	used to show thanks for something	Thank you for your help.	手伝ってくれてありがとう。	phrase	2	5	""[""""〜をありがとう"""",""""〜がほしい"""",""""〜が好き"""",""""〜を知っている"""",""""〜へ行く""""]""	""[""""thank you for ..."""",""""want ..."""",""""like ..."""",""""know ..."""",""""go to ...""""]""	""[""""thank you for ..."""",""""thank you very much"""",""""thanks for ..."""",""""thankful"""",""""thinking""""]""	""[{""""word"""":""""thanks for ..."""",""""note"""":""""よりくだけた言い方""""}]""	[]"
200260	2	more	もっと	a larger amount or number	I want more water.	私はもっと水がほしいです。	adverb	2	5	""[""""もっと"""",""""少し"""",""""たくさん"""",""""すぐに"""",""""いつも""""]""	""[""""more"""",""""little"""",""""much"""",""""soon"""",""""always""""]""	""[""""more"""",""""mole"""",""""mall"""",""""move"""",""""morning""""]""	""[{""""word"""":""""extra"""",""""note"""":""""追加の、という意味で近い""""}]""	""[{""""word"""":""""less"""",""""note"""":""""量がより少ない""""}]"""
200261	2	grass	草	green plants that cover the ground	The grass is very green.	その草はとても緑です。	noun	2	3	""[""""草"""",""""花"""",""""木"""",""""葉"""",""""土""""]""	""[""""grass"""",""""flower"""",""""tree"""",""""leaf"""",""""soil""""]""	""[""""grass"""",""""glass"""",""""class"""",""""grape"""",""""glove""""]""	[]	[]"
200262	2	melon	メロン	a large sweet fruit	I ate a melon yesterday.	私は昨日メロンを食べました。	noun	2	2	""[""""メロン"""",""""りんご"""",""""ぶどう"""",""""もも"""",""""みかん""""]""	""[""""melon"""",""""apple"""",""""grape"""",""""peach"""",""""orange""""]""	""[""""melon"""",""""lemon"""",""""million"""",""""metal"""",""""button""""]""	[]	[]"
200263	2	cabbage	キャベツ	a round green vegetable with many leaves	We need a cabbage for dinner.	夕食にキャベツが1つ必要です。	noun	3	2	""[""""キャベツ"""",""""にんじん"""",""""たまねぎ"""",""""じゃがいも"""",""""トマト""""]""	""[""""cabbage"""",""""carrot"""",""""onion"""",""""potato"""",""""tomato""""]""	""[""""cabbage"""",""""carriage"""",""""cabin"""",""""package"""",""""campus""""]""	[]	[]"
200264	2	leaf	葉	a flat green part of a plant or tree	A leaf fell from the tree.	葉が木から落ちました。	noun	2	3	""[""""葉"""",""""花"""",""""根"""",""""枝"""",""""種""""]""	""[""""leaf"""",""""flower"""",""""root"""",""""branch"""",""""seed""""]""	""[""""leaf"""",""""life"""",""""left"""",""""lead"""",""""lift""""]""	[]	[]"
200265	2	cucumber	きゅうり	a long green vegetable	I ate a cucumber in my salad.	私はサラダできゅうりを食べました。	noun	2	2	""[""""きゅうり"""",""""にんじん"""",""""たまねぎ"""",""""じゃがいも"""",""""トマト""""]""	""[""""cucumber"""",""""carrot"""",""""onion"""",""""potato"""",""""tomato""""]""	""[""""cucumber"""",""""computer"""",""""customer"""",""""calendar"""",""""coconut""""]""	[]	[]"
200266	2	say hello to ...	…にあいさつする	to greet someone by saying hello	Please say hello to your teacher.	先生にあいさつしてください。	verb	2	3	""[""""…にあいさつする"""",""""…に会う"""",""""…に話す"""",""""…を手伝う"""",""""…を待つ""""]""	""[""""say hello to ..."""",""""meet ..."""",""""talk to ..."""",""""help ..."""",""""wait for ...""""]""	""[""""say hello to ..."""",""""say good-bye to ..."""",""""stay close to ..."""",""""talk to ..."""",""""go home to ...""""]""	""[{""""word"""":""""greet ..."""",""""note"""":""""やや短く言う形""""}]""	""[{""""word"""":""""say good-bye to ..."""",""""note"""":""""別れのあいさつをする""""}]"""
200267	2	Good evening	こんばんは	a greeting used in the evening	Good evening, Mr. Sato.	こんばんは、佐藤さん。	greeting	1	4	""[""""こんばんは"""",""""おはよう"""",""""こんにちは"""",""""さようなら"""",""""おやすみ""""]""	""[""""Good evening"""",""""Good morning"""",""""Hello"""",""""Goodbye"""",""""Good night""""]""	""[""""Good evening"""",""""Good morning"""",""""Good night"""",""""Goodbye"""",""""Hello""""]""	[]	[]"
200268	2	Good morning	おはよう	a greeting used in the morning	Good morning, everyone.	みなさん、おはよう。	greeting	1	4	""[""""おはよう"""",""""こんばんは"""",""""こんにちは"""",""""さようなら"""",""""おやすみ""""]""	""[""""Good morning"""",""""Good evening"""",""""Hello"""",""""Goodbye"""",""""Good night""""]""	""[""""Good morning"""",""""Good evening"""",""""Good night"""",""""Goodbye"""",""""Hello""""]""	[]	[]"
200269	2	set	置く	to put something in a place	Please set the box on the table.	その箱をテーブルの上に置いてください。	verb	3	4	""[""""置く"""",""""持つ"""",""""開ける"""",""""使う"""",""""作る""""]""	""[""""set"""",""""hold"""",""""open"""",""""use"""",""""make""""]""	""[""""set"""",""""sit"""",""""send"""",""""sad"""",""""sat""""]""	[]	[]"
200270	2	soon	すぐに	in a short time	I will be home soon.	私はすぐに家に帰ります。	adverb	2	4	""[""""すぐに"""",""""ゆっくり"""",""""いつも"""",""""ときどき"""",""""昨日""""]""	""[""""soon"""",""""slowly"""",""""always"""",""""sometimes"""",""""yesterday""""]""	""[""""soon"""",""""moon"""",""""room"""",""""soup"""",""""song""""]""	""[{""""word"""":""""quickly"""",""""note"""":""""「速く」だが文脈によって近い""""}]""	""[{""""word"""":""""later"""",""""note"""":""""もっと後で""""}]"""
200271	2	be glad to do	喜んで〜する	to be happy to do something	I am glad to help you.	私は喜んであなたを手伝います。	phrase	2	2	""[""""喜んで〜する"""",""""〜したい"""",""""〜し始める"""",""""〜し続ける"""",""""〜し忘れる""""]""	""[""""be glad to do"""",""""want to do"""",""""start to do"""",""""keep doing"""",""""forget to do""""]""	""[""""be glad to do"""",""""be ready to"""",""""be kind to"""",""""be late for"""",""""be good at""""]""	[]	[]"
200272	2	be happy to do	喜んで〜する	to be glad to do something	I am happy to help you.	私は喜んであなたを手伝います。	phrase	2	2	""[""""喜んで〜する"""",""""〜したい"""",""""〜し始める"""",""""〜し続ける"""",""""〜し終える""""]""	""[""""be happy to do"""",""""want to do"""",""""start to do"""",""""keep doing"""",""""finish doing""""]""	""[""""be happy to do"""",""""be ready to do"""",""""be sorry to do"""",""""be able to do"""",""""be nice to do""""]""	""[{""""word"""":""""be glad to do"""",""""note"""":""""ほぼ同じ意味""""}]""	[]"
200273	2	glad	うれしい	happy about something	I am glad to see you.	あなたに会えてうれしいです。	adjective	2	3	""[""""うれしい"""",""""かなしい"""",""""ねむい"""",""""いそがしい"""",""""こわい""""]""	""[""""glad"""",""""sad"""",""""sleepy"""",""""busy"""",""""afraid""""]""	""[""""glad"""",""""glass"""",""""grade"""",""""grass"""",""""grand""""]""	""[{""""word"""":""""happy"""",""""note"""":""""gladより広く使う基本語""""}]""	""[{""""word"""":""""sad"""",""""note"""":""""悲しい""""}]"""
200274	2	suitcase	スーツケース	a bag for carrying clothes when traveling	My suitcase is very heavy.	私のスーツケースはとても重いです。	noun	2	2	""[""""スーツケース"""",""""かばん"""",""""箱"""",""""机"""",""""いす""""]""	""[""""suitcase"""",""""bag"""",""""box"""",""""desk"""",""""chair""""]""	""[""""suitcase"""",""""sunset"""",""""toothpaste"""",""""bookcase"""",""""Sunday""""]""	""[{""""word"""":""""bag"""",""""note"""":""""より広い意味の基本語""""}]""	[]"
200275	2	rock	岩	a large hard stone	The boy sat on a rock.	その少年は岩の上に座りました。	noun	2	3	""[""""岩"""",""""石"""",""""木"""",""""花"""",""""草""""]""	""[""""rock"""",""""stone"""",""""tree"""",""""flower"""",""""grass""""]""	""[""""rock"""",""""lock"""",""""sock"""",""""rocket"""",""""road""""]""	""[{""""word"""":""""stone"""",""""note"""":""""rockより小さいことが多い""""}]""	[]"
200276	2	bone	骨	the hard part inside your body	The dog has a bone.	その犬は骨を持っています。	noun	2	3	""[""""骨"""",""""歯"""",""""指"""",""""腕"""",""""足""""]""	""[""""bone"""",""""tooth"""",""""finger"""",""""arm"""",""""leg""""]""	""[""""bone"""",""""phone"""",""""boat"""",""""bowl"""",""""born""""]""	[]	[]"
200277	2	feel	感じる	to have an emotion or a physical sense	I feel happy today.	私は今日うれしく感じます。	verb	2	5	""[""""感じる"""",""""考える"""",""""知る"""",""""望む"""",""""動く""""]""	""[""""feel"""",""""think"""",""""know"""",""""want"""",""""move""""]""	""[""""feel"""",""""fill"""",""""fell"""",""""feed"""",""""field""""]""	[]	[]"
200278	2	enjoy doing	〜するのを楽しむ	to like doing something	I enjoy playing soccer.	私はサッカーをするのを楽しみます。	verb	3	3	""[""""〜するのを楽しむ"""",""""〜するのをやめる"""",""""〜するのを始める"""",""""〜するのを忘れる"""",""""〜するのを終える""""]""	""[""""enjoy doing"""",""""stop doing"""",""""start doing"""",""""forget to do"""",""""finish doing""""]""	""[""""enjoy doing"""",""""enjoy reading"""",""""enjoy cooking"""",""""enjoy singing"""",""""enjoy skating""""]""	[]	[]"
200279	2	get well	元気になる	to become healthy again	I hope you get well soon.	あなたがすぐ元気になることを願っています。	verb	2	3	""[""""元気になる"""",""""眠る"""",""""起きる"""",""""休む"""",""""歩く""""]""	""[""""get well"""",""""go home"""",""""sit down"""",""""wake up"""",""""come back""""]""	""[""""get well"""",""""get up"""",""""good job"""",""""go out"""",""""wet""""]""	""[{""""word"""":""""recover"""",""""note"""":""""少しかたい語""""}]""	""[{""""word"""":""""get sick"""",""""note"""":""""病気になる""""}]"""
200280	2	listen to	〜を聞く	to pay attention to sound	Please listen to your teacher.	先生の話を聞いてください。	verb	2	4	""[""""〜を聞く"""",""""〜を見る"""",""""〜を書く"""",""""〜を読む"""",""""〜を話す""""]""	""[""""listen to"""",""""look at"""",""""write"""",""""read"""",""""speak""""]""	""[""""listen to"""",""""lesson"""",""""little"""",""""list"""",""""written""""]""	""[{""""word"""":""""hear"""",""""note"""":""""hearは自然に聞こえる、listen toは注意して聞く""""}]""	[]"
200281	2	sound	聞こえる	to seem by hearing or to give an idea by sound	That sounds great.	それはよさそうに聞こえます。	verb	2	4	""[""""聞こえる"""",""""見える"""",""""感じる"""",""""動く"""",""""始まる""""]""	""[""""sound"""",""""look"""",""""feel"""",""""move"""",""""start""""]""	""[""""sound"""",""""round"""",""""found"""",""""song"""",""""sand""""]""	""[{""""word"""":""""seem"""",""""note"""":""""〜のように思われる""""}]""	[]"
200282	2	mountain	山	a very high hill	We climbed the mountain yesterday.	私たちは昨日その山に登りました。	noun	2	3	""[""""山"""",""""川"""",""""湖"""",""""森"""",""""島""""]""	""[""""mountain"""",""""river"""",""""lake"""",""""forest"""",""""island""""]""	""[""""mountain"""",""""fountain"""",""""curtain"""",""""captain"""",""""button""""]""	""[{""""word"""":""""hill"""",""""note"""":""""mountain のほうが高くて大きい""""}]""	[]"
200283	2	boot	ブーツ	a strong shoe that covers the foot and ankle	She bought new boots for winter.	彼女は冬用に新しいブーツを買いました。	noun	2	2	""[""""ブーツ"""",""""くつ"""",""""ぼうし"""",""""シャツ"""",""""くつした""""]""	""[""""boot"""",""""shoe"""",""""hat"""",""""shirt"""",""""sock""""]""	""[""""boot"""",""""book"""",""""boat"""",""""food"""",""""ball""""]""	[]	[]"
200284	2	top	いちばん上	the highest part of something	The cat is on the top of the box.	その猫は箱のいちばん上にいます。	noun	2	3	""[""""いちばん上"""",""""まんなか"""",""""した"""",""""よこ"""",""""うしろ""""]""	""[""""top"""",""""middle"""",""""bottom"""",""""side"""",""""back""""]""	""[""""top"""",""""tap"""",""""tip"""",""""toy"""",""""stop""""]""	[]	""[{""""word"""":""""bottom"""",""""note"""":""""いちばん下""""}]"""
200285	2	clap	拍手する	to hit your hands together to show you like something	Please clap for the singer.	その歌手に拍手してください。	verb	2	3	""[""""拍手する"""",""""ける"""",""""押す"""",""""投げる"""",""""引く""""]""	""[""""clap"""",""""kick"""",""""push"""",""""throw"""",""""pull""""]""	""[""""clap"""",""""clip"""",""""clock"""",""""crab"""",""""club""""]""	""[{""""word"""":""""applaud"""",""""note"""":""""ややかたい語""""}]""	[]"
200286	2	kick	ける	to hit something with your foot	He can kick the ball well.	彼はじょうずにボールをけることができます。	verb	2	4	""[""""ける"""",""""打つ"""",""""投げる"""",""""押す"""",""""引く""""]""	""[""""kick"""",""""hit"""",""""throw"""",""""push"""",""""pull""""]""	""[""""kick"""",""""pick"""",""""kid"""",""""kit"""",""""kiss""""]""	[]	[]"
200287	2	shake hands	握手する	to hold someone's hand when you meet or greet	We shake hands after the game.	私たちは試合のあとで握手します。	verb	2	2	""[""""握手する"""",""""おじぎする"""",""""手を振る"""",""""指さす"""",""""さわる""""]""	""[""""shake hands"""",""""bow"""",""""wave"""",""""point"""",""""touch""""]""	""[""""shake hands"""",""""shake head"""",""""take hands"""",""""shook hands"""",""""wash hands""""]""	[]	[]"
200288	2	hug	抱きしめる	to hold someone closely with your arms	She will hug her mother.	彼女は母親を抱きしめるでしょう。	verb	2	3	""[""""抱きしめる"""",""""押す"""",""""引く"""",""""たたく"""",""""持ち上げる""""]""	""[""""hug"""",""""push"""",""""pull"""",""""hit"""",""""lift""""]""	""[""""hug"""",""""bug"""",""""bag"""",""""hat"""",""""hot""""]""	[]	[]"
200289	2	keep	保つ	to continue to have or stay in a state	Please keep the room clean.	その部屋をきれいに保ってください。	verb	3	5	""[""""保つ"""",""""動かす"""",""""開ける"""",""""閉める"""",""""集める""""]""	""[""""keep"""",""""move"""",""""open"""",""""close"""",""""collect""""]""	""[""""keep"""",""""deep"""",""""key"""",""""kid"""",""""cap""""]""	[]	[]"
200290	2	cave	ほら穴	a large hole in the side of a hill or under the ground	They found a cave in the mountain.	彼らは山の中でほら穴を見つけました。	noun	3	2	""[""""ほら穴"""",""""森"""",""""湖"""",""""島"""",""""砂浜""""]""	""[""""cave"""",""""forest"""",""""lake"""",""""island"""",""""beach""""]""	""[""""cave"""",""""case"""",""""cape"""",""""came"""",""""care""""]""	[]	[]"
200291	2	Halloween	ハロウィーン	a fun day on October 31	We wear costumes on Halloween.	私たちはハロウィーンに仮装をします。	noun	2	3	""[""""ハロウィーン"""",""""クリスマス"""",""""お正月"""",""""誕生日"""",""""夏休み""""]""	""[""""Halloween"""",""""Christmas"""",""""birthday"""",""""holiday"""",""""festival""""]""	""[""""Halloween"""",""""holiday"""",""""hallway"""",""""yellow"""",""""window""""]""	[]	[]"
200292	2	fire	火	something hot and bright that burns	The fire is very hot.	その火はとても熱いです。	noun	2	4	""[""""火"""",""""水"""",""""雪"""",""""風"""",""""雨""""]""	""[""""fire"""",""""water"""",""""snow"""",""""wind"""",""""rain""""]""	""[""""fire"""",""""five"""",""""farm"""",""""tire"""",""""file""""]""	[]	[]"
200293	2	hot chocolate	ホットチョコレート	a hot sweet drink made with chocolate	I drink hot chocolate in winter.	私は冬にホットチョコレートを飲みます。	noun	2	2	""[""""ホットチョコレート"""",""""オレンジジュース"""",""""牛乳"""",""""お茶"""",""""コーヒー""""]""	""[""""hot chocolate"""",""""orange juice"""",""""milk"""",""""tea"""",""""coffee""""]""	""[""""hot chocolate"""",""""hot coffee"""",""""chocolate"""",""""cold chocolate"""",""""hot chicken""""]""	[]	[]"
200294	2	whale	くじら	a very large animal that lives in the sea	We saw a whale in the sea.	私たちは海でくじらを見ました。	noun	2	3	""[""""くじら"""",""""いるか"""",""""さめ"""",""""あざらし"""",""""たこ""""]""	""[""""whale"""",""""dolphin"""",""""shark"""",""""seal"""",""""octopus""""]""	""[""""whale"""",""""wheel"""",""""wake"""",""""wall"""",""""white""""]""	[]	[]"
200295	2	picture	絵	an image like a drawing or photo	I drew a picture of my dog.	私は自分の犬の絵をかきました。	noun	2	4	""[""""絵"""",""""写真"""",""""地図"""",""""手紙"""",""""歌""""]""	""[""""picture"""",""""photo"""",""""map"""",""""letter"""",""""song""""]""	""[""""picture"""",""""teacher"""",""""future"""",""""kitchen"""",""""pencil""""]""	""[{""""word"""":""""photo"""",""""note"""":""""写真の意味では近いが、picture は絵もふくむ""""}]""	[]"
200296	2	exam	試験	a test at school	I have an exam tomorrow.	私は明日試験があります。	noun	2	4	""[""""試験"""",""""宿題"""",""""授業"""",""""質問"""",""""答え""""]""	""[""""exam"""",""""homework"""",""""class"""",""""question"""",""""answer""""]""	""[""""exam"""",""""exit"""",""""extra"""",""""egg"""",""""event""""]""	""[{""""word"""":""""test"""",""""note"""":""""exam より広く使う基本語""""}]""	[]"
200297	2	at first	最初は	in the beginning	At first, I was nervous.	最初は、私は緊張していました。	adverb	2	3	""[""""最初は"""",""""すぐに"""",""""いつも"""",""""たぶん"""",""""とても""""]""	""[""""at first"""",""""soon"""",""""always"""",""""maybe"""",""""very""""]""	""[""""at first"""",""""at last"""",""""first"""",""""fast"""",""""forest""""]""	""[{""""word"""":""""in the beginning"""",""""note"""":""""より説明的な言い方""""}]""	""[{""""word"""":""""at last"""",""""note"""":""""最後には""""}]"""
200298	2	more and more	ますます	increasing all the time	It is getting more and more popular.	それはますます人気になっています。	adverb	2	3	""[""""ますます"""",""""少しだけ"""",""""とても"""",""""たぶん"""",""""いつも""""]""	""[""""more and more"""",""""a little"""",""""very"""",""""maybe"""",""""always""""]""	""[""""more and more"""",""""morning"""",""""more"""",""""mall"""",""""move""""]""	""[{""""word"""":""""increasingly"""",""""note"""":""""ややかたい語""""}]""	""[{""""word"""":""""less and less"""",""""note"""":""""だんだん少なく""""}]"""
200299	2	buy	買う	to get something by paying money	I want to buy a new bag.	私は新しいかばんを買いたいです。	verb	1	5	""[""""買う"""",""""売る"""",""""作る"""",""""使う"""",""""見つける""""]""	""[""""buy"""",""""sell"""",""""make"""",""""use"""",""""find""""]""	""[""""buy"""",""""by"""",""""bike"""",""""bag"""",""""pie""""]""	""[{""""word"""":""""purchase"""",""""note"""":""""ややかたい語""""}]""	""[{""""word"""":""""sell"""",""""note"""":""""売る""""}]"""
200300	2	come	来る	to move to this place	Please come here.	ここに来てください。	verb	1	5	""[""""来る"""",""""行く"""",""""帰る"""",""""歩く"""",""""走る""""]""	""[""""come"""",""""go"""",""""leave"""",""""walk"""",""""run""""]""	""[""""come"""",""""comb"""",""""cup"""",""""calm"""",""""camp""""]""	""[{""""word"""":""""arrive"""",""""note"""":""""着くという意味で近い""""}]""	""[{""""word"""":""""go"""",""""note"""":""""come はこちらへ、go はあちらへ""""}]"""
200301	2	cook	料理する	to make food	My mother can cook well.	私の母は上手に料理できます。	verb	1	4	""[""""料理する"""",""""食べる"""",""""飲む"""",""""洗う"""",""""作る""""]""	""[""""cook"""",""""eat"""",""""drink"""",""""wash"""",""""make""""]""	""[""""cook"""",""""book"""",""""look"""",""""good"""",""""cookie""""]""	[]	[]"
200302	2	eat	食べる	to put food in your mouth and swallow it	We eat lunch at school.	私たちは学校で昼食を食べます。	verb	1	5	""[""""食べる"""",""""飲む"""",""""作る"""",""""買う"""",""""切る""""]""	""[""""eat"""",""""drink"""",""""make"""",""""buy"""",""""cut""""]""	""[""""eat"""",""""it"""",""""eight"""",""""each"""",""""easy""""]""	[]	[]"
200303	2	fly	飛ぶ	to move through the air	Birds can fly high.	鳥は高く飛ぶことができます。	verb	2	4	""[""""飛ぶ"""",""""走る"""",""""歩く"""",""""泳ぐ"""",""""跳ぶ""""]""	""[""""fly"""",""""run"""",""""walk"""",""""swim"""",""""jump""""]""	""[""""fly"""",""""fry"""",""""flag"""",""""floor"""",""""flame""""]""	[]	[]"
200304	2	go	行く	to move to another place	I go to school every day.	私は毎日学校に行きます。	verb	1	5	""[""""行く"""",""""来る"""",""""走る"""",""""歩く"""",""""帰る""""]""	""[""""go"""",""""come"""",""""run"""",""""walk"""",""""return""""]""	""[""""go"""",""""grow"""",""""goal"""",""""coat"""",""""game""""]""	[]	[]"
200305	2	live	住む	to have your home in a place	I live in Osaka.	私は大阪に住んでいます。	verb	2	4	""[""""住む"""",""""働く"""",""""学ぶ"""",""""遊ぶ"""",""""待つ""""]""	""[""""live"""",""""work"""",""""study"""",""""play"""",""""wait""""]""	""[""""live"""",""""leave"""",""""river"""",""""light"""",""""love""""]""	[]	[]"
200306	2	look	見る	to use your eyes to see something	Look at that bird.	あの鳥を見て。	verb	2	5	""[""""見る"""",""""聞く"""",""""話す"""",""""歩く"""",""""書く""""]""	""[""""look"""",""""listen"""",""""speak"""",""""walk"""",""""write""""]""	""[""""look"""",""""book"""",""""cook"""",""""lock"""",""""lake""""]""	""[{""""word"""":""""see"""",""""note"""":""""seeは自然に見える、lookは意識して見る""""}]""	[]"
200307	2	read	読む	to look at words and understand them	I read this book at night.	私は夜にこの本を読みます。	verb	2	5	""[""""読む"""",""""書く"""",""""話す"""",""""聞く"""",""""歌う""""]""	""[""""read"""",""""write"""",""""speak"""",""""listen"""",""""sing""""]""	""[""""read"""",""""red"""",""""lead"""",""""road"""",""""ride""""]""	[]	[]"
200308	2	run	走る	to move fast on your feet	I can run fast.	私は速く走ることができます。	verb	1	5	""[""""走る"""",""""歩く"""",""""泳ぐ"""",""""跳ぶ"""",""""投げる""""]""	""[""""run"""",""""walk"""",""""swim"""",""""jump"""",""""throw""""]""	""[""""run"""",""""sun"""",""""fun"""",""""rug"""",""""ram""""]""	[]	""[{""""word"""":""""walk"""",""""note"""":""""run より遅く進む""""}]"""
200309	2	see	見る	to use your eyes to look at something	I can see a bird.	私は鳥を見ることができます。	verb	1	5	""[""""見る"""",""""聞く"""",""""話す"""",""""読む"""",""""書く""""]""	""[""""see"""",""""hear"""",""""speak"""",""""read"""",""""write""""]""	""[""""see"""",""""she"""",""""sea"""",""""seat"""",""""say""""]""	[]	[]"
200310	2	sleep	眠る	to rest with your eyes closed	I sleep at ten every night.	私は毎晩10時に寝ます。	verb	2	5	""[""""眠る"""",""""起きる"""",""""歩く"""",""""食べる"""",""""座る""""]""	""[""""sleep"""",""""wake"""",""""walk"""",""""eat"""",""""sit""""]""	""[""""sleep"""",""""slip"""",""""sweep"""",""""sheep"""",""""steep""""]""	""[{""""word"""":""""rest"""",""""note"""":""""「休む」の意味で近い""""}]""	""[{""""word"""":""""wake"""",""""note"""":""""眠る ↔ 目を覚ます""""}]"""
200311	2	study	勉強する	to learn about a subject	I study English after dinner.	私は夕食のあとに英語を勉強します。	verb	2	5	""[""""勉強する"""",""""教える"""",""""読む"""",""""書く"""",""""練習する""""]""	""[""""study"""",""""teach"""",""""read"""",""""write"""",""""practice""""]""	""[""""study"""",""""steady"""",""""story"""",""""student"""",""""stadium""""]""	""[{""""word"""":""""learn"""",""""note"""":""""広く「学ぶ」""""}]""	[]"
200312	2	take	取る	to get or carry something	Please take this bag.	このバッグを取ってください。	verb	3	5	""[""""取る"""",""""置く"""",""""開ける"""",""""使う"""",""""見せる""""]""	""[""""take"""",""""put"""",""""open"""",""""use"""",""""show""""]""	""[""""take"""",""""talk"""",""""make"""",""""table"""",""""cake""""]""	""[{""""word"""":""""get"""",""""note"""":""""文脈によって近い""""}]""	""[{""""word"""":""""give"""",""""note"""":""""取る ↔ 与える""""}]"""
200313	2	teach	教える	to help someone learn something	My father can teach English.	私の父は英語を教えることができます。	verb	2	4	""[""""教える"""",""""学ぶ"""",""""話す"""",""""作る"""",""""使う""""]""	""[""""teach"""",""""learn"""",""""speak"""",""""make"""",""""use""""]""	""[""""teach"""",""""reach"""",""""peach"""",""""team"""",""""cheap""""]""	""[{""""word"""":""""show"""",""""note"""":""""やり方を見せて教えることがある""""}]""	[]"
200314	2	visit	訪れる	to go to see a person or place	We will visit our grandmother on Sunday.	私たちは日曜日に祖母を訪れます。	verb	2	4	""[""""訪れる"""",""""待つ"""",""""呼ぶ"""",""""見つける"""",""""送る""""]""	""[""""visit"""",""""wait"""",""""call"""",""""find"""",""""send""""]""	""[""""visit"""",""""minute"""",""""ticket"""",""""village"""",""""limit""""]""	[]	[]"
200315	2	wash	洗う	to clean with water	I wash my hands before dinner.	私は夕食の前に手を洗います。	verb	1	4	""[""""洗う"""",""""切る"""",""""開ける"""",""""運ぶ"""",""""集める""""]""	""[""""wash"""",""""cut"""",""""open"""",""""carry"""",""""collect""""]""	""[""""wash"""",""""watch"""",""""wish"""",""""walk"""",""""work""""]""	""[{""""word"""":""""clean"""",""""note"""":""""cleanはきれいにする意味でより広い""""}]""	""[{""""word"""":""""dirty"""",""""note"""":""""形容詞で「汚れた」""""}]"""
200316	2	watch	見る	to look at something for some time	I watch TV after dinner.	私は夕食のあとにテレビを見ます。	verb	2	4	""[""""見る"""",""""聞く"""",""""読む"""",""""作る"""",""""使う""""]""	""[""""watch"""",""""listen"""",""""read"""",""""make"""",""""use""""]""	""[""""watch"""",""""wash"""",""""walk"""",""""want"""",""""match""""]""	""[{""""word"""":""""look at"""",""""note"""":""""短く見るより、少しの間見る""""}]""	[]"
200317	2	butterfly	ちょう	an insect with large colorful wings	A butterfly is on the flower.	ちょうが花の上にいます。	noun	3	2	""[""""ちょう"""",""""はち"""",""""とんぼ"""",""""あり"""",""""かえる""""]""	""[""""butterfly"""",""""bee"""",""""dragonfly"""",""""ant"""",""""frog""""]""	""[""""butterfly"""",""""button"""",""""battery"""",""""better"""",""""bottom""""]""	[]	[]"
200318	2	Hawaii	ハワイ	an island state of the United States	My family wants to visit Hawaii.	私の家族はハワイを訪れたがっています。	noun	2	3	""[""""ハワイ"""",""""アメリカ"""",""""日本"""",""""オーストラリア"""",""""カナダ""""]""	""[""""Hawaii"""",""""America"""",""""Japan"""",""""Australia"""",""""Canada""""]""	""[""""Hawaii"""",""""holiday"""",""""highway"""",""""happy"""",""""hotel""""]""	[]	[]"
200319	2	That's OK.	だいじょうぶです	it is all right	That's OK. I can do it again.	だいじょうぶです。もう一度できます。	phrase	2	4	""[""""だいじょうぶです"""",""""ありがとう"""",""""こんにちは"""",""""ごめんなさい"""",""""さようなら""""]""	""[""""That's OK."""",""""Thank you."""",""""Hello."""",""""I'm sorry."""",""""Goodbye.""""]""	""[""""That's OK."""",""""That's all."""",""""That is it."""",""""Take care."""",""""Thank you.""""]""	""[{""""word"""":""""All right."""",""""note"""":""""ほぼ同じ意味の短い言い方""""}]""	[]"
200320	2	spaghetti	スパゲッティ	long thin pasta	I ate spaghetti for lunch.	私は昼食にスパゲッティを食べました。	noun	2	3	""[""""スパゲッティ"""",""""カレー"""",""""サラダ"""",""""スープ"""",""""サンドイッチ""""]""	""[""""spaghetti"""",""""curry"""",""""salad"""",""""soup"""",""""sandwich""""]""	""[""""spaghetti"""",""""special"""",""""spider"""",""""sporty"""",""""speaker""""]""	""[{""""word"""":""""pasta"""",""""note"""":""""より広い言い方""""}]""	[]"
200321	2	clothes	服	things you wear on your body	These clothes are clean.	これらの服はきれいです。	noun	2	4	""[""""服"""",""""靴"""",""""帽子"""",""""かばん"""",""""手袋""""]""	""[""""clothes"""",""""shoes"""",""""hat"""",""""bag"""",""""gloves""""]""	""[""""clothes"""",""""close"""",""""cloud"""",""""class"""",""""clock""""]""	""[{""""word"""":""""clothing"""",""""note"""":""""ややかたい言い方""""}]""	[]"
200322	2	New Year	新年	the beginning of a new year	We visit my grandparents at New Year.	私たちは新年に祖父母をたずねます。	noun	2	3	""[""""新年"""",""""春"""",""""夏"""",""""秋"""",""""冬""""]""	""[""""New Year"""",""""spring"""",""""summer"""",""""autumn"""",""""winter""""]""	""[""""New Year"""",""""near"""",""""noon"""",""""news"""",""""nurse""""]""	[]	[]"
200323	2	sushi	すし	a Japanese food with rice and fish	I like sushi very much.	私はすしがとても好きです。	noun	1	3	""[""""すし"""",""""パン"""",""""スープ"""",""""サラダ"""",""""ケーキ""""]""	""[""""sushi"""",""""bread"""",""""soup"""",""""salad"""",""""cake""""]""	""[""""sushi"""",""""sunny"""",""""sugar"""",""""soccer"""",""""Sunday""""]""	[]	[]"
200324	2	earring	イヤリング	a piece of jewelry worn on the ear	She got a new earring yesterday.	彼女は昨日、新しいイヤリングをもらいました。	noun	2	2	""[""""イヤリング"""",""""ネックレス"""",""""指輪"""",""""帽子"""",""""時計""""]""	""[""""earring"""",""""necklace"""",""""ring"""",""""watch"""",""""hat""""]""	""[""""earring"""",""""earning"""",""""evening"""",""""airplane"""",""""ear""""]""	[]	[]"
200325	2	grape juice	ぶどうジュース	juice made from grapes	I drink grape juice at lunch.	私は昼食にぶどうジュースを飲みます。	noun	2	2	""[""""ぶどうジュース"""",""""オレンジジュース"""",""""りんごジュース"""",""""牛乳"""",""""水""""]""	""[""""grape juice"""",""""orange juice"""",""""apple juice"""",""""milk"""",""""water""""]""	""[""""grape juice"""",""""orange juice"""",""""apple juice"""",""""grapefruit"""",""""great""""]""	[]	[]"
200326	2	kangaroo	カンガルー	an Australian animal that jumps and carries its baby in a pouch	I saw a kangaroo at the zoo.	私は動物園でカンガルーを見ました。	noun	2	2	""[""""カンガルー"""",""""ライオン"""",""""ゾウ"""",""""キリン"""",""""サル""""]""	""[""""kangaroo"""",""""lion"""",""""elephant"""",""""giraffe"""",""""monkey""""]""	""[""""kangaroo"""",""""camera"""",""""candle"""",""""carrot"""",""""calendar""""]""	[]	[]"
200327	2	only	ただ一つの	just one and no more	This is my only bag.	これは私のただ一つのかばんです。	adjective	2	4	""[""""ただ一つの"""",""""大きい"""",""""新しい"""",""""重い"""",""""高い""""]""	""[""""only"""",""""big"""",""""new"""",""""heavy"""",""""expensive""""]""	""[""""only"""",""""open"""",""""often"""",""""orange"""",""""uncle""""]""	""[{""""word"""":""""single"""",""""note"""":""""ややかたいが「一つだけの」""""}]""	""[{""""word"""":""""many"""",""""note"""":""""数が多い""""}]"""
200328	2	hold	持つ	to have something in your hand	Please hold my bag.	私のかばんを持ってください。	verb	2	4	""[""""持つ"""",""""置く"""",""""開ける"""",""""運ぶ"""",""""見せる""""]""	""[""""hold"""",""""put"""",""""open"""",""""carry"""",""""show""""]""	""[""""hold"""",""""cold"""",""""old"""",""""hope"""",""""home""""]""	""[{""""word"""":""""carry"""",""""note"""":""""「運ぶ」の意味で近い""""}]""	""[{""""word"""":""""drop"""",""""note"""":""""手から落とす""""}]"""
200329	2	remember	覚えている	to keep something in your mind	I remember her name.	私は彼女の名前を覚えています。	verb	3	4	""[""""覚えている"""",""""忘れる"""",""""尋ねる"""",""""答える"""",""""習う""""]""	""[""""remember"""",""""forget"""",""""ask"""",""""answer"""",""""learn""""]""	""[""""remember"""",""""remove"""",""""report"""",""""return"""",""""remain""""]""	[]	""[{""""word"""":""""forget"""",""""note"""":""""覚えていない""""}]"""
200330	2	fridge	冷蔵庫	a machine that keeps food cold	The milk is in the fridge.	牛乳は冷蔵庫の中にあります。	noun	2	3	""[""""冷蔵庫"""",""""電子レンジ"""",""""机"""",""""いす"""",""""かばん""""]""	""[""""fridge"""",""""microwave"""",""""desk"""",""""chair"""",""""bag""""]""	""[""""fridge"""",""""bridge"""",""""fresh"""",""""friend"""",""""French""""]""	""[{""""word"""":""""refrigerator"""",""""note"""":""""より正式な言い方""""}]""	[]"
200331	2	understand	理解する	to know the meaning of something	I understand this question.	私はこの質問がわかります。	verb	3	4	""[""""理解する"""",""""忘れる"""",""""答える"""",""""尋ねる"""",""""説明する""""]""	""[""""understand"""",""""forget"""",""""answer"""",""""ask"""",""""explain""""]""	""[""""understand"""",""""under"""",""""wonder"""",""""stand"""",""""summer""""]""	[]	""[{""""word"""":""""misunderstand"""",""""note"""":""""意味をまちがえて受け取る""""}]"""
200332	2	ship	船	a large boat that carries people or things	The ship is very big.	その船はとても大きいです。	noun	2	3	""[""""船"""",""""飛行機"""",""""電車"""",""""バス"""",""""自転車""""]""	""[""""ship"""",""""plane"""",""""train"""",""""bus"""",""""bike""""]""	""[""""ship"""",""""sheep"""",""""shop"""",""""chip"""",""""shape""""]""	""[{""""word"""":""""boat"""",""""note"""":""""ship より小さいことが多い""""}]""	[]"
200333	2	sofa	ソファ	a soft seat for two or more people	The cat is sleeping on the sofa.	そのねこはソファで寝ています。	noun	1	3	""[""""ソファ"""",""""いす"""",""""つくえ"""",""""ベッド"""",""""たな""""]""	""[""""sofa"""",""""chair"""",""""desk"""",""""bed"""",""""shelf""""]""	""[""""sofa"""",""""soda"""",""""solar"""",""""softer"""",""""supper""""]""	""[{""""word"""":""""couch"""",""""note"""":""""主に米語でよく使う""""}]""	[]"
200334	2	mug	マグカップ	a large cup for hot drinks	This mug is full of tea.	このマグカップはお茶でいっぱいです。	noun	2	2	""[""""マグカップ"""",""""コップ"""",""""皿"""",""""びん"""",""""やかん""""]""	""[""""mug"""",""""cup"""",""""plate"""",""""bottle"""",""""kettle""""]""	""[""""mug"""",""""bug"""",""""mud"""",""""map"""",""""milk""""]""	[]	[]"
200335	2	watermelon	すいか	a large green fruit with red inside	We ate watermelon after lunch.	私たちは昼食のあとですいかを食べました。	noun	2	2	""[""""すいか"""",""""りんご"""",""""ぶどう"""",""""もも"""",""""いちご""""]""	""[""""watermelon"""",""""apple"""",""""grape"""",""""peach"""",""""strawberry""""]""	""[""""watermelon"""",""""water"""",""""winter"""",""""woman"""",""""melon""""]""	[]	[]"
200336	2	poster	ポスター	a large printed picture or notice	There is a poster on the wall.	壁にポスターがあります。	noun	2	3	""[""""ポスター"""",""""写真"""",""""地図"""",""""看板"""",""""手紙""""]""	""[""""poster"""",""""photo"""",""""map"""",""""sign"""",""""letter""""]""	""[""""poster"""",""""sister"""",""""doctor"""",""""soccer"""",""""winter""""]""	[]	[]"
200337	2	tuna	マグロ	a large fish used for food	I ate a tuna sandwich for lunch.	昼食にツナサンドを食べました。	noun	2	3	""[""""マグロ"""",""""サケ"""",""""エビ"""",""""カニ"""",""""タコ""""]""	""[""""tuna"""",""""salmon"""",""""shrimp"""",""""crab"""",""""octopus""""]""	""[""""tuna"""",""""student"""",""""music"""",""""Tuesday"""",""""ruler""""]""	[]	[]"
200338	2	mall	ショッピングモール	a large building with many stores	We went to the mall after school.	私たちは放課後にショッピングモールへ行きました。	noun	2	3	""[""""ショッピングモール"""",""""駅"""",""""図書館"""",""""公園"""",""""病院""""]""	""[""""mall"""",""""station"""",""""library"""",""""park"""",""""hospital""""]""	""[""""mall"""",""""ball"""",""""wall"""",""""mark"""",""""map""""]""	[]	[]"
200339	2	building	建物	a thing with walls and a roof	That building is very tall.	あの建物はとても高いです。	noun	2	3	""[""""建物"""",""""公園"""",""""道路"""",""""橋"""",""""駅""""]""	""[""""building"""",""""park"""",""""road"""",""""bridge"""",""""station""""]""	""[""""building"""",""""billion"""",""""boiling"""",""""builder"""",""""holding""""]""	[]	[]"
200340	2	captain	キャプテン	the leader of a team or ship	He is the captain of our team.	彼は私たちのチームのキャプテンです。	noun	2	2	""[""""キャプテン"""",""""選手"""",""""先生"""",""""医者"""",""""運転手""""]""	""[""""captain"""",""""player"""",""""teacher"""",""""doctor"""",""""driver""""]""	""[""""captain"""",""""cap"""",""""campus"""",""""camel"""",""""cabin""""]""	""[{""""word"""":""""leader"""",""""note"""":""""より広い意味での「リーダー」""""}]""	[]"
200341	2	go out	外出する	to leave home or a place	I often go out after lunch.	私は昼食のあとによく外出します。	verb	2	3	""[""""外出する"""",""""帰る"""",""""座る"""",""""待つ"""",""""起きる""""]""	""[""""go out"""",""""return"""",""""sit"""",""""wait"""",""""wake""""]""	""[""""go out"""",""""go on"""",""""get out"""",""""come out"""",""""grow up""""]""	[]	""[{""""word"""":""""stay home"""",""""note"""":""""家にいる""""}]"""
200342	2	side	側	the left or right part of something	Stand by my side.	私の側に立って。	noun	2	3	""[""""側"""",""""中央"""",""""上"""",""""下"""",""""前""""]""	""[""""side"""",""""middle"""",""""top"""",""""bottom"""",""""front""""]""	""[""""side"""",""""size"""",""""sign"""",""""site"""",""""sad""""]""	[]	[]"
200343	2	meter	メートル	a unit for measuring length	The rope is two meters long.	そのロープは2メートルの長さです。	noun	2	2	""[""""メートル"""",""""キログラム"""",""""リットル"""",""""センチ"""",""""キロメートル""""]""	""[""""meter"""",""""kilogram"""",""""liter"""",""""centimeter"""",""""kilometer""""]""	""[""""meter"""",""""meat"""",""""meeting"""",""""motor"""",""""matter""""]""	[]	[]"
200344	2	art lesson	図工の授業	a class where students draw or make things	We have an art lesson today.	今日は図工の授業があります。	noun	2	2	""[""""図工の授業"""",""""音楽の授業"""",""""英語の授業"""",""""理科の授業"""",""""体育の授業""""]""	""[""""art lesson"""",""""music lesson"""",""""English lesson"""",""""science lesson"""",""""P.E. lesson""""]""	""[""""art lesson"""",""""our lesson"""",""""math lesson"""",""""art season"""",""""art teacher""""]""	[]	[]"
200345	2	drop	落とす	to let something fall by mistake	Be careful not to drop the glass.	コップを落とさないように気をつけて。	verb	2	3	""[""""落とす"""",""""拾う"""",""""運ぶ"""",""""洗う"""",""""開ける""""]""	""[""""drop"""",""""pick"""",""""carry"""",""""wash"""",""""open""""]""	""[""""drop"""",""""drum"""",""""dress"""",""""clock"""",""""trip""""]""	[]	[]"
200346	2	supper	夕食	the evening meal	We had fish for supper.	私たちは夕食に魚を食べました。	noun	2	2	""[""""夕食"""",""""朝食"""",""""昼食"""",""""おやつ"""",""""飲み物""""]""	""[""""supper"""",""""breakfast"""",""""lunch"""",""""snack"""",""""drink""""]""	""[""""supper"""",""""summer"""",""""singer"""",""""soccer"""",""""sister""""]""	""[{""""word"""":""""dinner"""",""""note"""":""""夕食の意味で使うことがある""""}]""	[]"
200347	2	snack	軽食	a small amount of food eaten between meals	I ate a snack after school.	私は放課後に軽食を食べました。	noun	2	3	""[""""軽食"""",""""夕食"""",""""朝食"""",""""昼食"""",""""飲み物""""]""	""[""""snack"""",""""supper"""",""""breakfast"""",""""lunch"""",""""drink""""]""	""[""""snack"""",""""snake"""",""""smack"""",""""stack"""",""""snap""""]""	[]	[]"
200348	2	moonlight	月明かり	light from the moon	We walked home in the moonlight.	私たちは月明かりの中を歩いて家に帰りました。	noun	2	2	""[""""月明かり"""",""""日光"""",""""星"""",""""雲"""",""""空""""]""	""[""""moonlight"""",""""sunshine"""",""""starlight"""",""""shadow"""",""""rainbow""""]""	""[""""moonlight"""",""""sunlight"""",""""midnight"""",""""moon"""",""""goodnight""""]""	[]	[]"
200349	2	sunshine	日光	light from the sun	The room is full of sunshine.	その部屋は日光でいっぱいです。	noun	2	3	""[""""日光"""",""""月明かり"""",""""雨"""",""""風"""",""""雪""""]""	""[""""sunshine"""",""""moonlight"""",""""rain"""",""""wind"""",""""snow""""]""	""[""""sunshine"""",""""sunlight"""",""""sunny"""",""""sunset"""",""""sun""""]""	""[{""""word"""":""""sunlight"""",""""note"""":""""ほぼ同じ意味で使える""""}]""	[]"
200350	2	lamp	ランプ	a light you can put on a table or desk	There is a lamp on the desk.	机の上にランプがあります。	noun	1	3	""[""""ランプ"""",""""いす"""",""""机"""",""""時計"""",""""かばん""""]""	""[""""lamp"""",""""chair"""",""""desk"""",""""clock"""",""""bag""""]""	""[""""lamp"""",""""ramp"""",""""map"""",""""camp"""",""""land""""]""	""[{""""word"""":""""light"""",""""note"""":""""広い意味ではlightも使う""""}]""	[]"
200351	2	row	列	a line of people or things	We sat in the front row.	私たちは前の列に座りました。	noun	2	3	""[""""列"""",""""線"""",""""面"""",""""角"""",""""組""""]""	""[""""row"""",""""line"""",""""seat"""",""""group"""",""""pair""""]""	""[""""row"""",""""road"""",""""rope"""",""""low"""",""""rain""""]""	""[{""""word"""":""""line"""",""""note"""":""""人や物が並んだ列""""}]""	[]"
200352	2	sauce	ソース	a liquid put on food for flavor	I put sauce on my hamburger.	私はハンバーガーにソースをかけました。	noun	2	3	""[""""ソース"""",""""スープ"""",""""サラダ"""",""""パン"""",""""チーズ""""]""	""[""""sauce"""",""""soup"""",""""salad"""",""""bread"""",""""cheese""""]""	""[""""sauce"""",""""source"""",""""salt"""",""""song"""",""""sock""""]""	[]	[]"
200353	2	concert	コンサート	a live music show	We went to a concert last night.	私たちは昨夜コンサートに行きました。	noun	2	3	""[""""コンサート"""",""""試合"""",""""映画"""",""""祭り"""",""""展示会""""]""	""[""""concert"""",""""game"""",""""movie"""",""""festival"""",""""show""""]""	""[""""concert"""",""""contest"""",""""corner"""",""""contact"""",""""collect""""]""	""[{""""word"""":""""show"""",""""note"""":""""より広い意味の催し""""}]""	[]"
200354	2	stay	滞在する	to remain in a place for some time	We will stay at a hotel tonight.	私たちは今夜ホテルに滞在します。	verb	2	4	""[""""滞在する"""",""""出発する"""",""""訪れる"""",""""集まる"""",""""案内する""""]""	""[""""stay"""",""""leave"""",""""visit"""",""""gather"""",""""guide""""]""	""[""""stay"""",""""state"""",""""star"""",""""stair"""",""""stage""""]""	""[{""""word"""":""""remain"""",""""note"""":""""ややかたい語""""}]""	""[{""""word"""":""""leave"""",""""note"""":""""その場を去る""""}]"""
200355	2	homestay	ホームステイ	a stay with a local family in their home	She enjoyed her homestay in Canada.	彼女はカナダでのホームステイを楽しみました。	noun	3	2	""[""""ホームステイ"""",""""留学"""",""""旅行"""",""""休暇"""",""""引っこし""""]""	""[""""homestay"""",""""study"""",""""travel"""",""""vacation"""",""""move""""]""	""[""""homestay"""",""""holiday"""",""""homework"""",""""hotel"""",""""Monday""""]""	[]	[]"
200356	2	plant	植物	a living thing that grows in the ground	This plant needs a lot of water.	この植物はたくさんの水を必要とします。	noun	2	4	""[""""植物"""",""""動物"""",""""花"""",""""木"""",""""草""""]""	""[""""plant"""",""""animal"""",""""flower"""",""""tree"""",""""grass""""]""	""[""""plant"""",""""plan"""",""""plate"""",""""planet"""",""""plain""""]""	[]	[]"
200357	2	noodle	めん	a long thin piece of food made from flour	I like noodle soup.	私はめんのスープが好きです。	noun	2	2	""[""""めん"""",""""ごはん"""",""""パン"""",""""スープ"""",""""サラダ""""]""	""[""""noodle"""",""""rice"""",""""bread"""",""""soup"""",""""salad""""]""	""[""""noodle"""",""""needle"""",""""middle"""",""""google"""",""""table""""]""	[]	[]"
200358	2	giraffe	キリン	a tall animal with a very long neck	The giraffe is very tall.	そのキリンはとても背が高いです。	noun	2	2	""[""""キリン"""",""""ゾウ"""",""""ライオン"""",""""サル"""",""""ウマ""""]""	""[""""giraffe"""",""""elephant"""",""""lion"""",""""monkey"""",""""horse""""]""	""[""""giraffe"""",""""guitar"""",""""gift"""",""""glass"""",""""girl""""]""	[]	[]"
200359	2	bench	ベンチ	a long seat for two or more people	We sat on the bench.	私たちはベンチに座りました。	noun	2	2	""[""""ベンチ"""",""""いす"""",""""つくえ"""",""""テーブル"""",""""たな""""]""	""[""""bench"""",""""chair"""",""""desk"""",""""table"""",""""shelf""""]""	""[""""bench"""",""""belt"""",""""best"""",""""beach"""",""""branch""""]""	[]	[]"
200360	2	line	列	a row of people or things	We stood in a line at the bus stop.	私たちはバス停で列に並びました。	noun	2	3	""[""""列"""",""""円"""",""""角"""",""""面"""",""""点""""]""	""[""""line"""",""""circle"""",""""corner"""",""""side"""",""""point""""]""	""[""""line"""",""""light"""",""""lion"""",""""lime"""",""""nine""""]""	""[{""""word"""":""""row"""",""""note"""":""""人や物が並んだ列""""}]""	[]"
200361	2	hiking	ハイキング	walking in the mountains or countryside for fun	We are going hiking this Sunday.	私たちは今度の日曜日にハイキングに行きます。	noun	2	2	""[""""ハイキング"""",""""水泳"""",""""買い物"""",""""読書"""",""""料理""""]""	""[""""hiking"""",""""swimming"""",""""shopping"""",""""reading"""",""""cooking""""]""	""[""""hiking"""",""""liking"""",""""biking"""",""""hiding"""",""""king""""]""	[]	[]"
200362	2	take care of	世話をする	to look after someone or something	She takes care of her little brother.	彼女は弟の世話をします。	verb	3	3	""[""""世話をする"""",""""見つける"""",""""呼び出す"""",""""持ち上げる"""",""""連れて行く""""]""	""[""""take care of"""",""""find"""",""""call"""",""""lift"""",""""take""""]""	""[""""take care of"""",""""take off"""",""""take out"""",""""take home"""",""""take part""""]""	""[{""""word"""":""""look after"""",""""note"""":""""ほぼ同じ意味""""}]""	[]"
200363	2	care	世話	help and attention for someone or something	She takes care of her baby.	彼女は赤ちゃんの世話をします。	noun	2	4	""[""""世話"""",""""景色"""",""""点検"""",""""質問"""",""""約束""""]""	""[""""care"""",""""view"""",""""check"""",""""question"""",""""promise""""]""	""[""""care"""",""""chair"""",""""cake"""",""""card"""",""""call""""]""	[]	[]"
200364	2	view	景色	what you can see from a place	The view from the mountain was beautiful.	山からの景色は美しかったです。	noun	2	3	""[""""景色"""",""""世話"""",""""点検"""",""""計画"""",""""答え""""]""	""[""""view"""",""""care"""",""""check"""",""""plan"""",""""answer""""]""	""[""""view"""",""""few"""",""""voice"""",""""vine"""",""""fuel""""]""	""[{""""word"""":""""scene"""",""""note"""":""""scene は場面の意味でも使う""""}]""	[]"
200365	2	check	点検	a careful look to make sure something is right	Please do a check of your bag.	あなたのかばんを点検してください。	noun	2	4	""[""""点検"""",""""景色"""",""""世話"""",""""地図"""",""""宿題""""]""	""[""""check"""",""""view"""",""""care"""",""""map"""",""""homework""""]""	""[""""check"""",""""chair"""",""""cheap"""",""""chest"""",""""kick""""]""	[]	[]"
200366	2	forget	忘れる	to not remember something	Don't forget your homework.	宿題を忘れないで。	verb	2	3	""[""""忘れる"""",""""覚える"""",""""持ってくる"""",""""見つける"""",""""待つ""""]""	""[""""forget"""",""""remember"""",""""bring"""",""""find"""",""""wait""""]""	""[""""forget"""",""""forest"""",""""ticket"""",""""target"""",""""pocket""""]""	[]	""[{""""word"""":""""remember"""",""""note"""":""""反対に、覚えている""""}]"""
200367	2	dear	親愛なる	used to begin a letter to someone you like or respect	Dear Tom, how are you?	親愛なるトムへ、お元気ですか。	adjective	2	2	""[""""親愛なる"""",""""有名な"""",""""静かな"""",""""元気な"""",""""正直な""""]""	""[""""dear"""",""""famous"""",""""quiet"""",""""healthy"""",""""honest""""]""	""[""""dear"""",""""near"""",""""clear"""",""""chair"""",""""year""""]""	[]	[]"
200368	2	heater	暖房器具	a machine that makes a room warm	The heater is in the living room.	暖房器具は居間にあります。	noun	2	2	""[""""暖房器具"""",""""冷蔵庫"""",""""電子レンジ"""",""""洗濯機"""",""""扇風機""""]""	""[""""heater"""",""""fridge"""",""""microwave"""",""""washer"""",""""fan""""]""	""[""""heater"""",""""meter"""",""""leader"""",""""later"""",""""eater""""]""	[]	[]"
200369	2	send	送る	to make something go to a person or place	I will send this letter today.	私は今日この手紙を送ります。	verb	2	4	""[""""送る"""",""""受け取る"""",""""見せる"""",""""作る"""",""""開ける""""]""	""[""""send"""",""""receive"""",""""show"""",""""make"""",""""open""""]""	""[""""send"""",""""sand"""",""""said"""",""""sent"""",""""sick""""]""	[]	[]"
200370	2	post	郵便で送る	to send a letter or package by mail	She will post the card tomorrow.	彼女は明日そのカードを郵便で送ります。	verb	3	3	""[""""郵便で送る"""",""""受け取る"""",""""借りる"""",""""運ぶ"""",""""集める""""]""	""[""""post"""",""""receive"""",""""borrow"""",""""carry"""",""""collect""""]""	""[""""post"""",""""most"""",""""host"""",""""coat"""",""""pot""""]""	""[{""""word"""":""""mail"""",""""note"""":""""主に米語で使う""""}]""	[]"
200371	2	decide	決める	to choose after thinking	We must decide soon.	私たちはすぐに決めなければなりません。	verb	3	4	""[""""決める"""",""""忘れる"""",""""続ける"""",""""変える"""",""""比べる""""]""	""[""""decide"""",""""forget"""",""""continue"""",""""change"""",""""compare""""]""	""[""""decide"""",""""design"""",""""describe"""",""""deny"""",""""divide""""]""	[]	[]"
200372	2	copy	写す	to make the same thing again	Please copy this picture.	この絵を写してください。	verb	2	3	""[""""写す"""",""""切る"""",""""開ける"""",""""運ぶ"""",""""洗う""""]""	""[""""copy"""",""""cut"""",""""open"""",""""carry"""",""""wash""""]""	""[""""copy"""",""""coffee"""",""""puppy"""",""""happy"""",""""candy""""]""	[]	[]"
200373	2	funny	おかしい	making you laugh	That story is funny.	その話はおかしいです。	adjective	2	3	""[""""おかしい"""",""""かなしい"""",""""やさしい"""",""""うれしい"""",""""こわい""""]""	""[""""funny"""",""""sad"""",""""kind"""",""""glad"""",""""scary""""]""	""[""""funny"""",""""sunny"""",""""honey"""",""""happy"""",""""many""""]""	[]	[]"
200374	2	food	食べ物	things that people eat	We need food for dinner.	私たちは夕食に食べ物が必要です。	noun	1	5	""[""""食べ物"""",""""飲み物"""",""""果物"""",""""野菜"""",""""朝食""""]""	""[""""food"""",""""drink"""",""""fruit"""",""""vegetable"""",""""breakfast""""]""	""[""""food"""",""""foot"""",""""good"""",""""book"""",""""wood""""]""	[]	[]"
200375	2	fruit	くだもの	sweet food that grows on trees or plants	I eat fruit every morning.	私は毎朝くだものを食べます。	noun	2	3	""[""""くだもの"""",""""やさい"""",""""のみもの"""",""""おかし"""",""""パン""""]""	""[""""fruit"""",""""vegetable"""",""""drink"""",""""candy"""",""""bread""""]""	""[""""fruit"""",""""front"""",""""frog"""",""""free"""",""""flat""""]""	[]	[]"
200376	2	people	人々	men, women, and children	Many people are in the park.	たくさんの人々が公園にいます。	noun	2	5	""[""""人々"""",""""子どもたち"""",""""先生たち"""",""""家族"""",""""友だち""""]""	""[""""people"""",""""children"""",""""teachers"""",""""family"""",""""friends""""]""	""[""""people"""",""""purple"""",""""pencil"""",""""paper"""",""""table""""]""	[]	[]"
200377	2	husband	夫	a married man	Her husband is a doctor.	彼女の夫は医者です。	noun	3	3	""[""""夫"""",""""妻"""",""""父"""",""""息子"""",""""おじ""""]""	""[""""husband"""",""""wife"""",""""father"""",""""son"""",""""uncle""""]""	""[""""husband"""",""""house"""",""""hand"""",""""happy"""",""""hundred""""]""	[]	[]"
200378	2	wife	妻	a married woman	His wife is kind.	彼の妻は親切です。	noun	2	3	""[""""妻"""",""""夫"""",""""母"""",""""娘"""",""""姉妹""""]""	""[""""wife"""",""""husband"""",""""mother"""",""""daughter"""",""""sister""""]""	""[""""wife"""",""""life"""",""""white"""",""""wide"""",""""wine""""]""	[]	[]"
200379	2	picnic	ピクニック	a meal eaten outside for fun	We had a picnic in the park.	私たちは公園でピクニックをしました。	noun	2	2	""[""""ピクニック"""",""""遠足"""",""""散歩"""",""""旅行"""",""""買い物""""]""	""[""""picnic"""",""""trip"""",""""walk"""",""""travel"""",""""shopping""""]""	""[""""picnic"""",""""picture"""",""""ticket"""",""""pick"""",""""pink""""]""	[]	[]"
200380	2	chicken	鶏肉	meat from a chicken	We had chicken for dinner.	私たちは夕食に鶏肉を食べました。	noun	2	4	""[""""鶏肉"""",""""牛肉"""",""""豚肉"""",""""魚"""",""""卵""""]""	""[""""chicken"""",""""beef"""",""""pork"""",""""fish"""",""""egg""""]""	""[""""chicken"""",""""kitchen"""",""""cheese"""",""""children"""",""""ticket""""]""	[]	[]"
200381	2	beef	牛肉	meat from a cow	We had beef for dinner.	私たちは夕食に牛肉を食べました。	noun	2	3	""[""""牛肉"""",""""豚肉"""",""""鶏肉"""",""""魚"""",""""卵""""]""	""[""""beef"""",""""pork"""",""""chicken"""",""""fish"""",""""egg""""]""	""[""""beef"""",""""leaf"""",""""bean"""",""""beach"""",""""deep""""]""	[]	[]"
200382	2	pork	豚肉	meat from a pig	I ate pork for lunch.	私は昼食に豚肉を食べました。	noun	2	3	""[""""豚肉"""",""""牛肉"""",""""鶏肉"""",""""魚"""",""""卵""""]""	""[""""pork"""",""""beef"""",""""chicken"""",""""fish"""",""""egg""""]""	""[""""pork"""",""""park"""",""""fork"""",""""port"""",""""sock""""]""	[]	[]"
200383	2	sausage	ソーセージ	a food made from meat	She ate a sausage this morning.	彼女は今朝ソーセージを1本食べました。	noun	2	2	""[""""ソーセージ"""",""""ハム"""",""""ベーコン"""",""""肉"""",""""魚""""]""	""[""""sausage"""",""""ham"""",""""bacon"""",""""meat"""",""""fish""""]""	""[""""sausage"""",""""sandwich"""",""""singer"""",""""message"""",""""village""""]""	[]	[]"
200384	2	teammate	チームメート	a person on the same team as you	My teammate is very fast.	私のチームメートはとても足が速いです。	noun	2	2	""[""""チームメート"""",""""相手"""",""""監督"""",""""選手"""",""""友だち""""]""	""[""""teammate"""",""""player"""",""""coach"""",""""friend"""",""""captain""""]""	""[""""teammate"""",""""teamwork"""",""""teacher"""",""""ticket"""",""""teacup""""]""	""[{""""word"""":""""partner"""",""""note"""":""""いっしょに活動する相手""""}]""	[]"
200385	2	coin	硬貨	a small piece of money made of metal	I found a coin on the road.	私は道で硬貨を見つけました。	noun	2	3	""[""""硬貨"""",""""紙幣"""",""""財布"""",""""お金"""",""""切手""""]""	""[""""coin"""",""""bill"""",""""wallet"""",""""money"""",""""stamp""""]""	""[""""coin"""",""""corn"""",""""coat"""",""""join"""",""""kind""""]""	[]	[]"
200386	2	zipper	ファスナー	a thing that opens and closes clothes or bags	Please close the zipper on your bag.	あなたのかばんのファスナーを閉めてください。	noun	2	2	""[""""ファスナー"""",""""ボタン"""",""""ひも"""",""""ポケット"""",""""取っ手""""]""	""[""""zipper"""",""""button"""",""""string"""",""""pocket"""",""""handle""""]""	""[""""zipper"""",""""singer"""",""""dinner"""",""""silver"""",""""zebra""""]""	[]	[]"
200387	2	bell	ベル	a thing that makes a ringing sound	I heard the bell at school.	学校でベルの音を聞きました。	noun	2	3	""[""""ベル"""",""""時計"""",""""窓"""",""""かばん"""",""""いす""""]""	""[""""bell"""",""""clock"""",""""window"""",""""bag"""",""""chair""""]""	""[""""bell"""",""""bed"""",""""best"""",""""ball"""",""""bill""""]""	[]	[]"
200388	2	center	中心	the middle point of something	The tree is in the center of the park.	その木は公園の中心にあります。	noun	2	3	""[""""中心"""",""""端"""",""""角"""",""""表面"""",""""底""""]""	""[""""center"""",""""edge"""",""""corner"""",""""surface"""",""""bottom""""]""	""[""""center"""",""""sender"""",""""winter"""",""""sister"""",""""enter""""]""	""[{""""word"""":""""middle"""",""""note"""":""""ふつう『真ん中』の意味で使う""""}]""	[]"
200389	2	smartphone	スマートフォン	a mobile phone with many functions	She uses a smartphone every day.	彼女は毎日スマートフォンを使います。	noun	2	4	""[""""スマートフォン"""",""""タブレット"""",""""電話"""",""""カメラ"""",""""テレビ""""]""	""[""""smartphone"""",""""tablet"""",""""phone"""",""""camera"""",""""television""""]""	""[""""smartphone"""",""""small phone"""",""""speakerphone"""",""""headphone"""",""""microphone""""]""	""[{""""word"""":""""cellphone"""",""""note"""":""""より広い意味の『携帯電話』""""}]""	[]"
200390	2	cash	現金	money in coins or bills	I paid in cash.	私は現金で払いました。	noun	2	3	""[""""現金"""",""""小切手"""",""""硬貨"""",""""紙幣"""",""""財布""""]""	""[""""cash"""",""""check"""",""""coin"""",""""bill"""",""""wallet""""]""	""[""""cash"""",""""case"""",""""cap"""",""""cat"""",""""catch""""]""	""[{""""word"""":""""money"""",""""note"""":""""より広い意味のお金""""}]""	[]"
200391	2	bank	銀行	a place where people keep money	My mother went to the bank.	母は銀行へ行きました。	noun	2	4	""[""""銀行"""",""""郵便局"""",""""図書館"""",""""駅"""",""""病院""""]""	""[""""bank"""",""""post office"""",""""library"""",""""station"""",""""hospital""""]""	""[""""bank"""",""""back"""",""""bag"""",""""thank"""",""""tank""""]""	[]	[]"
200392	2	dollar	ドル	a unit of money used in some countries	This bag is ten dollars.	このかばんは10ドルです。	noun	2	3	""[""""ドル"""",""""円"""",""""ユーロ"""",""""ポンド"""",""""セント""""]""	""[""""dollar"""",""""yen"""",""""euro"""",""""pound"""",""""cent""""]""	""[""""dollar"""",""""collar"""",""""color"""",""""doctor"""",""""door""""]""	[]	[]"
200393	2	older	より年上の	more advanced in age	My sister is older than I am.	私の姉は私より年上です。	adjective	2	4	""[""""より年上の"""",""""より若い"""",""""より大きい"""",""""より小さい"""",""""より速い""""]""	""[""""older"""",""""younger"""",""""bigger"""",""""smaller"""",""""faster""""]""	""[""""older"""",""""order"""",""""under"""",""""owner"""",""""other""""]""	""[{""""word"""":""""elder"""",""""note"""":""""ややかたい語""""}]""	""[{""""word"""":""""younger"""",""""note"""":""""年齢がより下""""}]"""
200394	2	brother	兄弟	a boy or man in your family	My brother plays soccer after school.	私の兄弟は放課後にサッカーをします。	noun	1	5	""[""""兄弟"""",""""姉妹"""",""""父"""",""""母"""",""""いとこ""""]""	""[""""brother"""",""""sister"""",""""father"""",""""mother"""",""""cousin""""]""	""[""""brother"""",""""mother"""",""""another"""",""""brown"""",""""bother""""]""	[]	[]"
200395	2	car	車	a road vehicle with four wheels	My father has a new car.	私の父は新しい車を持っています。	noun	1	5	""[""""車"""",""""自転車"""",""""電車"""",""""バス"""",""""船""""]""	""[""""car"""",""""bike"""",""""train"""",""""bus"""",""""boat""""]""	""[""""car"""",""""card"""",""""cart"""",""""cap"""",""""cup""""]""	""[{""""word"""":""""automobile"""",""""note"""":""""ややかたい語""""}]""	[]"
200396	2	day	日	a period of 24 hours	I play soccer every day.	私は毎日サッカーをします。	noun	1	5	""[""""日"""",""""週"""",""""月"""",""""年"""",""""時間""""]""	""[""""day"""",""""week"""",""""month"""",""""year"""",""""time""""]""	""[""""day"""",""""say"""",""""play"""",""""they"""",""""date""""]""	[]	""[{""""word"""":""""night"""",""""note"""":""""昼と夜の反対""""}]"""
200397	2	year	年	a period of twelve months	A year has twelve months.	1年は12か月です。	noun	1	5	""[""""年"""",""""月"""",""""週"""",""""日"""",""""時間""""]""	""[""""year"""",""""month"""",""""week"""",""""day"""",""""hour""""]""	""[""""year"""",""""ear"""",""""near"""",""""hear"""",""""dear""""]""	[]	[]"
200398	2	morning	朝	the early part of the day	I walk to school in the morning.	私は朝に学校へ歩いて行きます。	noun	1	5	""[""""朝"""",""""昼"""",""""夕方"""",""""夜"""",""""正午""""]""	""[""""morning"""",""""afternoon"""",""""evening"""",""""night"""",""""noon""""]""	""[""""morning"""",""""warning"""",""""moving"""",""""mowing"""",""""moaning""""]""	[]	[]"
200399	2	parent	親	a mother or father	My parent came to my school.	私の親が学校に来ました。	noun	2	4	""[""""親"""",""""先生"""",""""友だち"""",""""兄弟"""",""""子ども""""]""	""[""""parent"""",""""teacher"""",""""friend"""",""""brother"""",""""child""""]""	""[""""parent"""",""""parrot"""",""""pilot"""",""""present"""",""""peanut""""]""	[]	[]"
200400	2	go around	回る	to move from place to place	We go around the park after lunch.	私たちは昼食のあとで公園を回ります。	verb	2	2	""[""""回る"""",""""止まる"""",""""座る"""",""""待つ"""",""""集まる""""]""	""[""""go around"""",""""stop"""",""""sit"""",""""wait"""",""""gather""""]""	""[""""go around"""",""""get around"""",""""go along"""",""""turn around"""",""""walk around""""]""	[]	[]"
200401	2	turn around	振り向く	to turn your body to the other side	Please turn around and look at the board.	振り向いて黒板を見てください。	verb	2	2	""[""""振り向く"""",""""立ち上がる"""",""""座る"""",""""走る"""",""""待つ""""]""	""[""""turn around"""",""""stand up"""",""""sit down"""",""""run"""",""""wait""""]""	""[""""turn around"""",""""turn away"""",""""turn left"""",""""walk around"""",""""look around""""]""	[]	[]"
200402	2	skate	スケートをする	to move on ice or on wheels with skates	My sister can skate very well.	私の姉はとても上手にスケートができます。	verb	2	2	""[""""スケートをする"""",""""泳ぐ"""",""""走る"""",""""踊る"""",""""登る""""]""	""[""""skate"""",""""swim"""",""""run"""",""""dance"""",""""climb""""]""	""[""""skate"""",""""state"""",""""stay"""",""""scale"""",""""school""""]""	[]	[]"
200403	2	jump	跳ぶ	to move up into the air	The boy can jump high.	その男の子は高く跳べます。	verb	2	4	""[""""跳ぶ"""",""""走る"""",""""歩く"""",""""泳ぐ"""",""""投げる""""]""	""[""""jump"""",""""run"""",""""walk"""",""""swim"""",""""throw""""]""	""[""""jump"""",""""bump"""",""""just"""",""""lamp"""",""""dump""""]""	[]	[]"
200404	2	hurry	急ぐ	to do something quickly	We must hurry to school.	私たちは学校へ急がなければなりません。	verb	3	3	""[""""急ぐ"""",""""待つ"""",""""休む"""",""""座る"""",""""運ぶ""""]""	""[""""hurry"""",""""wait"""",""""rest"""",""""sit"""",""""carry""""]""	""[""""hurry"""",""""worry"""",""""early"""",""""sorry"""",""""heavy""""]""	[]	[]"
200405	2	ice skating	スケート	the sport of moving on ice with skates	I like ice skating in winter.	私は冬にスケートをするのが好きです。	noun	3	2	""[""""スケート"""",""""水泳"""",""""野球"""",""""テニス"""",""""サッカー""""]""	""[""""ice skating"""",""""swimming"""",""""baseball"""",""""tennis"""",""""soccer""""]""	""[""""ice skating"""",""""nice skating"""",""""ice reading"""",""""bike skating"""",""""ice skater""""]""	[]	[]"
200406	2	film	映画	a movie	We watched a film after dinner.	私たちは夕食のあとに映画を見ました。	noun	2	3	""[""""映画"""",""""音楽"""",""""写真"""",""""手紙"""",""""新聞""""]""	""[""""film"""",""""song"""",""""photo"""",""""letter"""",""""newspaper""""]""	""[""""film"""",""""fill"""",""""farm"""",""""fine"""",""""form""""]""	""[{""""word"""":""""movie"""",""""note"""":""""特にアメリカ英語でよく使う""""}]""	[]"
200407	2	forward	前へ	to the front	Please step forward.	前へ進んでください。	adverb	3	2	""[""""前へ"""",""""後ろへ"""",""""中へ"""",""""外へ"""",""""上へ""""]""	""[""""forward"""",""""backward"""",""""inside"""",""""outside"""",""""upstairs""""]""	""[""""forward"""",""""forgive"""",""""forest"""",""""formal"""",""""fourth""""]""	""[{""""word"""":""""ahead"""",""""note"""":""""前方に、前へ""""}]""	""[{""""word"""":""""backward"""",""""note"""":""""後ろへ""""}]"""
200408	2	CD	CD	a music disc	I bought a new CD yesterday.	私は昨日新しいCDを買いました。	noun	2	2	""[""""CD"""",""""本"""",""""雑誌"""",""""手紙"""",""""地図""""]""	""[""""CD"""",""""book"""",""""magazine"""",""""letter"""",""""map""""]""	""[""""CD"""",""""city"""",""""candy"""",""""sandy"""",""""tidy""""]""	[]	[]"
200409	2	band	バンド	a group of people who play music	My brother is in a band.	私の兄はバンドに入っています。	noun	2	3	""[""""バンド"""",""""歌手"""",""""楽器"""",""""音楽"""",""""コンサート""""]""	""[""""band"""",""""singer"""",""""guitar"""",""""music"""",""""concert""""]""	""[""""band"""",""""bend"""",""""bank"""",""""hand"""",""""sand""""]""	""[{""""word"""":""""group"""",""""note"""":""""広い意味の「集まり」""""}]""	[]"
200410	2	drum	たいこ	a musical instrument you hit	He can play the drum well.	彼はたいこを上手にたたけます。	noun	2	2	""[""""たいこ"""",""""ふえ"""",""""ピアノ"""",""""ギター"""",""""バイオリン""""]""	""[""""drum"""",""""flute"""",""""piano"""",""""guitar"""",""""violin""""]""	""[""""drum"""",""""drop"""",""""drug"""",""""drive"""",""""dream""""]""	[]	[]"
200411	2	flute	ふえ	a musical instrument you blow	She plays the flute in music class.	彼女は音楽の授業でふえを演奏します。	noun	2	2	""[""""ふえ"""",""""たいこ"""",""""ピアノ"""",""""ギター"""",""""バイオリン""""]""	""[""""flute"""",""""drum"""",""""piano"""",""""guitar"""",""""violin""""]""	""[""""flute"""",""""fruit"""",""""floor"""",""""flag"""",""""fly""""]""	[]	[]"
200412	2	scarf	マフラー	a piece of cloth worn around the neck	She has a red scarf.	彼女は赤いマフラーを持っています。	noun	2	3	""[""""マフラー"""",""""ぼうし"""",""""くつ"""",""""シャツ"""",""""てぶくろ""""]""	""[""""scarf"""",""""hat"""",""""shoes"""",""""shirt"""",""""gloves""""]""	""[""""scarf"""",""""star"""",""""smart"""",""""skirt"""",""""staff""""]""	[]	[]"
200413	2	fresh	新鮮な	new, clean, and not old	These vegetables are fresh.	これらの野菜は新鮮です。	adjective	2	4	""[""""新鮮な"""",""""甘い"""",""""熱い"""",""""やわらかい"""",""""重い""""]""	""[""""fresh"""",""""sweet"""",""""hot"""",""""soft"""",""""heavy""""]""	""[""""fresh"""",""""friend"""",""""front"""",""""flash"""",""""fruit""""]""	[]	""[{""""word"""":""""old"""",""""note"""":""""古い、または新しくない""""}]"""
200414	2	pretty	かわいい	nice to look at	Your bag is pretty.	あなたのかばんはかわいいです。	adjective	2	4	""[""""かわいい"""",""""大きい"""",""""強い"""",""""速い"""",""""暗い""""]""	""[""""pretty"""",""""big"""",""""strong"""",""""fast"""",""""dark""""]""	""[""""pretty"""",""""city"""",""""party"""",""""pity"""",""""petty""""]""	""[{""""word"""":""""cute"""",""""note"""":""""prettyより口語的によく使う""""}]""	""[{""""word"""":""""ugly"""",""""note"""":""""見た目がよくない""""}]"""
200415	2	be kind to	〜に親切にする	to treat someone nicely	Please be kind to animals.	動物に親切にしてください。	verb	2	3	""[""""〜に親切にする"""",""""〜を待つ"""",""""〜を手伝う"""",""""〜を訪ねる"""",""""〜を呼ぶ""""]""	""[""""be kind to"""",""""wait for"""",""""help"""",""""visit"""",""""call""""]""	""[""""be kind to"""",""""be nice to"""",""""be close to"""",""""be good at"""",""""be late for""""]""	""[{""""word"""":""""be nice to"""",""""note"""":""""ほぼ同じ意味のやさしい表現""""}]""	""[{""""word"""":""""be mean to"""",""""note"""":""""意地悪にする""""}]"""
200416	2	last night	昨夜	the night before today	I watched TV last night.	私は昨夜テレビを見ました。	adverb	2	3	""[""""昨夜"""",""""今夜"""",""""昨朝"""",""""明日の夜"""",""""毎晩""""]""	""[""""last night"""",""""tonight"""",""""yesterday morning"""",""""tomorrow night"""",""""every night""""]""	""[""""last night"""",""""last light"""",""""late night"""",""""this night"""",""""fast night""""]""	""[{""""word"""":""""yesterday evening"""",""""note"""":""""夕方寄りの言い方""""}]""	""[{""""word"""":""""tonight"""",""""note"""":""""今夜""""}]"""
200417	2	good	よい	nice or of high quality	This cake is very good.	このケーキはとてもおいしいです。	adjective	1	5	""[""""よい"""",""""悪い"""",""""新しい"""",""""大きい"""",""""早い""""]""	""[""""good"""",""""bad"""",""""new"""",""""big"""",""""fast""""]""	""[""""good"""",""""could"""",""""wood"""",""""book"""",""""food""""]""	""[{""""word"""":""""nice"""",""""note"""":""""やさしい意味でも使う""""},{""""word"""":""""fine"""",""""note"""":""""goodより少しかたい""""}]""	""[{""""word"""":""""bad"""",""""note"""":""""反対の意味""""}]"""
200418	2	wrong	まちがった	not correct	Your answer is wrong.	あなたの答えはまちがっています。	adjective	2	3	""[""""まちがった"""",""""正しい"""",""""やさしい"""",""""速い"""",""""新しい""""]""	""[""""wrong"""",""""right"""",""""easy"""",""""fast"""",""""new""""]""	""[""""wrong"""",""""long"""",""""strong"""",""""song"""",""""walk""""]""	""[{""""word"""":""""incorrect"""",""""note"""":""""少しかたい言い方""""}]""	""[{""""word"""":""""right"""",""""note"""":""""正しい""""}]"""
200419	2	be bad at	が苦手である	to not do something well	I am bad at math.	私は数学が苦手です。	verb	3	3	""[""""が苦手である"""",""""が得意である"""",""""が好きである"""",""""を勉強する"""",""""を教える""""]""	""[""""be bad at"""",""""be good at"""",""""like"""",""""study"""",""""teach""""]""	""[""""be bad at"""",""""be good at"""",""""be glad at"""",""""be mad at"""",""""be sad at""""]""	""[{""""word"""":""""not be good at"""",""""note"""":""""意味が近い基本表現""""}]""	""[{""""word"""":""""be good at"""",""""note"""":""""得意である""""}]"""
200420	2	be absent from	を欠席する	to not be at school or a place	She was absent from school yesterday.	彼女は昨日学校を欠席しました。	verb	3	2	""[""""を欠席する"""",""""に出席する"""",""""に着く"""",""""を出発する"""",""""に参加する""""]""	""[""""be absent from"""",""""attend"""",""""arrive at"""",""""leave"""",""""join""""]""	""[""""be absent from"""",""""be away from"""",""""be active in"""",""""be afraid of"""",""""be ready for""""]""	[]	""[{""""word"""":""""attend"""",""""note"""":""""出席する""""}]"""
200421	2	bad	悪い	not good	This milk smells bad.	この牛乳は変なにおいがする。	adjective	2	5	""[""""悪い"""",""""良い"""",""""新しい"""",""""強い"""",""""早い""""]""	""[""""bad"""",""""good"""",""""new"""",""""strong"""",""""early""""]""	""[""""bad"""",""""bed"""",""""bag"""",""""bat"""",""""back""""]""	""[{""""word"""":""""poor"""",""""note"""":""""quality が低いときによく使う""""}]""	""[{""""word"""":""""good"""",""""note"""":""""反対の意味""""}]"""
200422	2	ill	病気の	sick; not well	She is ill today.	彼女は今日病気です。	adjective	3	3	""[""""病気の"""",""""元気な"""",""""忙しい"""",""""眠い"""",""""空腹の""""]""	""[""""ill"""",""""well"""",""""busy"""",""""sleepy"""",""""hungry""""]""	""[""""ill"""",""""hill"""",""""fill"""",""""will"""",""""bell""""]""	""[{""""word"""":""""sick"""",""""note"""":""""より一般的な語""""}]""	""[{""""word"""":""""well"""",""""note"""":""""体の調子がよい""""}]"""
200423	2	be late for	に遅れる	to not arrive on time for something	I am late for school.	私は学校に遅れています。	verb	3	4	""[""""に遅れる"""",""""に間に合う"""",""""を休む"""",""""へ行く"""",""""を始める""""]""	""[""""be late for"""",""""be on time for"""",""""miss"""",""""go to"""",""""start""""]""	""[""""be late for"""",""""be ready for"""",""""be sorry for"""",""""be famous for"""",""""be good for""""]""	[]	""[{""""word"""":""""be on time for"""",""""note"""":""""時間どおりに着く""""}]"""
200424	2	outside	外で	in or to the open air	The children are playing outside.	子どもたちは外で遊んでいます。	adverb	2	4	""[""""外で"""",""""中で"""",""""上で"""",""""下で"""",""""近くで""""]""	""[""""outside"""",""""inside"""",""""upstairs"""",""""downstairs"""",""""nearby""""]""	""[""""outside"""",""""inside"""",""""out"""",""""side"""",""""around""""]""	[]	""[{""""word"""":""""inside"""",""""note"""":""""反対の場所を表す""""}]"""
200425	2	far from	〜から遠い	not near to	My house is far from the station.	私の家は駅から遠いです。	preposition	3	3	""[""""〜から遠い"""",""""〜の近くに"""",""""〜の前に"""",""""〜の後ろに"""",""""〜のとなりに""""]""	""[""""far from"""",""""near"""",""""in front of"""",""""behind"""",""""next to""""]""	""[""""far from"""",""""from"""",""""farm"""",""""form"""",""""for""""]""	[]	""[{""""word"""":""""near"""",""""note"""":""""近いことを表す""""}]"""
200426	2	lose	なくす	to not have something anymore	Be careful not to lose your bag.	かばんをなくさないように気をつけて。	verb	2	4	""[""""なくす"""",""""見つける"""",""""持つ"""",""""使う"""",""""借りる""""]""	""[""""lose"""",""""find"""",""""keep"""",""""use"""",""""borrow""""]""	""[""""lose"""",""""choose"""",""""news"""",""""loop"""",""""look""""]""	[]	""[{""""word"""":""""find"""",""""note"""":""""なくした物を見つける""""}]"""
200427	2	eighteen	18	the number 18	I have eighteen pencils.	私は鉛筆を18本持っています。	number	1	2	""[""""18"""",""""17"""",""""19"""",""""16"""",""""20""""]""	""[""""eighteen"""",""""seventeen"""",""""nineteen"""",""""sixteen"""",""""twenty""""]""	""[""""eighteen"""",""""eighty"""",""""eight"""",""""sixteen"""",""""nineteen""""]""	[]	[]"
200428	2	nineteen	19	the number 19	She is nineteen years old.	彼女は19歳です。	number	1	2	""[""""19"""",""""18"""",""""17"""",""""20"""",""""16""""]""	""[""""nineteen"""",""""eighteen"""",""""seventeen"""",""""twenty"""",""""sixteen""""]""	""[""""nineteen"""",""""ninety"""",""""nine"""",""""eighteen"""",""""sixteen""""]""	[]	[]"
200429	2	seventeen	17	the number 17	I have seventeen pencils.	私は17本のえんぴつを持っています。	number	1	3	""[""""17"""",""""16"""",""""18"""",""""19"""",""""20""""]""	""[""""seventeen"""",""""sixteen"""",""""eighteen"""",""""nineteen"""",""""twenty""""]""	""[""""seventeen"""",""""sixteen"""",""""seventy"""",""""seven"""",""""eighteen""""]""	[]	[]"
200430	2	sixteen	16	the number 16	I have sixteen pencils.	私は鉛筆を16本持っています。	number	1	3	""[""""16"""",""""15"""",""""17"""",""""18"""",""""19""""]""	""[""""sixteen"""",""""fifteen"""",""""seventeen"""",""""eighteen"""",""""nineteen""""]""	""[""""sixteen"""",""""sixty"""",""""six"""",""""seventeen"""",""""sixth""""]""	[]	[]"
200431	2	thing	もの	an object or an idea	This thing is very useful.	このものはとても役に立ちます。	noun	1	5	""[""""もの"""",""""こと"""",""""道具"""",""""箱"""",""""食べ物""""]""	""[""""thing"""",""""stuff"""",""""tool"""",""""box"""",""""food""""]""	""[""""thing"""",""""think"""",""""sing"""",""""thank"""",""""thin""""]""	[]	[]"
200432	2	me	私を	the speaker as the object	She called me yesterday.	彼女は昨日私を呼びました。	pronoun	1	5	""[""""私を"""",""""彼を"""",""""彼女を"""",""""私たちを"""",""""それを""""]""	""[""""me"""",""""him"""",""""her"""",""""us"""",""""it""""]""	""[""""me"""",""""we"""",""""bee"""",""""knee"""",""""my""""]""	[]	[]"
200433	2	us	私たちを	the object form of we	He helped us after school.	彼は放課後に私たちを手伝ってくれました。	pronoun	1	5	""[""""私たちを"""",""""彼らを"""",""""あなたを"""",""""彼を"""",""""彼女を""""]""	""[""""us"""",""""them"""",""""you"""",""""him"""",""""her""""]""	""[""""us"""",""""as"""",""""bus"""",""""ask"""",""""up""""]""	[]	[]"
200434	2	Shall I open the window?	窓を開けましょうか	used to offer to do something	Shall I open the window?	窓を開けましょうか。	expression	2	3	""[""""窓を開けましょうか"""",""""ドアを閉めましょうか"""",""""手伝いましょうか"""",""""座りましょうか"""",""""電話に出ましょうか""""]""	""[""""Shall I open the window?"""",""""Shall I close the door?"""",""""Shall I help you?"""",""""Shall I sit here?"""",""""Shall I answer the phone?""""]""	""[""""Shall I open the window?"""",""""Shall I close the window?"""",""""Can I open the window?"""",""""Shall we open the window?"""",""""Shall I open the door?""""]""	[]	[]"
200435	2	May I take a message?	伝言を承りましょうか	used to ask politely to write down a message	May I take a message?	伝言を承りましょうか。	expression	2	2	""[""""伝言を承りましょうか"""",""""お名前を伺ってもよいですか"""",""""少々お待ちください"""",""""もう一度言ってください"""",""""後でかけ直してください""""]""	""[""""May I take a message?"""",""""May I have your name?"""",""""Please hold on."""",""""Please say that again."""",""""Please call back later.""""]""	""[""""May I take a message?"""",""""May I leave a message?"""",""""Can I take a message?"""",""""May I make a message?"""",""""May I take this message?""""]""	[]	[]"
200436	2	one day	いつか	at some time in the future	I want to visit Canada one day.	私はいつかカナダを訪れたいです。	adverb	2	3	""[""""いつか"""",""""毎日"""",""""昨日"""",""""すぐに"""",""""たいてい""""]""	""[""""one day"""",""""every day"""",""""yesterday"""",""""soon"""",""""usually""""]""	""[""""one day"""",""""Monday"""",""""today"""",""""Sunday"""",""""holiday""""]""	[]	[]"
200437	2	on weekends	週末に	on Saturdays and Sundays	I play soccer on weekends.	私は週末にサッカーをします。	adverb	2	3	""[""""週末に"""",""""平日に"""",""""朝に"""",""""夜に"""",""""毎日""""]""	""[""""on weekends"""",""""on weekdays"""",""""in the morning"""",""""at night"""",""""every day""""]""	""[""""on weekends"""",""""on weekdays"""",""""on Wednesday"""",""""on Sunday"""",""""on holiday""""]""	[]	[]"
200438	2	on Sunday	日曜日に	on the day called Sunday	We will go shopping on Sunday.	私たちは日曜日に買い物に行く予定です。	adverb	2	3	""[""""日曜日に"""",""""土曜日に"""",""""月曜日に"""",""""週末に"""",""""明日に""""]""	""[""""on Sunday"""",""""on Saturday"""",""""on Monday"""",""""on weekends"""",""""tomorrow""""]""	""[""""on Sunday"""",""""on Monday"""",""""on Saturday"""",""""on someday"""",""""on sunny days""""]""	[]	[]"
200439	2	on Thursday	木曜日に	on the day called Thursday	We have music class on Thursday.	私たちは木曜日に音楽の授業があります。	preposition	2	3	""[""""木曜日に"""",""""月曜日に"""",""""火曜日に"""",""""水曜日に"""",""""金曜日に""""]""	""[""""on Thursday"""",""""on Monday"""",""""on Tuesday"""",""""on Wednesday"""",""""on Friday""""]""	""[""""on Thursday"""",""""on Tuesday"""",""""on Saturday"""",""""on Sunday"""",""""on Monday""""]""	[]	[]"
200440	2	a cup of	1杯の	the amount in one cup	I want a cup of tea.	私はお茶を1杯ほしいです。	determiner	2	3	""[""""1杯の"""",""""1本の"""",""""1枚の"""",""""1個の"""",""""1皿の""""]""	""[""""a cup of"""",""""a bottle of"""",""""a piece of"""",""""a box of"""",""""a glass of""""]""	""[""""a cup of"""",""""a cap of"""",""""a kind of"""",""""a can of"""",""""a bag of""""]""	[]	[]"
200441	2	step	歩	one movement of the foot when walking	Take one step forward.	一歩前に進みなさい。	noun	2	3	""[""""歩"""",""""ジャンプ"""",""""走り"""",""""休み"""",""""泳ぎ""""]""	""[""""step"""",""""jump"""",""""run"""",""""rest"""",""""swim""""]""	""[""""step"""",""""stop"""",""""stamp"""",""""stick"""",""""stone""""]""	[]	[]"
200442	2	quarter	4分の1	one of four equal parts	I ate a quarter of the cake.	私はそのケーキの4分の1を食べました。	noun	2	3	""[""""4分の1"""",""""半分"""",""""3分の1"""",""""全部"""",""""一切れ""""]""	""[""""quarter"""",""""half"""",""""third"""",""""whole"""",""""piece""""]""	""[""""quarter"""",""""corner"""",""""porter"""",""""water"""",""""order""""]""	[]	[]"
200443	2	a glass of	1杯の	the amount in one glass	I want a glass of milk.	私は牛乳を1杯ほしいです。	determiner	2	3	""[""""1杯の"""",""""1本の"""",""""1皿の"""",""""1切れの"""",""""1箱の""""]""	""[""""a glass of"""",""""a bottle of"""",""""a plate of"""",""""a piece of"""",""""a box of""""]""	""[""""a glass of"""",""""a class of"""",""""a bag of"""",""""a cup of"""",""""a can of""""]""	[]	[]"
200444	2	again	もう一度	one more time	Please say that again.	もう一度それを言ってください。	adverb	1	5	""[""""もう一度"""",""""すぐに"""",""""いつも"""",""""たぶん"""",""""いっしょに""""]""	""[""""again"""",""""soon"""",""""always"""",""""maybe"""",""""together""""]""	""[""""again"""",""""ago"""",""""alone"""",""""across"""",""""around""""]""	""[{""""word"""":""""once more"""",""""note"""":""""より説明的な言い方""""}]""	[]"
200445	2	page	ページ	one side of a sheet in a book	Please open page ten.	10ページを開いてください。	noun	2	3	""[""""ページ"""",""""章"""",""""表紙"""",""""行"""",""""題名""""]""	""[""""page"""",""""chapter"""",""""cover"""",""""line"""",""""title""""]""	""[""""page"""",""""cage"""",""""paid"""",""""pace"""",""""age""""]""	[]	[]"
200446	2	once a week	週に1回	one time every week	I play tennis once a week.	私は週に1回テニスをします。	adverb	2	2	""[""""週に1回"""",""""週に2回"""",""""毎日"""",""""毎月"""",""""毎年""""]""	""[""""once a week"""",""""twice a week"""",""""every day"""",""""every month"""",""""every year""""]""	""[""""once a week"""",""""once a day"""",""""twice a week"""",""""once a month"""",""""one week""""]""	[]	[]"
200447	2	sandals	サンダル	light open shoes for warm weather	She is wearing sandals today.	彼女は今日サンダルをはいています。	noun	2	2	""[""""サンダル"""",""""くつ"""",""""ブーツ"""",""""くつ下"""",""""ぼうし""""]""	""[""""sandals"""",""""shoes"""",""""boots"""",""""socks"""",""""hat""""]""	""[""""sandals"""",""""sandal"""",""""singers"""",""""Sunday"""",""""samples""""]""	[]	[]"
200448	2	eighth	8番目の	in position number eight	He is the eighth runner.	彼は8番目の走者です。	adjective	2	2	""[""""8番目の"""",""""7番目の"""",""""9番目の"""",""""5番目の"""",""""10番目の""""]""	""[""""eighth"""",""""seventh"""",""""ninth"""",""""fifth"""",""""tenth""""]""	""[""""eighth"""",""""eighty"""",""""earth"""",""""ate"""",""""easy""""]""	[]	[]"
200449	2	eleventh	11番目の	in position number eleven	She is the eleventh student.	彼女は11番目の生徒です。	adjective	2	1	""[""""11番目の"""",""""10番目の"""",""""12番目の"""",""""9番目の"""",""""13番目の""""]""	""[""""eleventh"""",""""tenth"""",""""twelfth"""",""""ninth"""",""""thirteenth""""]""	""[""""eleventh"""",""""eleven"""",""""event"""",""""element"""",""""relevant""""]""	[]	[]"
200450	2	fifth	5番目の	in position number five	Today is the fifth day.	今日は5日目です。	adjective	2	2	""[""""5番目の"""",""""4番目の"""",""""6番目の"""",""""7番目の"""",""""3番目の""""]""	""[""""fifth"""",""""fourth"""",""""sixth"""",""""seventh"""",""""third""""]""	""[""""fifth"""",""""fish"""",""""face"""",""""fast"""",""""gift""""]""	[]	[]"
200451	2	fourth	4番目の	in number four in order	He is the fourth runner.	彼は4番目の走者です。	adjective	2	2	""[""""4番目の"""",""""3番目の"""",""""5番目の"""",""""6番目の"""",""""7番目の""""]""	""[""""fourth"""",""""third"""",""""fifth"""",""""sixth"""",""""seventh""""]""	""[""""fourth"""",""""first"""",""""forty"""",""""four"""",""""fifth""""]""	[]	[]"
200452	2	ninth	9番目の	in number nine in order	Today is the ninth day.	今日は9日目です。	adjective	2	2	""[""""9番目の"""",""""8番目の"""",""""7番目の"""",""""10番目の"""",""""11番目の""""]""	""[""""ninth"""",""""eighth"""",""""seventh"""",""""tenth"""",""""eleventh""""]""	""[""""ninth"""",""""night"""",""""nice"""",""""tenth"""",""""name""""]""	[]	[]"
200453	2	seventh	7番目の	in number seven in order	She sits in the seventh seat.	彼女は7番目の席に座ります。	adjective	2	2	""[""""7番目の"""",""""6番目の"""",""""5番目の"""",""""8番目の"""",""""9番目の""""]""	""[""""seventh"""",""""sixth"""",""""fifth"""",""""eighth"""",""""ninth""""]""	""[""""seventh"""",""""seventy"""",""""second"""",""""several"""",""""seaside""""]""	[]	[]"
200454	2	sixth	6番目の	in number 6 in order	Today is the sixth day of the trip.	今日は旅行の6日目だ。	adjective	2	2	""[""""6番目の"""",""""5番目の"""",""""7番目の"""",""""8番目の"""",""""9番目の""""]""	""[""""sixth"""",""""fifth"""",""""seventh"""",""""eighth"""",""""ninth""""]""	""[""""sixth"""",""""fifth"""",""""seventh"""",""""sick"""",""""sink""""]""	[]	[]"
200455	2	tenth	10番目の	in number 10 in order	He was the tenth runner in the race.	彼はそのレースで10番目の走者だった。	adjective	2	2	""[""""10番目の"""",""""8番目の"""",""""9番目の"""",""""11番目の"""",""""12番目の""""]""	""[""""tenth"""",""""eighth"""",""""ninth"""",""""eleventh"""",""""twelfth""""]""	""[""""tenth"""",""""tent"""",""""teeth"""",""""thank"""",""""text""""]""	[]	[]"
200456	2	third	3番目の	in number 3 in order	She sits in the third seat.	彼女は3番目の席に座る。	adjective	2	3	""[""""3番目の"""",""""1番目の"""",""""2番目の"""",""""4番目の"""",""""5番目の""""]""	""[""""third"""",""""first"""",""""second"""",""""fourth"""",""""fifth""""]""	""[""""third"""",""""bird"""",""""word"""",""""thirty"""",""""turn""""]""	[]	[]"
200457	2	twelfth	12番目の	coming after eleventh	My birthday is on the twelfth of May.	私の誕生日は5月12日です。	adjective	2	2	""[""""12番目の"""",""""10番目の"""",""""11番目の"""",""""13番目の"""",""""20番目の""""]""	""[""""twelfth"""",""""tenth"""",""""eleventh"""",""""thirteenth"""",""""twentieth""""]""	""[""""twelfth"""",""""twenty"""",""""twelve"""",""""third"""",""""fifth""""]""	[]	[]"
200458	2	else	ほかに	in addition; other than that	Do you need anything else?	ほかに何か必要ですか。	adverb	2	4	""[""""ほかに"""",""""いつも"""",""""たぶん"""",""""すぐに"""",""""いっしょに""""]""	""[""""else"""",""""always"""",""""maybe"""",""""soon"""",""""together""""]""	""[""""else"""",""""less"""",""""easy"""",""""ice"""",""""ask""""]""	[]	[]"
200459	2	camping	キャンプ	the activity of staying outdoors in a tent	We are going camping this weekend.	私たちは今週末キャンプに行きます。	noun	2	3	""[""""キャンプ"""",""""買い物"""",""""水泳"""",""""料理"""",""""勉強""""]""	""[""""camping"""",""""shopping"""",""""swimming"""",""""cooking"""",""""studying""""]""	""[""""camping"""",""""coming"""",""""campus"""",""""candy"""",""""cap""""]""	[]	[]"
200460	2	park	公園	a place with grass and trees where people can relax or play	We play soccer in the park.	私たちは公園でサッカーをします。	noun	2	4	""[""""公園"""",""""学校"""",""""図書館"""",""""駅"""",""""病院""""]""	""[""""park"""",""""school"""",""""library"""",""""station"""",""""hospital""""]""	""[""""park"""",""""part"""",""""dark"""",""""pack"""",""""pork""""]""	[]	[]"
200461	2	out	外へ	to or in the outside place	Please go out now.	今、外へ出てください。	adverb	2	5	""[""""外へ"""",""""中へ"""",""""上へ"""",""""下へ"""",""""ここに""""]""	""[""""out"""",""""in"""",""""up"""",""""down"""",""""here""""]""	""[""""out"""",""""about"""",""""our"""",""""house"""",""""mouth""""]""	[]	""[{""""word"""":""""in"""",""""note"""":""""反対の方向""""}]"""
200462	2	microwave	電子レンジ	a machine that heats food quickly	The soup is in the microwave.	スープは電子レンジの中にあります。	noun	3	2	""[""""電子レンジ"""",""""冷蔵庫"""",""""オーブン"""",""""テレビ"""",""""洗濯機""""]""	""[""""microwave"""",""""refrigerator"""",""""oven"""",""""television"""",""""washer""""]""	""[""""microwave"""",""""mile"""",""""myself"""",""""window"""",""""rainbow""""]""	[]	[]"
200463	2	shopkeeper	店主	a person who owns or works in a shop	The shopkeeper was very kind to us.	その店主は私たちにとても親切でした。	noun	2	2	""[""""店主"""",""""医者"""",""""先生"""",""""運転手"""",""""警官""""]""	""[""""shopkeeper"""",""""doctor"""",""""teacher"""",""""driver"""",""""police officer""""]""	""[""""shopkeeper"""",""""shoemaker"""",""""bookkeeper"""",""""shopper"""",""""speaker""""]""	""[{""""word"""":""""store owner"""",""""note"""":""""店を持つ人を表す言い方""""}]""	[]"
200464	2	toothache	歯痛	pain in a tooth	I have a toothache today.	今日は歯が痛いです。	noun	2	2	""[""""歯痛"""",""""頭痛"""",""""腹痛"""",""""せき"""",""""熱""""]""	""[""""toothache"""",""""headache"""",""""stomachache"""",""""cough"""",""""fever""""]""	""[""""toothache"""",""""Tuesday"""",""""teacher"""",""""ticket"""",""""too late""""]""	[]	[]"
200465	2	stapler	ホッチキス	a tool for joining papers with metal staples	Please pass me the stapler.	そのホッチキスを取ってください。	noun	2	2	""[""""ホッチキス"""",""""はさみ"""",""""のり"""",""""定規"""",""""消しゴム""""]""	""[""""stapler"""",""""scissors"""",""""glue"""",""""ruler"""",""""eraser""""]""	""[""""stapler"""",""""stable"""",""""stamp"""",""""table"""",""""sticker""""]""	[]	[]"
200466	2	piece	一切れ	a part of something	I ate a piece of cake.	私はケーキを一切れ食べました。	noun	2	3	""[""""一切れ"""",""""一杯"""",""""一枚"""",""""一箱"""",""""一個""""]""	""[""""piece"""",""""cup"""",""""sheet"""",""""box"""",""""item""""]""	""[""""piece"""",""""peace"""",""""peas"""",""""pick"""",""""beach""""]""	[]	[]"
200467	2	See you tomorrow.	また明日。	a phrase used when saying goodbye until tomorrow	See you tomorrow.	また明日。	phrase	1	5	""[""""また明日。"""",""""またあとで。"""",""""おはよう。"""",""""こんばんは。"""",""""ありがとう。""""]""	""[""""See you tomorrow."""",""""See you later."""",""""Good morning."""",""""Good evening."""",""""Thank you.""""]""	""[""""See you tomorrow."""",""""See you tonight."""",""""See you later."""",""""See you Monday."""",""""See you again.""""]""	[]	[]"
200468	2	See you later.	またあとで。	a phrase used when saying goodbye for now	See you later.	またあとで。	phrase	1	5	""[""""またあとで。"""",""""また明日。"""",""""おやすみ。"""",""""こんにちは。"""",""""すみません。""""]""	""[""""See you later."""",""""See you tomorrow."""",""""Good night."""",""""Hello."""",""""Excuse me.""""]""	""[""""See you later."""",""""See you tomorrow."""",""""See you again."""",""""See you Monday."""",""""See you soon.""""]""	[]	[]"
200469	2	teeth	歯	the hard white parts in your mouth	Brush your teeth every night.	毎晩、歯をみがきなさい。	noun	1	4	""[""""歯"""",""""目"""",""""耳"""",""""鼻"""",""""口""""]""	""[""""teeth"""",""""eyes"""",""""ears"""",""""nose"""",""""mouth""""]""	""[""""teeth"""",""""team"""",""""teach"""",""""tent"""",""""deep""""]""	[]	[]"
200470	2	hand	手	the part at the end of your arm	Raise your hand, please.	手をあげてください。	noun	1	5	""[""""手"""",""""足"""",""""腕"""",""""指"""",""""肩""""]""	""[""""hand"""",""""foot"""",""""arm"""",""""finger"""",""""shoulder""""]""	""[""""hand"""",""""sand"""",""""hat"""",""""hen"""",""""hard""""]""	[]	[]"
200471	2	answer	答え	something you say or write back to a question	Write your answer here.	ここに答えを書きなさい。	noun	2	4	""[""""答え"""",""""質問"""",""""問題"""",""""名前"""",""""理由""""]""	""[""""answer"""",""""question"""",""""problem"""",""""name"""",""""reason""""]""	""[""""answer"""",""""anger"""",""""anchor"""",""""actor"""",""""after""""]""	""[{""""word"""":""""reply"""",""""note"""":""""返事の意味でも使う""""}]""	[]"
200472	2	ask	たずねる	to say you want to know something	I want to ask you a question.	あなたに質問をたずねたいです。	verb	2	5	""[""""たずねる"""",""""答える"""",""""話す"""",""""聞く"""",""""教える""""]""	""[""""ask"""",""""answer"""",""""speak"""",""""hear"""",""""teach""""]""	""[""""ask"""",""""desk"""",""""mask"""",""""back"""",""""task""""]""	""[{""""word"""":""""question"""",""""note"""":""""verb; ややかたい言い方""""}]""	[]"
200473	2	bring	持ってくる	to carry something to a place	Please bring your book to class.	授業にあなたの本を持ってきてください。	verb	3	4	""[""""持ってくる"""",""""運ぶ"""",""""送る"""",""""置く"""",""""見せる""""]""	""[""""bring"""",""""carry"""",""""send"""",""""put"""",""""show""""]""	""[""""bring"""",""""spring"""",""""brick"""",""""drink"""",""""blink""""]""	""[{""""word"""":""""carry"""",""""note"""":""""carry は運ぶ、bring は持ってくる""""}]""	""[{""""word"""":""""take"""",""""note"""":""""take は持っていく""""}]"""
200474	2	catch	つかまえる	to stop and hold something moving	Can you catch the ball?	そのボールをつかまえられますか。	verb	3	4	""[""""つかまえる"""",""""投げる"""",""""ける"""",""""落とす"""",""""押す""""]""	""[""""catch"""",""""throw"""",""""kick"""",""""drop"""",""""push""""]""	""[""""catch"""",""""cash"""",""""cap"""",""""cat"""",""""cut""""]""	""[{""""word"""":""""grab"""",""""note"""":""""grab はすばやくつかむ""""}]""	""[{""""word"""":""""drop"""",""""note"""":""""手から落とす""""}]"""
200475	2	choose	選ぶ	to pick one from two or more things	Please choose a bag.	バッグを選んでください。	verb	2	4	""[""""選ぶ"""",""""使う"""",""""開ける"""",""""運ぶ"""",""""見せる""""]""	""[""""choose"""",""""use"""",""""open"""",""""carry"""",""""show""""]""	""[""""choose"""",""""cheese"""",""""shoes"""",""""juice"""",""""close""""]""	""[{""""word"""":""""pick"""",""""note"""":""""くだけた言い方で「選ぶ」""""}]""	[]"
200476	2	clean	きれいな	not dirty	Your room is clean.	あなたの部屋はきれいです。	adjective	2	4	""[""""きれいな"""",""""静かな"""",""""明るい"""",""""新しい"""",""""暖かい""""]""	""[""""clean"""",""""quiet"""",""""bright"""",""""new"""",""""warm""""]""	""[""""clean"""",""""green"""",""""class"""",""""clear"""",""""climb""""]""	[]	""[{""""word"""":""""dirty"""",""""note"""":""""よごれた""""}]"""
200477	2	drink	飲む	to take liquid into your mouth and swallow it	I drink milk every morning.	私は毎朝牛乳を飲みます。	verb	2	4	""[""""飲む"""",""""食べる"""",""""作る"""",""""買う"""",""""洗う""""]""	""[""""drink"""",""""eat"""",""""make"""",""""buy"""",""""wash""""]""	""[""""drink"""",""""drive"""",""""dream"""",""""bring"""",""""drop""""]""	[]	[]"
200478	2	drive	運転する	to control a car or other vehicle	My father can drive a car.	私の父は車を運転できます。	verb	2	4	""[""""運転する"""",""""歩く"""",""""走る"""",""""止まる"""",""""乗る""""]""	""[""""drive"""",""""walk"""",""""run"""",""""stop"""",""""ride""""]""	""[""""drive"""",""""drop"""",""""dry"""",""""drum"""",""""dive""""]""	[]	[]"
200479	2	get up	起きる	to leave your bed in the morning	I get up at seven every day.	私は毎日7時に起きます。	verb	2	4	""[""""起きる"""",""""座る"""",""""眠る"""",""""待つ"""",""""休む""""]""	""[""""get up"""",""""sit"""",""""sleep"""",""""wait"""",""""rest""""]""	""[""""get up"""",""""set up"""",""""get on"""",""""wake up"""",""""stand up""""]""	""[{""""word"""":""""wake up"""",""""note"""":""""目が覚める意味でも使う""""}]""	[]"
200480	2	get	得る	to receive or buy something	I get a new book on Sunday.	私は日曜日に新しい本を手に入れます。	verb	2	5	""[""""得る"""",""""使う"""",""""作る"""",""""見せる"""",""""開ける""""]""	""[""""get"""",""""use"""",""""make"""",""""show"""",""""open""""]""	""[""""get"""",""""gate"""",""""gift"""",""""guess"""",""""let""""]""	[]	[]"
200481	2	give	あげる	to hand something to someone	Please give me the book.	その本を私にください。	verb	1	5	""[""""あげる"""",""""借りる"""",""""見せる"""",""""作る"""",""""開ける""""]""	""[""""give"""",""""lend"""",""""show"""",""""make"""",""""open""""]""	""[""""give"""",""""gift"""",""""girl"""",""""game"""",""""gate""""]""	""[{""""word"""":""""hand"""",""""note"""":""""hand A B で「AにBを手渡す」""""}]""	""[{""""word"""":""""take"""",""""note"""":""""give は与える、take は受け取る・取る""""}]"""
200482	2	help	助ける	to make it easier for someone	I help my mother at home.	私は家で母を手伝います。	verb	1	5	""[""""助ける"""",""""待つ"""",""""呼ぶ"""",""""使う"""",""""運ぶ""""]""	""[""""help"""",""""wait"""",""""call"""",""""use"""",""""carry""""]""	""[""""help"""",""""held"""",""""hill"""",""""hope"""",""""heap""""]""	""[{""""word"""":""""assist"""",""""note"""":""""ややかたい語""""}]""	""[{""""word"""":""""hurt"""",""""note"""":""""help は助ける、hurt は傷つける""""}]"""
200483	2	like	好き	to think something is good	I like dogs very much.	私は犬がとても好きです。	verb	1	5	""[""""好き"""",""""必要"""",""""有名"""",""""上手"""",""""安全""""]""	""[""""like"""",""""need"""",""""know"""",""""want"""",""""find""""]""	""[""""like"""",""""light"""",""""line"""",""""lake"""",""""lock""""]""	""[{""""word"""":""""love"""",""""note"""":""""like より強い気持ち""""}]""	""[{""""word"""":""""hate"""",""""note"""":""""like の反対""""}]"""
200484	2	listen	聞く	to try to hear something	Please listen to the teacher.	先生の話を聞いてください。	verb	2	4	""[""""聞く"""",""""話す"""",""""書く"""",""""読む"""",""""見る""""]""	""[""""listen"""",""""speak"""",""""write"""",""""read"""",""""watch""""]""	""[""""listen"""",""""lesson"""",""""list"""",""""little"""",""""written""""]""	""[{""""word"""":""""hear"""",""""note"""":""""hearは自然に聞こえる、listenは注意して聞く""""}]""	[]"
200485	2	meet	会う	to see someone in person	I will meet my friend after school.	放課後に友だちに会います。	verb	2	4	""[""""会う"""",""""呼ぶ"""",""""待つ"""",""""助ける"""",""""教える""""]""	""[""""meet"""",""""call"""",""""wait"""",""""help"""",""""teach""""]""	""[""""meet"""",""""meat"""",""""met"""",""""seat"""",""""need""""]""	[]	[]"
200486	2	need	必要とする	to want something because it is important	We need more time.	私たちにはもっと時間が必要です。	verb	2	5	""[""""必要とする"""",""""借りる"""",""""見つける"""",""""使う"""",""""作る""""]""	""[""""need"""",""""borrow"""",""""find"""",""""use"""",""""make""""]""	""[""""need"""",""""read"""",""""seed"""",""""near"""",""""name""""]""	[]	[]"
200487	2	paint	絵をかく	to make a picture with colors	I paint a flower in art class.	私は図工の時間に花の絵をかきます。	verb	2	3	""[""""絵をかく"""",""""歌う"""",""""走る"""",""""読む"""",""""書く""""]""	""[""""paint"""",""""sing"""",""""run"""",""""read"""",""""write""""]""	""[""""paint"""",""""point"""",""""pants"""",""""plate"""",""""plant""""]""	""[{""""word"""":""""draw"""",""""note"""":""""drawは線でかく、paintは絵の具などでかく""""}]""	[]"
200488	2	play	遊ぶ	to have fun or do a game	The children play in the park.	その子どもたちは公園で遊びます。	verb	1	5	""[""""遊ぶ"""",""""歩く"""",""""泳ぐ"""",""""座る"""",""""眠る""""]""	""[""""play"""",""""walk"""",""""swim"""",""""sit"""",""""sleep""""]""	""[""""play"""",""""pray"""",""""plane"""",""""place"""",""""plate""""]""	[]	[]"
200489	2	practice	練習する	to do something again to get better	I practice the piano every day.	私は毎日ピアノを練習します。	verb	3	3	""[""""練習する"""",""""勉強する"""",""""教える"""",""""作る"""",""""使う""""]""	""[""""practice"""",""""study"""",""""teach"""",""""make"""",""""use""""]""	""[""""practice"""",""""plastic"""",""""planet"""",""""present"""",""""picnic""""]""	[]	[]"
200490	2	say	言う	to speak words	Please say your name.	あなたの名前を言ってください。	verb	2	5	""[""""言う"""",""""聞く"""",""""書く"""",""""読む"""",""""話す""""]""	""[""""say"""",""""hear"""",""""write"""",""""read"""",""""speak""""]""	""[""""say"""",""""stay"""",""""sail"""",""""same"""",""""sale""""]""	""[{""""word"""":""""speak"""",""""note"""":""""speak は話す、say は言葉を言う""""}]""	[]"
200491	2	show	見せる	to let someone see something	Please show me your picture.	あなたの絵を私に見せてください。	verb	2	4	""[""""見せる"""",""""作る"""",""""使う"""",""""開ける"""",""""運ぶ""""]""	""[""""show"""",""""make"""",""""use"""",""""open"""",""""carry""""]""	""[""""show"""",""""shoe"""",""""shop"""",""""short"""",""""snow""""]""	[]	""[{""""word"""":""""hide"""",""""note"""":""""hide は隠す""""}]"""
200492	2	start	始める	to begin doing something	We start school at eight.	私たちは8時に学校が始まります。	verb	2	4	""[""""始める"""",""""終える"""",""""止める"""",""""続ける"""",""""待つ""""]""	""[""""start"""",""""finish"""",""""stop"""",""""continue"""",""""wait""""]""	""[""""start"""",""""smart"""",""""star"""",""""stand"""",""""stamp""""]""	""[{""""word"""":""""begin"""",""""note"""":""""begin は start とほぼ同じ""""}]""	""[{""""word"""":""""finish"""",""""note"""":""""finish は終える""""}]"""
200493	2	swim	泳ぐ	to move through water	I can swim fast.	私は速く泳げます。	verb	2	4	""[""""泳ぐ"""",""""走る"""",""""歩く"""",""""跳ぶ"""",""""投げる""""]""	""[""""swim"""",""""run"""",""""walk"""",""""jump"""",""""throw""""]""	""[""""swim"""",""""slim"""",""""swing"""",""""sweet"""",""""swift""""]""	[]	[]"
200494	2	tell	伝える	to give information in words	Please tell me your name.	あなたの名前を私に教えてください。	verb	2	4	""[""""伝える"""",""""聞く"""",""""見る"""",""""使う"""",""""開ける""""]""	""[""""tell"""",""""ask"""",""""see"""",""""use"""",""""open""""]""	""[""""tell"""",""""ten"""",""""tall"""",""""time"""",""""take""""]""	""[{""""word"""":""""say"""",""""note"""":""""say は言葉を言う、tell は人に伝える""""}]""	[]"
200495	2	want	ほしい	to wish to have or do something	I want a new bag.	私は新しいかばんがほしいです。	verb	2	5	""[""""ほしい"""",""""必要だ"""",""""好きだ"""",""""知っている"""",""""見える""""]""	""[""""want"""",""""need"""",""""like"""",""""know"""",""""see""""]""	""[""""want"""",""""went"""",""""wash"""",""""watch"""",""""wind""""]""	[]	[]"
200496	2	work	働く	to do a job	My parents work in the city.	私の両親はその町で働いています。	verb	2	5	""[""""働く"""",""""歩く"""",""""泳ぐ"""",""""走る"""",""""歌う""""]""	""[""""work"""",""""walk"""",""""swim"""",""""run"""",""""sing""""]""	""[""""work"""",""""walk"""",""""word"""",""""wake"""",""""world""""]""	""[{""""word"""":""""job"""",""""note"""":""""noun: 仕事""""}]""	""[{""""word"""":""""rest"""",""""note"""":""""休む""""}]"""
200497	2	toothpaste	歯みがき粉	paste for cleaning your teeth	I need new toothpaste.	私は新しい歯みがき粉が必要です。	noun	3	3	""[""""歯みがき粉"""",""""せっけん"""",""""シャンプー"""",""""タオル"""",""""歯ブラシ""""]""	""[""""toothpaste"""",""""soap"""",""""shampoo"""",""""towel"""",""""toothbrush""""]""	""[""""toothpaste"""",""""toothbrush"""",""""birthday"""",""""baseball"""",""""toothache""""]""	[]	[]"
200498	2	hallway	ろうか	a passage inside a building	The hallway is very long.	そのろうかはとても長いです。	noun	3	2	""[""""ろうか"""",""""教室"""",""""階段"""",""""玄関"""",""""台所""""]""	""[""""hallway"""",""""classroom"""",""""stairs"""",""""entrance"""",""""kitchen""""]""	""[""""hallway"""",""""always"""",""""holiday"""",""""halfway"""",""""highway""""]""	""[{""""word"""":""""corridor"""",""""note"""":""""ややかたい語""""}]""	[]"
200499	2	player	選手	a person who plays a sport or game	He is a soccer player.	彼はサッカー選手です。	noun	2	3	""[""""選手"""",""""生徒"""",""""先生"""",""""医者"""",""""歌手""""]""	""[""""player"""",""""student"""",""""teacher"""",""""doctor"""",""""singer""""]""	""[""""player"""",""""prayer"""",""""planer"""",""""play"""",""""place""""]""	[]	[]"
200500	2	student	生徒	a person who studies at school	She is a good student.	彼女はよい生徒です。	noun	2	5	""[""""生徒"""",""""先生"""",""""選手"""",""""医者"""",""""歌手""""]""	""[""""student"""",""""teacher"""",""""player"""",""""doctor"""",""""singer""""]""	""[""""student"""",""""stupid"""",""""studio"""",""""steward"""",""""stand""""]""	""[{""""word"""":""""pupil"""",""""note"""":""""主に学校の生徒""""}]""	[]"
200501	2	teacher	先生	a person who teaches students	My mother is a teacher.	私の母は先生です。	noun	2	5	""[""""先生"""",""""生徒"""",""""選手"""",""""医者"""",""""歌手""""]""	""[""""teacher"""",""""student"""",""""player"""",""""doctor"""",""""singer""""]""	""[""""teacher"""",""""teachers"""",""""teacup"""",""""feature"""",""""reacher""""]""	[]	[]"
200502	2	friend	友だち	a person you like and know well	My friend plays soccer after school.	私の友だちは放課後にサッカーをします。	noun	1	5	""[""""友だち"""",""""先生"""",""""家族"""",""""生徒"""",""""となりの人""""]""	""[""""friend"""",""""teacher"""",""""family"""",""""student"""",""""neighbor""""]""	""[""""friend"""",""""front"""",""""fresh"""",""""fried"""",""""free""""]""	""[{""""word"""":""""pal"""",""""note"""":""""くだけた言い方""""}]""	[]"
200503	2	baker	パン屋	a person who makes bread and cakes	My uncle is a baker.	私のおじはパン屋です。	noun	2	3	""[""""パン屋"""",""""農家"""",""""医者"""",""""先生"""",""""料理人""""]""	""[""""baker"""",""""farmer"""",""""doctor"""",""""teacher"""",""""cook""""]""	""[""""baker"""",""""maker"""",""""paper"""",""""table"""",""""baby""""]""	[]	[]"
200504	2	farmer	農家	a person who grows crops or keeps animals	The farmer works on the farm every day.	その農家は毎日農場で働きます。	noun	2	3	""[""""農家"""",""""パン屋"""",""""医者"""",""""先生"""",""""料理人""""]""	""[""""farmer"""",""""baker"""",""""doctor"""",""""teacher"""",""""cook""""]""	""[""""farmer"""",""""father"""",""""former"""",""""summer"""",""""marker""""]""	[]	[]"
200505	2	fan	扇風機	a machine that moves air	The fan is on the desk.	その扇風機は机の上にあります。	noun	2	3	""[""""扇風機"""",""""冷蔵庫"""",""""電子レンジ"""",""""洗濯機"""",""""掃除機""""]""	""[""""fan"""",""""fridge"""",""""microwave"""",""""washer"""",""""vacuum""""]""	""[""""fan"""",""""van"""",""""fun"""",""""fine"""",""""pan""""]""	[]	[]"
200506	2	Tracy	トレーシー	a girl's name	Tracy is my friend.	トレーシーは私の友だちです。	noun	2	2	""[""""トレーシー"""",""""ケン"""",""""エミ"""",""""マイク"""",""""ナンシー""""]""	""[""""Tracy"""",""""Ken"""",""""Emi"""",""""Mike"""",""""Nancy""""]""	""[""""Tracy"""",""""Stacy"""",""""trading"""",""""train"""",""""tasty""""]""	[]	[]"
200507	2	tourist	旅行者	a person who travels for fun	The tourist took many pictures.	その旅行者はたくさんの写真を撮りました。	noun	2	2	""[""""旅行者"""",""""先生"""",""""医者"""",""""運転手"""",""""店員""""]""	""[""""tourist"""",""""teacher"""",""""doctor"""",""""driver"""",""""clerk""""]""	""[""""tourist"""",""""forest"""",""""tallest"""",""""ticket"""",""""artist""""]""	""[{""""word"""":""""traveler"""",""""note"""":""""旅行する人の一般的な語""""}]""	[]"
200508	2	salesclerk	店員	a person who sells things in a store	The salesclerk helped me find a bag.	その店員は私がかばんを見つけるのを手伝ってくれました。	noun	2	2	""[""""店員"""",""""医者"""",""""運転手"""",""""画家"""",""""歌手""""]""	""[""""salesclerk"""",""""doctor"""",""""driver"""",""""painter"""",""""singer""""]""	""[""""salesclerk"""",""""sailor"""",""""singer"""",""""schoolgirl"""",""""sandwich""""]""	""[{""""word"""":""""clerk"""",""""note"""":""""主に店や事務の係の人""""}]""	[]"
200509	2	dancer	ダンサー	a person who dances	She wants to be a dancer.	彼女はダンサーになりたがっています。	noun	2	3	""[""""ダンサー"""",""""歌手"""",""""画家"""",""""俳優"""",""""音楽家""""]""	""[""""dancer"""",""""singer"""",""""painter"""",""""actor"""",""""musician""""]""	""[""""dancer"""",""""danger"""",""""doctor"""",""""driver"""",""""dinner""""]""	[]	[]"
200510	2	musician	音楽家	a person who plays music	My brother is a musician.	私の兄は音楽家です。	noun	2	3	""[""""音楽家"""",""""画家"""",""""歌手"""",""""ダンサー"""",""""俳優""""]""	""[""""musician"""",""""painter"""",""""singer"""",""""dancer"""",""""actor""""]""	""[""""musician"""",""""magician"""",""""museum"""",""""music"""",""""mission""""]""	[]	[]"
200511	2	pianist	ピアニスト	a person who plays the piano	My sister is a pianist.	私の姉はピアニストです。	noun	2	2	""[""""ピアニスト"""",""""歌手"""",""""画家"""",""""医者"""",""""運転手""""]""	""[""""pianist"""",""""singer"""",""""artist"""",""""doctor"""",""""driver""""]""	""[""""pianist"""",""""scientist"""",""""violinist"""",""""pilot"""",""""player""""]""	[]	[]"
200512	2	waiter	ウェイター	a man who brings food in a restaurant	The waiter brought us water.	そのウェイターは私たちに水を持ってきました。	noun	2	2	""[""""ウェイター"""",""""店員"""",""""料理人"""",""""医者"""",""""運転手""""]""	""[""""waiter"""",""""clerk"""",""""cook"""",""""doctor"""",""""driver""""]""	""[""""waiter"""",""""water"""",""""winter"""",""""writer"""",""""later""""]""	[]	[]"
200513	2	winner	勝者	a person who wins	She is the winner of the game.	彼女はその試合の勝者です。	noun	2	2	""[""""勝者"""",""""選手"""",""""観客"""",""""先生"""",""""画家""""]""	""[""""winner"""",""""player"""",""""viewer"""",""""teacher"""",""""artist""""]""	""[""""winner"""",""""winter"""",""""dinner"""",""""singer"""",""""window""""]""	""[{""""word"""":""""champion"""",""""note"""":""""特に試合や大会の優勝者""""}]""	""[{""""word"""":""""loser"""",""""note"""":""""負けた人""""}]"""
200514	2	worker	労働者	a person who works	My father is a factory worker.	私の父は工場労働者です。	noun	2	3	""[""""労働者"""",""""医者"""",""""先生"""",""""店員"""",""""運転手""""]""	""[""""worker"""",""""doctor"""",""""teacher"""",""""clerk"""",""""driver""""]""	""[""""worker"""",""""walker"""",""""wonder"""",""""winter"""",""""writer""""]""	""[{""""word"""":""""employee"""",""""note"""":""""会社などで働く人""""}]""	[]"
200515	2	officer	警官	a police worker	The officer helped the lost boy.	その警官は道に迷った少年を助けました。	noun	2	2	""[""""警官"""",""""医者"""",""""先生"""",""""店員"""",""""運転手""""]""	""[""""officer"""",""""doctor"""",""""teacher"""",""""clerk"""",""""driver""""]""	""[""""officer"""",""""office"""",""""offer"""",""""often"""",""""order""""]""	""[{""""word"""":""""police officer"""",""""note"""":""""よりはっきりした言い方""""}]""	[]"
200516	2	picture of ...	〜の写真	a photo or image of someone or something	This is a picture of my family.	これは私の家族の写真です。	phrase	2	2	""[""""〜の写真"""",""""〜の名前"""",""""〜の色"""",""""〜の形"""",""""〜の音""""]""	""[""""picture of ..."""",""""name of ..."""",""""color of ..."""",""""shape of ..."""",""""sound of ...""""]""	""[""""picture of ..."""",""""teacher of ..."""",""""kitchen of ..."""",""""future of ..."""",""""visitor of ...""""]""	""[{""""word"""":""""photo of ..."""",""""note"""":""""picture より photo のほうが写真の意味が強い""""}]""	[]"
200517	2	lift	持ち上げる	to move something up	Can you lift this box?	この箱を持ち上げられますか。	verb	2	3	""[""""持ち上げる"""",""""運ぶ"""",""""押す"""",""""引く"""",""""落とす""""]""	""[""""lift"""",""""carry"""",""""push"""",""""pull"""",""""drop""""]""	""[""""lift"""",""""left"""",""""list"""",""""gift"""",""""last""""]""	""[{""""word"""":""""raise"""",""""note"""":""""少しかたいが「上げる」""""}]""	""[{""""word"""":""""drop"""",""""note"""":""""下に落とす""""}]"""
200518	2	pink	ピンク色の	having a light red color	She has a pink bag.	彼女はピンク色のかばんを持っています。	adjective	1	3	""[""""ピンク色の"""",""""赤い"""",""""青い"""",""""白い"""",""""黒い""""]""	""[""""pink"""",""""red"""",""""blue"""",""""white"""",""""black""""]""	""[""""pink"""",""""think"""",""""pick"""",""""sink"""",""""bank""""]""	[]	[]"
200519	2	ham	ハム	meat from a pig	I ate ham for lunch.	私は昼食にハムを食べました。	noun	1	2	""[""""ハム"""",""""パン"""",""""チーズ"""",""""卵"""",""""魚""""]""	""[""""ham"""",""""bread"""",""""cheese"""",""""egg"""",""""fish""""]""	""[""""ham"""",""""jam"""",""""hat"""",""""hand"""",""""him""""]""	[]	[]"
200520	2	art museum	美術館	a place where people see paintings and other art	We visited the art museum on Sunday.	私たちは日曜日に美術館を訪れました。	noun	2	3	""[""""美術館"""",""""図書館"""",""""博物館"""",""""駅"""",""""公園""""]""	""[""""art museum"""",""""library"""",""""museum"""",""""station"""",""""park""""]""	""[""""art museum"""",""""art music"""",""""art lesson"""",""""art room"""",""""art student""""]""	[]	[]"
200521	2	shelf	棚	a flat place on a wall to put things on	The books are on the shelf.	その本は棚の上にあります。	noun	2	3	""[""""棚"""",""""机"""",""""いす"""",""""箱"""",""""引き出し""""]""	""[""""shelf"""",""""desk"""",""""chair"""",""""box"""",""""drawer""""]""	""[""""shelf"""",""""self"""",""""shell"""",""""shift"""",""""sheep""""]""	[]	[]"
200522	2	garage	車庫	a building or space for a car	My father parked the car in the garage.	父は車を車庫に止めました。	noun	2	3	""[""""車庫"""",""""庭"""",""""台所"""",""""教室"""",""""玄関""""]""	""[""""garage"""",""""garden"""",""""kitchen"""",""""classroom"""",""""entrance""""]""	""[""""garage"""",""""cabbage"""",""""village"""",""""message"""",""""carriage""""]""	[]	[]"
200523	2	office	事務所	a place where people work at desks	My father works in an office.	私の父は事務所で働いています。	noun	2	3	""[""""事務所"""",""""図書館"""",""""駅"""",""""病院"""",""""工場""""]""	""[""""office"""",""""library"""",""""station"""",""""hospital"""",""""factory""""]""	""[""""office"""",""""offer"""",""""often"""",""""artist"""",""""orange""""]""	""[{""""word"""":""""workplace"""",""""note"""":""""働く場所という広い意味""""}]""	[]"
200524	2	theater	劇場	a place where people watch plays or movies	We went to the theater on Sunday.	私たちは日曜日に劇場へ行きました。	noun	2	2	""[""""劇場"""",""""博物館"""",""""公園"""",""""図書館"""",""""体育館""""]""	""[""""theater"""",""""museum"""",""""park"""",""""library"""",""""gym""""]""	""[""""theater"""",""""teacher"""",""""weather"""",""""feather"""",""""thirty""""]""	[]	[]"
200525	2	harbor	港	a safe place for boats by the sea	Many boats are in the harbor.	たくさんの船が港にあります。	noun	2	2	""[""""港"""",""""空港"""",""""駅"""",""""橋"""",""""島""""]""	""[""""harbor"""",""""airport"""",""""station"""",""""bridge"""",""""island""""]""	""[""""harbor"""",""""harder"""",""""hammer"""",""""farmer"""",""""marker""""]""	""[{""""word"""":""""port"""",""""note"""":""""harborより一般的に使うことがある""""}]""	[]"
200526	2	farm	農場	a place where people grow food and keep animals	My uncle has a farm.	私のおじは農場を持っています。	noun	2	3	""[""""農場"""",""""公園"""",""""学校"""",""""駅"""",""""病院""""]""	""[""""farm"""",""""park"""",""""school"""",""""station"""",""""hospital""""]""	""[""""farm"""",""""form"""",""""far"""",""""harm"""",""""firm""""]""	[]	[]"
200527	2	Kyoto	京都	a famous city in Japan	We visited Kyoto last spring.	私たちは去年の春に京都を訪れました。	noun	2	3	""[""""京都"""",""""東京"""",""""大阪"""",""""奈良"""",""""神戸""""]""	""[""""Kyoto"""",""""Tokyo"""",""""Osaka"""",""""Nara"""",""""Kobe""""]""	""[""""Kyoto"""",""""Tokyo"""",""""photo"""",""""quiet"""",""""yellow""""]""	[]	[]"
200528	2	Osaka	大阪	a large city in Japan	My aunt lives in Osaka.	私のおばは大阪に住んでいます。	noun	2	3	""[""""大阪"""",""""東京"""",""""京都"""",""""名古屋"""",""""神戸""""]""	""[""""Osaka"""",""""Tokyo"""",""""Kyoto"""",""""Nagoya"""",""""Kobe""""]""	""[""""Osaka"""",""""okay"""",""""ocean"""",""""soccer"""",""""open""""]""	[]	[]"
200529	2	market	市場	a place where people buy and sell things	My mother went to the market this morning.	母は今朝、市場へ行きました。	noun	2	3	""[""""市場"""",""""図書館"""",""""公園"""",""""駅"""",""""病院""""]""	""[""""market"""",""""library"""",""""park"""",""""station"""",""""hospital""""]""	""[""""market"""",""""marker"""",""""pocket"""",""""ticket"""",""""carpet""""]""	""[{""""word"""":""""store"""",""""note"""":""""店。marketより小さいことが多い""""}]""	[]"
200530	2	cafeteria	食堂	a place in a school or office where people eat	We eat lunch in the cafeteria.	私たちは食堂で昼食を食べます。	noun	2	2	""[""""食堂"""",""""図書館"""",""""教室"""",""""体育館"""",""""売店""""]""	""[""""cafeteria"""",""""library"""",""""classroom"""",""""gym"""",""""shop""""]""	""[""""cafeteria"""",""""criteria"""",""""camera"""",""""carrier"""",""""calendar""""]""	""[{""""word"""":""""canteen"""",""""note"""":""""主に学校や職場の食堂""""}]""	[]"
200531	2	gym	体育館	a place for sports and exercise	The students are in the gym now.	生徒たちは今、体育館にいます。	noun	2	3	""[""""体育館"""",""""教室"""",""""図書館"""",""""食堂"""",""""校庭""""]""	""[""""gym"""",""""classroom"""",""""library"""",""""cafeteria"""",""""yard""""]""	""[""""gym"""",""""jam"""",""""gem"""",""""Jim"""",""""jet""""]""	[]	[]"
200532	2	seat	席	a place to sit	This seat is by the window.	この席は窓のそばです。	noun	2	3	""[""""席"""",""""机"""",""""部屋"""",""""かばん"""",""""窓""""]""	""[""""seat"""",""""desk"""",""""room"""",""""bag"""",""""window""""]""	""[""""seat"""",""""sheet"""",""""sit"""",""""seed"""",""""sweet""""]""	""[{""""word"""":""""chair"""",""""note"""":""""いす。seat は席全体も表す""""}]""	[]"
200533	2	movie theater	映画館	a place where you watch movies	We went to the movie theater on Sunday.	私たちは日曜日に映画館へ行きました。	noun	2	2	""[""""映画館"""",""""図書館"""",""""公園"""",""""駅"""",""""学校""""]""	""[""""movie theater"""",""""library"""",""""park"""",""""station"""",""""school""""]""	""[""""movie theater"""",""""music teacher"""",""""movie ticket"""",""""moving table"""",""""morning teacher""""]""	""[{""""word"""":""""cinema"""",""""note"""":""""同じ意味で使うことが多い""""}]""	[]"
200534	2	home	家	the place where you live	I went home after school.	私は放課後に家へ帰りました。	noun	1	5	""[""""家"""",""""学校"""",""""店"""",""""公園"""",""""駅""""]""	""[""""home"""",""""school"""",""""store"""",""""park"""",""""station""""]""	""[""""home"""",""""hope"""",""""hole"""",""""phone"""",""""boat""""]""	""[{""""word"""":""""house"""",""""note"""":""""建物としての家。home は住む場所""""}]""	[]"
200535	2	restaurant	レストラン	a place where people eat meals	We had lunch at a restaurant.	私たちはレストランで昼食を食べました。	noun	2	3	""[""""レストラン"""",""""図書館"""",""""病院"""",""""駅"""",""""公園""""]""	""[""""restaurant"""",""""library"""",""""hospital"""",""""station"""",""""park""""]""	""[""""restaurant"""",""""restroom"""",""""resident"""",""""result"""",""""lesson""""]""	[]	[]"
200536	2	tour	旅行	a trip to visit places	We took a tour of the city.	私たちはその町を旅行しました。	noun	2	2	""[""""旅行"""",""""散歩"""",""""買い物"""",""""勉強"""",""""運動""""]""	""[""""tour"""",""""walk"""",""""shopping"""",""""study"""",""""exercise""""]""	""[""""tour"""",""""tall"""",""""talk"""",""""town"""",""""door""""]""	""[{""""word"""":""""trip"""",""""note"""":""""ふつうの旅行""""}]""	[]"
200537	2	dish	皿	a plate for food	Please wash this dish.	この皿を洗ってください。	noun	2	2	""[""""皿"""",""""茶わん"""",""""コップ"""",""""ナイフ"""",""""フォーク""""]""	""[""""dish"""",""""bowl"""",""""cup"""",""""knife"""",""""fork""""]""	""[""""dish"""",""""fish"""",""""wish"""",""""desk"""",""""dash""""]""	""[{""""word"""":""""plate"""",""""note"""":""""食べ物をのせる平たい皿""""}]""	[]"
200538	2	balcony	バルコニー	a place outside a room on an upper floor	She stood on the balcony.	彼女はバルコニーに立っていました。	noun	2	2	""[""""バルコニー"""",""""屋根"""",""""階段"""",""""廊下"""",""""庭""""]""	""[""""balcony"""",""""roof"""",""""stairs"""",""""hall"""",""""garden""""]""	""[""""balcony"""",""""battery"""",""""bakery"""",""""blanket"""",""""gallery""""]""	[]	[]"
200539	2	nice	親切な	kind and pleasant	My teacher is very nice.	私の先生はとても親切です。	adjective	1	5	""[""""親切な"""",""""元気な"""",""""有名な"""",""""静かな"""",""""忙しい""""]""	""[""""nice"""",""""fine"""",""""busy"""",""""quiet"""",""""famous""""]""	""[""""nice"""",""""nine"""",""""rice"""",""""face"""",""""name""""]""	""[{""""word"""":""""kind"""",""""note"""":""""よりはっきり「親切な」""""}]""	""[{""""word"""":""""mean"""",""""note"""":""""意地悪な""""}]"""
200540	2	gentleman	紳士	a polite man	The gentleman opened the door for us.	その紳士は私たちのためにドアを開けてくれました。	noun	3	2	""[""""紳士"""",""""少年"""",""""王"""",""""先生"""",""""客""""]""	""[""""gentleman"""",""""boy"""",""""king"""",""""teacher"""",""""guest""""]""	""[""""gentleman"""",""""general"""",""""German"""",""""gentle"""",""""journal""""]""	[]	[]"
200541	2	please	どうぞ	used when giving something politely	Please sit here.	どうぞここに座ってください。	adverb	1	5	""[""""どうぞ"""",""""たぶん"""",""""すぐに"""",""""とても"""",""""いつも""""]""	""[""""please"""",""""maybe"""",""""soon"""",""""very"""",""""always""""]""	""[""""please"""",""""peace"""",""""place"""",""""plays"""",""""plane""""]""	[]	[]"
200542	2	lady	女性	a woman	The lady is my teacher.	その女性は私の先生です。	noun	2	3	""[""""女性"""",""""少女"""",""""少年"""",""""男性"""",""""先生""""]""	""[""""lady"""",""""girl"""",""""boy"""",""""man"""",""""teacher""""]""	""[""""lady"""",""""ready"""",""""rainy"""",""""lately"""",""""baby""""]""	""[{""""word"""":""""woman"""",""""note"""":""""より一般的な語""""}]""	[]"
200543	2	our	私たちの	belonging to us	This is our room.	これは私たちの部屋です。	pronoun	1	5	""[""""私たちの"""",""""あなたの"""",""""彼らの"""",""""彼の"""",""""彼女の""""]""	""[""""our"""",""""your"""",""""their"""",""""his"""",""""her""""]""	""[""""our"""",""""hour"""",""""all"""",""""are"""",""""out""""]""	[]	[]"
200544	2	vase	花びん	a container for holding flowers	The flowers are in the vase.	花は花びんの中にあります。	noun	2	2	""[""""花びん"""",""""皿"""",""""箱"""",""""かご"""",""""びん""""]""	""[""""vase"""",""""plate"""",""""box"""",""""basket"""",""""bottle""""]""	""[""""vase"""",""""face"""",""""base"""",""""case"""",""""phase""""]""	[]	[]"
200545	2	could	できた	past form of can; was able to	I could swim at five.	私は5歳で泳ぐことができました。	verb	2	5	""[""""できた"""",""""行った"""",""""見た"""",""""作った"""",""""話した""""]""	""[""""could"""",""""went"""",""""saw"""",""""made"""",""""spoke""""]""	""[""""could"""",""""good"""",""""cook"""",""""cool"""",""""card""""]""	[]	[]"
200546	2	be ready for	～の用意ができている	to be prepared for something	We are ready for the test.	私たちはテストの用意ができています。	verb	3	3	""[""""～の用意ができている"""",""""～を待っている"""",""""～が好きである"""",""""～を知っている"""",""""～を探している""""]""	""[""""be ready for"""",""""wait for"""",""""like"""",""""know"""",""""look for""""]""	""[""""be ready for"""",""""be late for"""",""""be sorry for"""",""""be famous for"""",""""be good for""""]""	[]	[]"
200547	2	gift	贈り物	something you give to someone	This gift is for my sister.	この贈り物は私の姉（妹）のためです。	noun	2	3	""[""""贈り物"""",""""手紙"""",""""写真"""",""""宿題"""",""""かばん""""]""	""[""""gift"""",""""letter"""",""""photo"""",""""homework"""",""""bag""""]""	""[""""gift"""",""""lift"""",""""girl"""",""""get"""",""""gate""""]""	""[{""""word"""":""""present"""",""""note"""":""""gift とほぼ同じ意味""""}]""	[]"
200548	2	magazine	雑誌	a book with pictures and articles	I read a magazine on the train.	私は電車で雑誌を読みます。	noun	3	3	""[""""雑誌"""",""""新聞"""",""""辞書"""",""""地図"""",""""手紙""""]""	""[""""magazine"""",""""newspaper"""",""""dictionary"""",""""map"""",""""letter""""]""	""[""""magazine"""",""""machine"""",""""museum"""",""""medicine"""",""""message""""]""	[]	[]"
200549	2	parade	パレード	a public march with music and people	We watched the parade in town.	私たちは町でパレードを見ました。	noun	3	2	""[""""パレード"""",""""試合"""",""""会議"""",""""授業"""",""""旅行""""]""	""[""""parade"""",""""game"""",""""meeting"""",""""class"""",""""trip""""]""	""[""""parade"""",""""parent"""",""""pilot"""",""""party"""",""""palace""""]""	[]	[]"
200550	2	show	見せる	to let someone see something	I will show you my new bag.	私はあなたに新しいかばんを見せます。	verb	2	3	""[""""見せる"""",""""開ける"""",""""使う"""",""""作る"""",""""運ぶ""""]""	""[""""show"""",""""open"""",""""use"""",""""make"""",""""carry""""]""	""[""""show"""",""""shoe"""",""""short"""",""""shop"""",""""slow""""]""	""[{""""word"""":""""tell"""",""""note"""":""""show は見せる、tell は話して伝える""""}]""	""[{""""word"""":""""hide"""",""""note"""":""""見せるの反対で隠す""""}]"""
200551	2	heart	心臓	the part in your body that moves blood	My heart is beating fast.	私の心臓は速く打っています。	noun	2	3	""[""""心臓"""",""""頭"""",""""腕"""",""""足"""",""""首""""]""	""[""""heart"""",""""head"""",""""arm"""",""""leg"""",""""neck""""]""	""[""""heart"""",""""hard"""",""""hurt"""",""""hat"""",""""hot""""]""	[]	[]"
200552	2	purple	紫色	a color between red and blue	She has a purple bag.	彼女は紫色のかばんを持っています。	adjective	2	2	""[""""紫色"""",""""赤色"""",""""青色"""",""""黄色"""",""""緑色""""]""	""[""""purple"""",""""red"""",""""blue"""",""""yellow"""",""""green""""]""	""[""""purple"""",""""people"""",""""paper"""",""""pencil"""",""""parcel""""]""	[]	[]"
200553	2	try on	試着する	to put on clothes to see if they fit	I want to try on this jacket.	私はこのジャケットを試着したいです。	verb	2	3	""[""""試着する"""",""""洗う"""",""""選ぶ"""",""""着る"""",""""脱ぐ""""]""	""[""""try on"""",""""wash"""",""""choose"""",""""wear"""",""""take off""""]""	""[""""try on"""",""""dryer"""",""""triangle"""",""""train"""",""""trial""""]""	[]	[]"
200554	2	write down	書き留める	to write something on paper so you do not forget it	Please write down your name here.	ここにあなたの名前を書き留めてください。	verb	2	3	""[""""書き留める"""",""""読み上げる"""",""""消す"""",""""数える"""",""""覚える""""]""	""[""""write down"""",""""read aloud"""",""""erase"""",""""count"""",""""memorize""""]""	""[""""write down"""",""""right now"""",""""white house"""",""""quiet town"""",""""light brown""""]""	""[{""""word"""":""""note"""",""""note"""":""""メモするという意味で近い""""}]""	[]"
200555	2	mix	混ぜる	to put things together	Mix the milk and sugar.	牛乳と砂糖を混ぜなさい。	verb	2	4	""[""""混ぜる"""",""""切る"""",""""焼く"""",""""運ぶ"""",""""開ける""""]""	""[""""mix"""",""""cut"""",""""bake"""",""""carry"""",""""open""""]""	""[""""mix"""",""""miss"""",""""milk"""",""""map"""",""""make""""]""	[]	[]"
200556	2	firefighter	消防士	a person who puts out fires	My uncle is a firefighter.	私のおじは消防士です。	noun	2	3	""[""""消防士"""",""""警察官"""",""""医者"""",""""先生"""",""""運転手""""]""	""[""""firefighter"""",""""police officer"""",""""doctor"""",""""teacher"""",""""driver""""]""	""[""""firefighter"""",""""writer"""",""""farmer"""",""""fighter"""",""""pilot""""]""	""[{""""word"""":""""fireman"""",""""note"""":""""古い言い方。今は firefighter が一般的""""}]""	[]"
200557	2	arrive in	～に着く	to get to a city or country	We will arrive in Tokyo at noon.	私たちは正午に東京に着くでしょう。	verb	3	3	""[""""～に着く"""",""""～を出発する"""",""""～を訪れる"""",""""～に滞在する"""",""""～を通る""""]""	""[""""arrive in"""",""""leave"""",""""visit"""",""""stay in"""",""""pass through""""]""	""[""""arrive in"""",""""alive in"""",""""arrive at"""",""""around"""",""""drive in""""]""	""[{""""word"""":""""get to"""",""""note"""":""""より会話的な言い方""""}]""	""[{""""word"""":""""leave"""",""""note"""":""""着く ↔ 出発する""""}]"""
200558	2	arrive at	～に着く	to get to a place such as a station or school	She will arrive at the station soon.	彼女はもうすぐ駅に着くでしょう。	verb	3	3	""[""""～に着く"""",""""～を出発する"""",""""～を訪れる"""",""""～に入る"""",""""～を通る""""]""	""[""""arrive at"""",""""leave"""",""""visit"""",""""enter"""",""""pass through""""]""	""[""""arrive at"""",""""arrive in"""",""""alive at"""",""""around"""",""""drive at""""]""	""[{""""word"""":""""get to"""",""""note"""":""""より会話的な言い方""""}]""	""[{""""word"""":""""leave"""",""""note"""":""""着く ↔ 出発する""""}]"""
200559	2	oh	ああ	used to show surprise or feeling	Oh, I see your new bag.	ああ、あなたの新しいかばんが見えるよ。	interjection	1	4	""[""""ああ"""",""""はい"""",""""いいえ"""",""""もしもし"""",""""やあ""""]""	""[""""oh"""",""""yes"""",""""no"""",""""hello"""",""""hi""""]""	""[""""oh"""",""""go"""",""""so"""",""""no"""",""""show""""]""	[]	[]"
200560	2	back	うしろ	the rear part of something	My bag is on the back seat.	私のかばんは後ろの席にあります。	noun	2	5	""[""""うしろ"""",""""前"""",""""中"""",""""横"""",""""上""""]""	""[""""back"""",""""front"""",""""inside"""",""""side"""",""""top""""]""	""[""""back"""",""""bag"""",""""black"""",""""bank"""",""""duck""""]""	[]	""[{""""word"""":""""front"""",""""note"""":""""反対の位置""""}]"""
200561	2	hear about	〜のことを聞く	to get news or information about something	I heard about the game at school.	私は学校でその試合のことを聞きました。	verb	3	3	""[""""〜のことを聞く"""",""""〜を見る"""",""""〜を知っている"""",""""〜を話す"""",""""〜を使う""""]""	""[""""hear about"""",""""see"""",""""know"""",""""talk"""",""""use""""]""	""[""""hear about"""",""""here"""",""""hair"""",""""help"""",""""head""""]""	[]	[]"
200562	2	blood	血	the red liquid in your body	There was blood on his hand.	彼の手に血がついていました。	noun	2	3	""[""""血"""",""""骨"""",""""皮ふ"""",""""筋肉"""",""""涙""""]""	""[""""blood"""",""""bone"""",""""skin"""",""""muscle"""",""""tear""""]""	""[""""blood"""",""""blond"""",""""block"""",""""blow"""",""""boat""""]""	[]	[]"
200563	2	traffic light	信号	a light on the road that tells cars when to stop or go	The traffic light turned red.	信号が赤に変わりました。	noun	2	2	""[""""信号"""",""""横断歩道"""",""""歩道"""",""""道路"""",""""交差点""""]""	""[""""traffic light"""",""""crosswalk"""",""""sidewalk"""",""""road"""",""""corner""""]""	""[""""traffic light"""",""""traffic sign"""",""""travel light"""",""""turn right"""",""""street light""""]""	[]	[]"
200564	2	slow down	速度を落とす	to go more slowly	Please slow down near the school.	学校の近くでは速度を落としてください。	verb	2	2	""[""""速度を落とす"""",""""止まる"""",""""曲がる"""",""""急ぐ"""",""""通り過ぎる""""]""	""[""""slow down"""",""""stop"""",""""turn"""",""""hurry"""",""""pass""""]""	""[""""slow down"""",""""sit down"""",""""slowly"""",""""snowman"""",""""show""""]""	""[{""""word"""":""""go slowly"""",""""note"""":""""より説明的な言い方""""}]""	""[{""""word"""":""""speed up"""",""""note"""":""""もっと速くなる""""}]"""
200565	2	himself	彼自身	the man or boy alone; by his own self	He made the box himself.	彼はその箱を自分で作りました。	pronoun	2	3	""[""""彼自身"""",""""彼女自身"""",""""私自身"""",""""あなた自身"""",""""それ自身""""]""	""[""""himself"""",""""herself"""",""""myself"""",""""yourself"""",""""itself""""]""	""[""""himself"""",""""herself"""",""""myself"""",""""help"""",""""him""""]""	[]	[]"
200566	2	Australian	オーストラリア人	a person from Australia	My teacher is Australian.	私の先生はオーストラリア人です。	noun	2	2	""[""""オーストラリア人"""",""""カナダ人"""",""""アメリカ人"""",""""中国人"""",""""日本人""""]""	""[""""Australian"""",""""Canadian"""",""""American"""",""""Chinese"""",""""Japanese""""]""	""[""""Australian"""",""""Austrian"""",""""American"""",""""Canadian"""",""""Italian""""]""	[]	[]"
200567	2	Canadian	カナダ人	a person from Canada	My friend is Canadian.	私の友だちはカナダ人です。	noun	2	3	""[""""カナダ人"""",""""アメリカ人"""",""""中国人"""",""""日本人"""",""""イギリス人""""]""	""[""""Canadian"""",""""American"""",""""Chinese"""",""""Japanese"""",""""British""""]""	""[""""Canadian"""",""""comedian"""",""""guardian"""",""""condition"""",""""vacation""""]""	[]	[]"
200568	2	Chinese	中国語	the language of China	She can speak Chinese well.	彼女は中国語を上手に話せます。	noun	2	3	""[""""中国語"""",""""英語"""",""""日本語"""",""""フランス語"""",""""韓国語""""]""	""[""""Chinese"""",""""English"""",""""Japanese"""",""""French"""",""""Korean""""]""	""[""""Chinese"""",""""Japanese"""",""""cheese"""",""""childish"""",""""finish""""]""	[]	[]"
200569	2	French	フランス語	the language of France	She can speak French well.	彼女はフランス語を上手に話せます。	noun	2	3	""[""""フランス語"""",""""英語"""",""""中国語"""",""""日本語"""",""""韓国語""""]""	""[""""French"""",""""English"""",""""Chinese"""",""""Japanese"""",""""Korean""""]""	""[""""French"""",""""fresh"""",""""friend"""",""""branch"""",""""finish""""]""	[]	[]"
200570	2	temple	寺	a building for prayer	We visited an old temple in Kyoto.	私たちは京都の古い寺を訪れました。	noun	2	2	""[""""寺"""",""""教会"""",""""学校"""",""""駅"""",""""図書館""""]""	""[""""temple"""",""""church"""",""""school"""",""""station"""",""""library""""]""	""[""""temple"""",""""simple"""",""""table"""",""""tennis"""",""""ticket""""]""	[]	[]"
200571	2	stay at	～に滞在する	to remain in a place for some time	We will stay at a hotel tonight.	私たちは今夜ホテルに滞在します。	verb	2	2	""[""""～に滞在する"""",""""～へ行く"""",""""～を出発する"""",""""～に着く"""",""""～に戻る""""]""	""[""""stay at"""",""""go to"""",""""leave"""",""""arrive at"""",""""return to""""]""	""[""""stay at"""",""""start at"""",""""stand at"""",""""sit at"""",""""study at""""]""	[]	[]"
200572	2	stay in	家にいる	to remain at home and not go out	I will stay in today.	私は今日、家にいます。	verb	2	3	""[""""家にいる"""",""""外出する"""",""""早く起きる"""",""""学校へ行く"""",""""買い物をする""""]""	""[""""stay in"""",""""go out"""",""""get up"""",""""go to school"""",""""go shopping""""]""	""[""""stay in"""",""""stand in"""",""""stay up"""",""""sit in"""",""""step in""""]""	""[{""""word"""":""""remain at home"""",""""note"""":""""やや説明的な言い方""""}]""	""[{""""word"""":""""go out"""",""""note"""":""""外へ出る""""}]"""
200573	2	stay with	～の家に泊まる	to live or sleep at someone's home for a time	I will stay with my aunt this weekend.	私は今週末、おばの家に泊まります。	verb	2	2	""[""""～の家に泊まる"""",""""～を訪ねる"""",""""～と話す"""",""""～を手伝う"""",""""～を待つ""""]""	""[""""stay with"""",""""visit"""",""""talk to"""",""""help"""",""""wait for""""]""	""[""""stay with"""",""""play with"""",""""start with"""",""""study with"""",""""sit with""""]""	[]	[]"
200574	2	apartment	アパート	a set of rooms to live in	My uncle lives in an apartment.	私のおじはアパートに住んでいます。	noun	2	3	""[""""アパート"""",""""家"""",""""部屋"""",""""学校"""",""""店""""]""	""[""""apartment"""",""""house"""",""""room"""",""""school"""",""""store""""]""	""[""""apartment"""",""""appointment"""",""""apron"""",""""important"""",""""parent""""]""	""[{""""word"""":""""flat"""",""""note"""":""""主にイギリス英語""""}]""	[]"
200575	2	again and again	何度も	many times	He read the letter again and again.	彼はその手紙を何度も読みました。	adverb	3	2	""[""""何度も"""",""""すぐに"""",""""いつも"""",""""たぶん"""",""""いっしょに""""]""	""[""""again and again"""",""""soon"""",""""always"""",""""maybe"""",""""together""""]""	""[""""again and again"""",""""again"""",""""all day"""",""""around"""",""""along""""]""	""[{""""word"""":""""repeatedly"""",""""note"""":""""ややかたい語""""}]""	[]"
200576	2	write back	返事を書く	to write a reply	Please write back to me soon.	どうかすぐに私に返事を書いてください。	verb	3	2	""[""""返事を書く"""",""""手紙を書く"""",""""本を読む"""",""""電話をかける"""",""""写真を撮る""""]""	""[""""write back"""",""""write"""",""""read"""",""""call"""",""""take""""]""	""[""""write back"""",""""right bag"""",""""white cap"""",""""ride back"""",""""light bag""""]""	""[{""""word"""":""""reply"""",""""note"""":""""より短い一般的な語""""}]""	[]"
200577	2	Will you open the window?	窓を開けてくれますか	a polite way to ask someone to open the window	Will you open the window?	窓を開けてくれますか。	sentence	2	3	""[""""窓を開けてくれますか"""",""""ドアを閉めてくれますか"""",""""ここに来てくれますか"""",""""手伝ってくれますか"""",""""少し待ってくれますか""""]""	""[""""Will you open the window?"""",""""Will you close the door?"""",""""Will you come here?"""",""""Will you help me?"""",""""Will you wait a minute?""""]""	""[""""Will you open the window?"""",""""Will you close the window?"""",""""Will you open the door?"""",""""Can you open the window?"""",""""Will you clean the window?""""]""	[]	[]"
200578	2	ask for help	助けを求める	to ask someone to help you	You should ask for help.	あなたは助けを求めるべきです。	phrase	2	3	""[""""助けを求める"""",""""質問する"""",""""電話をかける"""",""""道をたずねる"""",""""名前を書く""""]""	""[""""ask for help"""",""""ask a question"""",""""make a call"""",""""ask the way"""",""""write a name""""]""	""[""""ask for help"""",""""ask for milk"""",""""ask for lunch"""",""""look for help"""",""""wait for help""""]""	""[{""""word"""":""""get help"""",""""note"""":""""helpを受ける意味でも使う""""}]""	[]"
200579	2	Please write back.	返事を書いてください	a polite way to ask someone to reply in writing	Please write back.	返事を書いてください。	sentence	2	2	""[""""返事を書いてください"""",""""名前を書いてください"""",""""ここに来てください"""",""""少し待ってください"""",""""本を読んでください""""]""	""[""""Please write back."""",""""Please write your name."""",""""Please come here."""",""""Please wait a minute."""",""""Please read the book.""""]""	""[""""Please write back."""",""""Please write now."""",""""Please come back."""",""""Please sit back."""",""""Please write that.""""]""	""[{""""word"""":""""Please reply."""",""""note"""":""""replyは少しかたい""""}]""	[]"
200580	2	Just a minute, please.	ちょっと待ってください	Please wait for a short time.	Just a minute, please.	ちょっと待ってください。	phrase	2	4	""[""""ちょっと待ってください"""",""""気をつけてください"""",""""座ってください"""",""""もう一度言ってください"""",""""手伝ってください""""]""	""[""""Just a minute, please."""",""""Be careful, please."""",""""Sit down, please."""",""""Say it again, please."""",""""Help me, please.""""]""	""[""""Just a minute, please."""",""""Just a moment, please."""",""""Wait a minute, please."""",""""Just a second, please."""",""""Pardon me, please.""""]""	""[{""""word"""":""""Just a moment, please."""",""""note"""":""""ほぼ同じ意味のていねいな言い方""""}]""	[]"
200581	2	relax	くつろぐ	to rest and feel calm	Please relax in this chair.	このいすでくつろいでください。	verb	2	3	""[""""くつろぐ"""",""""急ぐ"""",""""練習する"""",""""運ぶ"""",""""選ぶ""""]""	""[""""relax"""",""""hurry"""",""""practice"""",""""carry"""",""""choose""""]""	""[""""relax"""",""""reflect"""",""""return"""",""""reply"""",""""remain""""]""	""[{""""word"""":""""rest"""",""""note"""":""""休むことに近い""""}]""	""[{""""word"""":""""hurry"""",""""note"""":""""急ぐ""""}]"""
200582	2	come back	戻る	to return to a place	Please come back soon.	すぐに戻ってきてください。	verb	2	4	""[""""戻る"""",""""出発する"""",""""待つ"""",""""動く"""",""""始める""""]""	""[""""come back"""",""""leave"""",""""wait"""",""""move"""",""""start""""]""	""[""""come back"""",""""call back"""",""""go back"""",""""come in"""",""""come out""""]""	""[{""""word"""":""""return"""",""""note"""":""""少しかたいが同じ意味""""}]""	""[{""""word"""":""""leave"""",""""note"""":""""その場を去る""""}]"""
200583	2	go back	戻る	to return to a place	I will go back soon.	私はすぐに戻ります。	verb	2	3	""[""""戻る"""",""""進む"""",""""座る"""",""""待つ"""",""""始める""""]""	""[""""go back"""",""""move"""",""""sit"""",""""wait"""",""""start""""]""	""[""""go back"""",""""go bad"""",""""come back"""",""""get back"""",""""go black""""]""	""[{""""word"""":""""return"""",""""note"""":""""ややかたい言い方""""},{""""word"""":""""come back"""",""""note"""":""""話し言葉でよく使う""""}]""	[]"
200584	2	go back to ...	〜に戻る	to return to a place or situation	I want to go back to my hometown someday.	私はいつか故郷に戻りたいです。	verb	2	3	""[""""〜に戻る"""",""""〜に行く"""",""""〜を出る"""",""""〜で待つ"""",""""〜を訪ねる""""]""	""[""""go back to ..."""",""""go to ..."""",""""leave ..."""",""""wait at ..."""",""""visit ...""""]""	""[""""go back to ..."""",""""go to ..."""",""""come back to ..."""",""""get back to ..."""",""""walk back to ...""""]""	""[{""""word"""":""""return to ..."""",""""note"""":""""やや書き言葉で使う""""}]""	""[{""""word"""":""""leave ..."""",""""note"""":""""その場所を去る""""}]"""
200585	2	back home	家に戻って	at home again after being away	My father is back home now.	私の父は今、家に戻っています。	adverb	2	2	""[""""家に戻って"""",""""学校で"""",""""外で"""",""""店に"""",""""駅で""""]""	""[""""back home"""",""""at school"""",""""outside"""",""""at the store"""",""""at the station""""]""	""[""""back home"""",""""bad home"""",""""black home"""",""""bag home"""",""""bank home""""]""	""[{""""word"""":""""home again"""",""""note"""":""""家にまた戻って""""}]""	[]"
200586	2	come home	帰宅する	to return to your home	I come home at six.	私は6時に帰宅します。	verb	2	3	""[""""帰宅する"""",""""出かける"""",""""座る"""",""""起きる"""",""""勉強する""""]""	""[""""come home"""",""""go out"""",""""sit"""",""""get up"""",""""study""""]""	""[""""come home"""",""""go home"""",""""come back"""",""""call home"""",""""came home""""]""	""[{""""word"""":""""return home"""",""""note"""":""""やや説明的だが意味は近い""""}]""	""[{""""word"""":""""go out"""",""""note"""":""""家に帰る↔外出する""""}]"""
200587	2	go home	家に帰る	to go to your home	We go home after school.	私たちは放課後に家に帰ります。	verb	2	4	""[""""家に帰る"""",""""学校へ行く"""",""""走る"""",""""食べる"""",""""待つ""""]""	""[""""go home"""",""""go to school"""",""""run"""",""""eat"""",""""wait""""]""	""[""""go home"""",""""come home"""",""""go out"""",""""got home"""",""""go hope""""]""	""[{""""word"""":""""return home"""",""""note"""":""""少しかたいが意味は近い""""}]""	""[{""""word"""":""""go out"""",""""note"""":""""家に帰る↔外出する""""}]"""
200588	2	come back to	〜に戻る	to return to a place or state	Please come back to your seat.	席に戻ってください。	verb	2	2	""[""""〜に戻る"""",""""〜に行く"""",""""〜を出る"""",""""〜を探す"""",""""〜を待つ""""]""	""[""""come back to"""",""""go to"""",""""leave"""",""""look for"""",""""wait for""""]""	""[""""come back to"""",""""come to"""",""""go back to"""",""""talk to"""",""""walk to""""]""	""[{""""word"""":""""return to"""",""""note"""":""""ややかたい言い方""""}]""	""[{""""word"""":""""leave"""",""""note"""":""""その場所を去る""""}]"""
200589	2	by bus	バスで	using a bus to travel	We go to school by bus.	私たちはバスで学校へ行きます。	prepositional phrase	2	3	""[""""バスで"""",""""電車で"""",""""車で"""",""""自転車で"""",""""徒歩で""""]""	""[""""by bus"""",""""by train"""",""""by car"""",""""by bike"""",""""on foot""""]""	""[""""by bus"""",""""by bike"""",""""by boat"""",""""by car"""",""""by train""""]""	[]	[]"
200590	2	by train	電車で	using a train to travel	My father goes to work by train.	私の父は電車で仕事に行きます。	prepositional phrase	2	3	""[""""電車で"""",""""バスで"""",""""車で"""",""""自転車で"""",""""徒歩で""""]""	""[""""by train"""",""""by bus"""",""""by car"""",""""by bike"""",""""on foot""""]""	""[""""by train"""",""""by plane"""",""""by tram"""",""""by truck"""",""""by trail""""]""	[]	[]"
200591	2	surfing	サーフィン	the sport of riding on waves	I enjoy surfing in summer.	私は夏にサーフィンを楽しみます。	noun	2	2	""[""""サーフィン"""",""""スキー"""",""""水泳"""",""""野球"""",""""テニス""""]""	""[""""surfing"""",""""skiing"""",""""swimming"""",""""baseball"""",""""tennis""""]""	""[""""surfing"""",""""serving"""",""""shopping"""",""""skating"""",""""swimming""""]""	[]	[]"
200592	2	way	道	a road or path to go somewhere	This is the way to the station.	これは駅への道です。	noun	2	4	""[""""道"""",""""部屋"""",""""窓"""",""""机"""",""""かばん""""]""	""[""""way"""",""""road"""",""""room"""",""""door"""",""""park""""]""	""[""""way"""",""""day"""",""""wait"""",""""wall"""",""""wake""""]""	[]	[]"
200593	2	dining room	食堂	a room where people eat meals	We eat dinner in the dining room.	私たちは食堂で夕食を食べます。	noun	2	3	""[""""食堂"""",""""台所"""",""""寝室"""",""""居間"""",""""浴室""""]""	""[""""dining room"""",""""kitchen"""",""""bedroom"""",""""living room"""",""""bathroom""""]""	""[""""dining room"""",""""living room"""",""""drawing"""",""""morning room"""",""""dining hall""""]""	[]	[]"
200594	2	living room	居間	a room where people sit and relax	My family watches TV in the living room.	私の家族は居間でテレビを見ます。	noun	2	3	""[""""居間"""",""""食堂"""",""""台所"""",""""寝室"""",""""浴室""""]""	""[""""living room"""",""""dining room"""",""""kitchen"""",""""bedroom"""",""""bathroom""""]""	""[""""living room"""",""""dining room"""",""""leaving"""",""""giving"""",""""living""""]""	[]	[]"
200595	2	button	ボタン	a small thing you push or use to close clothes	Push the button, please.	そのボタンを押してください。	noun	2	3	""[""""ボタン"""",""""窓"""",""""かばん"""",""""机"""",""""時計""""]""	""[""""button"""",""""window"""",""""bag"""",""""desk"""",""""clock""""]""	""[""""button"""",""""bottom"""",""""baton"""",""""butter"""",""""bottle""""]""	[]	[]"
200596	2	circle	円	a round shape	Draw a circle on the paper.	紙に円をかきなさい。	noun	2	3	""[""""円"""",""""四角"""",""""三角"""",""""線"""",""""点""""]""	""[""""circle"""",""""square"""",""""triangle"""",""""line"""",""""point""""]""	""[""""circle"""",""""candle"""",""""purple"""",""""table"""",""""uncle""""]""	[]	[]"
200597	2	eraser	消しゴム	a thing used to remove pencil marks	I need an eraser for my homework.	宿題に消しゴムが必要です。	noun	2	3	""[""""消しゴム"""",""""えんぴつ"""",""""定規"""",""""ノート"""",""""はさみ""""]""	""[""""eraser"""",""""pencil"""",""""ruler"""",""""notebook"""",""""scissors""""]""	""[""""eraser"""",""""laser"""",""""racer"""",""""lesson"""",""""river""""]""	[]	[]"
200598	2	carpet	じゅうたん	a thick cloth on a floor	There is a red carpet in my room.	私の部屋には赤いじゅうたんがあります。	noun	2	2	""[""""じゅうたん"""",""""カーテン"""",""""まど"""",""""ドア"""",""""いす""""]""	""[""""carpet"""",""""curtain"""",""""window"""",""""door"""",""""chair""""]""	""[""""carpet"""",""""market"""",""""target"""",""""cart"""",""""card""""]""	""[{""""word"""":""""rug"""",""""note"""":""""carpetより小さいことが多い""""}]""	[]"
200599	2	king	王	a man who rules a country	The king lives in a big castle.	その王は大きな城に住んでいます。	noun	2	2	""[""""王"""",""""王子"""",""""女王"""",""""兵士"""",""""農家""""]""	""[""""king"""",""""prince"""",""""queen"""",""""soldier"""",""""farmer""""]""	""[""""king"""",""""kind"""",""""kiss"""",""""kick"""",""""ring""""]""	[]	[]"
200600	2	bacon	ベーコン	meat from a pig, often eaten at breakfast	I ate bacon and eggs this morning.	私は今朝、ベーコンと卵を食べました。	noun	2	2	""[""""ベーコン"""",""""ハム"""",""""チーズ"""",""""バター"""",""""パン""""]""	""[""""bacon"""",""""ham"""",""""cheese"""",""""butter"""",""""bread""""]""	""[""""bacon"""",""""baker"""",""""vacant"""",""""basic"""",""""taken""""]""	[]	[]"
200601	2	beach	浜辺	a sandy place by the sea	We played on the beach.	私たちは浜辺で遊びました。	noun	2	3	""[""""浜辺"""",""""公園"""",""""湖"""",""""山"""",""""川""""]""	""[""""beach"""",""""park"""",""""lake"""",""""mountain"""",""""river""""]""	""[""""beach"""",""""peach"""",""""bench"""",""""beak"""",""""teach""""]""	""[{""""word"""":""""shore"""",""""note"""":""""海や湖のふち""""}]""	[]"
200602	2	weekend	週末	Saturday and Sunday	I play soccer on the weekend.	私は週末にサッカーをします。	noun	2	4	""[""""週末"""",""""平日"""",""""朝"""",""""夜"""",""""休み""""]""	""[""""weekend"""",""""weekday"""",""""morning"""",""""night"""",""""holiday""""]""	""[""""weekend"""",""""weakened"""",""""wicked"""",""""week"""",""""winter""""]""	[]	""[{""""word"""":""""weekday"""",""""note"""":""""週の月〜金ごろ""""}]"""
200603	2	count	数える	to say numbers in order	Please count the books.	その本を数えてください。	verb	2	3	""[""""数える"""",""""集める"""",""""運ぶ"""",""""開ける"""",""""洗う""""]""	""[""""count"""",""""collect"""",""""carry"""",""""open"""",""""wash""""]""	""[""""count"""",""""cloud"""",""""coat"""",""""card"""",""""can't""""]""	[]	[]"
200604	2	textbook	教科書	a book used for study at school	This textbook is very useful.	この教科書はとても役に立ちます。	noun	2	3	""[""""教科書"""",""""ノート"""",""""辞書"""",""""机"""",""""黒板""""]""	""[""""textbook"""",""""notebook"""",""""dictionary"""",""""desk"""",""""blackboard""""]""	""[""""textbook"""",""""testbook"""",""""notebook"""",""""text"""",""""cookbook""""]""	[]	[]"
200605	2	schoolyard	校庭	the open area around a school	The children are playing in the schoolyard.	子どもたちは校庭で遊んでいます。	noun	3	2	""[""""校庭"""",""""教室"""",""""図書館"""",""""体育館"""",""""廊下""""]""	""[""""schoolyard"""",""""classroom"""",""""library"""",""""gym"""",""""hallway""""]""	""[""""schoolyard"""",""""schoolbag"""",""""schoolbus"""",""""backyard"""",""""schoolwork""""]""	[]	[]"
200606	2	subject	教科	a course you study at school	My favorite subject is math.	私の好きな教科は数学です。	noun	2	4	""[""""教科"""",""""宿題"""",""""試験"""",""""時間割"""",""""授業""""]""	""[""""subject"""",""""homework"""",""""test"""",""""schedule"""",""""class""""]""	""[""""subject"""",""""object"""",""""summer"""",""""student"""",""""support""""]""	[]	[]"
200607	2	look for	探す	to try to find someone or something	I will look for my key.	私は自分のかぎを探します。	verb	2	3	""[""""探す"""",""""見つける"""",""""待つ"""",""""使う"""",""""運ぶ""""]""	""[""""look for"""",""""find"""",""""wait for"""",""""use"""",""""carry""""]""	""[""""look for"""",""""book"""",""""cook"""",""""good"""",""""long""""]""	""[{""""word"""":""""search for"""",""""note"""":""""ややかたい言い方""""}]""	[]"
200608	2	look around	見て回る	to look at things in a place	We looked around the shop.	私たちはその店を見て回りました。	verb	2	2	""[""""見て回る"""",""""座って待つ"""",""""まっすぐ行く"""",""""早く走る"""",""""家に帰る""""]""	""[""""look around"""",""""sit and wait"""",""""go straight"""",""""run fast"""",""""go home""""]""	""[""""look around"""",""""turn around"""",""""walk around"""",""""look aloud"""",""""book around""""]""	[]	[]"
200609	2	look like	…のように見える	to seem to be like someone or something	She looks like her mother.	彼女は母親に似ています。	verb	2	3	""[""""…のように見える"""",""""…を探す"""",""""…を知っている"""",""""…が好きだ"""",""""…を覚えている""""]""	""[""""look like"""",""""look for"""",""""know ..."""",""""like ..."""",""""remember ...""""]""	""[""""look like"""",""""cook rice"""",""""book light"""",""""good bike"""",""""long line""""]""	[]	[]"
200610	2	sale	特売	a time when a store sells things at lower prices	These shoes are on sale today.	この靴は今日特売です。	noun	2	3	""[""""特売"""",""""買い物"""",""""値段"""",""""店"""",""""市場""""]""	""[""""sale"""",""""shop"""",""""price"""",""""store"""",""""market""""]""	""[""""sale"""",""""sail"""",""""same"""",""""save"""",""""seat""""]""	[]	[]"
200611	2	mail	郵便	letters and packages sent by post	I got mail from my friend.	私は友だちから郵便を受け取りました。	noun	2	3	""[""""郵便"""",""""手紙"""",""""小包"""",""""切手"""",""""住所""""]""	""[""""mail"""",""""letter"""",""""package"""",""""stamp"""",""""address""""]""	""[""""mail"""",""""male"""",""""main"""",""""make"""",""""meal""""]""	""[{""""word"""":""""post"""",""""note"""":""""英ではよく使う""""}]""	[]"
200612	2	post office	郵便局	a place where you send letters and packages	She went to the post office after school.	彼女は放課後に郵便局へ行きました。	noun	2	2	""[""""郵便局"""",""""銀行"""",""""図書館"""",""""駅"""",""""病院""""]""	""[""""post office"""",""""bank"""",""""library"""",""""station"""",""""hospital""""]""	""[""""post office"""",""""bus office"""",""""police office"""",""""ticket office"""",""""head office""""]""	[]	[]"
200613	2	write to	～に手紙を書く	to send a letter or message to someone	I often write to my grandmother.	私はよく祖母に手紙を書きます。	verb	2	2	""[""""～に手紙を書く"""",""""～に話す"""",""""～に会う"""",""""～に電話する"""",""""～に教える""""]""	""[""""write to"""",""""talk to"""",""""meet"""",""""call"""",""""teach""""]""	""[""""write to"""",""""right"""",""""white"""",""""ride"""",""""light""""]""	[]	[]"
200614	2	triangle	三角形	a shape with three sides	Draw a triangle on the paper.	紙に三角形をかきなさい。	noun	2	2	""[""""三角形"""",""""四角形"""",""""円"""",""""星"""",""""線""""]""	""[""""triangle"""",""""square"""",""""circle"""",""""star"""",""""line""""]""	""[""""triangle"""",""""trial"""",""""travel"""",""""trouble"""",""""trumpet""""]""	[]	[]"
200615	2	port	港	a place where ships come and go	Many ships came to the port.	多くの船がその港に来ました。	noun	2	2	""[""""港"""",""""空港"""",""""駅"""",""""橋"""",""""海岸""""]""	""[""""port"""",""""airport"""",""""station"""",""""bridge"""",""""coast""""]""	""[""""port"""",""""short"""",""""sport"""",""""sort"""",""""part""""]""	""[{""""word"""":""""harbor"""",""""note"""":""""港を表す近い語""""}]""	[]"
200616	2	drugstore	薬局	a store that sells medicine and daily things	I went to the drugstore after school.	私は放課後に薬局へ行きました。	noun	2	3	""[""""薬局"""",""""本屋"""",""""花屋"""",""""パン屋"""",""""肉屋""""]""	""[""""drugstore"""",""""bookstore"""",""""florist"""",""""bakery"""",""""butcher""""]""	""[""""drugstore"""",""""bookstore"""",""""bus stop"""",""""dress shop"""",""""desk store""""]""	""[{""""word"""":""""pharmacy"""",""""note"""":""""薬を売る店。drugstore より薬の意味が強い""""}]""	[]"
200617	2	bakery	パン屋	a shop that makes and sells bread	My mother bought bread at the bakery.	母はパン屋でパンを買いました。	noun	2	3	""[""""パン屋"""",""""本屋"""",""""花屋"""",""""肉屋"""",""""薬局""""]""	""[""""bakery"""",""""bookstore"""",""""florist"""",""""butcher"""",""""drugstore""""]""	""[""""bakery"""",""""battery"""",""""gallery"""",""""factory"""",""""balcony""""]""	[]	[]"
200618	2	cake shop	ケーキ屋	a shop that sells cakes	We bought a birthday cake at the cake shop.	私たちはケーキ屋で誕生日のケーキを買いました。	noun	2	2	""[""""ケーキ屋"""",""""パン屋"""",""""本屋"""",""""花屋"""",""""薬局""""]""	""[""""cake shop"""",""""bakery"""",""""bookstore"""",""""florist"""",""""drugstore""""]""	""[""""cake shop"""",""""book shop"""",""""toy shop"""",""""pet shop"""",""""cake stop""""]""	[]	[]"
200619	2	flower shop	花屋	a store that sells flowers	She went to the flower shop after school.	彼女は放課後に花屋へ行きました。	noun	2	2	""[""""花屋"""",""""本屋"""",""""おもちゃ屋"""",""""パン屋"""",""""靴屋""""]""	""[""""flower shop"""",""""bookstore"""",""""toy store"""",""""bakery"""",""""shoe store""""]""	""[""""flower shop"""",""""flour shop"""",""""flower stop"""",""""tower shop"""",""""flower short""""]""	[]	[]"
200620	2	toy store	おもちゃ屋	a store that sells toys	We bought a ball at the toy store.	私たちはおもちゃ屋でボールを買いました。	noun	2	2	""[""""おもちゃ屋"""",""""花屋"""",""""本屋"""",""""パン屋"""",""""靴屋""""]""	""[""""toy store"""",""""flower shop"""",""""bookstore"""",""""bakery"""",""""shoe store""""]""	""[""""toy store"""",""""boy store"""",""""toy story"""",""""top store"""",""""tall store""""]""	[]	[]"
200621	2	bookstore	本屋	a store that sells books	I bought this book at the bookstore.	私はこの本を本屋で買いました。	noun	2	3	""[""""本屋"""",""""花屋"""",""""おもちゃ屋"""",""""パン屋"""",""""靴屋""""]""	""[""""bookstore"""",""""flower shop"""",""""toy store"""",""""bakery"""",""""shoe store""""]""	""[""""bookstore"""",""""cook store"""",""""look store"""",""""backstore"""",""""book star""""]""	""[{""""word"""":""""bookshop"""",""""note"""":""""主に英語圏で使う言い方""""}]""	[]"
200622	2	coffee shop	喫茶店	a place where you can buy and drink coffee	Let's meet at the coffee shop after school.	放課後に喫茶店で会いましょう。	noun	2	3	""[""""喫茶店"""",""""本屋"""",""""駅"""",""""図書館"""",""""公園""""]""	""[""""coffee shop"""",""""bookstore"""",""""station"""",""""library"""",""""park""""]""	""[""""coffee shop"""",""""candy shop"""",""""toy shop"""",""""coffee cup"""",""""corner shop""""]""	""[{""""word"""":""""cafe"""",""""note"""":""""より短い言い方""""}]""	[]"
200623	2	it'll	それは〜でしょう	short form of it will	I think it'll be sunny tomorrow.	明日は晴れるでしょう。	pronoun	2	4	""[""""それは〜でしょう"""",""""彼は〜でしょう"""",""""私は〜するつもりです"""",""""あなたは〜できます"""",""""私たちは〜しました""""]""	""[""""it'll"""",""""he'll"""",""""I'll"""",""""you can"""",""""we did""""]""	""[""""it'll"""",""""little"""",""""into"""",""""item"""",""""Italy""""]""	[]	[]"
200624	2	what's	何ですか	short form of what is	What's your favorite color?	あなたの好きな色は何ですか。	pronoun	2	5	""[""""何ですか"""",""""どこですか"""",""""だれですか"""",""""いつですか"""",""""なぜですか""""]""	""[""""what's"""",""""where's"""",""""who's"""",""""when's"""",""""why's""""]""	""[""""what's"""",""""where's"""",""""who's"""",""""when's"""",""""wants""""]""	[]	[]"
200625	2	Where's	どこですか	""short for """"Where is""""""	Where's my bag?	私のかばんはどこですか。	contraction	1	5	""[""""どこですか"""",""""だれですか"""",""""いつですか"""",""""なぜですか"""",""""どちらですか""""]""	""[""""Where's"""",""""Who's"""",""""When's"""",""""Why's"""",""""Which is""""]""	""[""""Where's"""",""""wears"""",""""when"""",""""white"""",""""well""""]""	[]	[]"
200626	2	for a moment	ちょっとの間	for a short time	Please wait here for a moment.	ここでちょっとの間待ってください。	phrase	2	3	""[""""ちょっとの間"""",""""長い間"""",""""すぐに"""",""""毎日"""",""""今朝""""]""	""[""""for a moment"""",""""for a long time"""",""""right away"""",""""every day"""",""""this morning""""]""	""[""""for a moment"""",""""for a minute"""",""""for a second"""",""""for the morning"""",""""for my mother""""]""	[]	[]"
200627	2	next to	〜のとなりに	at the side of something	The bank is next to the station.	銀行は駅のとなりにあります。	preposition	2	5	""[""""〜のとなりに"""",""""〜の前に"""",""""〜の後ろに"""",""""〜の中に"""",""""〜の下に""""]""	""[""""next to"""",""""in front of"""",""""behind"""",""""in"""",""""under""""]""	""[""""next to"""",""""near"""",""""left"""",""""net"""",""""neck""""]""	""[{""""word"""":""""beside"""",""""note"""":""""少しやや書き言葉""""}]""	[]"
200628	2	skating	スケート	the activity of moving on ice with skates	Skating is fun in winter.	スケートは冬に楽しいです。	noun	2	3	""[""""スケート"""",""""水泳"""",""""野球"""",""""テニス"""",""""サッカー""""]""	""[""""skating"""",""""swimming"""",""""baseball"""",""""tennis"""",""""soccer""""]""	""[""""skating"""",""""skiing"""",""""skipping"""",""""skate"""",""""sitting""""]""	[]	[]"
200629	2	camp	キャンプ	a place or activity of staying outdoors in tents	We will camp by the lake.	私たちは湖のそばでキャンプをします。	verb	2	4	""[""""キャンプ"""",""""ハイキング"""",""""買い物"""",""""料理"""",""""勉強""""]""	""[""""camp"""",""""hike"""",""""shop"""",""""cook"""",""""study""""]""	""[""""camp"""",""""cap"""",""""can"""",""""came"""",""""lamp""""]""	[]	[]"
200630	2	go skiing	スキーに行く	to go and ski on snow	They go skiing every winter.	彼らは毎冬スキーに行きます。	verb	2	2	""[""""スキーに行く"""",""""泳ぎに行く"""",""""買い物に行く"""",""""走りに行く"""",""""釣りに行く""""]""	""[""""go skiing"""",""""go swimming"""",""""go shopping"""",""""go running"""",""""go fishing""""]""	""[""""go skiing"""",""""go skating"""",""""go shopping"""",""""go fishing"""",""""go camping""""]""	[]	[]"
200631	2	clinic	診療所	a small place where doctors see patients	My mother went to the clinic this morning.	母は今朝その診療所へ行きました。	noun	2	2	""[""""診療所"""",""""病院"""",""""薬局"""",""""図書館"""",""""銀行""""]""	""[""""clinic"""",""""hospital"""",""""pharmacy"""",""""library"""",""""bank""""]""	""[""""clinic"""",""""climate"""",""""classic"""",""""clean"""",""""clock""""]""	[]	[]"
200632	2	bean	豆	a small seed used as food	I put some bean salad on my plate.	私は皿に豆のサラダをのせました。	noun	2	2	""[""""豆"""",""""米"""",""""パン"""",""""卵"""",""""魚""""]""	""[""""bean"""",""""rice"""",""""bread"""",""""egg"""",""""fish""""]""	""[""""bean"""",""""beach"""",""""bee"""",""""peach"""",""""green""""]""	[]	[]"
200633	2	doghouse	犬小屋	a small house for a dog	The dog is sleeping in its doghouse.	その犬は犬小屋で眠っています。	noun	2	1	""[""""犬小屋"""",""""鳥小屋"""",""""家"""",""""庭"""",""""門""""]""	""[""""doghouse"""",""""birdhouse"""",""""house"""",""""garden"""",""""gate""""]""	""[""""doghouse"""",""""dark house"""",""""dog"""",""""dollhouse"""",""""door""""]""	[]	[]"
200634	2	little	小さい	small in size	I have a little bag.	私は小さいかばんを持っています。	adjective	2	4	""[""""小さい"""",""""大きい"""",""""新しい"""",""""長い"""",""""重い""""]""	""[""""little"""",""""big"""",""""new"""",""""long"""",""""heavy""""]""	""[""""little"""",""""middle"""",""""listen"""",""""letter"""",""""simple""""]""	""[{""""word"""":""""small"""",""""note"""":""""より一般的な語""""}]""	""[{""""word"""":""""big"""",""""note"""":""""大きい""""}]"""
200635	2	cent	セント	a unit of money	This candy is ten cents.	このキャンディーは10セントです。	noun	2	2	""[""""セント"""",""""ドル"""",""""円"""",""""ユーロ"""",""""ポンド""""]""	""[""""cent"""",""""dollar"""",""""yen"""",""""euro"""",""""pound""""]""	""[""""cent"""",""""sent"""",""""sand"""",""""tent"""",""""send""""]""	[]	[]"
200636	2	hill	丘	a small high land	We walked up the hill.	私たちはその丘を歩いて登りました。	noun	2	3	""[""""丘"""",""""山"""",""""川"""",""""湖"""",""""森""""]""	""[""""hill"""",""""mountain"""",""""river"""",""""lake"""",""""forest""""]""	""[""""hill"""",""""fill"""",""""help"""",""""held"""",""""hall""""]""	[]	[]"
200637	2	harmonica	ハーモニカ	a small musical instrument you play with your mouth	He can play the harmonica well.	彼はハーモニカを上手に演奏できます。	noun	3	2	""[""""ハーモニカ"""",""""ピアノ"""",""""ギター"""",""""たいこ"""",""""ふえ""""]""	""[""""harmonica"""",""""piano"""",""""guitar"""",""""drum"""",""""flute""""]""	""[""""harmonica"""",""""monica"""",""""holiday"""",""""camera"""",""""banana""""]""	[]	[]"
200638	2	a few	少しの	some, but not many	I have a few books in my bag.	私はかばんの中に本を少し持っています。	determiner	2	4	""[""""少しの"""",""""たくさんの"""",""""すべての"""",""""いくつかの"""",""""多くの""""]""	""[""""a few"""",""""many"""",""""all"""",""""some"""",""""most""""]""	""[""""a few"""",""""a view"""",""""afraid"""",""""about"""",""""alive""""]""	""[{""""word"""":""""some"""",""""note"""":""""より広く使える語""""}]""	""[{""""word"""":""""many"""",""""note"""":""""数が多い""""}]"""
200639	2	card	カード	a small piece of paper or plastic	I got a birthday card from my friend.	私は友だちからバースデーカードをもらいました。	noun	2	4	""[""""カード"""",""""手紙"""",""""写真"""",""""切符"""",""""地図""""]""	""[""""card"""",""""letter"""",""""photo"""",""""ticket"""",""""map""""]""	""[""""card"""",""""cart"""",""""care"""",""""cap"""",""""kind""""]""	[]	[]"
200640	2	hamster	ハムスター	a small pet animal	I have a hamster at home.	私は家でハムスターを飼っています。	noun	2	2	""[""""ハムスター"""",""""うさぎ"""",""""ねこ"""",""""いぬ"""",""""ねずみ""""]""	""[""""hamster"""",""""rabbit"""",""""cat"""",""""dog"""",""""mouse""""]""	""[""""hamster"""",""""monster"""",""""master"""",""""hamper"""",""""campus""""]""	[]	[]"
200641	2	cafe	カフェ	a small restaurant for drinks and light meals	We had lunch at a cafe.	私たちはカフェで昼食をとりました。	noun	2	2	""[""""カフェ"""",""""レストラン"""",""""図書館"""",""""公園"""",""""駅""""]""	""[""""cafe"""",""""restaurant"""",""""library"""",""""park"""",""""station""""]""	""[""""cafe"""",""""coffee"""",""""cage"""",""""cake"""",""""case""""]""	[]	[]"
200642	2	pond	池	a small area of still water	There are fish in the pond.	その池には魚がいます。	noun	2	2	""[""""池"""",""""川"""",""""海"""",""""湖"""",""""島""""]""	""[""""pond"""",""""river"""",""""sea"""",""""lake"""",""""island""""]""	""[""""pond"""",""""bond"""",""""fond"""",""""point"""",""""pot""""]""	[]	[]"
200643	2	boat	ボート	a small vehicle for traveling on water	We went fishing in a boat.	私たちはボートで釣りに行きました。	noun	2	3	""[""""ボート"""",""""船"""",""""車"""",""""自転車"""",""""電車""""]""	""[""""boat"""",""""ship"""",""""car"""",""""bike"""",""""train""""]""	""[""""boat"""",""""coat"""",""""goat"""",""""note"""",""""road""""]""	""[{""""word"""":""""ship"""",""""note"""":""""boatより大きいことが多い""""}]""	[]"
200644	2	dolphin	イルカ	a smart animal that lives in the sea	We saw a dolphin at the aquarium.	私たちは水族館でイルカを見ました。	noun	2	2	""[""""イルカ"""",""""クジラ"""",""""サメ"""",""""アザラシ"""",""""ペンギン""""]""	""[""""dolphin"""",""""whale"""",""""shark"""",""""seal"""",""""penguin""""]""	""[""""dolphin"""",""""dollar"""",""""garden"""",""""doctor"""",""""golden""""]""	[]	[]"
200645	2	break	こわす	to damage something so it does not work	Don't break the window.	窓をこわさないでください。	verb	3	4	""[""""こわす"""",""""作る"""",""""開ける"""",""""閉める"""",""""運ぶ""""]""	""[""""break"""",""""make"""",""""open"""",""""close"""",""""carry""""]""	""[""""break"""",""""brick"""",""""black"""",""""brave"""",""""bread""""]""	[]	""[{""""word"""":""""fix"""",""""note"""":""""こわれたものを直す""""}]"""
200646	2	shampoo	シャンプー	soap for washing your hair	I need shampoo for my hair.	髪を洗うためにシャンプーが必要です。	noun	2	3	""[""""シャンプー"""",""""せっけん"""",""""くし"""",""""タオル"""",""""はぶらし""""]""	""[""""shampoo"""",""""soap"""",""""comb"""",""""towel"""",""""toothbrush""""]""	""[""""shampoo"""",""""shiny"""",""""shadow"""",""""sample"""",""""shallow""""]""	[]	[]"
200647	2	pillow	まくら	a soft thing for your head in bed	This pillow is very soft.	このまくらはとてもやわらかいです。	noun	2	3	""[""""まくら"""",""""ふとん"""",""""ベッド"""",""""毛布"""",""""シーツ""""]""	""[""""pillow"""",""""blanket"""",""""sheet"""",""""bed"""",""""futon""""]""	""[""""pillow"""",""""yellow"""",""""window"""",""""hello"""",""""below""""]""	[]	[]"
200648	2	cream	クリーム	a soft food or skin care substance	She put cream on the cake.	彼女はケーキにクリームをのせました。	noun	2	3	""[""""クリーム"""",""""バター"""",""""チーズ"""",""""ジャム"""",""""ソース""""]""	""[""""cream"""",""""butter"""",""""cheese"""",""""jam"""",""""sauce""""]""	""[""""cream"""",""""clean"""",""""green"""",""""dream"""",""""screen""""]""	[]	[]"
200649	2	grandson	孫息子	the son of your son or daughter	My grandson is five years old.	私の孫息子は5歳です。	noun	2	2	""[""""孫息子"""",""""息子"""",""""おい"""",""""兄弟"""",""""祖父""""]""	""[""""grandson"""",""""son"""",""""nephew"""",""""brother"""",""""grandfather""""]""	""[""""grandson"""",""""grandpa"""",""""grass"""",""""glad"""",""""handsome""""]""	[]	[]"
200650	2	Spanish	スペイン語	the language of Spain	She can speak Spanish well.	彼女はスペイン語を上手に話せます。	noun	2	3	""[""""スペイン語"""",""""英語"""",""""中国語"""",""""日本語"""",""""フランス語""""]""	""[""""Spanish"""",""""English"""",""""Chinese"""",""""Japanese"""",""""French""""]""	""[""""Spanish"""",""""English"""",""""finish"""",""""special"""",""""space""""]""	[]	[]"
200651	2	talk to	～に話す	to speak to someone	Please talk to your teacher.	先生に話してください。	verb	2	3	""[""""～に話す"""",""""～に手紙を書く"""",""""～を見る"""",""""～を待つ"""",""""～を助ける""""]""	""[""""talk to"""",""""write to"""",""""look at"""",""""wait for"""",""""help""""]""	""[""""talk to"""",""""walk"""",""""tall"""",""""top"""",""""take""""]""	""[{""""word"""":""""speak to"""",""""note"""":""""ほぼ同じ意味""""}]""	[]"
200652	2	talk	話す	to say words to someone	We talk after dinner.	私たちは夕食のあとに話します。	verb	2	4	""[""""話す"""",""""歩く"""",""""聞く"""",""""書く"""",""""歌う""""]""	""[""""talk"""",""""walk"""",""""listen"""",""""write"""",""""sing""""]""	""[""""talk"""",""""walk"""",""""tall"""",""""take"""",""""top""""]""	""[{""""word"""":""""speak"""",""""note"""":""""少しかたい言い方""""}]""	""[{""""word"""":""""listen"""",""""note"""":""""話すの反対で、聞くこと""""}]"""
200653	2	today's special	本日のおすすめ	a dish specially offered today	I want today's special.	私は本日のおすすめがほしいです。	noun	3	2	""[""""本日のおすすめ"""",""""飲み物メニュー"""",""""デザート"""",""""朝食"""",""""昼食""""]""	""[""""today's special"""",""""drink menu"""",""""dessert"""",""""breakfast"""",""""lunch""""]""	""[""""today's special"""",""""today's soup"""",""""daily special"""",""""table special"""",""""dinner special""""]""	""[{""""word"""":""""daily special"""",""""note"""":""""同じように使う表現""""}]""	[]"
200654	2	hockey	ホッケー	a sport played with sticks and a ball or puck	My brother plays hockey.	私の兄はホッケーをします。	noun	2	2	""[""""ホッケー"""",""""サッカー"""",""""テニス"""",""""野球"""",""""バスケットボール""""]""	""[""""hockey"""",""""soccer"""",""""tennis"""",""""baseball"""",""""basketball""""]""	""[""""hockey"""",""""happy"""",""""coffee"""",""""monkey"""",""""cookie""""]""	[]	[]"
200655	2	softball	ソフトボール	a game like baseball with a larger ball	We play softball after school.	私たちは放課後にソフトボールをします。	noun	2	2	""[""""ソフトボール"""",""""野球"""",""""サッカー"""",""""テニス"""",""""バスケットボール""""]""	""[""""softball"""",""""baseball"""",""""soccer"""",""""tennis"""",""""basketball""""]""	""[""""softball"""",""""snowball"""",""""soccer"""",""""shortstop"""",""""sunball""""]""	[]	[]"
200656	2	ski	スキーをする	to move on snow using skis	They ski in winter.	彼らは冬にスキーをします。	verb	2	2	""[""""スキーをする"""",""""泳ぐ"""",""""走る"""",""""踊る"""",""""登る""""]""	""[""""ski"""",""""swim"""",""""run"""",""""dance"""",""""climb""""]""	""[""""ski"""",""""sky"""",""""skip"""",""""seat"""",""""school""""]""	[]	[]"
200657	2	football	フットボール	a game played with a ball and goals	My brother likes football.	私の兄はフットボールが好きです。	noun	2	2	""[""""フットボール"""",""""野球"""",""""テニス"""",""""バレーボール"""",""""水泳""""]""	""[""""football"""",""""baseball"""",""""tennis"""",""""volleyball"""",""""swimming""""]""	""[""""football"""",""""footpath"""",""""goodball"""",""""basketball"""",""""fullback""""]""	[]	[]"
200658	2	rugby	ラグビー	a sport played with an oval ball	My brother plays rugby after school.	私の兄は放課後にラグビーをします。	noun	2	2	""[""""ラグビー"""",""""サッカー"""",""""野球"""",""""テニス"""",""""バスケットボール""""]""	""[""""rugby"""",""""soccer"""",""""baseball"""",""""tennis"""",""""basketball""""]""	""[""""rugby"""",""""ruby"""",""""rainy"""",""""robot"""",""""rabbit""""]""	[]	[]"
200659	2	golf	ゴルフ	a sport in which you hit a small ball into holes	My father likes golf very much.	私の父はゴルフがとても好きです。	noun	2	3	""[""""ゴルフ"""",""""テニス"""",""""野球"""",""""サッカー"""",""""水泳""""]""	""[""""golf"""",""""tennis"""",""""baseball"""",""""soccer"""",""""swimming""""]""	""[""""golf"""",""""gold"""",""""goal"""",""""gone"""",""""goat""""]""	[]	[]"
200660	2	ball	ボール	a round thing used in many sports and games	The ball is under the chair.	ボールはいすの下にあります。	noun	1	5	""[""""ボール"""",""""ラケット"""",""""バット"""",""""ネット"""",""""ゴール""""]""	""[""""ball"""",""""racket"""",""""bat"""",""""net"""",""""goal""""]""	""[""""ball"""",""""bell"""",""""bill"""",""""fall"""",""""wall""""]""	[]	[]"
200661	2	baseball game	野球の試合	a game of baseball	We watched a baseball game yesterday.	私たちは昨日、野球の試合を見ました。	noun	2	2	""[""""野球の試合"""",""""サッカーの試合"""",""""テニスの試合"""",""""バスケットボールの試合"""",""""バレーボールの試合""""]""	""[""""baseball game"""",""""soccer game"""",""""tennis match"""",""""basketball game"""",""""volleyball game""""]""	""[""""baseball game"""",""""basketball game"""",""""base game"""",""""birthday game"""",""""table game""""]""	[]	[]"
200662	2	coach	コーチ	a person who teaches a sport	Our coach is very kind.	私たちのコーチはとても親切です。	noun	2	3	""[""""コーチ"""",""""先生"""",""""選手"""",""""監督"""",""""チーム""""]""	""[""""coach"""",""""teacher"""",""""player"""",""""captain"""",""""member""""]""	""[""""coach"""",""""coat"""",""""code"""",""""coke"""",""""catch""""]""	""[{""""word"""":""""trainer"""",""""note"""":""""運動を教える人""""}]""	[]"
200663	2	sneakers	運動靴	shoes for sports or walking	I need new sneakers for P.E.	私は体育のために新しい運動靴が必要です。	noun	2	2	""[""""運動靴"""",""""長靴"""",""""サンダル"""",""""くつ下"""",""""手袋""""]""	""[""""sneakers"""",""""boots"""",""""sandals"""",""""socks"""",""""gloves""""]""	""[""""sneakers"""",""""speakers"""",""""snickers"""",""""sleepers"""",""""stickers""""]""	""[{""""word"""":""""shoes"""",""""note"""":""""より広い意味の語""""}]""	[]"
200664	2	star	星	a bright object in the night sky	I can see a star tonight.	今夜、私は星が見えます。	noun	2	4	""[""""星"""",""""月"""",""""太陽"""",""""空"""",""""雲""""]""	""[""""star"""",""""moon"""",""""sun"""",""""sky"""",""""cloud""""]""	""[""""star"""",""""start"""",""""store"""",""""stair"""",""""stone""""]""	[]	[]"
200665	2	I'll try again.	もう一度やってみます	I will do it one more time	I'll try again.	もう一度やってみます。	phrase	2	3	""[""""もう一度やってみます"""",""""わかりません"""",""""手伝ってください"""",""""ゆっくり話してください"""",""""大丈夫です""""]""	""[""""I'll try again."""",""""I don't know."""",""""Please help me."""",""""Please speak slowly."""",""""It's OK.""""]""	""[""""I'll try again."""",""""I'll ask again."""",""""I'll come again."""",""""I'll write again."""",""""I'll play again.""""]""	[]	[]"
200666	2	That's all.	それで全部です	there is nothing more	That's all.	それで全部です。	phrase	2	3	""[""""それで全部です"""",""""もう一度お願いします"""",""""気に入っています"""",""""あとで行きます"""",""""よくできました""""]""	""[""""That's all."""",""""One more time, please."""",""""I like it."""",""""I'll go later."""",""""Good job.""""]""	""[""""That's all."""",""""That's OK."""",""""That's right."""",""""That's nice."""",""""That's mine.""""]""	[]	[]"
200667	2	feel	感じる	to have a feeling	I feel much better now.	私は今ずっと気分がよいです。	verb	2	4	""[""""感じる"""",""""考える"""",""""知っている"""",""""見える"""",""""聞こえる""""]""	""[""""feel"""",""""think"""",""""know"""",""""see"""",""""hear""""]""	""[""""feel"""",""""fill"""",""""fell"""",""""field"""",""""feed""""]""	[]	[]"
200668	2	free	ひまな	not busy; having time	I will be free next week.	私は来週ひまです。	adjective	2	4	""[""""ひまな"""",""""忙しい"""",""""元気な"""",""""親切な"""",""""有名な""""]""	""[""""free"""",""""busy"""",""""well"""",""""kind"""",""""famous""""]""	""[""""free"""",""""tree"""",""""three"""",""""fry"""",""""fleet""""]""	[]	""[{""""word"""":""""busy"""",""""note"""":""""「忙しい」""""}]"""
200669	2	cold	かぜ	an illness like a common sickness	I have a cold today.	私は今日かぜをひいています。	noun	2	4	""[""""かぜ"""",""""頭痛"""",""""熱"""",""""せき"""",""""けが""""]""	""[""""cold"""",""""headache"""",""""fever"""",""""cough"""",""""injury""""]""	""[""""cold"""",""""could"""",""""code"""",""""coat"""",""""corn""""]""	[]	[]"
200670	2	call back	折り返し電話する	to call someone again later	I'll call back later.	あとで折り返し電話します。	verb	2	3	""[""""折り返し電話する"""",""""電話に出る"""",""""電話を切る"""",""""メッセージを送る"""",""""待つ""""]""	""[""""call back"""",""""answer"""",""""hang up"""",""""text"""",""""wait""""]""	""[""""call back"""",""""come back"""",""""call"""",""""talk"""",""""walk""""]""	[]	[]"
200671	2	think about	～について考える	to think carefully about something	I'll think about it.	それについて考えます。	verb	2	4	""[""""～について考える"""",""""～を忘れる"""",""""～を選ぶ"""",""""～を始める"""",""""～を見つける""""]""	""[""""think about"""",""""forget"""",""""choose"""",""""start"""",""""find""""]""	""[""""think about"""",""""think"""",""""sing about"""",""""talk about"""",""""bring about""""]""	[]	[]"
200672	2	go home	家に帰る	to return to your house	I'm going home now.	私は今、家に帰るところです。	verb	1	5	""[""""家に帰る"""",""""学校へ行く"""",""""店に入る"""",""""外で遊ぶ"""",""""ここに来る""""]""	""[""""go home"""",""""go to school"""",""""enter the store"""",""""play outside"""",""""come here""""]""	""[""""go home"""",""""go"""",""""come home"""",""""go out"""",""""get home""""]""	[]	[]"
200673	2	I have to go now.	もう行かなければなりません	used when you must leave now	I have to go now.	もう行かなければなりません。	phrase	2	4	""[""""もう行かなければなりません"""",""""今はひまです"""",""""ここにすわってください"""",""""あとで電話します"""",""""それが大好きです""""]""	""[""""I have to go now."""",""""I am very happy."""",""""Please open the door."""",""""I can play tennis."""",""""This is my bag.""""]""	""[""""I have to go now."""",""""I have to go home."""",""""I want to go now."""",""""I have to do it."""",""""I have to go out.""""]""	[]	[]"
200674	2	I don't feel well.	気分がよくありません	used when you are sick or not fine	I don't feel well.	気分がよくありません。	phrase	2	4	""[""""気分がよくありません"""",""""とても元気です"""",""""おなかがすいています"""",""""すぐに行きます"""",""""それはおもしろいです""""]""	""[""""I don't feel well."""",""""I am very busy."""",""""I like this song."""",""""Please sit here."""",""""We play after school.""""]""	""[""""I don't feel well."""",""""I don't sleep well."""",""""I don't look well."""",""""I can't feel well."""",""""I don't feel cold.""""]""	[]	[]"
200675	2	Not very good.	あまりよくない	used when something is not so good	Not very good.	あまりよくない。	phrase	2	3	""[""""あまりよくない"""",""""とてもよい"""",""""少し高い"""",""""とても速い"""",""""かなり新しい""""]""	""[""""Not very good."""",""""Very easy."""",""""Quite small."""",""""Really nice."""",""""Too busy.""""]""	""[""""Not very good."""",""""Not very big."""",""""Not very cold."""",""""Not very fast."""",""""Not very long.""""]""	[]	[]"
200676	2	These are on sale.	これらは特売です	used to say the things are being sold at a lower price	These are on sale.	これらは特売です。	sentence	2	3	""[""""これらは特売です"""",""""これらは新しいです"""",""""これらは高いです"""",""""これらは人気です"""",""""これらは同じです""""]""	""[""""These are on sale."""",""""These are new."""",""""These are expensive."""",""""These are popular."""",""""These are the same.""""]""	""[""""These are on sale."""",""""These are not cheap."""",""""These are very small."""",""""These are for school."""",""""These are my shoes.""""]""	[]	[]"
200677	2	be sick in bed	病気で寝ている	to stay in bed because you are ill	I was sick in bed last week.	私は先週、病気で寝ていました。	phrase	2	2	""[""""病気で寝ている"""",""""外で遊んでいる"""",""""学校へ歩いて行く"""",""""朝ごはんを作る"""",""""店で買い物をする""""]""	""[""""be sick in bed"""",""""play outside"""",""""walk to school"""",""""make breakfast"""",""""shop at a store""""]""	""[""""be sick in bed"""",""""sit on the bed"""",""""sleep in class"""",""""pick up the bag"""",""""read in the room""""]""	[]	[]"
200678	2	die	死ぬ	to stop living	Many fish die in dirty water.	多くの魚は汚れた水で死にます。	verb	2	3	""[""""死ぬ"""",""""生まれる"""",""""育つ"""",""""泳ぐ"""",""""落ちる""""]""	""[""""die"""",""""be born"""",""""grow"""",""""swim"""",""""fall""""]""	""[""""die"""",""""dry"""",""""dive"""",""""day"""",""""dark""""]""	[]	""[{""""word"""":""""live"""",""""note"""":""""生きていること""""}]"""
200679	2	wake	目を覚ます	to stop sleeping	I wake at six every morning.	私は毎朝6時に目を覚まします。	verb	2	3	""[""""目を覚ます"""",""""眠る"""",""""座る"""",""""歩く"""",""""待つ""""]""	""[""""wake"""",""""sleep"""",""""sit"""",""""walk"""",""""wait""""]""	""[""""wake"""",""""make"""",""""lake"""",""""week"""",""""walk""""]""	[]	""[{""""word"""":""""sleep"""",""""note"""":""""反対の動作""""}]"""
200680	2	wake up	起きる	to get out of sleep	I wake up at seven on Sundays.	私は日曜日に7時に起きます。	verb	2	3	""[""""起きる"""",""""寝る"""",""""食べる"""",""""走る"""",""""話す""""]""	""[""""wake up"""",""""sleep"""",""""eat"""",""""run"""",""""talk""""]""	""[""""wake up"""",""""make up"""",""""take up"""",""""wait"""",""""walk""""]""	""[{""""word"""":""""get up"""",""""note"""":""""bedから出る意味で近い""""}]""	""[{""""word"""":""""sleep"""",""""note"""":""""反対の動作""""}]"""
200681	2	give up	あきらめる	to stop trying	Don't give up so easily.	そんなに簡単にあきらめないで。	verb	2	3	""[""""あきらめる"""",""""始める"""",""""見つける"""",""""運ぶ"""",""""教える""""]""	""[""""give up"""",""""start"""",""""find"""",""""carry"""",""""teach""""]""	""[""""give up"""",""""pick up"""",""""get up"""",""""live"""",""""gift""""]""	""[{""""word"""":""""quit"""",""""note"""":""""やめるという意味で近い""""}]""	""[{""""word"""":""""continue"""",""""note"""":""""続ける""""}]"""
200682	2	closet	押し入れ	a small space for clothes or things	My bag is in the closet.	私のかばんは押し入れの中にあります。	noun	2	3	""[""""押し入れ"""",""""台所"""",""""玄関"""",""""天井"""",""""床""""]""	""[""""closet"""",""""kitchen"""",""""entrance"""",""""ceiling"""",""""floor""""]""	""[""""closet"""",""""close"""",""""cross"""",""""class"""",""""cloud""""]""	""[{""""word"""":""""cupboard"""",""""note"""":""""物をしまう戸棚""""}]""	[]"
200683	2	shop	店	a place where people buy things	My mother works at a shop.	私の母は店で働いています。	noun	1	5	""[""""店"""",""""駅"""",""""病院"""",""""公園"""",""""図書館""""]""	""[""""shop"""",""""station"""",""""hospital"""",""""park"""",""""library""""]""	""[""""shop"""",""""ship"""",""""shot"""",""""shock"""",""""shape""""]""	""[{""""word"""":""""store"""",""""note"""":""""特に米語でよく使う""""}]""	[]"
200684	2	violin	バイオリン	a musical instrument with strings	She can play the violin well.	彼女はバイオリンを上手に弾けます。	noun	2	2	""[""""バイオリン"""",""""ピアノ"""",""""ギター"""",""""太鼓"""",""""笛""""]""	""[""""violin"""",""""piano"""",""""guitar"""",""""drum"""",""""flute""""]""	""[""""violin"""",""""violet"""",""""village"""",""""visit"""",""""video""""]""	[]	[]"
200685	2	zebra	しまうま	an African animal with black and white stripes	I saw a zebra at the zoo.	私は動物園でしまうまを見ました。	noun	2	2	""[""""しまうま"""",""""きりん"""",""""らいおん"""",""""ぞう"""",""""さる""""]""	""[""""zebra"""",""""giraffe"""",""""lion"""",""""elephant"""",""""monkey""""]""	""[""""zebra"""",""""zero"""",""""zoo"""",""""singer"""",""""river""""]""	[]	[]"
200686	2	Thanks a lot.	どうもありがとう。	a casual way to thank someone very much	Thanks a lot for your help.	手伝ってくれてどうもありがとう。	phrase	2	4	""[""""どうもありがとう。"""",""""おはよう。"""",""""さようなら。"""",""""ごめんなさい。"""",""""はじめまして。""""]""	""[""""Thanks a lot."""",""""Good morning."""",""""Goodbye."""",""""I'm sorry."""",""""Nice to meet you.""""]""	""[""""Thanks a lot."""",""""Thanks."""",""""That is a lot."""",""""Thank you."""",""""Thanks a bunch.""""]""	[]	[]"
200687	2	classmate	クラスメート	a student in the same class as you	My classmate is very kind.	私のクラスメートはとても親切です。	noun	2	3	""[""""クラスメート"""",""""先生"""",""""生徒"""",""""友だち"""",""""兄弟""""]""	""[""""classmate"""",""""teacher"""",""""student"""",""""friend"""",""""brother""""]""	""[""""classmate"""",""""classroom"""",""""class"""",""""glass"""",""""classman""""]""	""[{""""word"""":""""schoolfriend"""",""""note"""":""""学校の友だち。classmate より広い""""}]""	[]"
200688	2	learn	学ぶ	to get knowledge or skill	We learn English at school.	私たちは学校で英語を学びます。	verb	2	4	""[""""学ぶ"""",""""教える"""",""""作る"""",""""使う"""",""""開く""""]""	""[""""learn"""",""""teach"""",""""make"""",""""use"""",""""open""""]""	""[""""learn"""",""""turn"""",""""long"""",""""line"""",""""land""""]""	""[{""""word"""":""""study"""",""""note"""":""""learnより「勉強する」に近い""""}]""	[]"
200689	2	hairstyle	髪型	the way someone's hair looks	I like her new hairstyle.	私は彼女の新しい髪型が好きです。	noun	3	2	""[""""髪型"""",""""服"""",""""帽子"""",""""顔"""",""""靴""""]""	""[""""hairstyle"""",""""clothes"""",""""hat"""",""""face"""",""""shoes""""]""	""[""""hairstyle"""",""""hairband"""",""""airplane"""",""""careful"""",""""stair""""]""	""[{""""word"""":""""haircut"""",""""note"""":""""cutった後の髪型に近い""""}]""	[]"
200690	2	junior	年下の	younger or lower in rank	My brother is junior to me in age.	私の兄弟は私より年下です。	adjective	3	2	""[""""年下の"""",""""年上の"""",""""若い"""",""""小さい"""",""""新しい""""]""	""[""""junior"""",""""senior"""",""""young"""",""""small"""",""""new""""]""	""[""""junior"""",""""genius"""",""""January"""",""""jungle"""",""""singer""""]""	""[{""""word"""":""""younger"""",""""note"""":""""年齢ではこちらがより自然""""}]""	""[{""""word"""":""""senior"""",""""note"""":""""年上の、上級の""""}]"""
200691	2	sunrise	日の出	the time when the sun comes up	We got up early to see the sunrise.	私たちは日の出を見るために早く起きました。	noun	2	2	""[""""日の出"""",""""日没"""",""""朝"""",""""昼"""",""""夜""""]""	""[""""sunrise"""",""""sunset"""",""""morning"""",""""noon"""",""""night""""]""	""[""""sunrise"""",""""sunlight"""",""""sunny"""",""""sunset"""",""""surprise""""]""	[]	""[{""""word"""":""""sunset"""",""""note"""":""""sunrise は日の出、sunset は日没""""}]"""
200692	2	sunset	日没	the time when the sun goes down	The sky was red at sunset.	日没のとき、空は赤かったです。	noun	2	2	""[""""日没"""",""""日の出"""",""""朝"""",""""昼"""",""""夜""""]""	""[""""sunset"""",""""sunrise"""",""""morning"""",""""noon"""",""""night""""]""	""[""""sunset"""",""""sunrise"""",""""sunny"""",""""sunlight"""",""""Sunday""""]""	[]	""[{""""word"""":""""sunrise"""",""""note"""":""""sunset は日没、sunrise は日の出""""}]"""
200693	2	weather	天気	the condition of the air outside	The weather is nice today.	今日は天気がよいです。	noun	1	5	""[""""天気"""",""""気温"""",""""季節"""",""""空"""",""""風""""]""	""[""""weather"""",""""temperature"""",""""season"""",""""sky"""",""""wind""""]""	""[""""weather"""",""""whether"""",""""winter"""",""""water"""",""""feather""""]""	[]	[]"
200694	2	even	〜でさえ	used to show something surprising	Even my little brother can do it.	弟でさえそれができます。	adverb	2	3	""[""""〜でさえ"""",""""たぶん"""",""""いつも"""",""""すぐに"""",""""とても""""]""	""[""""even"""",""""maybe"""",""""always"""",""""soon"""",""""very""""]""	""[""""even"""",""""ever"""",""""easy"""",""""evening"""",""""eleven""""]""	[]	[]"
200695	2	cake	ケーキ	a sweet baked food	She made a cake for my birthday.	彼女は私の誕生日にケーキを作ってくれました。	noun	1	4	""[""""ケーキ"""",""""パン"""",""""クッキー"""",""""パイ"""",""""キャンディー""""]""	""[""""cake"""",""""bread"""",""""cookie"""",""""pie"""",""""candy""""]""	""[""""cake"""",""""lake"""",""""make"""",""""cap"""",""""cook""""]""	[]	[]"
200696	2	dessert	デザート	sweet food eaten after a meal	We had ice cream for dessert.	私たちはデザートにアイスクリームを食べました。	noun	2	3	""[""""デザート"""",""""朝食"""",""""昼食"""",""""夕食"""",""""軽食""""]""	""[""""dessert"""",""""breakfast"""",""""lunch"""",""""dinner"""",""""snack""""]""	""[""""dessert"""",""""desert"""",""""result"""",""""lesson"""",""""doctor""""]""	""[{""""word"""":""""sweet"""",""""note"""":""""食後の甘いものを指すことがある""""}]""	[]"
200697	2	honey	はちみつ	a sweet food made by bees	I put honey in my tea.	私はお茶にはちみつを入れます。	noun	2	3	""[""""はちみつ"""",""""さとう"""",""""しお"""",""""ジャム"""",""""バター""""]""	""[""""honey"""",""""sugar"""",""""salt"""",""""jam"""",""""butter""""]""	""[""""honey"""",""""money"""",""""sunny"""",""""happy"""",""""hurry""""]""	[]	[]"
200698	2	take a photo	写真を撮る	to make a picture with a camera	I take a photo of my dog.	私は自分の犬の写真を撮ります。	verb	2	3	""[""""写真を撮る"""",""""絵をかく"""",""""本を読む"""",""""歌を歌う"""",""""手紙を書く""""]""	""[""""take a photo"""",""""draw a picture"""",""""read a book"""",""""sing a song"""",""""write a letter""""]""	""[""""take a photo"""",""""take a bus"""",""""take a bath"""",""""make a cake"""",""""write a note""""]""	""[{""""word"""":""""take a picture"""",""""note"""":""""photo より picture のほうが少し広い言い方""""}]""	[]"
200699	2	go on a trip	旅行に行く	to travel to a place for fun	We go on a trip in summer.	私たちは夏に旅行に行きます。	verb	2	2	""[""""旅行に行く"""",""""買い物に行く"""",""""学校に行く"""",""""家に帰る"""",""""公園で遊ぶ""""]""	""[""""go on a trip"""",""""go shopping"""",""""go to school"""",""""go home"""",""""play in the park""""]""	""[""""go on a trip"""",""""go on a train"""",""""go to a park"""",""""go for a walk"""",""""go to bed""""]""	[]	[]"
200700	2	borrow	借りる	to get something from someone and use it for a time	Can I borrow your pen?	あなたのペンを借りてもいいですか。	verb	2	3	""[""""借りる"""",""""返す"""",""""買う"""",""""使う"""",""""見つける""""]""	""[""""borrow"""",""""return"""",""""buy"""",""""use"""",""""find""""]""	""[""""borrow"""",""""follow"""",""""bottle"""",""""yellow"""",""""tomorrow""""]""	[]	""[{""""word"""":""""lend"""",""""note"""":""""borrow は借りる、lend は貸す""""}]"""
200701	2	speak to	～に話しかける	to talk to someone	I want to speak to my teacher after class.	授業のあとで先生に話しかけたいです。	verb	2	3	""[""""～に話しかける"""",""""～を待つ"""",""""～を手伝う"""",""""～を訪ねる"""",""""～を呼ぶ""""]""	""[""""speak to"""",""""wait for"""",""""help"""",""""visit"""",""""call""""]""	""[""""speak to"""",""""speed up"""",""""stay up"""",""""spell out"""",""""speak up""""]""	""[{""""word"""":""""talk to"""",""""note"""":""""より一般的な言い方""""}]""	[]"
200702	2	tower	塔	a tall narrow building	We saw a tall tower in the city.	私たちはその町で高い塔を見ました。	noun	2	2	""[""""塔"""",""""橋"""",""""門"""",""""城"""",""""壁""""]""	""[""""tower"""",""""bridge"""",""""gate"""",""""castle"""",""""wall""""]""	""[""""tower"""",""""towel"""",""""town"""",""""tiger"""",""""flower""""]""	[]	[]"
200703	2	goal	目標	something you want to do or get	My goal is to be a teacher.	私の目標は先生になることです。	noun	2	3	""[""""目標"""",""""計画"""",""""夢"""",""""答え"""",""""約束""""]""	""[""""goal"""",""""plan"""",""""dream"""",""""answer"""",""""promise""""]""	""[""""goal"""",""""gold"""",""""goat"""",""""girl"""",""""game""""]""	""[{""""word"""":""""aim"""",""""note"""":""""少しかたいが、同じように「目標」""""}]""	[]"
200704	2	delicious	おいしい	very good to eat	This cake is delicious.	このケーキはおいしいです。	adjective	2	3	""[""""おいしい"""",""""あまい"""",""""からい"""",""""すっぱい"""",""""にがい""""]""	""[""""delicious"""",""""sweet"""",""""spicy"""",""""sour"""",""""bitter""""]""	""[""""delicious"""",""""dangerous"""",""""different"""",""""famous"""",""""nervous""""]""	""[{""""word"""":""""tasty"""",""""note"""":""""くだけた言い方で「おいしい」""""}]""	[]"
200705	2	volleyball	バレーボール	a game played with a ball over a net	We play volleyball after school.	私たちは放課後にバレーボールをします。	noun	2	2	""[""""バレーボール"""",""""バスケットボール"""",""""サッカー"""",""""テニス"""",""""野球""""]""	""[""""volleyball"""",""""basketball"""",""""soccer"""",""""tennis"""",""""baseball""""]""	""[""""volleyball"""",""""baseball"""",""""basketball"""",""""holiday"""",""""violin""""]""	[]	[]"
200706	2	tent	テント	a shelter made of cloth for camping	We slept in a tent by the lake.	私たちは湖のそばでテントに寝ました。	noun	2	3	""[""""テント"""",""""小屋"""",""""毛布"""",""""かばん"""",""""いす""""]""	""[""""tent"""",""""cabin"""",""""blanket"""",""""bag"""",""""chair""""]""	""[""""tent"""",""""ten"""",""""sent"""",""""test"""",""""text""""]""	[]	[]"
200707	2	try	試す	to do something to see if it works	Please try this cake.	このケーキを試してみてください。	verb	2	5	""[""""試す"""",""""選ぶ"""",""""運ぶ"""",""""待つ"""",""""集める""""]""	""[""""try"""",""""choose"""",""""carry"""",""""wait"""",""""collect""""]""	""[""""try"""",""""dry"""",""""tree"""",""""train"""",""""trip""""]""	""[{""""word"""":""""test"""",""""note"""":""""tryより少しかたい語""""}]""	[]"
200708	2	ending	終わり	the last part of something	I liked the ending of the movie.	私はその映画の終わりが好きでした。	noun	3	3	""[""""終わり"""",""""始まり"""",""""途中"""",""""場面"""",""""題名""""]""	""[""""ending"""",""""beginning"""",""""middle"""",""""scene"""",""""title""""]""	""[""""ending"""",""""engine"""",""""evening"""",""""entry"""",""""artist""""]""	""[{""""word"""":""""end"""",""""note"""":""""より短く基本的な語""""}]""	""[{""""word"""":""""beginning"""",""""note"""":""""始まり""""}]"""
200709	2	next month	来月	the month after this one	We will visit Kyoto next month.	私たちは来月京都を訪れます。	phrase	1	3	""[""""来月"""",""""先月"""",""""今月"""",""""来年"""",""""来週""""]""	""[""""next month"""",""""last month"""",""""this month"""",""""next year"""",""""next week""""]""	""[""""next month"""",""""next Monday"""",""""last month"""",""""this month"""",""""next week""""]""	[]	[]"
200710	2	last	最後の	coming after all the others	This is the last train today.	これは今日の最後の電車です。	adjective	2	5	""[""""最後の"""",""""最初の"""",""""新しい"""",""""古い"""",""""早い""""]""	""[""""last"""",""""first"""",""""new"""",""""old"""",""""early""""]""	""[""""last"""",""""fast"""",""""lost"""",""""list"""",""""least""""]""	[]	""[{""""word"""":""""first"""",""""note"""":""""順番で最初の""""}]"""
200711	2	game	試合	an activity or sport with rules	We watched a baseball game on TV.	私たちはテレビで野球の試合を見ました。	noun	1	5	""[""""試合"""",""""練習"""",""""宿題"""",""""授業"""",""""旅行""""]""	""[""""game"""",""""practice"""",""""homework"""",""""class"""",""""trip""""]""	""[""""game"""",""""gate"""",""""gave"""",""""name"""",""""came""""]""	""[{""""word"""":""""match"""",""""note"""":""""スポーツの試合でよく使う""""}]""	[]"
200712	2	book	本	something you read	I read a book after dinner.	私は夕食のあとに本を読みます。	noun	1	5	""[""""本"""",""""雑誌"""",""""新聞"""",""""ノート"""",""""辞書""""]""	""[""""book"""",""""magazine"""",""""newspaper"""",""""notebook"""",""""dictionary""""]""	""[""""book"""",""""cook"""",""""look"""",""""back"""",""""bike""""]""	[]	[]"
200713	2	plan	計画	something you decide to do	We made a plan for the trip.	私たちは旅行の計画を立てました。	noun	2	4	""[""""計画"""",""""約束"""",""""質問"""",""""答え"""",""""夢""""]""	""[""""plan"""",""""promise"""",""""question"""",""""answer"""",""""dream""""]""	""[""""plan"""",""""plant"""",""""play"""",""""plane"""",""""clap""""]""	""[{""""word"""":""""idea"""",""""note"""":""""考えという意味で近いが、planのほうがより具体的""""}]""	[]"
200714	2	have a good idea	よい考えがある	to think of a good answer or plan	I have a good idea for our class party.	私はクラスパーティーによい考えがあります。	verb	3	3	""[""""よい考えがある"""",""""手伝いが必要だ"""",""""時間がない"""",""""約束をする"""",""""気分が悪い""""]""	""[""""have a good idea"""",""""need help"""",""""have no time"""",""""make a promise"""",""""feel sick""""]""	""[""""have a good idea"""",""""have a big dinner"""",""""have a good teacher"""",""""have a new camera"""",""""have a blue jacket""""]""	""[{""""word"""":""""think of a good plan"""",""""note"""":""""より説明的な言い方""""}]""	[]"
200715	2	call	電話する	to speak to someone by phone	I will call my mother tonight.	今夜、母に電話します。	verb	2	5	""[""""電話する"""",""""会う"""",""""待つ"""",""""送る"""",""""使う""""]""	""[""""call"""",""""meet"""",""""wait"""",""""send"""",""""use""""]""	""[""""call"""",""""cold"""",""""card"""",""""care"""",""""cook""""]""	""[{""""word"""":""""phone"""",""""note"""":""""特に電話をかけるときによく使う""""}]""	[]"
200716	2	do	する	to perform an action	I do my homework after dinner.	私は夕食のあとに宿題をします。	verb	1	5	""[""""する"""",""""作る"""",""""行く"""",""""見る"""",""""書く""""]""	""[""""do"""",""""make"""",""""go"""",""""see"""",""""write""""]""	""[""""do"""",""""go"""",""""dog"""",""""day"""",""""door""""]""	[]	[]"
200717	2	draw	絵をかく	to make a picture with a pen or pencil	She likes to draw animals.	彼女は動物の絵をかくのが好きです。	verb	2	4	""[""""絵をかく"""",""""歌う"""",""""泳ぐ"""",""""読む"""",""""買う""""]""	""[""""draw"""",""""sing"""",""""swim"""",""""read"""",""""buy""""]""	""[""""draw"""",""""drop"""",""""dream"""",""""drive"""",""""dry""""]""	""[{""""word"""":""""paint"""",""""note"""":""""paint は絵の具などでえがく""""}]""	[]"
200718	2	enjoy	楽しむ	to like doing something	I enjoy music after dinner.	私は夕食のあとに音楽を楽しみます。	verb	2	4	""[""""楽しむ"""",""""集める"""",""""選ぶ"""",""""運ぶ"""",""""習う""""]""	""[""""enjoy"""",""""collect"""",""""choose"""",""""carry"""",""""learn""""]""	""[""""enjoy"""",""""employ"""",""""engine"""",""""entry"""",""""invite""""]""	""[{""""word"""":""""like"""",""""note"""":""""enjoy のほうが「楽しむ」気持ちが強い""""}]""	""[{""""word"""":""""hate"""",""""note"""":""""強い反対の気持ち""""}]"""
200719	2	love	大好きである	to like someone or something very much	I love this song.	私はこの歌が大好きです。	verb	2	5	""[""""大好きである"""",""""必要とする"""",""""覚えている"""",""""信じる"""",""""待つ""""]""	""[""""love"""",""""need"""",""""remember"""",""""believe"""",""""wait""""]""	""[""""love"""",""""live"""",""""leave"""",""""luck"""",""""lamp""""]""	""[{""""word"""":""""like"""",""""note"""":""""love のほうが気持ちが強い""""}]""	""[{""""word"""":""""hate"""",""""note"""":""""「大好き」の反対""""}]"""
200720	2	sell	売る	to give something for money	They sell fruit at the store.	彼らはその店で果物を売っています。	verb	2	4	""[""""売る"""",""""借りる"""",""""送る"""",""""洗う"""",""""建てる""""]""	""[""""sell"""",""""borrow"""",""""send"""",""""wash"""",""""build""""]""	""[""""sell"""",""""shell"""",""""self"""",""""send"""",""""sail""""]""	[]	""[{""""word"""":""""buy"""",""""note"""":""""お金を出して買う""""}]"""
200721	2	speak	話す	to say words with your voice	I can speak English.	私は英語を話せます。	verb	2	5	""[""""話す"""",""""聞く"""",""""書く"""",""""読む"""",""""歌う""""]""	""[""""speak"""",""""listen"""",""""write"""",""""read"""",""""sing""""]""	""[""""speak"""",""""स्पीक"""",""""sleep"""",""""snake"""",""""sport""""]""	""[{""""word"""":""""talk"""",""""note"""":""""ふつうの会話でよく使う""""}]""	[]"
200722	2	use	使う	to do something with a thing	I use this pen every day.	私はこのペンを毎日使います。	verb	2	5	""[""""使う"""",""""作る"""",""""開ける"""",""""見つける"""",""""運ぶ""""]""	""[""""use"""",""""make"""",""""open"""",""""find"""",""""carry""""]""	""[""""use"""",""""juice"""",""""news"""",""""bus"""",""""face""""]""	[]	[]"
200723	2	walk	歩く	to move on your feet	We walk to school.	私たちは学校まで歩いて行きます。	verb	2	5	""[""""歩く"""",""""走る"""",""""泳ぐ"""",""""座る"""",""""立つ""""]""	""[""""walk"""",""""run"""",""""swim"""",""""sit"""",""""stand""""]""	""[""""walk"""",""""work"""",""""wake"""",""""word"""",""""want""""]""	[]	""[{""""word"""":""""run"""",""""note"""":""""歩くより速く進む""""}]"""
200724	2	this weekend	今週末	on the coming Saturday and Sunday	We will visit my grandma this weekend.	私たちは今週末に祖母をたずねます。	adverb	2	3	""[""""今週末"""",""""昨日"""",""""今朝"""",""""来週"""",""""毎日""""]""	""[""""this weekend"""",""""yesterday"""",""""this morning"""",""""next week"""",""""every day""""]""	""[""""this weekend"""",""""this week"""",""""next weekend"""",""""this evening"""",""""last weekend""""]""	[]	[]"
200725	2	idea	考え	a thought or plan in your mind	That is a good idea.	それはよい考えです。	noun	2	4	""[""""考え"""",""""質問"""",""""答え"""",""""約束"""",""""夢""""]""	""[""""idea"""",""""question"""",""""answer"""",""""promise"""",""""dream""""]""	""[""""idea"""",""""India"""",""""idle"""",""""ice"""",""""item""""]""	""[{""""word"""":""""thought"""",""""note"""":""""より広く「考え」""""}]""	[]"
200726	2	all day long	一日中	from morning to night	It rained all day long.	一日中雨が降りました。	adverb	2	2	""[""""一日中"""",""""一晩中"""",""""すぐに"""",""""ときどき"""",""""毎週""""]""	""[""""all day long"""",""""all night"""",""""soon"""",""""sometimes"""",""""every week""""]""	""[""""all day long"""",""""all night long"""",""""all year long"""",""""all day"""",""""all week long""""]""	[]	[]"
200727	2	all year round	一年中	through every season of the year	This shop is open all year round.	この店は一年中開いています。	adverb	2	3	""[""""一年中"""",""""毎日"""",""""毎週"""",""""毎月"""",""""今すぐ""""]""	""[""""all year round"""",""""every day"""",""""every week"""",""""every month"""",""""right now""""]""	""[""""all year round"""",""""all day long"""",""""all night"""",""""around"""",""""year""""]""	""[{""""word"""":""""throughout the year"""",""""note"""":""""やや説明的な言い方""""}]""	[]"
200728	2	play catch	キャッチボールをする	to throw and catch a ball with someone	We play catch in the park.	私たちは公園でキャッチボールをします。	verb	2	2	""[""""キャッチボールをする"""",""""サッカーをする"""",""""テニスをする"""",""""泳ぐ"""",""""走る""""]""	""[""""play catch"""",""""play soccer"""",""""play tennis"""",""""swim"""",""""run""""]""	""[""""play catch"""",""""play chess"""",""""play cards"""",""""play tag"""",""""play tennis""""]""	[]	[]"
200729	2	after dinner	夕食後に	at the time following dinner	I do my homework after dinner.	私は夕食後に宿題をします。	adverb	2	3	""[""""夕食後に"""",""""朝食前に"""",""""昼食後に"""",""""放課後に"""",""""今夜""""]""	""[""""after dinner"""",""""before breakfast"""",""""after lunch"""",""""after school"""",""""tonight""""]""	""[""""after dinner"""",""""after school"""",""""after lunch"""",""""at dinner"""",""""before dinner""""]""	[]	[]"
200730	2	after school	放課後に	when school is over	I play tennis after school.	私は放課後にテニスをします。	adverb	1	3	""[""""放課後に"""",""""登校前に"""",""""昼休みに"""",""""夕食のあとに"""",""""週末に""""]""	""[""""after school"""",""""before school"""",""""at lunch"""",""""after dinner"""",""""on Sunday""""]""	""[""""after school"""",""""after class"""",""""after lunch"""",""""at school"""",""""after work""""]""	[]	[]"
200731	2	five o'clock	5時	the time of 5:00	Let's meet at five o'clock.	5時に会いましょう。	noun	1	3	""[""""5時"""",""""4時"""",""""6時"""",""""7時"""",""""8時""""]""	""[""""five o'clock"""",""""four o'clock"""",""""six o'clock"""",""""seven o'clock"""",""""eight o'clock""""]""	""[""""five o'clock"""",""""nine o'clock"""",""""five thirty"""",""""five fifteen"""",""""four o'clock""""]""	[]	[]"
200732	2	five minutes	5分間	a time of five minutes	Please wait five minutes.	5分間待ってください。	noun	1	3	""[""""5分間"""",""""10分間"""",""""15分間"""",""""20分間"""",""""30分間""""]""	""[""""five minutes"""",""""ten minutes"""",""""fifteen minutes"""",""""twenty minutes"""",""""thirty minutes""""]""	""[""""five minutes"""",""""nine minutes"""",""""five seconds"""",""""ten minutes"""",""""few minutes""""]""	[]	[]"
200733	2	ago	前に	before now	He came here two days ago.	彼は2日前にここに来ました。	adverb	2	4	""[""""前に"""",""""あとで"""",""""すぐに"""",""""いつも"""",""""たぶん""""]""	""[""""ago"""",""""later"""",""""soon"""",""""always"""",""""maybe""""]""	""[""""ago"""",""""echo"""",""""again"""",""""actor"""",""""apple""""]""	[]	[]"
200734	2	time for	～の時間	the right time for something	It is time for lunch.	昼食の時間です。	phrase	2	3	""[""""～の時間"""",""""～の前"""",""""～のあと"""",""""～の途中"""",""""～の近く""""]""	""[""""time for"""",""""before"""",""""after"""",""""during"""",""""near""""]""	""[""""time for"""",""""time to"""",""""timer"""",""""tiger"""",""""table""""]""	[]	[]"
200735	2	minute	分	sixty seconds	Wait a minute, please.	ちょっと1分待ってください。	noun	2	4	""[""""分"""",""""時間"""",""""日"""",""""週"""",""""月""""]""	""[""""minute"""",""""hour"""",""""day"""",""""week"""",""""month""""]""	""[""""minute"""",""""mind"""",""""music"""",""""monkey"""",""""menu""""]""	[]	[]"
200736	2	till	〜まで	up to a time	Wait here till five.	5時までここで待っていて。	preposition	2	3	""[""""〜まで"""",""""〜の前に"""",""""〜の後に"""",""""〜の間に"""",""""〜から""""]""	""[""""till"""",""""before"""",""""after"""",""""during"""",""""from""""]""	""[""""till"""",""""tell"""",""""tail"""",""""tall"""",""""tile""""]""	""[{""""word"""":""""until"""",""""note"""":""""同じ意味でより一般的""""}]""	[]"
200737	2	before	〜の前に	earlier than a time or event	Wash your hands before dinner.	夕食の前に手を洗いなさい。	preposition	2	5	""[""""〜の前に"""",""""〜の後に"""",""""〜まで"""",""""〜の間に"""",""""〜から""""]""	""[""""before"""",""""after"""",""""till"""",""""during"""",""""from""""]""	""[""""before"""",""""began"""",""""below"""",""""behind"""",""""because""""]""	[]	""[{""""word"""":""""after"""",""""note"""":""""時間の前後が反対""""}]"""
200738	2	after	〜の後に	later than a time or event	Let's play after school.	放課後に遊びましょう。	preposition	2	5	""[""""〜の後に"""",""""〜の前に"""",""""〜まで"""",""""〜の間に"""",""""〜から""""]""	""[""""after"""",""""before"""",""""till"""",""""during"""",""""from""""]""	""[""""after"""",""""actor"""",""""answer"""",""""apple"""",""""afraid""""]""	[]	""[{""""word"""":""""before"""",""""note"""":""""時間の前後が反対""""}]"""
200739	2	Mrs.	〜さん	a title for a married woman	Mrs. Brown is my teacher.	ブラウンさんは私の先生です。	noun	1	3	""[""""〜さん"""",""""先生"""",""""お母さん"""",""""女性"""",""""奥さん""""]""	""[""""Mrs."""",""""Mr."""",""""Miss"""",""""Ms."""",""""sir""""]""	""[""""Mrs."""",""""miss"""",""""mess"""",""""mass"""",""""mouse""""]""	[]	[]"
200740	2	thank	感謝する	to say you are grateful	I thank my mother for dinner.	私は夕食を作ってくれた母に感謝します。	verb	1	4	""[""""感謝する"""",""""助ける"""",""""呼ぶ"""",""""待つ"""",""""使う""""]""	""[""""thank"""",""""help"""",""""call"""",""""wait"""",""""use""""]""	""[""""thank"""",""""think"""",""""tank"""",""""sang"""",""""bank""""]""	[]	[]"
200741	2	excuse	許す	to forgive or allow a mistake	Please excuse my mistake.	私のまちがいを許してください。	verb	2	3	""[""""許す"""",""""選ぶ"""",""""閉める"""",""""借りる"""",""""送る""""]""	""[""""excuse"""",""""choose"""",""""close"""",""""borrow"""",""""send""""]""	""[""""excuse"""",""""exchange"""",""""except"""",""""excite"""",""""extra""""]""	""[{""""word"""":""""forgive"""",""""note"""":""""よりはっきり「許す」""""}]""	[]"
200742	2	hear	聞こえる	to get sound with your ears	I can hear music in the room.	私はその部屋で音楽が聞こえます。	verb	2	4	""[""""聞こえる"""",""""見る"""",""""話す"""",""""歩く"""",""""書く""""]""	""[""""hear"""",""""see"""",""""speak"""",""""walk"""",""""write""""]""	""[""""hear"""",""""near"""",""""hair"""",""""here"""",""""dear""""]""	""[{""""word"""":""""listen"""",""""note"""":""""listen は意識して聞く""""}]""	[]"
200743	2	begin	始める	to start doing something	Let's begin our homework now.	今、宿題を始めましょう。	verb	2	3	""[""""始める"""",""""終える"""",""""開ける"""",""""作る"""",""""使う""""]""	""[""""begin"""",""""finish"""",""""open"""",""""make"""",""""use""""]""	""[""""begin"""",""""become"""",""""behind"""",""""between"""",""""belong""""]""	""[{""""word"""":""""start"""",""""note"""":""""begin とほぼ同じ意味""""}]""	""[{""""word"""":""""finish"""",""""note"""":""""終える""""}]"""
200744	2	first of all	まず最初に	before anything else	First of all, wash your hands.	まず最初に、手を洗いなさい。	adverb	2	2	""[""""まず最初に"""",""""そのあとで"""",""""いつも"""",""""たぶん"""",""""すぐに""""]""	""[""""first of all"""",""""after that"""",""""always"""",""""maybe"""",""""soon""""]""	""[""""first of all"""",""""first"""",""""fast of all"""",""""best of all"""",""""last of all""""]""	[]	[]"
200745	2	bat	こうもり	a small animal that flies at night	A bat flew in the dark sky.	こうもりが暗い空を飛んだ。	noun	2	2	""[""""こうもり"""",""""とり"""",""""ねこ"""",""""いぬ"""",""""うさぎ""""]""	""[""""bat"""",""""bird"""",""""cat"""",""""dog"""",""""rabbit""""]""	""[""""bat"""",""""bad"""",""""bag"""",""""back"""",""""band""""]""	[]	[]"
200746	2	comb	くし	a thing used to make your hair neat	She has a pink comb.	彼女はピンクのくしを持っています。	noun	2	2	""[""""くし"""",""""はぶらし"""",""""かがみ"""",""""せっけん"""",""""タオル""""]""	""[""""comb"""",""""brush"""",""""mirror"""",""""soap"""",""""towel""""]""	""[""""comb"""",""""come"""",""""cone"""",""""coat"""",""""corn""""]""	[]	[]"
200747	2	ruler	ものさし	a tool for measuring length	I need a ruler for math class.	算数の授業でものさしが必要です。	noun	2	3	""[""""ものさし"""",""""えんぴつ"""",""""けしごむ"""",""""ノート"""",""""はさみ""""]""	""[""""ruler"""",""""pencil"""",""""eraser"""",""""notebook"""",""""scissors""""]""	""[""""ruler"""",""""room"""",""""river"""",""""rubber"""",""""reader""""]""	[]	[]"
200748	2	chopstick	はし	a stick used for eating food	I can use a chopstick well.	私ははしを上手に使えます。	noun	2	2	""[""""はし"""",""""スプーン"""",""""フォーク"""",""""ナイフ"""",""""さら""""]""	""[""""chopstick"""",""""spoon"""",""""fork"""",""""knife"""",""""plate""""]""	""[""""chopstick"""",""""lipstick"""",""""comic"""",""""topic"""",""""traffic""""]""	[]	[]"
200749	2	racket	ラケット	a bat used in sports like tennis	This racket is very light.	このラケットはとても軽いです。	noun	2	2	""[""""ラケット"""",""""ボール"""",""""ネット"""",""""グローブ"""",""""バット""""]""	""[""""racket"""",""""ball"""",""""net"""",""""glove"""",""""bat""""]""	""[""""racket"""",""""rocket"""",""""jacket"""",""""rabbit"""",""""bucket""""]""	[]	[]"
200750	2	ceiling	天井	the top inside part of a room	The light is on the ceiling.	その明かりは天井にあります。	noun	2	2	""[""""天井"""",""""床"""",""""壁"""",""""窓"""",""""ドア""""]""	""[""""ceiling"""",""""floor"""",""""wall"""",""""window"""",""""door""""]""	""[""""ceiling"""",""""feeling"""",""""sailing"""",""""seedling"""",""""seating""""]""	[]	[]"
200751	2	kiss	キスする	to touch someone with your lips	She will kiss her baby.	彼女は赤ちゃんにキスをします。	verb	2	3	""[""""キスする"""",""""抱きしめる"""",""""押す"""",""""呼ぶ"""",""""待つ""""]""	""[""""kiss"""",""""hug"""",""""push"""",""""call"""",""""wait""""]""	""[""""kiss"""",""""kids"""",""""case"""",""""key"""",""""kit""""]""	[]	[]"
200752	2	subway	地下鉄	a train that runs under a city	We go to school by subway.	私たちは地下鉄で学校に行きます。	noun	2	3	""[""""地下鉄"""",""""バス"""",""""電車"""",""""自転車"""",""""飛行機""""]""	""[""""subway"""",""""bus"""",""""train"""",""""bicycle"""",""""plane""""]""	""[""""subway"""",""""Sunday"""",""""sunny"""",""""suburb"""",""""survey""""]""	""[{""""word"""":""""metro"""",""""note"""":""""同じく「地下鉄」""""}]""	[]"
200753	2	take a plane	飛行機に乗る	to travel by plane	We will take a plane to Okinawa.	私たちは沖縄へ飛行機に乗って行きます。	verb	2	2	""[""""飛行機に乗る"""",""""電車に乗る"""",""""バスに乗る"""",""""歩いて行く"""",""""車を運転する""""]""	""[""""take a plane"""",""""take a train"""",""""take a bus"""",""""walk"""",""""drive""""]""	""[""""take a plane"""",""""take a train"""",""""take a bus"""",""""take a taxi"""",""""take a boat""""]""	""[{""""word"""":""""fly"""",""""note"""":""""より短い言い方""""}]""	[]"
200754	2	pineapple	パイナップル	a large sweet tropical fruit	I like pineapple very much.	私はパイナップルがとても好きです。	noun	2	2	""[""""パイナップル"""",""""バナナ"""",""""りんご"""",""""みかん"""",""""ぶどう""""]""	""[""""pineapple"""",""""banana"""",""""apple"""",""""orange"""",""""grape""""]""	""[""""pineapple"""",""""apple"""",""""purple"""",""""pencil"""",""""people""""]""	[]	[]"
200755	2	go fishing	魚つりに行く	to go and catch fish for fun	We go fishing on Sunday.	私たちは日曜日に魚つりに行きます。	verb	2	2	""[""""魚つりに行く"""",""""買い物に行く"""",""""散歩に行く"""",""""泳ぎに行く"""",""""走りに行く""""]""	""[""""go fishing"""",""""go shopping"""",""""go walking"""",""""go swimming"""",""""go running""""]""	""[""""go fishing"""",""""go shopping"""",""""go swimming"""",""""go skating"""",""""go camping""""]""	[]	[]"
200756	2	day before yesterday	おととい	two days before today	I saw him the day before yesterday.	私はおととい彼に会いました。	adverb	3	2	""[""""おととい"""",""""きのう"""",""""きょう"""",""""あした"""",""""あさって""""]""	""[""""day before yesterday"""",""""yesterday"""",""""today"""",""""tomorrow"""",""""day after tomorrow""""]""	""[""""day before yesterday"""",""""day after tomorrow"""",""""yesterday"""",""""today"""",""""tomorrow""""]""	[]	[]"
200757	2	day after tomorrow	あさって	two days from today	We will visit my grandma the day after tomorrow.	私たちはあさって祖母をたずねます。	adverb	2	3	""[""""あさって"""",""""きのう"""",""""きょう"""",""""あした"""",""""おととい""""]""	""[""""day after tomorrow"""",""""yesterday"""",""""today"""",""""tomorrow"""",""""last night""""]""	""[""""day after tomorrow"""",""""day before yesterday"""",""""tomorrow"""",""""today"""",""""tonight""""]""	[]	[]"
200758	2	pair	一組	two things that go together	I bought a new pair of shoes.	私は新しいくつを一組買いました。	noun	2	3	""[""""一組"""",""""一枚"""",""""一台"""",""""一冊"""",""""一人""""]""	""[""""pair"""",""""set"""",""""group"""",""""team"""",""""line""""]""	""[""""pair"""",""""pear"""",""""pail"""",""""care"""",""""bear""""]""	[]	[]"
200759	2	couple	二人	two people or two things	A young couple walked in the park.	若い二人が公園を歩きました。	noun	2	3	""[""""二人"""",""""三人"""",""""一人"""",""""四人"""",""""五人""""]""	""[""""couple"""",""""single"""",""""trio"""",""""group"""",""""crowd""""]""	""[""""couple"""",""""double"""",""""cousin"""",""""color"""",""""corner""""]""	[]	[]"
200760	2	twice a day	1日に2回	two times every day	I take this medicine twice a day.	私はこの薬を1日に2回飲みます。	adverb	2	3	""[""""1日に2回"""",""""1日に1回"""",""""1週間に2回"""",""""1か月に2回"""",""""1年に2回""""]""	""[""""twice a day"""",""""once a day"""",""""twice a week"""",""""twice a month"""",""""twice a year""""]""	""[""""twice a day"""",""""twice a week"""",""""once a day"""",""""three a day"""",""""every day""""]""	[]	[]"
200761	2	bicycle	自転車	a vehicle with two wheels	She has a new bicycle.	彼女は新しい自転車を持っています。	noun	2	3	""[""""自転車"""",""""バイク"""",""""車"""",""""バス"""",""""電車""""]""	""[""""bicycle"""",""""motorcycle"""",""""car"""",""""bus"""",""""train""""]""	""[""""bicycle"""",""""circle"""",""""camera"""",""""final"""",""""title""""]""	""[{""""word"""":""""bike"""",""""note"""":""""会話でよく使う短い形""""}]""	[]"
200762	2	kilometer	キロメートル	a unit for measuring distance	My school is two kilometers from here.	私の学校はここから2キロメートルです。	noun	2	2	""[""""キロメートル"""",""""メートル"""",""""センチメートル"""",""""グラム"""",""""リットル""""]""	""[""""kilometer"""",""""meter"""",""""centimeter"""",""""gram"""",""""liter""""]""	""[""""kilometer"""",""""calendar"""",""""camera"""",""""character"""",""""computer""""]""	[]	[]"
200763	2	centimeter	センチメートル	a unit for measuring length	The pencil is fifteen centimeters long.	そのえんぴつは長さが15センチメートルです。	noun	2	3	""[""""センチメートル"""",""""メートル"""",""""キログラム"""",""""グラム"""",""""ミリメートル""""]""	""[""""centimeter"""",""""meter"""",""""kilogram"""",""""gram"""",""""millimeter""""]""	""[""""centimeter"""",""""century"""",""""center"""",""""cinnamon"""",""""sentence""""]""	[]	[]"
200764	2	kilogram	キログラム	a unit for measuring weight	This bag weighs two kilograms.	このかばんは2キログラムあります。	noun	2	3	""[""""キログラム"""",""""グラム"""",""""メートル"""",""""リットル"""",""""トン""""]""	""[""""kilogram"""",""""gram"""",""""meter"""",""""liter"""",""""ton""""]""	""[""""kilogram"""",""""kitchen"""",""""kingdom"""",""""telegram"""",""""program""""]""	[]	[]"
200765	2	gram	グラム	a unit for measuring weight	Add 100 grams of sugar.	砂糖を100グラム入れてください。	noun	2	3	""[""""グラム"""",""""キログラム"""",""""メートル"""",""""リットル"""",""""トン""""]""	""[""""gram"""",""""kilogram"""",""""meter"""",""""liter"""",""""ton""""]""	""[""""gram"""",""""glad"""",""""glass"""",""""grand"""",""""green""""]""	[]	[]"
200766	2	colleague	同僚	a person you work with	My colleague helped me today.	私の同僚が今日私を手伝ってくれました。	noun	2	2	""[""""同僚"""",""""上司"""",""""客"""",""""店員"""",""""生徒""""]""	""[""""colleague"""",""""boss"""",""""customer"""",""""clerk"""",""""student""""]""	""[""""colleague"""",""""college"""",""""collect"""",""""correct"""",""""connect""""]""	""[{""""word"""":""""coworker"""",""""note"""":""""より日常的によく使う""""}]""	[]"
200767	2	yet	まだ	up to now; until now	I have not finished my homework yet.	私はまだ宿題を終えていません。	adverb	2	4	""[""""まだ"""",""""もう"""",""""すぐに"""",""""いつも"""",""""たぶん""""]""	""[""""yet"""",""""already"""",""""soon"""",""""always"""",""""maybe""""]""	""[""""yet"""",""""get"""",""""met"""",""""net"""",""""wet""""]""	[]	""[{""""word"""":""""already"""",""""note"""":""""肯定文で「すでに」""""}]"""
200768	2	smell	におい	the way something smells	The smell of bread filled the room.	パンのにおいが部屋に広がりました。	noun	2	3	""[""""におい"""",""""音"""",""""味"""",""""色"""",""""形""""]""	""[""""smell"""",""""sound"""",""""taste"""",""""color"""",""""shape""""]""	""[""""smell"""",""""small"""",""""spell"""",""""smile"""",""""snow""""]""	""[{""""word"""":""""odor"""",""""note"""":""""ややかたい語""""}]""	[]"
200769	2	spend	使う	to use time or money	I spend my money on books.	私は本にお金を使います。	verb	2	4	""[""""使う"""",""""買う"""",""""集める"""",""""借りる"""",""""見つける""""]""	""[""""spend"""",""""buy"""",""""collect"""",""""borrow"""",""""find""""]""	""[""""spend"""",""""send"""",""""spent"""",""""stand"""",""""spin""""]""	""[{""""word"""":""""use"""",""""note"""":""""time or money にも使える基本語""""}]""	""[{""""word"""":""""save"""",""""note"""":""""お金や時間を使わず取っておく""""}]"""
200770	2	by taxi	タクシーで	using a taxi	We went to the station by taxi.	私たちはタクシーで駅へ行きました。	preposition	2	3	""[""""タクシーで"""",""""バスで"""",""""電車で"""",""""自転車で"""",""""徒歩で""""]""	""[""""by taxi"""",""""by bus"""",""""by train"""",""""by bike"""",""""on foot""""]""	""[""""by taxi"""",""""by train"""",""""by bus"""",""""by bike"""",""""by car""""]""	[]	[]"
200771	2	potato	じゃがいも	a round vegetable that grows in the ground	I like potato soup.	私はじゃがいものスープが好きです。	noun	2	3	""[""""じゃがいも"""",""""にんじん"""",""""たまねぎ"""",""""トマト"""",""""きゅうり""""]""	""[""""potato"""",""""carrot"""",""""onion"""",""""tomato"""",""""cucumber""""]""	""[""""potato"""",""""tomato"""",""""pottery"""",""""photo"""",""""piano""""]""	[]	[]"
200772	2	pumpkin	かぼちゃ	a large orange vegetable	We ate pumpkin for dinner.	私たちは夕食にかぼちゃを食べました。	noun	2	2	""[""""かぼちゃ"""",""""にんじん"""",""""じゃがいも"""",""""たまねぎ"""",""""きゅうり""""]""	""[""""pumpkin"""",""""carrot"""",""""potato"""",""""onion"""",""""cucumber""""]""	""[""""pumpkin"""",""""napkin"""",""""pudding"""",""""penguin"""",""""button""""]""	[]	[]"
200773	2	have	持っている	to own or to keep something	I have a new bag.	私は新しいかばんを持っています。	verb	1	5	""[""""持っている"""",""""買う"""",""""使う"""",""""見つける"""",""""開ける""""]""	""[""""have"""",""""buy"""",""""use"""",""""find"""",""""open""""]""	""[""""have"""",""""half"""",""""hand"""",""""hat"""",""""hope""""]""	[]	[]"
200774	2	wonderful	すばらしい	very good and pleasing	We had a wonderful day.	私たちはすばらしい一日を過ごしました。	adjective	2	3	""[""""すばらしい"""",""""たのしい"""",""""やさしい"""",""""しずかな"""",""""ゆうめいな""""]""	""[""""wonderful"""",""""funny"""",""""kind"""",""""quiet"""",""""famous""""]""	""[""""wonderful"""",""""colorful"""",""""careful"""",""""beautiful"""",""""helpful""""]""	""[{""""word"""":""""great"""",""""note"""":""""より短くて日常的""""},{""""word"""":""""nice"""",""""note"""":""""wonderful のほうが強い""""}]""	""[{""""word"""":""""terrible"""",""""note"""":""""とてもひどい""""}]"""
200775	2	beautiful	美しい	nice to look at	This flower is beautiful.	この花は美しいです。	adjective	2	4	""[""""美しい"""",""""新しい"""",""""大きい"""",""""明るい"""",""""静かな""""]""	""[""""beautiful"""",""""new"""",""""big"""",""""bright"""",""""quiet""""]""	""[""""beautiful"""",""""bicycle"""",""""careful"""",""""wonderful"""",""""musical""""]""	""[{""""word"""":""""pretty"""",""""note"""":""""beautiful より少しやさしい語""""}]""	""[{""""word"""":""""ugly"""",""""note"""":""""見た目が美しくない""""}]"""
200776	2	Thank you very much.	どうもありがとうございます	a very polite way to say thanks	Thank you very much for your help.	助けてくれてどうもありがとうございます。	phrase	1	5	""[""""どうもありがとうございます"""",""""おはようございます"""",""""さようなら"""",""""すみません"""",""""はじめまして""""]""	""[""""Thank you very much."""",""""Good morning."""",""""Goodbye."""",""""Excuse me."""",""""Nice to meet you.""""]""	""[""""Thank you very much."""",""""Thank you."""",""""See you very much."""",""""Nice to meet you."""",""""How are you?""""]""	""[{""""word"""":""""Thanks a lot."""",""""note"""":""""ややくだけた言い方""""}]""	[]"
200777	2	go shopping	買い物に行く	to go to stores to buy things	We go shopping on Sunday.	私たちは日曜日に買い物に行きます。	verb	2	4	""[""""買い物に行く"""",""""学校に行く"""",""""家に帰る"""",""""朝食を作る"""",""""音楽を聞く""""]""	""[""""go shopping"""",""""go to school"""",""""go home"""",""""make breakfast"""",""""listen to music""""]""	""[""""go shopping"""",""""go swimming"""",""""go skating"""",""""go fishing"""",""""go jogging""""]""	[]	[]"
200778	2	belt	ベルト	a band you wear around your waist	This belt is too long for me.	このベルトは私には長すぎます。	noun	2	3	""[""""ベルト"""",""""ぼうし"""",""""くつ"""",""""シャツ"""",""""ズボン""""]""	""[""""belt"""",""""cap"""",""""shoe"""",""""shirt"""",""""pants""""]""	""[""""belt"""",""""best"""",""""bent"""",""""bell"""",""""built""""]""	[]	[]"
200779	2	bus stop	バス停	a place where a bus stops for people	Let's wait at the bus stop.	バス停で待ちましょう。	noun	2	3	""[""""バス停"""",""""駅"""",""""空港"""",""""公園"""",""""図書館""""]""	""[""""bus stop"""",""""station"""",""""airport"""",""""park"""",""""library""""]""	""[""""bus stop"""",""""bus shop"""",""""back stop"""",""""big stop"""",""""best spot""""]""	[]	[]"
200780	2	hike	ハイキングをする	to walk a long way in nature	We hike in the mountains on Sunday.	私たちは日曜日に山でハイキングをします。	verb	3	2	""[""""ハイキングをする"""",""""走る"""",""""泳ぐ"""",""""登る"""",""""歩く""""]""	""[""""hike"""",""""run"""",""""swim"""",""""climb"""",""""walk""""]""	""[""""hike"""",""""like"""",""""bike"""",""""hide"""",""""high""""]""	""[{""""word"""":""""walk"""",""""note"""":""""ふつうは長い距離や自然の中ではない""""}]""	[]"
200781	2	go hiking	ハイキングに行く	to walk in the mountains or countryside for fun	We go hiking on Sundays.	私たちは日曜日にハイキングに行きます。	verb	2	2	""[""""ハイキングに行く"""",""""買い物に行く"""",""""泳ぎに行く"""",""""走りに行く"""",""""散歩に行く""""]""	""[""""go hiking"""",""""go shopping"""",""""go swimming"""",""""go running"""",""""go walking""""]""	""[""""go hiking"""",""""go biking"""",""""go fishing"""",""""go running"""",""""go shopping""""]""	[]	[]"
200782	2	like to do	〜するのが好き	to enjoy doing something	I like to read books after dinner.	私は夕食のあとに本を読むのが好きです。	verb	2	3	""[""""〜するのが好き"""",""""〜したい"""",""""〜しなければならない"""",""""〜することができる"""",""""〜し始める""""]""	""[""""like to do"""",""""want to do"""",""""have to do"""",""""can do"""",""""start to do""""]""	""[""""like to do"""",""""like to eat"""",""""like to play"""",""""like to read"""",""""like to sing""""]""	[]	[]"
200783	2	blanket	毛布	a warm cover for a bed or your body	This blanket is very warm.	この毛布はとても暖かいです。	noun	2	2	""[""""毛布"""",""""まくら"""",""""シーツ"""",""""タオル"""",""""ふとん""""]""	""[""""blanket"""",""""pillow"""",""""sheet"""",""""towel"""",""""quilt""""]""	""[""""blanket"""",""""bracket"""",""""basket"""",""""jacket"""",""""planet""""]""	[]	[]"
200784	2	look at	～を見る	to watch something with your eyes	Please look at the blackboard.	黒板を見てください。	verb	2	3	""[""""～を見る"""",""""～を聞く"""",""""～を書く"""",""""～を開ける"""",""""～を作る""""]""	""[""""look at"""",""""listen to"""",""""write"""",""""open"""",""""make""""]""	""[""""look at"""",""""cook at"""",""""book"""",""""good"""",""""long""""]""	""[{""""word"""":""""watch"""",""""note"""":""""動いているものを見るときによく使う""""}]""	[]"
200785	2	crayon	クレヨン	a colored stick for drawing	I have a red crayon.	私は赤いクレヨンを持っています。	noun	2	2	""[""""クレヨン"""",""""えんぴつ"""",""""消しゴム"""",""""ノート"""",""""定規""""]""	""[""""crayon"""",""""pencil"""",""""eraser"""",""""notebook"""",""""ruler""""]""	""[""""crayon"""",""""crown"""",""""crying"""",""""train"""",""""gray""""]""	[]	[]"
200786	2	swimsuit	水着	clothes for swimming	She has a new swimsuit.	彼女は新しい水着を持っています。	noun	2	2	""[""""水着"""",""""ぼうし"""",""""くつ"""",""""シャツ"""",""""ズボン""""]""	""[""""swimsuit"""",""""hat"""",""""shoes"""",""""shirt"""",""""pants""""]""	""[""""swimsuit"""",""""swim"""",""""sweet"""",""""sunset"""",""""suit""""]""	[]	[]"
200787	2	rainy	雨の	having a lot of rain	It is rainy today.	今日は雨です。	adjective	2	3	""[""""雨の"""",""""晴れた"""",""""風の強い"""",""""暑い"""",""""寒い""""]""	""[""""rainy"""",""""sunny"""",""""windy"""",""""hot"""",""""cold""""]""	""[""""rainy"""",""""really"""",""""ready"""",""""daily"""",""""lady""""]""	[]	""[{""""word"""":""""sunny"""",""""note"""":""""晴れている""""}]"""
200788	2	soon	すぐに	in a short time	It will rain soon.	すぐに雨が降るでしょう。	adverb	2	4	""[""""すぐに"""",""""昨日"""",""""いつも"""",""""とても"""",""""ここで""""]""	""[""""soon"""",""""yesterday"""",""""always"""",""""very"""",""""here""""]""	""[""""soon"""",""""moon"""",""""room"""",""""food"""",""""blue""""]""	[]	""[{""""word"""":""""later"""",""""note"""":""""あとで""""}]"""
200789	2	cloudy	くもりの	with many clouds in the sky	It will be cloudy this afternoon.	今日の午後はくもりでしょう。	adjective	2	3	""[""""くもりの"""",""""雨の"""",""""晴れた"""",""""暑い"""",""""寒い""""]""	""[""""cloudy"""",""""rainy"""",""""sunny"""",""""hot"""",""""cold""""]""	""[""""cloudy"""",""""crowded"""",""""cloud"""",""""loud"""",""""clown""""]""	[]	""[{""""word"""":""""sunny"""",""""note"""":""""晴れている""""}]"""
200790	2	raining	雨が降っている	water is falling from the sky	It is raining now.	今、雨が降っています。	verb	2	3	""[""""雨が降っている"""",""""雪が降っている"""",""""晴れている"""",""""くもっている"""",""""風が強い""""]""	""[""""raining"""",""""snowing"""",""""sunny"""",""""cloudy"""",""""windy""""]""	""[""""raining"""",""""running"""",""""ringing"""",""""writing"""",""""waiting""""]""	[]	[]"
200791	2	at work	仕事中で	doing your job	My father is at work now.	私の父は今仕事中です。	phrase	2	3	""[""""仕事中で"""",""""在宅で"""",""""学校で"""",""""店で"""",""""家で""""]""	""[""""at work"""",""""at home"""",""""at school"""",""""at the store"""",""""at the park""""]""	""[""""at work"""",""""at home"""",""""at school"""",""""at night"""",""""at lunch""""]""	[]	[]"
200792	2	chalk	チョーク	a white stick for writing on a board	The teacher wrote on the board with chalk.	先生はチョークで黒板に書きました。	noun	2	2	""[""""チョーク"""",""""えんぴつ"""",""""ペン"""",""""消しゴム"""",""""ノート""""]""	""[""""chalk"""",""""pencil"""",""""pen"""",""""eraser"""",""""notebook""""]""	""[""""chalk"""",""""clock"""",""""check"""",""""chop"""",""""talk""""]""	[]	[]"
200793	2	lion	ライオン	a large wild cat	The lion is sleeping.	そのライオンは眠っています。	noun	2	3	""[""""ライオン"""",""""トラ"""",""""クマ"""",""""サル"""",""""ウマ""""]""	""[""""lion"""",""""tiger"""",""""bear"""",""""monkey"""",""""horse""""]""	""[""""lion"""",""""line"""",""""light"""",""""lemon"""",""""rain""""]""	[]	[]"
200794	2	blow	吹く	to move air	Wind can blow hard here.	ここでは風が強く吹くことがあります。	verb	3	3	""[""""吹く"""",""""押す"""",""""引く"""",""""投げる"""",""""運ぶ""""]""	""[""""blow"""",""""push"""",""""pull"""",""""throw"""",""""carry""""]""	""[""""blow"""",""""blue"""",""""brown"""",""""grow"""",""""boat""""]""	[]	[]"
200795	2	hope	望む	to want something good to happen	I hope for sunny weather.	私は晴れの天気を望みます。	verb	2	4	""[""""望む"""",""""決める"""",""""忘れる"""",""""始める"""",""""待つ""""]""	""[""""hope"""",""""decide"""",""""forget"""",""""start"""",""""wait""""]""	""[""""hope"""",""""home"""",""""hole"""",""""rope"""",""""soap""""]""	""[{""""word"""":""""wish"""",""""note"""":""""hopeより少し広く使う""""}]""	[]"
200796	2	Have a nice trip.	よい旅を	a phrase to say before someone travels	Have a nice trip.	よい旅を。	phrase	2	3	""[""""よい旅を"""",""""気をつけて"""",""""また明日"""",""""おやすみ"""",""""こんにちは""""]""	""[""""Have a nice trip."""",""""Take care."""",""""See you tomorrow."""",""""Good night."""",""""Hello.""""]""	""[""""Have a nice trip."""",""""Have a nice day."""",""""Have a nice time."""",""""Have a safe trip."""",""""Have a good trip.""""]""	[]	[]"
200797	2	Have a nice weekend.	よい週末を	a phrase to say before the weekend	Have a nice weekend.	よい週末を。	phrase	2	3	""[""""よい週末を"""",""""よい一日を"""",""""気をつけて"""",""""また来週"""",""""こんにちは""""]""	""[""""Have a nice weekend."""",""""Have a nice day."""",""""Take care."""",""""See you next week."""",""""Hello.""""]""	""[""""Have a nice weekend."""",""""Have a nice week."""",""""Have a nice day."""",""""Have a nice evening."""",""""Have a nice meal.""""]""	[]	[]"
200798	2	together	いっしょに	with another person or other people	We played together after school.	私たちは放課後にいっしょに遊びました。	adverb	2	4	""[""""いっしょに"""",""""ひとりで"""",""""すぐに"""",""""ゆっくり"""",""""いつも""""]""	""[""""together"""",""""alone"""",""""soon"""",""""slowly"""",""""always""""]""	""[""""together"""",""""today"""",""""teacher"""",""""tomorrow"""",""""ticket""""]""	""[{""""word"""":""""with"""",""""note"""":""""句では with each other などで近い意味""""}]""	""[{""""word"""":""""alone"""",""""note"""":""""ひとりで""""}]"""
200799	2	forest	森	a large area with many trees	They walked in the forest.	彼らは森の中を歩きました。	noun	2	3	""[""""森"""",""""公園"""",""""湖"""",""""山"""",""""畑""""]""	""[""""forest"""",""""park"""",""""lake"""",""""mountain"""",""""field""""]""	""[""""forest"""",""""forgive"""",""""forty"""",""""format"""",""""foreign""""]""	""[{""""word"""":""""woods"""",""""note"""":""""ややくだけた言い方""""}]""	[]"
200800	2	clarinet	クラリネット	a musical instrument you blow	My sister can play the clarinet.	私の姉はクラリネットを演奏できます。	noun	4	2	""[""""クラリネット"""",""""フルート"""",""""ピアノ"""",""""ギター"""",""""トランペット""""]""	""[""""clarinet"""",""""flute"""",""""piano"""",""""guitar"""",""""trumpet""""]""	""[""""clarinet"""",""""cabinet"""",""""planet"""",""""classmate"""",""""calendar""""]""	[]	[]"
200801	2	word	単語	a unit of language with meaning	Please write this word.	この単語を書いてください。	noun	1	5	""[""""単語"""",""""文"""",""""質問"""",""""名前"""",""""答え""""]""	""[""""word"""",""""sentence"""",""""question"""",""""name"""",""""answer""""]""	""[""""word"""",""""world"""",""""work"""",""""walk"""",""""warm""""]""	[]	[]"
200802	2	yes	はい	used to say that something is true or allowed	Yes, I can help you.	はい、私はあなたを手伝えます。	interjection	1	5	""[""""はい"""",""""いいえ"""",""""たぶん"""",""""どうぞ"""",""""こんにちは""""]""	""[""""yes"""",""""no"""",""""maybe"""",""""please"""",""""hello""""]""	""[""""yes"""",""""yell"""",""""mess"""",""""best"""",""""west""""]""	[]	""[{""""word"""":""""no"""",""""note"""":""""反対の返事""""}]"""
200803	2	no	いいえ	used to say that something is not true or not allowed	No, I do not know him.	いいえ、私は彼を知りません。	interjection	1	5	""[""""いいえ"""",""""はい"""",""""たぶん"""",""""どうぞ"""",""""さようなら""""]""	""[""""no"""",""""yes"""",""""maybe"""",""""please"""",""""goodbye""""]""	""[""""no"""",""""know"""",""""low"""",""""note"""",""""snow""""]""	[]	""[{""""word"""":""""yes"""",""""note"""":""""反対の返事""""}]"""
200804	2	goodbye	さようなら	used when you leave someone	Goodbye, see you tomorrow.	さようなら、また明日。	interjection	1	4	""[""""さようなら"""",""""こんにちは"""",""""おはよう"""",""""こんばんは"""",""""ありがとう""""]""	""[""""goodbye"""",""""hello"""",""""morning"""",""""evening"""",""""thanks""""]""	""[""""goodbye"""",""""good night"""",""""good day"""",""""good job"""",""""good boy""""]""	""[{""""word"""":""""bye"""",""""note"""":""""より短くくだけた言い方""""}]""	[]"
200805	2	thank you	ありがとう	used to show thanks	Thank you for your help.	手伝ってくれてありがとう。	phrase	1	5	""[""""ありがとう"""",""""こんにちは"""",""""さようなら"""",""""すみません"""",""""おはよう""""]""	""[""""thank you"""",""""hello"""",""""goodbye"""",""""sorry"""",""""good morning""""]""	""[""""thank you"""",""""thankful"""",""""thinking"""",""""bank"""",""""tank""""]""	[]	[]"
200806	2	housework	家事	work you do at home	I do housework on Sunday.	私は日曜日に家事をします。	noun	2	3	""[""""家事"""",""""宿題"""",""""買い物"""",""""料理"""",""""仕事""""]""	""[""""housework"""",""""homework"""",""""shopping"""",""""cooking"""",""""work""""]""	""[""""housework"""",""""homework"""",""""houses"""",""""hard work"""",""""horse""""]""	[]	[]"
200807	2	job	仕事	the work a person does	My mother has a new job.	私の母は新しい仕事をしています。	noun	1	5	""[""""仕事"""",""""宿題"""",""""計画"""",""""質問"""",""""約束""""]""	""[""""job"""",""""homework"""",""""plan"""",""""question"""",""""promise""""]""	""[""""job"""",""""jog"""",""""jam"""",""""jump"""",""""joy""""]""	""[{""""word"""":""""work"""",""""note"""":""""より広い意味でも使う""""}]""	[]"
200808	2	list	一覧	a set of names or things written together	I made a list of books.	私は本の一覧を作りました。	noun	2	3	""[""""一覧"""",""""地図"""",""""写真"""",""""手紙"""",""""予定""""]""	""[""""list"""",""""map"""",""""photo"""",""""letter"""",""""plan""""]""	""[""""list"""",""""last"""",""""rest"""",""""miss"""",""""lift""""]""	""[{""""word"""":""""table"""",""""note"""":""""表の形で並べたもの""""}]""	[]"
200809	2	age	年齢	the number of years someone has lived	What is your age?	あなたの年齢はいくつですか。	noun	2	4	""[""""年齢"""",""""名前"""",""""住所"""",""""番号"""",""""仕事""""]""	""[""""age"""",""""name"""",""""address"""",""""number"""",""""job""""]""	""[""""age"""",""""page"""",""""edge"""",""""aid"""",""""eight""""]""	[]	[]"
200810	2	You're right.	あなたの言う通りです	used to say that someone is correct	You're right about the answer.	その答えについてはあなたの言う通りです。	phrase	2	4	""[""""あなたの言う通りです"""",""""わかりません"""",""""気をつけて"""",""""急いでください"""",""""もう一度言ってください""""]""	""[""""You're right."""",""""I don't know."""",""""Be careful."""",""""Hurry up."""",""""Say it again.""""]""	""[""""You're right."""",""""You're late."""",""""You're nice."""",""""You're busy."""",""""You're ready.""""]""	""[{""""word"""":""""That's correct."""",""""note"""":""""よりはっきり正しいと言う表現""""}]""	[]"
200811	2	puppy	子犬	a very young dog	The puppy is sleeping on the sofa.	その子犬はソファーで眠っています。	noun	2	3	""[""""子犬"""",""""子猫"""",""""うさぎ"""",""""小鳥"""",""""子馬""""]""	""[""""puppy"""",""""kitten"""",""""rabbit"""",""""bird"""",""""pony""""]""	""[""""puppy"""",""""happy"""",""""poppy"""",""""puppet"""",""""puppyish""""]""	[]	[]"
200812	2	child	子ども	a young person	The child is playing in the park.	その子どもは公園で遊んでいます。	noun	2	5	""[""""子ども"""",""""大人"""",""""赤ちゃん"""",""""少年"""",""""少女""""]""	""[""""child"""",""""adult"""",""""baby"""",""""boy"""",""""girl""""]""	""[""""child"""",""""mild"""",""""wild"""",""""kind"""",""""find""""]""	""[{""""word"""":""""kid"""",""""note"""":""""よりくだけた言い方""""}]""	""[{""""word"""":""""adult"""",""""note"""":""""子どもではなく大人""""}]"""
200813	2	junior	年下の	younger or lower in school or age	My junior brother is in this school.	私の年下の弟はこの学校にいます。	adjective	3	2	""[""""年下の"""",""""年上の"""",""""若い"""",""""小さい"""",""""新しい""""]""	""[""""junior"""",""""senior"""",""""young"""",""""small"""",""""new""""]""	""[""""junior"""",""""July"""",""""jungle"""",""""singer"""",""""senior""""]""	""[{""""word"""":""""younger"""",""""note"""":""""年齢がより下""""}]""	""[{""""word"""":""""senior"""",""""note"""":""""年上の、上級の""""}]"""
200814	2	have to	〜しなければならない	must do something	I have to finish my homework today.	私は今日、宿題を終えなければならない。	verb	2	4	""[""""〜しなければならない"""",""""〜したい"""",""""〜することができる"""",""""〜してはいけない"""",""""〜するつもりだ""""]""	""[""""have to"""",""""want to"""",""""can"""",""""must not"""",""""be going to""""]""	""[""""have to"""",""""has to"""",""""had to"""",""""happy"""",""""half""""]""	""[{""""word"""":""""must"""",""""note"""":""""より強い言い方""""}]""	[]"
