"no	grade	word	japanese	description	sentence	japanese_sentence	pos	difficulty	frequency	""[""""年"""",""""月"""",""""週"""",""""日"""",""""時間""""]""	""[""""year"""",""""month"""",""""week"""",""""day"""",""""hour""""]""	""[""""year"""",""""ear"""",""""near"""",""""dear"""",""""yard""""]""	[]	[]"
100001	1	year	年	a period of twelve months	This year is very busy.	今年はとても忙しいです。	noun	1	4	""[""""年"""",""""月"""",""""週"""",""""日"""",""""時間""""]""	""[""""year"""",""""month"""",""""week"""",""""day"""",""""hour""""]""	""[""""year"""",""""ear"""",""""near"""",""""dear"""",""""yard""""]""	[]	[]"
100002	1	he	彼	used for a boy or man	He can play the piano.	彼はピアノをひけます。	pronoun	1	5	""[""""彼"""",""""彼女"""",""""あなた"""",""""私たち"""",""""それ""""]""	""[""""he"""",""""she"""",""""you"""",""""we"""",""""it""""]""	""[""""he"""",""""she"""",""""we"""",""""me"""",""""bee""""]""	[]	[]"
100003	1	some	いくつかの	an amount or number, not all	I want some apples today.	今日はりんごをいくつかほしいです。	adjective	2	5	""[""""いくつかの"""",""""たくさんの"""",""""すべての"""",""""少しの"""",""""どんな〜もない""""]""	""[""""some"""",""""many"""",""""all"""",""""few"""",""""no""""]""	""[""""some"""",""""sun"""",""""song"""",""""same"""",""""sumo""""]""	[]	[]"
100004	1	she	彼女	used for a girl or woman	She reads books after school.	彼女は放課後に本を読みます。	pronoun	1	5	""[""""彼女"""",""""彼"""",""""あなた"""",""""私たち"""",""""それ""""]""	""[""""she"""",""""he"""",""""you"""",""""we"""",""""it""""]""	""[""""she"""",""""see"""",""""shoe"""",""""shy"""",""""ship""""]""	[]	[]"
100005	1	can	〜できる	to be able to do something	I can swim very well.	私はとても上手に泳げます。	verb	1	5	""[""""〜できる"""",""""〜したい"""",""""〜しなければならない"""",""""〜する"""",""""〜している""""]""	""[""""can"""",""""will"""",""""must"""",""""do"""",""""make""""]""	""[""""can"""",""""cap"""",""""cat"""",""""came"""",""""cake""""]""	[]	[]"
100006	1	month	月	one of the twelve parts of a year	Next month is my birthday.	来月は私の誕生日です。	noun	1	4	""[""""月"""",""""年"""",""""週"""",""""日"""",""""時間""""]""	""[""""month"""",""""year"""",""""week"""",""""day"""",""""hour""""]""	""[""""month"""",""""mouth"""",""""math"""",""""mouse"""",""""monk""""]""	[]	[]"
100007	1	over	〜の上に	above something; higher than something	The lamp is over the table.	ランプはテーブルの上にあります。	preposition	2	4	""[""""〜の上に"""",""""〜の下に"""",""""〜の中に"""",""""〜の後ろに"""",""""〜の前に""""]""	""[""""over"""",""""under"""",""""in"""",""""behind"""",""""in front of""""]""	""[""""over"""",""""older"""",""""open"""",""""owner"""",""""order""""]""	""[{""""word"""":""""above"""",""""note"""":""""over は『真上・覆う感じ』でも使うが、above は位置関係を表すことが多い。""""}]""	""[{""""word"""":""""under"""",""""note"""":""""『〜の下に』という自然な反対の位置関係。""""}]"""
100008	1	woman	女性	an adult female person	That woman is my teacher.	あの女性は私の先生です。	noun	1	4	""[""""女性"""",""""男性"""",""""少女"""",""""少年"""",""""先生""""]""	""[""""woman"""",""""man"""",""""girl"""",""""boy"""",""""teacher""""]""	""[""""woman"""",""""women"""",""""human"""",""""wooden"""",""""warm""""]""	[]	""[{""""word"""":""""man"""",""""note"""":""""成人の男性""""}]"""
100009	1	man	男性	an adult male person	The man has a big bag.	その男性は大きなかばんを持っています。	noun	1	4	""[""""男性"""",""""女性"""",""""少年"""",""""少女"""",""""人""""]""	""[""""man"""",""""woman"""",""""boy"""",""""girl"""",""""person""""]""	""[""""man"""",""""men"""",""""main"""",""""map"""",""""mat""""]""	[]	""[{""""word"""":""""woman"""",""""note"""":""""性別が反対の基本語。man は成人男性、woman は成人女性。""""}]"""
100010	1	windy	風の強い	having a lot of wind	It is windy today.	今日は風が強いです。	adjective	1	4	""[""""風の強い"""",""""晴れた"""",""""雨の"""",""""曇った"""",""""雪の降る""""]""	""[""""windy"""",""""sunny"""",""""rainy"""",""""cloudy"""",""""snowy""""]""	""[""""windy"""",""""window"""",""""winter"""",""""winner"""",""""wind""""]""	[]	""[{""""word"""":""""calm"""",""""note"""":""""風や天気が穏やかで、風がほとんどない状態。""""}]"""
100011	1	and	そして、〜と〜	used to join words or ideas	Tom and I play soccer after school.	トムと私は放課後にサッカーをします。	conjunction	1	5	""[""""そして、〜と〜"""",""""しかし"""",""""または"""",""""だから"""",""""でも""""]""	""[""""and"""",""""but"""",""""or"""",""""so"""",""""because""""]""	""[""""and"""",""""end"""",""""hand"""",""""ant"""",""""sand""""]""	[]	[]"
100012	1	monkey	さる	a smart animal with a long tail that can climb trees	The monkey is in the tree.	そのさるは木の上にいます。	noun	1	3	""[""""さる"""",""""いぬ"""",""""ねこ"""",""""うさぎ"""",""""くま""""]""	""[""""monkey"""",""""dog"""",""""cat"""",""""rabbit"""",""""bear""""]""	""[""""monkey"""",""""money"""",""""donkey"""",""""Monday"""",""""monk""""]""	[]	[]"
100013	1	pet	ペット	an animal that you keep at home for enjoyment	We have a pet dog at home.	私たちは家でペットの犬を飼っています。	noun	1	4	""[""""ペット"""",""""動物"""",""""子犬"""",""""えさ"""",""""鳥""""]""	""[""""pet"""",""""animal"""",""""puppy"""",""""food"""",""""bird""""]""	""[""""pet"""",""""pen"""",""""bed"""",""""pat"""",""""pig""""]""	[]	[]"
100014	1	fish	魚	an animal that lives in water and swims	I can see a fish in the water.	私は水の中に魚が一匹見えます。	noun	1	5	""[""""魚"""",""""鳥"""",""""犬"""",""""馬"""",""""虫""""]""	""[""""fish"""",""""bird"""",""""dog"""",""""horse"""",""""insect""""]""	""[""""fish"""",""""dish"""",""""wish"""",""""ship"""",""""finish""""]""	[]	[]"
100015	1	bird	鳥	an animal with wings and feathers	A bird is singing in the tree.	鳥が木でさえずっています。	noun	1	4	""[""""鳥"""",""""犬"""",""""猫"""",""""魚"""",""""馬""""]""	""[""""bird"""",""""dog"""",""""cat"""",""""fish"""",""""horse""""]""	""[""""bird"""",""""bed"""",""""board"""",""""burn"""",""""word""""]""	[]	[]"
100016	1	autumn	秋	the season between summer and winter	School starts in autumn here.	ここでは学校は秋に始まります。	noun	2	3	""[""""秋"""",""""春"""",""""夏"""",""""冬"""",""""季節""""]""	""[""""autumn"""",""""spring"""",""""summer"""",""""winter"""",""""season""""]""	""[""""autumn"""",""""atom"""",""""August"""",""""often"""",""""awesome""""]""	""[{""""word"""":""""fall"""",""""note"""":""""主にアメリカ英語で使う。autumn はより一般的でやや改まった語。""""}]""	[]"
100017	1	shoulder	肩	the part of your body between your neck and your arm	My bag is on my shoulder.	私のかばんは肩にかかっています。	noun	2	3	""[""""肩"""",""""首"""",""""腕"""",""""ひじ"""",""""手首""""]""	""[""""shoulder"""",""""neck"""",""""arm"""",""""elbow"""",""""wrist""""]""	""[""""shoulder"""",""""soldier"""",""""shelter"""",""""shorter"""",""""holder""""]""	[]	[]"
100018	1	I'm sorry	ごめんなさい	used to apologize to someone	I'm sorry I'm late.	遅れてごめんなさい。	phrase	1	5	""[""""ごめんなさい"""",""""ありがとう"""",""""おはよう"""",""""さようなら"""",""""お願いします""""]""	""[""""I'm sorry"""",""""Thank you"""",""""Good morning"""",""""Goodbye"""",""""Please""""]""	""[""""I'm sorry"""",""""I'm sleepy"""",""""I'm hungry"""",""""I'm ready"""",""""I'm happy""""]""	""[{""""word"""":""""Sorry"""",""""note"""":""""より短くカジュアルな言い方。""""}]""	[]"
100019	1	be late for	〜に遅れる	to not arrive on time for something	Don't be late for school.	学校に遅れないでください。	verb	2	4	""[""""〜に遅れる"""",""""〜に間に合う"""",""""〜を休む"""",""""〜に参加する"""",""""〜を始める""""]""	""[""""be late for"""",""""be on time for"""",""""be absent from"""",""""join"""",""""start""""]""	""[""""be late for"""",""""be ready for"""",""""be sorry for"""",""""be famous for"""",""""be careful with""""]""	[]	""[{""""word"""":""""be on time for"""",""""note"""":""""「〜に時間どおりに着く」という自然な反対表現。""""}]"""
100020	1	Are you busy?	忙しいですか	used to ask if someone has time or is occupied	Are you busy now?	今、忙しいですか。	phrase	1	5	""[""""忙しいですか"""",""""元気ですか"""",""""眠いですか"""",""""大丈夫ですか"""",""""準備はいいですか""""]""	""[""""Are you busy?"""",""""Are you fine?"""",""""Are you sleepy?"""",""""Are you okay?"""",""""Are you ready?""""]""	""[""""Are you busy?"""",""""Are you dizzy?"""",""""Are you easy?"""",""""Are you ready?"""",""""Are you hungry?""""]""	[]	[]"
100021	1	When is your birthday?	誕生日はいつですか	used to ask about the date of someone's birthday	When is your birthday?	誕生日はいつですか。	phrase	1	5	""[""""誕生日はいつですか"""",""""あなたは何歳ですか"""",""""今日は何日ですか"""",""""何曜日ですか"""",""""今何時ですか""""]""	""[""""When is your birthday?"""",""""How old are you?"""",""""What is the date today?"""",""""What day is it today?"""",""""What time is it now?""""]""	""[""""When is your birthday?"""",""""Where is your notebook?"""",""""What is your favorite day?"""",""""When is your bus coming?"""",""""What is your brother's name?""""]""	[]	[]"
100022	1	How are you doing?	元気ですか	used to ask about someone's condition in a friendly way	How are you doing today?	今日は元気ですか。	phrase	1	5	""[""""元気ですか"""",""""お名前は何ですか"""",""""何歳ですか"""",""""どこに住んでいますか"""",""""今何時ですか""""]""	""[""""How are you doing?"""",""""What's your name?"""",""""How old are you?"""",""""Where do you live?"""",""""What time is it?""""]""	""[""""How are you doing?"""",""""How are you feeling?"""",""""What are you doing?"""",""""How have you been?"""",""""How are you today?""""]""	""[{""""word"""":""""How are you?"""",""""note"""":""""最も基本的なあいさつ表現。doing を使う形より少し一般的。""""},{""""word"""":""""How have you been?"""",""""note"""":""""しばらく会っていなかった相手によく使う。""""}]""	[]"
100023	1	What are you doing?	何をしていますか	used to ask what someone is doing now	What are you doing now?	今、何をしていますか。	phrase	1	5	""[""""何をしていますか"""",""""どこに行きますか"""",""""何を食べますか"""",""""誰と話していますか"""",""""いつ来ますか""""]""	""[""""What are you doing?"""",""""Where are you going?"""",""""What are you eating?"""",""""Who are you talking to?"""",""""When are you coming?""""]""	""[""""What are you doing?"""",""""What are you reading?"""",""""What are you making?"""",""""Where are you going?"""",""""Why are you waiting?""""]""	[]	[]"
100024	1	How are you?	お元気ですか	used to ask about someone's condition or feelings as a greeting	How are you today?	今日はお元気ですか。	phrase	1	5	""[""""お元気ですか"""",""""お名前は何ですか"""",""""どこに住んでいますか"""",""""何歳ですか"""",""""また会いましょう""""]""	""[""""How are you?"""",""""What is your name?"""",""""Where do you live?"""",""""How old are you?"""",""""See you again.""""]""	""[""""How are you?"""",""""Who are you?"""",""""How old are you?"""",""""How was your day?"""",""""Where are you?""""]""	""[{""""word"""":""""How do you do?"""",""""note"""":""""とても丁寧でやや古いあいさつ表現""""},{""""word"""":""""How's it going?"""",""""note"""":""""よりくだけた言い方""""}]""	[]"
100025	1	Where are you from?	どこ出身ですか	used to ask about a person's hometown or country	Where are you from?	どこ出身ですか。	phrase	1	5	""[""""どこ出身ですか"""",""""お元気ですか"""",""""何歳ですか"""",""""どこへ行くのですか"""",""""何をしていますか""""]""	""[""""Where are you from?"""",""""How are you?"""",""""How old are you?"""",""""Where are you going?"""",""""What are you doing?""""]""	""[""""Where are you from?"""",""""Where do you live?"""",""""What are you doing?"""",""""Where are you going?"""",""""How are you today?""""]""	[]	[]"
100026	1	How do you go to school?	どうやって学校に行きますか	used to ask how someone travels to school	How do you go to school?	どうやって学校に行きますか。	phrase	1	5	""[""""どうやって学校に行きますか"""",""""何時に学校へ行きますか"""",""""だれと学校へ行きますか"""",""""学校はどこですか"""",""""学校は好きですか""""]""	""[""""How do you go to school?"""",""""What time do you go to school?"""",""""Who do you go to school with?"""",""""Where is your school?"""",""""Do you like school?""""]""	""[""""How do you go to school?"""",""""How do you get to school?"""",""""When do you go to school?"""",""""Where do you go after school?"""",""""Why do you go to school?""""]""	[]	[]"
100027	1	How is the weather today?	今日の天気はどうですか	used to ask about the weather today	How is the weather today?	今日の天気はどうですか。	phrase	1	4	""[""""今日の天気はどうですか"""",""""今日は何曜日ですか"""",""""今日は暑いです"""",""""明日は晴れです"""",""""昨日は雨でした""""]""	""[""""How is the weather today?"""",""""What day is it today?"""",""""It is hot today."""",""""It will be sunny tomorrow."""",""""It was rainy yesterday.""""]""	""[""""How is the weather today?"""",""""How was the weather today?"""",""""What is the weather today?"""",""""How is the weather there?"""",""""How is the weather this day?""""]""	""[{""""word"""":""""What's the weather like today?"""",""""note"""":""""同じ意味でよく使う自然な言い方。""""}]""	[]"
100028	1	How about you?	あなたはどうですか	used to ask the same question back to another person	I like tennis. How about you?	私はテニスが好きです。あなたはどうですか。	phrase	1	5	""[""""あなたはどうですか"""",""""本当ですか"""",""""もう一度言ってください"""",""""手伝ってくれますか"""",""""気をつけて""""]""	""[""""How about you?"""",""""Really?"""",""""Please say it again."""",""""Can you help me?"""",""""Be careful.""""]""	""[""""How about you?"""",""""How are you?"""",""""What about you?"""",""""How old are you?"""",""""Who are you?""""]""	""[{""""word"""":""""What about you?"""",""""note"""":""""ほぼ同じ意味で、相手にも同じことをたずね返す表現""""}]""	[]"
100029	1	Can you help me?	手伝ってくれますか	used to ask someone to help you	Can you help me with my homework?	宿題を手伝ってくれますか。	phrase	1	5	""[""""手伝ってくれますか"""",""""座ってもいいですか"""",""""見てもいいですか"""",""""来てくれますか"""",""""待ってくれますか""""]""	""[""""Can you help me?"""",""""Can you wait for me?"""",""""Can you come here?"""",""""Can you show me?"""",""""Can you call me?""""]""	""[""""Can you help me?"""",""""Can you tell me?"""",""""Can you join me?"""",""""Can you hear me?"""",""""Can you save me?""""]""	""[{""""word"""":""""Could you help me?"""",""""note"""":""""よりていねいな頼み方""""},{""""word"""":""""Please help me."""",""""note"""":""""より直接的な言い方""""}]""	[]"
100030	1	Are you all right?	大丈夫ですか	used to ask if someone is okay or not hurt	Are you all right?	大丈夫ですか。	phrase	1	5	""[""""大丈夫ですか"""",""""元気ですか"""",""""準備はいいですか"""",""""どこにいますか"""",""""何をしていますか""""]""	""[""""Are you all right?"""",""""Are you happy?"""",""""Are you ready?"""",""""Where are you?"""",""""What are you doing?""""]""	""[""""Are you all right?"""",""""Are you awake?"""",""""Are you okay?"""",""""Are you alone?"""",""""Are you ready?""""]""	""[{""""word"""":""""Are you okay?"""",""""note"""":""""より口語的で、日常会話でよく使う。""""}]""	[]"
100031	1	what	何	used to ask about a thing or information	What is this?	これは何ですか。	pronoun	1	5	""[""""何"""",""""だれ"""",""""どこ"""",""""いつ"""",""""なぜ""""]""	""[""""what"""",""""who"""",""""where"""",""""when"""",""""why""""]""	""[""""what"""",""""when"""",""""which"""",""""want"""",""""white""""]""	[]	[]"
100032	1	how	どのように	used to ask about a way, method, or condition	How do you go to school?	どうやって学校に行きますか。	adverb	1	5	""[""""どのように"""",""""いつ"""",""""どこで"""",""""なぜ"""",""""だれが""""]""	""[""""how"""",""""when"""",""""where"""",""""why"""",""""who""""]""	""[""""how"""",""""house"""",""""now"""",""""cow"""",""""hour""""]""	[]	[]"
100033	1	whose	だれの	used to ask or say who something belongs to	Whose bag is this?	これはだれのかばんですか。	pronoun	2	4	""[""""だれの"""",""""どれ"""",""""だれ"""",""""なに"""",""""どちらの""""]""	""[""""whose"""",""""which"""",""""who"""",""""what"""",""""where""""]""	""[""""whose"""",""""who"""",""""which"""",""""when"""",""""where""""]""	[]	[]"
100034	1	who	だれ	used to ask which person	Who is that boy?	あの男の子はだれですか。	pronoun	1	5	""[""""だれ"""",""""どこ"""",""""いつ"""",""""なに"""",""""どちら""""]""	""[""""who"""",""""where"""",""""when"""",""""what"""",""""which""""]""	""[""""who"""",""""whose"""",""""how"""",""""whom"""",""""woo""""]""	[]	[]"
100035	1	where	どこ	used to ask about a place	Where is my book?	私の本はどこですか。	adverb	1	5	""[""""どこ"""",""""いつ"""",""""だれ"""",""""なに"""",""""なぜ""""]""	""[""""where"""",""""when"""",""""who"""",""""what"""",""""why""""]""	""[""""where"""",""""wear"""",""""were"""",""""when"""",""""why""""]""	[]	[]"
100036	1	when	いつ	used to ask about time	When is your birthday?	あなたの誕生日はいつですか。	adverb	1	5	""[""""いつ"""",""""どこで"""",""""だれが"""",""""なぜ"""",""""どのように""""]""	""[""""when"""",""""where"""",""""who"""",""""why"""",""""how""""]""	""[""""when"""",""""where"""",""""went"""",""""win"""",""""what""""]""	[]	[]"
100037	1	which	どれ、どの	used to ask about one thing or person from a group	Which bag is yours?	どのかばんがあなたのものですか。	pronoun	2	4	""[""""どれ"""",""""だれ"""",""""いつ"""",""""どこ"""",""""なに""""]""	""[""""which"""",""""who"""",""""when"""",""""where"""",""""what""""]""	""[""""which"""",""""wish"""",""""witch"""",""""watch"""",""""wheel""""]""	[]	[]"
100038	1	why	なぜ	used to ask about the reason for something	Why are you sad?	なぜ悲しいのですか。	adverb	1	5	""[""""なぜ"""",""""いつ"""",""""どこで"""",""""だれが"""",""""どのように""""]""	""[""""why"""",""""when"""",""""where"""",""""who"""",""""how""""]""	""[""""why"""",""""wide"""",""""wine"""",""""white"""",""""while""""]""	[]	[]"
100039	1	always	いつも	every time; at all times	He is always kind to me.	彼はいつも私に親切です。	adverb	1	5	""[""""いつも"""",""""たいてい"""",""""ときどき"""",""""めったに〜ない"""",""""決して〜ない""""]""	""[""""always"""",""""usually"""",""""sometimes"""",""""rarely"""",""""never""""]""	""[""""always"""",""""already"""",""""also"""",""""all day"""",""""away""""]""	""[{""""word"""":""""usually"""",""""note"""":""""always より頻度が少なく、『たいてい』の意味。""""}]""	""[{""""word"""":""""never"""",""""note"""":""""『決して〜ない』で、always の自然な反対。""""}]"""
100040	1	there	そこ、あそこ	in or to that place; not here	My bag is over there.	私のかばんはあそこにあります。	adverb	1	5	""[""""そこ"""",""""あそこ"""",""""ここ"""",""""どこ"""",""""近く""""]""	""[""""there"""",""""here"""",""""where"""",""""near"""",""""outside""""]""	""[""""there"""",""""their"""",""""three"""",""""where"""",""""care""""]""	[]	""[{""""word"""":""""here"""",""""note"""":""""there は「あそこ」、here は「ここ」""""}]"""
100041	1	here	ここで	in this place	Come here, please.	ここに来てください。	adverb	1	5	""[""""ここで"""",""""そこで"""",""""あそこで"""",""""どこで"""",""""家で""""]""	""[""""here"""",""""there"""",""""home"""",""""inside"""",""""outside""""]""	""[""""here"""",""""hair"""",""""hear"""",""""near"""",""""dear""""]""	[]	""[{""""word"""":""""there"""",""""note"""":""""in or to that place""""}]"""
100042	1	car	車	a vehicle with four wheels used for driving on roads	My father has a red car.	私の父は赤い車を持っています。	noun	1	5	""[""""車"""",""""自転車"""",""""バス"""",""""電車"""",""""トラック""""]""	""[""""car"""",""""bike"""",""""bus"""",""""train"""",""""truck""""]""	""[""""car"""",""""card"""",""""cart"""",""""cap"""",""""can""""]""	""[{""""word"""":""""automobile"""",""""note"""":""""よりフォーマルな語。日常会話では car が普通。""""}]""	[]"
100043	1	bread	パン	food made from flour and baked	I eat bread every morning.	私は毎朝パンを食べます。	noun	1	5	""[""""パン"""",""""ごはん"""",""""肉"""",""""魚"""",""""卵""""]""	""[""""bread"""",""""rice"""",""""meat"""",""""fish"""",""""egg""""]""	""[""""bread"""",""""break"""",""""bright"""",""""brand"""",""""bride""""]""	[]	[]"
100044	1	pie	パイ	a baked dish with fruit, meat, or vegetables inside	This apple pie is very good.	このアップルパイはとてもおいしいです。	noun	2	3	""[""""パイ"""",""""ケーキ"""",""""パン"""",""""クッキー"""",""""プリン""""]""	""[""""pie"""",""""cake"""",""""bread"""",""""cookie"""",""""pudding""""]""	""[""""pie"""",""""pine"""",""""pipe"""",""""buy"""",""""tie""""]""	[]	[]"
100045	1	the	その	used before a noun when talking about a specific person or thing	The cat is under the table.	その猫はテーブルの下にいます。	article	1	5	""[""""その"""",""""この"""",""""あの"""",""""ひとつの"""",""""いくつかの""""]""	""[""""the"""",""""this"""",""""that"""",""""a"""",""""some""""]""	""[""""the"""",""""they"""",""""then"""",""""day"""",""""though""""]""	[]	[]"
100046	1	baseball	野球	a sport played with a bat, ball, and bases	I like baseball very much.	私は野球がとても好きです。	noun	1	4	""[""""野球"""",""""サッカー"""",""""テニス"""",""""バスケットボール"""",""""バレーボール""""]""	""[""""baseball"""",""""soccer"""",""""tennis"""",""""basketball"""",""""volleyball""""]""	""[""""baseball"""",""""basketball"""",""""volleyball"""",""""handball"""",""""softball""""]""	[]	[]"
100047	1	stand	立つ	to be on your feet	Please stand by the door.	ドアのそばに立ってください。	verb	1	4	""[""""立つ"""",""""座る"""",""""歩く"""",""""走る"""",""""待つ""""]""	""[""""stand"""",""""sit"""",""""walk"""",""""run"""",""""wait""""]""	""[""""stand"""",""""stamp"""",""""stare"""",""""start"""",""""stay""""]""	[]	""[{""""word"""":""""sit"""",""""note"""":""""「座る」。stand の自然な反対動作。""""}]"""
100048	1	coffee	コーヒー	a dark drink made from roasted coffee beans	My mother drinks coffee every morning.	母は毎朝コーヒーを飲みます。	noun	1	5	""[""""コーヒー"""",""""お茶"""",""""牛乳"""",""""水"""",""""ジュース""""]""	""[""""coffee"""",""""tea"""",""""milk"""",""""water"""",""""juice""""]""	""[""""coffee"""",""""copy"""",""""coughing"""",""""toffee"""",""""coffin""""]""	[]	[]"
100049	1	flower	花	the colorful part of a plant	This flower is very pretty.	この花はとてもきれいです。	noun	1	5	""[""""花"""",""""葉"""",""""木"""",""""草"""",""""種""""]""	""[""""flower"""",""""leaf"""",""""tree"""",""""grass"""",""""seed""""]""	""[""""flower"""",""""flour"""",""""floor"""",""""flyer"""",""""flavor""""]""	""[{""""word"""":""""blossom"""",""""note"""":""""主に花そのものや咲く花を表す。flower よりやや文語的。""""}]""	[]"
100050	1	start	始める	to begin doing something	We start school at nine.	私たちは9時に学校が始まります。	verb	1	4	""[""""始める"""",""""終える"""",""""続ける"""",""""止める"""",""""変える""""]""	""[""""start"""",""""finish"""",""""continue"""",""""stop"""",""""change""""]""	""[""""start"""",""""smart"""",""""stark"""",""""stand"""",""""store""""]""	""[{""""word"""":""""begin"""",""""note"""":""""start とほぼ同じ意味で使える基本語""""}]""	""[{""""word"""":""""finish"""",""""note"""":""""始めるの反対で、終えるという意味""""}]"""
100051	1	of	〜の	used to show belonging, relation, or part of something	This is a map of Japan.	これは日本の地図です。	preposition	1	5	""[""""〜の"""",""""〜で"""",""""〜から"""",""""〜へ"""",""""〜と""""]""	""[""""of"""",""""in"""",""""from"""",""""to"""",""""with""""]""	""[""""of"""",""""off"""",""""on"""",""""up"""",""""for""""]""	[]	[]"
100052	1	my	私の	used before a noun to show that something belongs to me	This is my bag.	これは私のかばんです。	adjective	1	5	""[""""私の"""",""""あなたの"""",""""彼の"""",""""彼女の"""",""""私たちの""""]""	""[""""my"""",""""your"""",""""his"""",""""her"""",""""our""""]""	""[""""my"""",""""may"""",""""mine"""",""""me"""",""""man""""]""	[]	[]"
100053	1	your	あなたの	used to show that something belongs to the person you are speaking to	Is this your pencil case?	これはあなたの筆箱ですか。	adjective	1	5	""[""""あなたの"""",""""私の"""",""""彼の"""",""""彼女の"""",""""私たちの""""]""	""[""""your"""",""""my"""",""""his"""",""""her"""",""""our""""]""	""[""""your"""",""""yours"""",""""year"""",""""yellow"""",""""young""""]""	[]	[]"
100054	1	under	〜の下に	below something; in or to a lower position than something	The cat is under the table.	その猫はテーブルの下にいます。	preposition	1	5	""[""""〜の下に"""",""""〜の上に"""",""""〜の中に"""",""""〜の後ろに"""",""""〜の前に""""]""	""[""""under"""",""""on"""",""""in"""",""""behind"""",""""in front of""""]""	""[""""under"""",""""over"""",""""around"""",""""inside"""",""""behind""""]""	""[{""""word"""":""""below"""",""""note"""":""""underよりやや書き言葉で、真下でなくても使えることがある""""}]""	""[{""""word"""":""""over"""",""""note"""":""""位置関係で『〜の上に』を表す基本的な反対語""""}]"""
100055	1	bear	くま	a large, strong wild animal with thick fur	I saw a bear at the zoo.	私は動物園でくまを見ました。	noun	1	3	""[""""くま"""",""""ライオン"""",""""オオカミ"""",""""きつね"""",""""しか""""]""	""[""""bear"""",""""lion"""",""""wolf"""",""""fox"""",""""deer""""]""	""[""""bear"""",""""pear"""",""""bird"""",""""bell"""",""""boat""""]""	[]	[]"
100056	1	Australia	オーストラリア	a country in the Southern Hemisphere	My uncle lives in Australia.	私のおじはオーストラリアに住んでいます。	noun	2	3	""[""""オーストラリア"""",""""カナダ"""",""""中国"""",""""インド"""",""""ブラジル""""]""	""[""""Australia"""",""""Canada"""",""""China"""",""""India"""",""""Brazil""""]""	""[""""Australia"""",""""Austrian"""",""""Austria"""",""""industrial"""",""""Italian""""]""	[]	[]"
100057	1	elephant	ぞう	a very large gray animal with a long trunk	The elephant has a long trunk.	そのぞうは長い鼻を持っています。	noun	1	3	""[""""ぞう"""",""""きりん"""",""""さる"""",""""らいおん"""",""""くま""""]""	""[""""elephant"""",""""giraffe"""",""""monkey"""",""""lion"""",""""bear""""]""	""[""""elephant"""",""""elegant"""",""""relevant"""",""""resident"""",""""element""""]""	[]	[]"
100058	1	sea	海	a large area of salt water	The sea looks very blue today.	今日は海がとても青く見えます。	noun	1	4	""[""""海"""",""""川"""",""""湖"""",""""池"""",""""浜辺""""]""	""[""""sea"""",""""river"""",""""lake"""",""""pond"""",""""beach""""]""	""[""""sea"""",""""seed"""",""""seat"""",""""see"""",""""seal""""]""	""[{""""word"""":""""ocean"""",""""note"""":""""ocean のほうが sea より広く大きいことが多い。""""}]""	[]"
100059	1	city	都市	a large town where many people live and work	This city has many parks.	この都市にはたくさんの公園があります。	noun	1	4	""[""""都市"""",""""町"""",""""村"""",""""首都"""",""""地域""""]""	""[""""city"""",""""town"""",""""village"""",""""capital"""",""""area""""]""	""[""""city"""",""""sit"""",""""sixty"""",""""pretty"""",""""busy""""]""	""[{""""word"""":""""town"""",""""note"""":""""city のほうが town より大きいことが多い。""""},{""""word"""":""""capital"""",""""note"""":""""capital は国や地域の中心となる都市。""""}]""	[]"
100060	1	tooth	歯	a hard white part in your mouth that you use for biting and chewing	I have a bad tooth.	私は虫歯があります。	noun	1	4	""[""""歯"""",""""舌"""",""""唇"""",""""あご"""",""""歯ぐき""""]""	""[""""tooth"""",""""tongue"""",""""lip"""",""""jaw"""",""""gum""""]""	""[""""tooth"""",""""truth"""",""""tool"""",""""teeth"""",""""touch""""]""	[]	[]"
100061	1	cola	コーラ	a sweet soft drink	I want a cold cola.	私は冷たいコーラがほしいです。	noun	1	4	""[""""コーラ"""",""""お茶"""",""""水"""",""""牛乳"""",""""ジュース""""]""	""[""""cola"""",""""tea"""",""""water"""",""""milk"""",""""juice""""]""	""[""""cola"""",""""color"""",""""corner"""",""""cocoa"""",""""comma""""]""	[]	[]"
100062	1	sky	空	the space above the earth that we can see	The sky is blue today.	今日は空が青いです。	noun	1	5	""[""""空"""",""""雲"""",""""星"""",""""太陽"""",""""月""""]""	""[""""sky"""",""""cloud"""",""""star"""",""""sun"""",""""moon""""]""	""[""""sky"""",""""skirt"""",""""kite"""",""""star"""",""""spy""""]""	[]	[]"
100063	1	foot	足	the part at the end of your leg that you stand on	My left foot is wet.	私の左足はぬれています。	noun	1	4	""[""""足"""",""""手"""",""""腕"""",""""脚"""",""""指""""]""	""[""""foot"""",""""hand"""",""""arm"""",""""leg"""",""""toe""""]""	""[""""foot"""",""""food"""",""""full"""",""""put"""",""""fit""""]""	[]	[]"
100064	1	mouth	口	the part of your face that you use for eating and speaking	Please open your mouth.	口を開けてください。	noun	1	5	""[""""口"""",""""鼻"""",""""目"""",""""耳"""",""""顔""""]""	""[""""mouth"""",""""nose"""",""""eye"""",""""ear"""",""""face""""]""	""[""""mouth"""",""""mouse"""",""""math"""",""""month"""",""""south""""]""	[]	[]"
100065	1	ear	耳	the part of the head that you hear with	My ear hurts a little.	耳が少し痛いです。	noun	1	5	""[""""耳"""",""""目"""",""""鼻"""",""""口"""",""""首""""]""	""[""""ear"""",""""eye"""",""""nose"""",""""mouth"""",""""neck""""]""	""[""""ear"""",""""air"""",""""year"""",""""near"""",""""hear""""]""	[]	[]"
100066	1	hand	手	the part at the end of your arm with fingers and a thumb	Wash your hands before lunch.	昼食の前に手を洗いましょう。	noun	1	5	""[""""手"""",""""腕"""",""""指"""",""""足"""",""""顔""""]""	""[""""hand"""",""""arm"""",""""finger"""",""""foot"""",""""face""""]""	""[""""hand"""",""""sand"""",""""band"""",""""land"""",""""hat""""]""	[]	[]"
100067	1	eye	目	the part of the face that you use for seeing	She has big eyes.	彼女は大きな目をしています。	noun	1	5	""[""""目"""",""""耳"""",""""鼻"""",""""口"""",""""顔""""]""	""[""""eye"""",""""ear"""",""""nose"""",""""mouth"""",""""face""""]""	""[""""eye"""",""""ice"""",""""ear"""",""""arm"""",""""egg""""]""	[]	[]"
100068	1	nose	鼻	the part of your face that you use for smelling and breathing	My nose is very cold.	私の鼻はとても冷たいです。	noun	1	5	""[""""鼻"""",""""口"""",""""耳"""",""""目"""",""""顔""""]""	""[""""nose"""",""""mouth"""",""""ear"""",""""eye"""",""""face""""]""	""[""""nose"""",""""note"""",""""knows"""",""""net"""",""""name""""]""	[]	[]"
100069	1	radio	ラジオ	a device for listening to programs, music, or news	My grandfather listens to the radio every morning.	私の祖父は毎朝ラジオを聞きます。	noun	1	4	""[""""ラジオ"""",""""テレビ"""",""""電話"""",""""時計"""",""""カメラ""""]""	""[""""radio"""",""""television"""",""""telephone"""",""""clock"""",""""camera""""]""	""[""""radio"""",""""ratio"""",""""radar"""",""""video"""",""""ready""""]""	[]	[]"
100070	1	television	テレビ	a machine used for watching programs and videos	We watch television after dinner.	私たちは夕食の後にテレビを見ます。	noun	1	5	""[""""テレビ"""",""""ラジオ"""",""""電話"""",""""時計"""",""""カメラ""""]""	""[""""television"""",""""radio"""",""""telephone"""",""""clock"""",""""camera""""]""	""[""""television"""",""""telephone"""",""""televise"""",""""revision"""",""""decision""""]""	""[{""""word"""":""""TV"""",""""note"""":""""television の短い言い方。日常会話でよく使う。""""}]""	[]"
100071	1	sandwich	サンドイッチ	two pieces of bread with meat, cheese, or other food between them	I made a sandwich for lunch.	私は昼食にサンドイッチを作りました。	noun	1	4	""[""""サンドイッチ"""",""""ハンバーガー"""",""""スープ"""",""""サラダ"""",""""おにぎり""""]""	""[""""sandwich"""",""""hamburger"""",""""soup"""",""""salad"""",""""rice ball""""]""	""[""""sandwich"""",""""language"""",""""bandage"""",""""sausage"""",""""Spanish""""]""	[]	[]"
100072	1	uncle	おじ	the brother of your mother or father, or the husband of your aunt	My uncle lives near my house.	私のおじは私の家の近くに住んでいます。	noun	1	4	""[""""おじ"""",""""おば"""",""""いとこ"""",""""おい"""",""""めい""""]""	""[""""uncle"""",""""aunt"""",""""cousin"""",""""nephew"""",""""niece""""]""	""[""""uncle"""",""""ankle"""",""""apple"""",""""under"""",""""jungle""""]""	[]	[]"
100073	1	house	家	a building where people live	Their house has a small garden.	彼らの家には小さな庭があります。	noun	1	5	""[""""家"""",""""学校"""",""""店"""",""""駅"""",""""公園""""]""	""[""""house"""",""""school"""",""""store"""",""""station"""",""""park""""]""	""[""""house"""",""""mouse"""",""""horse"""",""""home"""",""""hut""""]""	""[{""""word"""":""""home"""",""""note"""":""""home は「家庭・住む場所」の気持ちを含み、house は建物そのものを指すことが多い。""""}]""	[]"
100074	1	See you	またね	used when saying goodbye to someone you expect to meet again	See you after school.	放課後にまたね。	phrase	1	5	""[""""またね"""",""""さようなら"""",""""おはよう"""",""""ありがとう"""",""""おやすみ""""]""	""[""""See you"""",""""Goodbye"""",""""Good morning"""",""""Thank you"""",""""Good night""""]""	""[""""See you"""",""""Thank you"""",""""Meet you"""",""""Need you"""",""""Miss you""""]""	""[{""""word"""":""""Goodbye"""",""""note"""":""""より一般的な別れのあいさつ。See you はまた会う前提がある""""},{""""word"""":""""Bye"""",""""note"""":""""くだけた別れのあいさつ""""}]""	[]"
100075	1	bring	持ってくる	to carry or take something to the place where the speaker is	Please bring your notebook tomorrow.	明日、ノートを持ってきてください。	verb	1	4	""[""""持ってくる"""",""""持っていく"""",""""置く"""",""""見せる"""",""""送る""""]""	""[""""bring"""",""""take"""",""""put"""",""""show"""",""""send""""]""	""[""""bring"""",""""blink"""",""""brick"""",""""breeze"""",""""brown""""]""	""[{""""word"""":""""carry"""",""""note"""":""""carryは「運ぶ」全般で、bringは「こちらへ持ってくる」という方向を表す。""""},{""""word"""":""""take"""",""""note"""":""""takeは「持っていく」で、bringとは方向が反対。""""}]""	""[{""""word"""":""""take"""",""""note"""":""""takeは話し手から離れる方向へ「持っていく」で、bringの反対。""""}]"""
100076	1	T-shirt	Tシャツ	a casual short-sleeved shirt	I am wearing a blue T-shirt.	私は青いTシャツを着ています。	noun	1	4	""[""""Tシャツ"""",""""シャツ"""",""""ズボン"""",""""くつ"""",""""ぼうし""""]""	""[""""T-shirt"""",""""shirt"""",""""pants"""",""""shoes"""",""""hat""""]""	""[""""T-shirt"""",""""teacher"""",""""ticket"""",""""teacup"""",""""team""""]""	[]	[]"
100077	1	test	テスト	a set of questions or tasks used to measure knowledge or skill	We have a math test today.	今日は数学のテストがあります。	noun	1	5	""[""""テスト"""",""""試験"""",""""宿題"""",""""授業"""",""""問題集""""]""	""[""""test"""",""""quiz"""",""""exam"""",""""homework"""",""""class""""]""	""[""""test"""",""""text"""",""""taste"""",""""tent"""",""""desk""""]""	""[{""""word"""":""""exam"""",""""note"""":""""testよりやや正式で、大きな試験を指すことが多い""""},{""""word"""":""""quiz"""",""""note"""":""""testより短くて小さい確認テストを指すことが多い""""}]""	[]"
100078	1	cousin	いとこ	the child of your aunt or uncle	My cousin lives in Tokyo.	私のいとこは東京に住んでいます。	noun	1	4	""[""""いとこ"""",""""おじ"""",""""おば"""",""""めい"""",""""おい""""]""	""[""""cousin"""",""""uncle"""",""""aunt"""",""""niece"""",""""nephew""""]""	""[""""cousin"""",""""dozen"""",""""cotton"""",""""custom"""",""""cushion""""]""	[]	[]"
100079	1	church	教会	a building where Christians go to worship	There is a church near my house.	私の家の近くに教会があります。	noun	2	2	""[""""教会"""",""""学校"""",""""病院"""",""""駅"""",""""図書館""""]""	""[""""church"""",""""school"""",""""hospital"""",""""station"""",""""library""""]""	""[""""church"""",""""search"""",""""charge"""",""""chair"""",""""cheese""""]""	[]	[]"
100080	1	ring	指輪	a circular piece of jewelry worn on your finger	This ring is very pretty.	この指輪はとてもきれいです。	noun	1	4	""[""""指輪"""",""""ネックレス"""",""""ブレスレット"""",""""イヤリング"""",""""腕時計""""]""	""[""""ring"""",""""necklace"""",""""bracelet"""",""""earring"""",""""watch""""]""	""[""""ring"""",""""rink"""",""""wing"""",""""king"""",""""bring""""]""	[]	[]"
100081	1	orange	オレンジ	a round fruit with orange skin and sweet juice	I eat an orange after lunch.	私は昼食のあとにオレンジを食べます。	noun	1	4	""[""""オレンジ"""",""""りんご"""",""""バナナ"""",""""ぶどう"""",""""もも""""]""	""[""""orange"""",""""apple"""",""""banana"""",""""grape"""",""""peach""""]""	""[""""orange"""",""""arrange"""",""""origin"""",""""orchard"""",""""order""""]""	[]	[]"
100082	1	wash	洗う	to clean something with water, often using soap	Wash your hands before dinner.	夕食の前に手を洗いなさい。	verb	1	5	""[""""洗う"""",""""拭く"""",""""乾かす"""",""""切る"""",""""運ぶ""""]""	""[""""wash"""",""""wipe"""",""""dry"""",""""cut"""",""""carry""""]""	""[""""wash"""",""""watch"""",""""wish"""",""""rush"""",""""walk""""]""	""[{""""word"""":""""clean"""",""""note"""":""""clean は「きれいにする」全般で、wash は特に水で洗うときに使う。""""}]""	""[{""""word"""":""""dirty"""",""""note"""":""""dirty は動詞で「汚す」。wash の自然な反対になる。""""}]"""
100083	1	glass	コップ	a container for drinking	There is milk in the glass.	コップの中に牛乳があります。	noun	1	4	""[""""コップ"""",""""皿"""",""""茶わん"""",""""びん"""",""""箱""""]""	""[""""glass"""",""""plate"""",""""bowl"""",""""bottle"""",""""box""""]""	""[""""glass"""",""""grass"""",""""class"""",""""glove"""",""""glad""""]""	""[{""""word"""":""""cup"""",""""note"""":""""ふつうは取っ手のある小さめの飲み物用""""}]""	[]"
100084	1	water	水	a clear liquid that people drink	Please drink some water.	水を少し飲んでください。	noun	1	5	""[""""水"""",""""お茶"""",""""牛乳"""",""""ジュース"""",""""湯""""]""	""[""""water"""",""""tea"""",""""milk"""",""""juice"""",""""hot water""""]""	""[""""water"""",""""winter"""",""""waiter"""",""""writer"""",""""wonder""""]""	[]	[]"
100085	1	money	お金	coins or bills used to buy things	I need some money for lunch.	私は昼食のためにいくらかお金が必要です。	noun	1	5	""[""""お金"""",""""時間"""",""""食べ物"""",""""かばん"""",""""宿題""""]""	""[""""money"""",""""time"""",""""food"""",""""bag"""",""""homework""""]""	""[""""money"""",""""monkey"""",""""Monday"""",""""many"""",""""honey""""]""	[]	[]"
100086	1	winter	冬	the coldest season of the year, after autumn and before spring	Winter is very cold here.	ここでは冬はとても寒いです。	noun	1	5	""[""""冬"""",""""春"""",""""夏"""",""""秋"""",""""季節""""]""	""[""""winter"""",""""spring"""",""""summer"""",""""autumn"""",""""season""""]""	""[""""winter"""",""""winner"""",""""window"""",""""whisper"""",""""singer""""]""	[]	[]"
100087	1	album	アルバム	a book for keeping photos, or a collection of songs released together	This album has many old photos.	このアルバムには古い写真がたくさんあります。	noun	2	3	""[""""アルバム"""",""""写真集"""",""""日記"""",""""手帳"""",""""ノート""""]""	""[""""album"""",""""diary"""",""""notebook"""",""""calendar"""",""""folder""""]""	""[""""album"""",""""atom"""",""""autumn"""",""""bottom"""",""""alarm""""]""	[]	[]"
100088	1	red	赤い	having the color red	I have a red cap.	私は赤い帽子を持っています。	adjective	1	5	""[""""赤い"""",""""青い"""",""""黄色い"""",""""黒い"""",""""白い""""]""	""[""""red"""",""""blue"""",""""yellow"""",""""black"""",""""white""""]""	""[""""red"""",""""read"""",""""led"""",""""rid"""",""""road""""]""	[]	""[{""""word"""":""""blue"""",""""note"""":""""色として対比しやすい基本語""""}]"""
100089	1	green	緑の	having the color of grass or leaves	The tree has green leaves.	その木には緑の葉があります。	adjective	1	5	""[""""緑の"""",""""赤い"""",""""青い"""",""""黄色い"""",""""黒い""""]""	""[""""green"""",""""red"""",""""blue"""",""""yellow"""",""""black""""]""	""[""""green"""",""""clean"""",""""cream"""",""""gray"""",""""grin""""]""	[]	[]"
100090	1	black	黒い	having the color black; very dark in color	My shoes are black.	私のくつは黒いです。	adjective	1	5	""[""""黒い"""",""""白い"""",""""赤い"""",""""青い"""",""""黄色い""""]""	""[""""black"""",""""white"""",""""red"""",""""blue"""",""""yellow""""]""	""[""""black"""",""""block"""",""""blank"""",""""back"""",""""brick""""]""	[]	""[{""""word"""":""""white"""",""""note"""":""""色の反対語として最も基本的で自然""""}]"""
100091	1	blue	青い	having the color of the sky on a clear day	The sky is blue today.	今日は空が青いです。	adjective	1	5	""[""""青い"""",""""赤い"""",""""黄色い"""",""""白い"""",""""黒い""""]""	""[""""blue"""",""""red"""",""""yellow"""",""""white"""",""""black""""]""	""[""""blue"""",""""blow"""",""""brown"""",""""black"""",""""glue""""]""	[]	[]"
100092	1	white	白い	having the color of snow or milk	Her dog is small and white.	彼女の犬は小さくて白いです。	adjective	1	5	""[""""白い"""",""""黒い"""",""""赤い"""",""""青い"""",""""黄色い""""]""	""[""""white"""",""""black"""",""""red"""",""""blue"""",""""yellow""""]""	""[""""white"""",""""wide"""",""""wet"""",""""wait"""",""""light""""]""	[]	""[{""""word"""":""""black"""",""""note"""":""""色の反対として最も基本的で自然な組み合わせ。""""}]"""
100093	1	yellow	黄色い	having the color of the sun or a lemon	I see yellow flowers over there.	私はあそこに黄色い花が見えます。	adjective	1	4	""[""""黄色い"""",""""赤い"""",""""青い"""",""""白い"""",""""黒い""""]""	""[""""yellow"""",""""red"""",""""blue"""",""""white"""",""""black""""]""	""[""""yellow"""",""""hello"""",""""window"""",""""yummy"""",""""fellow""""]""	[]	[]"
100094	1	come in	入ってくる	to enter a room or building	Please come in and sit down.	どうぞ入って座ってください。	verb	1	5	""[""""入ってくる"""",""""出ていく"""",""""座る"""",""""待つ"""",""""開ける""""]""	""[""""come in"""",""""go out"""",""""sit"""",""""wait"""",""""open""""]""	""[""""come in"""",""""go in"""",""""come on"""",""""go out"""",""""sit down""""]""	""[{""""word"""":""""enter"""",""""note"""":""""よりややかたい表現。come in は話し言葉でよく使う。""""}]""	""[{""""word"""":""""go out"""",""""note"""":""""中から外へ出ること。come in は外から中へ入ること。""""}]"""
100095	1	meet	会う	to see someone for the first time or come together with someone as planned	I will meet Ken after school.	私は放課後にケンに会います。	verb	1	5	""[""""会う"""",""""呼ぶ"""",""""待つ"""",""""手伝う"""",""""訪ねる""""]""	""[""""meet"""",""""call"""",""""wait"""",""""help"""",""""visit""""]""	""[""""meet"""",""""meat"""",""""met"""",""""mint"""",""""melt""""]""	""[{""""word"""":""""see"""",""""note"""":""""日常会話で広く使うが、meet は『会う・初めて会う・待ち合わせで会う』の意味が強い。""""}]""	[]"
100096	1	south	南	the direction on a map that is opposite to north	This bird flies south in winter.	この鳥は冬に南へ飛びます。	noun	1	4	""[""""南"""",""""北"""",""""東"""",""""西"""",""""中央""""]""	""[""""south"""",""""north"""",""""east"""",""""west"""",""""center""""]""	""[""""south"""",""""sound"""",""""mouth"""",""""soup"""",""""sun""""]""	[]	""[{""""word"""":""""north"""",""""note"""":""""反対の方角""""}]"""
100097	1	north	北	the direction on a map that is opposite to south	Our town is north of here.	私たちの町はここから北にあります。	noun	1	4	""[""""北"""",""""南"""",""""東"""",""""西"""",""""中央""""]""	""[""""north"""",""""south"""",""""east"""",""""west"""",""""center""""]""	""[""""north"""",""""mouth"""",""""fourth"""",""""note"""",""""nurse""""]""	[]	""[{""""word"""":""""south"""",""""note"""":""""反対の方角""""}]"""
100098	1	finish	終える	to complete something or come to the end of it	We finish class at three.	私たちは3時に授業を終えます。	verb	1	5	""[""""終える"""",""""始める"""",""""続ける"""",""""休む"""",""""学ぶ""""]""	""[""""finish"""",""""start"""",""""continue"""",""""rest"""",""""study""""]""	""[""""finish"""",""""furnish"""",""""vanish"""",""""fix"""",""""fish""""]""	""[{""""word"""":""""complete"""",""""note"""":""""finishよりややかたい語で、「完全に終える」という感じがある。""""},{""""word"""":""""end"""",""""note"""":""""finishより短く基本的。文脈によっては「終わる・終える」の両方で使う。""""}]""	""[{""""word"""":""""start"""",""""note"""":""""「始める」という自然な反対語。""""},{""""word"""":""""begin"""",""""note"""":""""startとほぼ同じで、少しかたい言い方。""""}]"""
100099	1	box	箱	a container for putting things in	The toys are in the box.	おもちゃは箱の中にあります。	noun	1	4	""[""""箱"""",""""袋"""",""""かご"""",""""びん"""",""""缶""""]""	""[""""box"""",""""bag"""",""""basket"""",""""bottle"""",""""can""""]""	""[""""box"""",""""fox"""",""""books"""",""""back"""",""""bus""""]""	[]	[]"
100100	1	cheap	安い	costing little money; not expensive	This cap is cheap.	この帽子は安いです。	adjective	1	4	""[""""安い"""",""""高い"""",""""新しい"""",""""重い"""",""""小さい""""]""	""[""""cheap"""",""""expensive"""",""""new"""",""""heavy"""",""""small""""]""	""[""""cheap"""",""""chip"""",""""cheek"""",""""jeep"""",""""sheep""""]""	""[{""""word"""":""""inexpensive"""",""""note"""":""""cheapよりやや丁寧で、中立的な言い方。""""}]""	""[{""""word"""":""""expensive"""",""""note"""":""""「高価な」という自然な反対語。""""}]"""
100101	1	expensive	高価な	costing a lot of money; having a high price	This watch is too expensive for me.	この時計は私には高すぎます。	adjective	1	4	""[""""高価な"""",""""安い"""",""""人気のある"""",""""重い"""",""""便利な""""]""	""[""""expensive"""",""""cheap"""",""""popular"""",""""heavy"""",""""useful""""]""	""[""""expensive"""",""""extensive"""",""""expressive"""",""""expansion"""",""""experience""""]""	""[{""""word"""":""""costly"""",""""note"""":""""やや硬い語で、expensive とほぼ同じく「高価な」""""},{""""word"""":""""pricey"""",""""note"""":""""口語的で「ちょっと高い」のような響きがある""""}]""	""[{""""word"""":""""cheap"""",""""note"""":""""「安い」。最も基本的な反対語""""}]"""
100102	1	Japan	日本	a country in East Asia	Japan has many beautiful temples.	日本には美しい寺がたくさんあります。	noun	1	5	""[""""日本"""",""""中国"""",""""韓国"""",""""インド"""",""""タイ""""]""	""[""""Japan"""",""""China"""",""""Korea"""",""""India"""",""""Thailand""""]""	""[""""Japan"""",""""jungle"""",""""jumper"""",""""giant"""",""""jacket""""]""	[]	[]"
100103	1	wet	ぬれている	covered with water; not dry	My socks are still wet.	私のくつ下はまだぬれています。	adjective	1	4	""[""""ぬれている"""",""""乾いている"""",""""熱い"""",""""冷たい"""",""""やわらかい""""]""	""[""""wet"""",""""dry"""",""""hot"""",""""cold"""",""""soft""""]""	""[""""wet"""",""""wait"""",""""west"""",""""met"""",""""net""""]""	""[{""""word"""":""""damp"""",""""note"""":""""wetより少しだけぬれている感じ""""},{""""word"""":""""moist"""",""""note"""":""""ややかたく、少ししめった状態に使う""""}]""	""[{""""word"""":""""dry"""",""""note"""":""""ぬれていない状態""""}]"""
100104	1	make	作る	to create, build, or prepare something	I make dinner with my mom.	私はお母さんと夕食を作ります。	verb	1	5	""[""""作る"""",""""食べる"""",""""買う"""",""""使う"""",""""運ぶ""""]""	""[""""make"""",""""eat"""",""""buy"""",""""use"""",""""carry""""]""	""[""""make"""",""""take"""",""""wake"""",""""lake"""",""""bake""""]""	""[{""""word"""":""""create"""",""""note"""":""""より新しいものを生み出す意味で使うことが多い""""},{""""word"""":""""build"""",""""note"""":""""建物や形のあるものを作るときによく使う""""}]""	[]"
100105	1	chocolate	チョコレート	a sweet brown food made from cacao beans	I like chocolate very much.	私はチョコレートがとても好きです。	noun	1	5	""[""""チョコレート"""",""""キャンディー"""",""""クッキー"""",""""アイスクリーム"""",""""ケーキ""""]""	""[""""chocolate"""",""""candy"""",""""cookie"""",""""ice cream"""",""""cake""""]""	""[""""chocolate"""",""""chipmunk"""",""""champion"""",""""calendar"""",""""coconut""""]""	[]	[]"
100106	1	Tuesday	火曜日	the day of the week after Monday and before Wednesday	I have piano lessons on Tuesday.	私は火曜日にピアノのレッスンがあります。	noun	1	5	""[""""火曜日"""",""""月曜日"""",""""水曜日"""",""""木曜日"""",""""金曜日""""]""	""[""""Tuesday"""",""""Monday"""",""""Wednesday"""",""""Thursday"""",""""Friday""""]""	""[""""Tuesday"""",""""Thursday"""",""""today"""",""""Tuesday's"""",""""two-day""""]""	[]	[]"
100107	1	tomorrow	明日	the day after today	I will call you tomorrow.	私は明日あなたに電話します。	adverb	1	5	""[""""明日"""",""""昨日"""",""""今日"""",""""今夜"""",""""朝""""]""	""[""""tomorrow"""",""""yesterday"""",""""today"""",""""tonight"""",""""morning""""]""	""[""""tomorrow"""",""""tonight"""",""""today"""",""""follow"""",""""borrow""""]""	[]	""[{""""word"""":""""yesterday"""",""""note"""":""""「昨日」で、tomorrow の自然な反対語。""""}]"""
100108	1	Thursday	木曜日	the day of the week after Wednesday and before Friday	We have music class on Thursday.	私たちは木曜日に音楽の授業があります。	noun	1	5	""[""""木曜日"""",""""月曜日"""",""""火曜日"""",""""水曜日"""",""""金曜日""""]""	""[""""Thursday"""",""""Monday"""",""""Tuesday"""",""""Wednesday"""",""""Friday""""]""	""[""""Thursday"""",""""Tuesday"""",""""thirteen"""",""""thirty"""",""""birthday""""]""	[]	[]"
100109	1	yesterday	昨日	the day before today	I was busy yesterday.	私は昨日忙しかったです。	adverb	1	5	""[""""昨日"""",""""今日"""",""""明日"""",""""今夜"""",""""今朝""""]""	""[""""yesterday"""",""""today"""",""""tomorrow"""",""""tonight"""",""""this morning""""]""	""[""""yesterday"""",""""holiday"""",""""Saturday"""",""""everyday"""",""""history""""]""	[]	[]"
100110	1	birthday	誕生日	the day of the year when you were born	My birthday is in June.	私の誕生日は6月です。	noun	1	5	""[""""誕生日"""",""""休日"""",""""記念日"""",""""週末"""",""""休み""""]""	""[""""birthday"""",""""holiday"""",""""anniversary"""",""""weekend"""",""""vacation""""]""	""[""""birthday"""",""""bird"""",""""Thursday"""",""""dirty"""",""""thirty""""]""	[]	[]"
100111	1	Sunday	日曜日	the day after Saturday and before Monday	We play soccer on Sunday.	私たちは日曜日にサッカーをします。	noun	1	5	""[""""日曜日"""",""""土曜日"""",""""月曜日"""",""""金曜日"""",""""火曜日""""]""	""[""""Sunday"""",""""Saturday"""",""""Monday"""",""""Friday"""",""""Tuesday""""]""	""[""""Sunday"""",""""someday"""",""""sunny"""",""""Monday"""",""""Sundays""""]""	[]	[]"
100112	1	Christmas	クリスマス	a holiday celebrated on December 25	We eat cake at Christmas.	私たちはクリスマスにケーキを食べます。	noun	1	5	""[""""クリスマス"""",""""お正月"""",""""誕生日"""",""""休日"""",""""祭り""""]""	""[""""Christmas"""",""""New Year"""",""""birthday"""",""""holiday"""",""""festival""""]""	""[""""Christmas"""",""""crystal"""",""""chemist"""",""""crossing"""",""""classroom""""]""	[]	[]"
100113	1	bowl	ボウル	a round deep dish used for food	The soup is in the bowl.	スープはそのボウルの中にあります。	noun	1	4	""[""""ボウル"""",""""皿"""",""""コップ"""",""""鍋"""",""""おわん""""]""	""[""""bowl"""",""""plate"""",""""cup"""",""""pot"""",""""dish""""]""	""[""""bowl"""",""""ball"""",""""bell"""",""""bone"""",""""boat""""]""	[]	[]"
100114	1	jeans	ジーンズ	pants made of strong cotton cloth, usually blue	He is wearing blue jeans today.	彼は今日、青いジーンズをはいています。	noun	1	4	""[""""ジーンズ"""",""""ズボン"""",""""短パン"""",""""スカート"""",""""制服""""]""	""[""""jeans"""",""""pants"""",""""shorts"""",""""skirt"""",""""uniform""""]""	""[""""jeans"""",""""genes"""",""""joke"""",""""juice"""",""""jacket""""]""	""[{""""word"""":""""denim pants"""",""""note"""":""""jeans を説明的に言い換えた表現。日常会話では jeans のほうが普通。""""}]""	[]"
100115	1	want	ほしい	to wish to have or do something	I want a new bike.	私は新しい自転車がほしいです。	verb	1	5	""[""""ほしい"""",""""必要だ"""",""""好きだ"""",""""選ぶ"""",""""使う""""]""	""[""""want"""",""""need"""",""""like"""",""""choose"""",""""use""""]""	""[""""want"""",""""went"""",""""won't"""",""""wait"""",""""wake""""]""	""[{""""word"""":""""would like"""",""""note"""":""""want より丁寧でやわらかい言い方。""""}]""	[]"
100116	1	phone	電話	a device used to call and talk to people	My phone is on the desk.	私の電話は机の上にあります。	noun	1	5	""[""""電話"""",""""手紙"""",""""時計"""",""""かばん"""",""""地図""""]""	""[""""phone"""",""""letter"""",""""clock"""",""""bag"""",""""map""""]""	""[""""phone"""",""""bone"""",""""tone"""",""""home"""",""""cone""""]""	""[{""""word"""":""""telephone"""",""""note"""":""""より正式な言い方。phone のほうが日常会話で一般的。""""}]""	[]"
100117	1	clock	時計	something that shows the time	The clock is on the wall.	その時計は壁にかかっています。	noun	1	5	""[""""時計"""",""""腕時計"""",""""時間"""",""""カレンダー"""",""""目覚まし時計""""]""	""[""""clock"""",""""watch"""",""""time"""",""""calendar"""",""""alarm clock""""]""	""[""""clock"""",""""clap"""",""""click"""",""""clerk"""",""""block""""]""	[]	[]"
100118	1	to	〜へ	used to show direction or movement toward a place	We walk to school together.	私たちはいっしょに学校へ歩いて行きます。	preposition	1	5	""[""""〜へ"""",""""〜から"""",""""〜で"""",""""〜の上に"""",""""〜の中に""""]""	""[""""to"""",""""from"""",""""at"""",""""on"""",""""in""""]""	""[""""to"""",""""two"""",""""do"""",""""too"""",""""go""""]""	[]	[]"
100119	1	cut	切る	to divide something with a knife, scissors, or another sharp tool	Cut the paper in half.	紙を半分に切りなさい。	verb	1	5	""[""""切る"""",""""折る"""",""""貼る"""",""""洗う"""",""""運ぶ""""]""	""[""""cut"""",""""fold"""",""""paste"""",""""wash"""",""""carry""""]""	""[""""cut"""",""""cat"""",""""cot"""",""""cap"""",""""cup""""]""	""[{""""word"""":""""slice"""",""""note"""":""""薄く切るときによく使う""""},{""""word"""":""""chop"""",""""note"""":""""細かく切るときによく使う""""}]""	""[{""""word"""":""""join"""",""""note"""":""""切り離したものをつなげるイメージの反対""""}]"""
100120	1	work	働く	to do a job; to use effort to do something	My mother works at home.	母は家で働いています。	verb	1	5	""[""""働く"""",""""勉強する"""",""""休む"""",""""料理する"""",""""歩く""""]""	""[""""work"""",""""study"""",""""rest"""",""""cook"""",""""walk""""]""	""[""""work"""",""""walk"""",""""word"""",""""wake"""",""""warm""""]""	""[{""""word"""":""""labor"""",""""note"""":""""よりかたい語で、肉体労働の意味で使うことが多い""""}]""	""[{""""word"""":""""rest"""",""""note"""":""""仕事や活動をやめて休むこと""""}]"""
100121	1	practice	練習する	to do something again and again to get better at it	I practice the piano every day.	私は毎日ピアノを練習します。	verb	1	5	""[""""練習する"""",""""勉強する"""",""""運動する"""",""""試す"""",""""準備する""""]""	""[""""practice"""",""""study"""",""""exercise"""",""""try"""",""""prepare""""]""	""[""""practice"""",""""practise"""",""""practical"""",""""protect"""",""""promise""""]""	""[{""""word"""":""""train"""",""""note"""":""""体や技能を鍛える練習に使いやすい""""},{""""word"""":""""rehearse"""",""""note"""":""""音楽・劇・発表などの練習でよく使う""""}]""	[]"
100122	1	pull	引く	to move something toward you	Please pull the door.	そのドアを引いてください。	verb	1	4	""[""""引く"""",""""押す"""",""""持ち上げる"""",""""運ぶ"""",""""開ける""""]""	""[""""pull"""",""""push"""",""""lift"""",""""carry"""",""""open""""]""	""[""""pull"""",""""pool"""",""""full"""",""""pale"""",""""pill""""]""	[]	""[{""""word"""":""""push"""",""""note"""":""""pull は手前に引く、push は向こうへ押す""""}]"""
100123	1	map	地図	a picture that shows where places are	Please look at this map.	この地図を見てください。	noun	1	4	""[""""地図"""",""""予定"""",""""写真"""",""""手紙"""",""""看板""""]""	""[""""map"""",""""plan"""",""""photo"""",""""letter"""",""""sign""""]""	""[""""map"""",""""cap"""",""""man"""",""""mat"""",""""mop""""]""	[]	[]"
100124	1	towel	タオル	a piece of cloth used for drying your body or things	Use this towel after you swim.	泳いだあとにこのタオルを使ってください。	noun	1	4	""[""""タオル"""",""""せっけん"""",""""くし"""",""""はぶらし"""",""""スポンジ""""]""	""[""""towel"""",""""soap"""",""""comb"""",""""toothbrush"""",""""sponge""""]""	""[""""towel"""",""""tower"""",""""total"""",""""travel"""",""""tiger""""]""	[]	[]"
100125	1	every	毎〜	used before a singular noun to mean all the things or times in a group, one by one	I walk to school every day.	私は毎日歩いて学校へ行きます。	adjective	1	5	""[""""毎〜"""",""""ある〜"""",""""次の〜"""",""""最後の〜"""",""""同じ〜""""]""	""[""""every"""",""""some"""",""""next"""",""""last"""",""""same""""]""	""[""""every"""",""""even"""",""""ever"""",""""early"""",""""entry""""]""	""[{""""word"""":""""each"""",""""note"""":""""each は一つ一つに注目し、every は全体をまとめて表しやすい""""}]""	[]"
100126	1	world	世界	the earth and all the people and places on it	The world is very big.	世界はとても大きいです。	noun	1	4	""[""""世界"""",""""地球"""",""""国"""",""""町"""",""""自然""""]""	""[""""world"""",""""earth"""",""""country"""",""""town"""",""""nature""""]""	""[""""world"""",""""word"""",""""walk"""",""""work"""",""""warm""""]""	""[{""""word"""":""""earth"""",""""note"""":""""「地球」という意味で world に近いが、world は「世界・世の中」の意味でもよく使う。""""}]""	[]"
100127	1	light	明かり	something that makes a place bright so you can see	Turn on the light, please.	明かりをつけてください。	noun	1	5	""[""""明かり"""",""""音"""",""""空気"""",""""におい"""",""""熱""""]""	""[""""light"""",""""sound"""",""""air"""",""""smell"""",""""heat""""]""	""[""""light"""",""""right"""",""""late"""",""""line"""",""""night""""]""	""[{""""word"""":""""lamp"""",""""note"""":""""lampは電灯そのものを指すことが多く、lightは明かり自体も表せる。""""}]""	""[{""""word"""":""""darkness"""",""""note"""":""""light（明かり）がある状態に対して、darknessは暗闇。""""}]"""
100128	1	August	8月	the eighth month of the year	My birthday is in August.	私の誕生日は8月です。	noun	1	4	""[""""8月"""",""""7月"""",""""9月"""",""""10月"""",""""6月""""]""	""[""""August"""",""""July"""",""""September"""",""""October"""",""""June""""]""	""[""""August"""",""""October"""",""""April"""",""""Augustus"""",""""autumn""""]""	[]	[]"
100129	1	November	11月	the eleventh month of the year	My birthday is in November.	私の誕生日は11月です。	noun	1	3	""[""""11月"""",""""10月"""",""""12月"""",""""9月"""",""""2月""""]""	""[""""November"""",""""October"""",""""December"""",""""September"""",""""February""""]""	""[""""November"""",""""December"""",""""September"""",""""October"""",""""member""""]""	[]	[]"
100130	1	come on	さあ、がんばって	used to encourage someone or to ask them to hurry	Come on, we are going to be late.	さあ、急いで。遅れてしまうよ。	phrase	1	5	""[""""さあ、がんばって"""",""""急いで"""",""""気をつけて"""",""""座って"""",""""待って""""]""	""[""""come on"""",""""hurry up"""",""""be careful"""",""""sit down"""",""""wait""""]""	""[""""come on"""",""""go on"""",""""hold on"""",""""come in"""",""""come back""""]""	""[{""""word"""":""""hurry up"""",""""note"""":""""『急いで』の意味が強い""""},{""""word"""":""""go on"""",""""note"""":""""文脈によっては『さあ続けて』の意味で近い""""}]""	[]"
100131	1	stop	止まる	to end movement or action	Please stop talking.	話すのをやめてください。	verb	1	1	""[""""止まる"""",""""進む"""",""""始める"""",""""続ける"""",""""動く""""]""	""[""""stop"""",""""move"""",""""begin"""",""""continue"""",""""walk""""]""	""[""""stop"""",""""step"""",""""shop"""",""""stock"""",""""stamp""""]""	""[{""""word"""":""""quit"""",""""note"""":""""「やめる」の意味で近いが、stopより行為を完全にやめる感じが強い。""""},{""""word"""":""""pause"""",""""note"""":""""一時的に止めるときに使う。stopより再開の含みがある。""""}]""	""[{""""word"""":""""continue"""",""""note"""":""""止まらず続けること。""""}]"""
100132	1	evening	夕方	the time between afternoon and night	We play tennis in the evening.	私たちは夕方にテニスをします。	noun	1	5	""[""""夕方"""",""""朝"""",""""正午"""",""""夜"""",""""午後""""]""	""[""""evening"""",""""morning"""",""""noon"""",""""night"""",""""afternoon""""]""	""[""""evening"""",""""opening"""",""""eating"""",""""living"""",""""ending""""]""	[]	""[{""""word"""":""""morning"""",""""note"""":""""一日の早い時間""""}]"""
100133	1	Friday	金曜日	the day after Thursday	We have music class on Friday.	私たちは金曜日に音楽の授業があります。	noun	1	5	""[""""金曜日"""",""""月曜日"""",""""火曜日"""",""""木曜日"""",""""土曜日""""]""	""[""""Friday"""",""""Monday"""",""""Tuesday"""",""""Thursday"""",""""Saturday""""]""	""[""""Friday"""",""""fry"""",""""friend"""",""""flight"""",""""bright""""]""	[]	[]"
100134	1	door	ドア	a movable barrier used to open or close an entrance	Please close the door.	ドアを閉めてください。	noun	1	5	""[""""ドア"""",""""窓"""",""""壁"""",""""門"""",""""床""""]""	""[""""door"""",""""window"""",""""wall"""",""""gate"""",""""floor""""]""	""[""""door"""",""""doll"""",""""dog"""",""""dark"""",""""dawn""""]""	[]	[]"
100135	1	dinner	夕食	the main meal of the day	We eat dinner at six every evening.	私たちは毎晩6時に夕食を食べます。	noun	1	5	""[""""夕食"""",""""朝食"""",""""昼食"""",""""軽食"""",""""食事""""]""	""[""""dinner"""",""""breakfast"""",""""lunch"""",""""snack"""",""""meal""""]""	""[""""dinner"""",""""winner"""",""""singer"""",""""dollar"""",""""doctor""""]""	""[{""""word"""":""""supper"""",""""note"""":""""やや古風・地域差があり、夕食を表すことがある""""}]""	[]"
100136	1	all	すべて	every one or every thing	All the students came to school early.	生徒はみな早く学校に来ました。	determiner	1	1	""[""""すべて"""",""""一部"""",""""多く"""",""""少し"""",""""半分""""]""	""[""""all"""",""""some"""",""""many"""",""""few"""",""""half""""]""	""[""""all"""",""""old"""",""""oil"""",""""call"""",""""ball""""]""	""[{""""word"""":""""every"""",""""note"""":""""単数名詞の前で使うことが多い""""},{""""word"""":""""whole"""",""""note"""":""""全体を一つのまとまりとして表す""""}]""	""[{""""word"""":""""some"""",""""note"""":""""一部を表す""""}]"""
100137	1	o'clock	～時	used to tell the exact hour	School starts at eight o'clock.	学校は8時に始まります。	adverb	1	5	""[""""～時"""",""""分"""",""""半"""",""""朝"""",""""夜""""]""	""[""""o'clock"""",""""minute"""",""""half"""",""""morning"""",""""night""""]""	""[""""o'clock"""",""""clock"""",""""okay"""",""""uncle"""",""""office""""]""	[]	[]"
100138	1	glasses	眼鏡	things you wear to help you see	I need my glasses to read this book.	私はこの本を読むのに眼鏡が必要です。	noun	1	4	""[""""眼鏡"""",""""帽子"""",""""手袋"""",""""靴"""",""""時計""""]""	""[""""glasses"""",""""cap"""",""""gloves"""",""""shoes"""",""""watch""""]""	""[""""glasses"""",""""classes"""",""""grasses"""",""""glances"""",""""gladness""""]""	""[{""""word"""":""""spectacles"""",""""note"""":""""やや古風・フォーマルな言い方""""}]""	[]"
100139	1	cow	雌牛	a female farm animal kept for milk or meat	The cow is eating grass in the field.	その雌牛は野原で草を食べています。	noun	1	4	""[""""雌牛"""",""""馬"""",""""豚"""",""""羊"""",""""やぎ""""]""	""[""""cow"""",""""horse"""",""""pig"""",""""sheep"""",""""goat""""]""	""[""""cow"""",""""crow"""",""""coat"""",""""cap"""",""""cloud""""]""	[]	[]"
100140	1	pig	豚	a farm animal with a fat body and a short tail	The pig is sleeping in the barn.	その豚は納屋で眠っています。	noun	1	4	""[""""豚"""",""""牛"""",""""羊"""",""""馬"""",""""山羊""""]""	""[""""pig"""",""""cow"""",""""sheep"""",""""horse"""",""""goat""""]""	""[""""pig"""",""""big"""",""""pick"""",""""peg"""",""""bag""""]""	[]	[]"
100141	1	sheep	羊	a farm animal with wool	The sheep are eating grass in the field.	羊たちは野原で草を食べています。	noun	1	4	""[""""羊"""",""""牛"""",""""馬"""",""""豚"""",""""やぎ""""]""	""[""""sheep"""",""""cow"""",""""horse"""",""""pig"""",""""goat""""]""	""[""""sheep"""",""""ship"""",""""shape"""",""""cheap"""",""""sheet""""]""	[]	[]"
100142	1	butter	バター	a soft yellow food made from milk	I put butter on my toast.	私はトーストにバターをぬりました。	noun	1	4	""[""""バター"""",""""チーズ"""",""""ジャム"""",""""牛乳"""",""""パン""""]""	""[""""butter"""",""""cheese"""",""""jam"""",""""milk"""",""""bread""""]""	""[""""butter"""",""""better"""",""""batter"""",""""button"""",""""bottom""""]""	[]	[]"
100143	1	parents	両親	your mother and father	My parents live in Osaka.	私の両親は大阪に住んでいます。	noun	1	5	""[""""両親"""",""""祖父母"""",""""兄弟"""",""""親せき"""",""""家族""""]""	""[""""parents"""",""""grandparents"""",""""brothers"""",""""relatives"""",""""family""""]""	""[""""parents"""",""""parrots"""",""""patients"""",""""presents"""",""""patterns""""]""	[]	[]"
100144	1	dad	お父さん	a father	My dad cooks dinner on Sundays.	私のお父さんは日曜日に夕食を作ります。	noun	1	5	""[""""お父さん"""",""""お母さん"""",""""兄"""",""""姉"""",""""祖父""""]""	""[""""dad"""",""""mom"""",""""brother"""",""""sister"""",""""grandfather""""]""	""[""""dad"""",""""bad"""",""""dead"""",""""did"""",""""dog""""]""	""[{""""word"""":""""father"""",""""note"""":""""dad is casual; father is more formal""""}]""	[]"
100145	1	grandfather	祖父	the father of your father or mother	My grandfather tells me funny stories.	私の祖父は私におもしろい話をしてくれます。	noun	1	4	""[""""祖父"""",""""祖母"""",""""父"""",""""母"""",""""おじ""""]""	""[""""grandfather"""",""""grandmother"""",""""father"""",""""mother"""",""""uncle""""]""	""[""""grandfather"""",""""grandmother"""",""""godfather"""",""""grandparent"""",""""grasshopper""""]""	""[{""""word"""":""""grandpa"""",""""note"""":""""よりくだけた言い方""""}]""	[]"
100146	1	like	好き	to enjoy or think something is good	I like music.	私は音楽が好きです。	verb	1	5	""[""""好き"""",""""嫌い"""",""""愛"""",""""必要"""",""""希望""""]""	""[""""like"""",""""love"""",""""need"""",""""want"""",""""hate""""]""	""[""""like"""",""""light"""",""""lake"""",""""luck"""",""""lock""""]""	""[{""""word"""":""""love"""",""""note"""":""""likeより気持ちがずっと強い""""},{""""word"""":""""enjoy"""",""""note"""":""""活動や時間を楽しむときによく使う""""}]""	""[{""""word"""":""""hate"""",""""note"""":""""likeの自然な反対語""""}]"""
100147	1	happy	うれしい	feeling pleased or glad	I am happy to see you.	あなたに会えてうれしいです。	adjective	1	5	""[""""うれしい"""",""""かなしい"""",""""たのしい"""",""""あんしんした"""",""""おこった""""]""	""[""""happy"""",""""sad"""",""""glad"""",""""angry"""",""""proud""""]""	""[""""happy"""",""""puppy"""",""""hurry"""",""""heavy"""",""""hobby""""]""	""[{""""word"""":""""glad"""",""""note"""":""""happyよりやや一時的な気持ちによく使う""""},{""""word"""":""""pleased"""",""""note"""":""""満足してうれしい時に使う""""}]""	""[{""""word"""":""""sad"""",""""note"""":""""悲しい気持ちを表す自然な反対語""""}]"""
100148	1	sad	悲しい	feeling unhappy	She felt sad after the game.	彼女は試合の後で悲しく感じました。	adjective	1	5	""[""""悲しい"""",""""うれしい"""",""""怒った"""",""""疲れた"""",""""心配な""""]""	""[""""sad"""",""""happy"""",""""angry"""",""""tired"""",""""worried""""]""	""[""""sad"""",""""sand"""",""""said"""",""""sack"""",""""sat""""]""	""[{""""word"""":""""unhappy"""",""""note"""":""""より一般的でやや説明的な語""""},{""""word"""":""""upset"""",""""note"""":""""悲しいだけでなく動揺している感じもある""""}]""	""[{""""word"""":""""happy"""",""""note"""":""""最も基本的で自然な反対語""""}]"""
100149	1	daughter	娘	a female child in a family	Their daughter goes to school by bus.	彼らの娘はバスで学校に通っています。	noun	1	4	""[""""娘"""",""""息子"""",""""母"""",""""父"""",""""両親""""]""	""[""""daughter"""",""""son"""",""""mother"""",""""father"""",""""parent""""]""	""[""""daughter"""",""""doctor"""",""""dollar"""",""""water"""",""""author""""]""	[]	""[{""""word"""":""""son"""",""""note"""":""""同じ『子ども』だが、son は『息子』""""}]"""
100150	1	mother	母	a female parent	My mother makes breakfast every morning.	私の母は毎朝朝食を作ります。	noun	1	5	""[""""母"""",""""父"""",""""姉妹"""",""""祖母"""",""""おば""""]""	""[""""mother"""",""""father"""",""""sister"""",""""grandmother"""",""""aunt""""]""	""[""""mother"""",""""mutter"""",""""another"""",""""brother"""",""""other""""]""	""[{""""word"""":""""mom"""",""""note"""":""""主に口語で使う、よりくだけた言い方""""},{""""word"""":""""mum"""",""""note"""":""""主にイギリス英語で使う""""}]""	""[{""""word"""":""""father"""",""""note"""":""""性別の対になる親""""}]"""
100151	1	sister	姉妹	a female sibling	My sister plays tennis after school.	私の姉妹は放課後にテニスをします。	noun	1	5	""[""""姉妹"""",""""兄弟"""",""""母"""",""""娘"""",""""いとこ""""]""	""[""""sister"""",""""brother"""",""""mother"""",""""daughter"""",""""cousin""""]""	""[""""sister"""",""""system"""",""""simple"""",""""silver"""",""""singer""""]""	[]	""[{""""word"""":""""brother"""",""""note"""":""""男性のきょうだい""""}]"""
100152	1	May	5月	the fifth month of the year	My birthday is in May.	私の誕生日は5月です。	noun	1	5	""[""""5月"""",""""3月"""",""""4月"""",""""6月"""",""""7月""""]""	""[""""May"""",""""March"""",""""April"""",""""June"""",""""July""""]""	""[""""May"""",""""main"""",""""mail"""",""""made"""",""""name""""]""	[]	[]"
100153	1	movie	映画	a film you watch	We watched a movie after dinner.	私たちは夕食のあとで映画を見ました。	noun	1	5	""[""""映画"""",""""音楽"""",""""本"""",""""写真"""",""""番組""""]""	""[""""movie"""",""""song"""",""""book"""",""""photo"""",""""show""""]""	""[""""movie"""",""""moving"""",""""music"""",""""moment"""",""""muffin""""]""	""[{""""word"""":""""film"""",""""note"""":""""movieよりややフォーマルで、英語圏ではこちらをよく使うこともある""""}]""	[]"
100154	1	breakfast	朝食	the first meal of the day	I eat breakfast at seven every morning.	私は毎朝7時に朝食を食べます。	noun	1	5	""[""""朝食"""",""""昼食"""",""""夕食"""",""""軽食"""",""""食事""""]""	""[""""breakfast"""",""""lunch"""",""""dinner"""",""""snack"""",""""meal""""]""	""[""""breakfast"""",""""blackboard"""",""""backpack"""",""""bread"""",""""practice""""]""	[]	[]"
100155	1	nice to meet you	はじめまして	said when meeting someone for the first time	Hi, I'm Ken. Nice to meet you.	こんにちは、私はケンです。はじめまして。	phrase	1	5	""[""""はじめまして"""",""""こんにちは"""",""""さようなら"""",""""ありがとう"""",""""おやすみ""""]""	""[""""nice to meet you"""",""""hello"""",""""goodbye"""",""""thank you"""",""""good night""""]""	""[""""nice to meet you"""",""""nice to see you"""",""""pleased to meet you"""",""""good to meet you"""",""""happy to meet you""""]""	""[{""""word"""":""""pleased to meet you"""",""""note"""":""""よりていねいな言い方""""}]""	[]"
100156	1	January	1月	the first month of the year	My birthday is in January.	私の誕生日は1月です。	noun	1	5	""[""""1月"""",""""2月"""",""""3月"""",""""4月"""",""""12月""""]""	""[""""January"""",""""February"""",""""March"""",""""April"""",""""December""""]""	""[""""January"""",""""February"""",""""January's"""",""""general"""",""""jewel""""]""	[]	[]"
100157	1	Saturday	土曜日	the day after Friday	We play soccer on Saturday.	私たちは土曜日にサッカーをします。	noun	1	5	""[""""土曜日"""",""""日曜日"""",""""金曜日"""",""""月曜日"""",""""水曜日""""]""	""[""""Saturday"""",""""Sunday"""",""""Friday"""",""""Monday"""",""""Wednesday""""]""	""[""""Saturday"""",""""Sunday"""",""""sudden"""",""""student"""",""""stadium""""]""	[]	[]"
100158	1	plate	皿	a flat dish used for food	Put the sandwich on the plate.	サンドイッチをその皿にのせてください。	noun	1	4	""[""""皿"""",""""茶わん"""",""""コップ"""",""""フォーク"""",""""お盆""""]""	""[""""plate"""",""""bowl"""",""""cup"""",""""fork"""",""""tray""""]""	""[""""plate"""",""""play"""",""""plane"""",""""place"""",""""late""""]""	""[{""""word"""":""""dish"""",""""note"""":""""plateより広い意味で、皿や料理を入れる器全般を指せる""""}]""	[]"
100159	1	meat	肉	the flesh of an animal used as food	We had meat and rice for dinner.	私たちは夕食に肉とご飯を食べました。	noun	1	4	""[""""肉"""",""""魚"""",""""野菜"""",""""果物"""",""""米""""]""	""[""""meat"""",""""fish"""",""""vegetable"""",""""fruit"""",""""rice""""]""	""[""""meat"""",""""meet"""",""""mat"""",""""melt"""",""""mint""""]""	[]	[]"
100160	1	river	川	a large natural stream of water	The river runs through the town.	その川は町の中を流れています。	noun	1	4	""[""""川"""",""""湖"""",""""海"""",""""池"""",""""小川""""]""	""[""""river"""",""""lake"""",""""sea"""",""""pond"""",""""stream""""]""	""[""""river"""",""""liver"""",""""rider"""",""""ribbon"""",""""silver""""]""	""[{""""word"""":""""stream"""",""""note"""":""""riverより小さい水の流れを指すことが多い""""}]""	[]"
100161	1	corn	トウモロコシ	a tall plant with large yellow kernels eaten as food	We ate corn with dinner.	私たちは夕食にトウモロコシを食べました。	noun	1	3	""[""""トウモロコシ"""",""""小麦"""",""""米"""",""""豆"""",""""じゃがいも""""]""	""[""""corn"""",""""wheat"""",""""rice"""",""""bean"""",""""potato""""]""	""[""""corn"""",""""cord"""",""""core"""",""""cone"""",""""coat""""]""	""[{""""word"""":""""maize"""",""""note"""":""""主に書き言葉や地域によって使われる語""""}]""	[]"
100162	1	egg	卵	an oval food from a bird	I eat an egg for breakfast.	私は朝食に卵を1つ食べます。	noun	1	5	""[""""卵"""",""""牛乳"""",""""パン"""",""""米"""",""""チーズ""""]""	""[""""egg"""",""""milk"""",""""bread"""",""""rice"""",""""cheese""""]""	""[""""egg"""",""""edge"""",""""ache"""",""""bag"""",""""leg""""]""	[]	[]"
100163	1	April	4月	the fourth month of the year	School starts in April in Japan.	日本では学校は4月に始まります。	noun	1	4	""[""""4月"""",""""3月"""",""""5月"""",""""6月"""",""""7月""""]""	""[""""April"""",""""March"""",""""May"""",""""June"""",""""July""""]""	""[""""April"""",""""able"""",""""apple"""",""""Aprils"""",""""Aprilly""""]""	[]	[]"
100164	1	donut	ドーナツ	a sweet ring-shaped fried cake	I ate a donut with my coffee.	私はコーヒーといっしょにドーナツを食べました。	noun	1	3	""[""""ドーナツ"""",""""クッキー"""",""""ケーキ"""",""""パン"""",""""あめ""""]""	""[""""donut"""",""""cookie"""",""""cake"""",""""bread"""",""""candy""""]""	""[""""donut"""",""""bonus"""",""""tonic"""",""""dollar"""",""""dozen""""]""	""[{""""word"""":""""doughnut"""",""""note"""":""""同じ意味の別つづり。イギリス英語ではこちらもよく使う。""""}]""	[]"
100165	1	face	顔	the front part of a person's head	She washed her face before breakfast.	彼女は朝食の前に顔を洗いました。	noun	1	5	""[""""顔"""",""""首"""",""""頭"""",""""腕"""",""""手""""]""	""[""""face"""",""""neck"""",""""head"""",""""arm"""",""""hand""""]""	""[""""face"""",""""phase"""",""""fame"""",""""fate"""",""""safe""""]""	[]	[]"
100166	1	ice cream	アイスクリーム	a sweet frozen food	I eat ice cream after dinner.	私は夕食の後にアイスクリームを食べます。	noun	1	4	""[""""アイスクリーム"""",""""ケーキ"""",""""ジュース"""",""""パン"""",""""スープ""""]""	""[""""ice cream"""",""""cake"""",""""juice"""",""""bread"""",""""soup""""]""	""[""""ice cream"""",""""ice skate"""",""""I scream"""",""""cream"""",""""screen""""]""	[]	[]"
100167	1	snow	雪	soft white ice that falls from the sky	Snow fell all night.	雪が一晩中降りました。	noun	1	4	""[""""雪"""",""""雨"""",""""風"""",""""雲"""",""""霧""""]""	""[""""snow"""",""""rain"""",""""wind"""",""""cloud"""",""""fog""""]""	""[""""snow"""",""""slow"""",""""smoke"""",""""stone"""",""""snack""""]""	[]	[]"
100168	1	juice	ジュース	drink made from fruit or vegetables	I drink orange juice every morning.	私は毎朝オレンジジュースを飲みます。	noun	1	4	""[""""ジュース"""",""""牛乳"""",""""水"""",""""お茶"""",""""スープ""""]""	""[""""juice"""",""""milk"""",""""water"""",""""tea"""",""""soup""""]""	""[""""juice"""",""""choose"""",""""June"""",""""joke"""",""""jeans""""]""	""[{""""word"""":""""drink"""",""""note"""":""""juice is a kind of drink""""},{""""word"""":""""beverage"""",""""note"""":""""more formal than drink""""}]""	[]"
100169	1	party	パーティー	a social event where people meet and have fun	We had a party at my house last night.	昨夜、私の家でパーティーをしました。	noun	1	5	""[""""パーティー"""",""""会議"""",""""試合"""",""""旅行"""",""""授業""""]""	""[""""party"""",""""meeting"""",""""game"""",""""trip"""",""""class""""]""	""[""""party"""",""""part"""",""""pretty"""",""""forty"""",""""pardon""""]""	""[{""""word"""":""""celebration"""",""""note"""":""""お祝いの集まりを特に表すことが多い""""}]""	[]"
100170	1	table	テーブル	a piece of furniture with a flat top	The book is on the table.	その本はテーブルの上にあります。	noun	1	5	""[""""テーブル"""",""""机"""",""""いす"""",""""棚"""",""""床""""]""	""[""""table"""",""""desk"""",""""chair"""",""""shelf"""",""""floor""""]""	""[""""table"""",""""cable"""",""""label"""",""""stable"""",""""taper""""]""	""[{""""word"""":""""desk"""",""""note"""":""""勉強や仕事に使う机。tableより用途が限定される。""""}]""	[]"
100171	1	bed	ベッド	a piece of furniture for sleeping	I go to bed at nine.	私は9時に寝ます。	noun	1	1	""[""""ベッド"""",""""机"""",""""いす"""",""""棚"""",""""ソファ""""]""	""[""""bed"""",""""desk"""",""""chair"""",""""shelf"""",""""sofa""""]""	""[""""bed"""",""""bad"""",""""bet"""",""""bend"""",""""bell""""]""	[]	[]"
100172	1	will	〜するつもりだ	used to show future actions or intentions	I will call you tonight.	今夜あなたに電話します。	auxiliary verb	1	5	""[""""〜するつもりだ"""",""""〜しなければならない"""",""""〜できる"""",""""〜したい"""",""""〜したかもしれない""""]""	""[""""will"""",""""must"""",""""can"""",""""want to"""",""""may have""""]""	""[""""will"""",""""well"""",""""wall"""",""""wheel"""",""""wild""""]""	[]	[]"
100173	1	learn	学ぶ	to get knowledge or skill	We learn English at school.	私たちは学校で英語を学びます。	verb	1	5	""[""""学ぶ"""",""""教える"""",""""練習する"""",""""覚える"""",""""調べる""""]""	""[""""learn"""",""""teach"""",""""practice"""",""""remember"""",""""check""""]""	""[""""learn"""",""""turn"""",""""burn"""",""""long"""",""""lend""""]""	""[{""""word"""":""""study"""",""""note"""":""""勉強することに重点がある""""},{""""word"""":""""master"""",""""note"""":""""learnより高いレベルで身につける意味""""}]""	""[{""""word"""":""""teach"""",""""note"""":""""learnは学ぶ、teachは教える""""}]"""
100174	1	present	現在の	happening now; existing now	We need to deal with the present problem first.	私たちはまず現在の問題に対処する必要がある。	adjective	1	5	""[""""現在の"""",""""過去の"""",""""将来の"""",""""最近の"""",""""一時的な""""]""	""[""""present"""",""""past"""",""""future"""",""""recent"""",""""temporary""""]""	""[""""present"""",""""pleasant"""",""""president"""",""""prevent"""",""""parent""""]""	""[{""""word"""":""""current"""",""""note"""":""""今の、現在のという意味で近い。presentのほうがより基本的。""""}]""	""[{""""word"""":""""past"""",""""note"""":""""時間的に現在ではなく過去の。""""},{""""word"""":""""future"""",""""note"""":""""現在ではなくこれから先の。""""}]"""
100175	1	skirt	スカート	a piece of clothing worn around the waist	She is wearing a blue skirt.	彼女は青いスカートをはいています。	noun	1	4	""[""""スカート"""",""""ズボン"""",""""シャツ"""",""""くつ"""",""""ぼうし""""]""	""[""""skirt"""",""""pants"""",""""shirt"""",""""shoes"""",""""hat""""]""	""[""""skirt"""",""""shirt"""",""""skill"""",""""skin"""",""""scarf""""]""	[]	[]"
100176	1	help	助ける	to make it easier for someone	Can you help me with my homework?	私の宿題を手伝ってくれますか。	verb	1	5	""[""""助ける"""",""""運ぶ"""",""""待つ"""",""""使う"""",""""教える""""]""	""[""""help"""",""""carry"""",""""wait"""",""""use"""",""""teach""""]""	""[""""help"""",""""held"""",""""heap"""",""""hope"""",""""half""""]""	""[{""""word"""":""""assist"""",""""note"""":""""よりややかたい表現""""},{""""word"""":""""support"""",""""note"""":""""支える・援助する意味が強い""""}]""	""[{""""word"""":""""harm"""",""""note"""":""""害を与える""""}]"""
100177	1	sell	売る	to give something to someone for money	They sell fresh bread every morning.	彼らは毎朝焼きたてのパンを売ります。	verb	1	5	""[""""売る"""",""""買う"""",""""借りる"""",""""送る"""",""""作る""""]""	""[""""sell"""",""""buy"""",""""lend"""",""""send"""",""""make""""]""	""[""""sell"""",""""shell"""",""""cell"""",""""sail"""",""""self""""]""	""[{""""word"""":""""trade"""",""""note"""":""""売買する意味で使うことが多く、sellより広い""""},{""""word"""":""""market"""",""""note"""":""""商品を売り出すという意味で使うことがある""""}]""	""[{""""word"""":""""buy"""",""""note"""":""""sellは売る、buyは買う""""}]"""
100178	1	teach	教える	to help someone learn something	My father teaches me math after dinner.	父は夕食後に私に数学を教えてくれます。	verb	1	5	""[""""教える"""",""""学ぶ"""",""""聞く"""",""""答える"""",""""練習する""""]""	""[""""teach"""",""""learn"""",""""ask"""",""""answer"""",""""practice""""]""	""[""""teach"""",""""reach"""",""""cheek"""",""""team"""",""""cheap""""]""	""[{""""word"""":""""instruct"""",""""note"""":""""teachより少しかたい語""""},{""""word"""":""""educate"""",""""note"""":""""学校教育などで広く育て教える意味""""}]""	[]"
100179	1	window	窓	an opening in a wall with glass to let in light or air	Please open the window.	窓を開けてください。	noun	1	1	""[""""窓"""",""""ドア"""",""""壁"""",""""天井"""",""""床""""]""	""[""""window"""",""""door"""",""""wall"""",""""ceiling"""",""""floor""""]""	""[""""window"""",""""widow"""",""""winter"""",""""winner"""",""""windy""""]""	[]	[]"
100180	1	bottle	びん	a container for liquids	She drank water from a bottle.	彼女はびんから水を飲みました。	noun	1	4	""[""""びん"""",""""こっぷ"""",""""さら"""",""""はこ"""",""""かん""""]""	""[""""bottle"""",""""cup"""",""""plate"""",""""box"""",""""can""""]""	""[""""bottle"""",""""bottom"""",""""button"""",""""borrow"""",""""bother""""]""	[]	[]"
100181	1	visit	訪れる	to go to see a person or place	We will visit our grandparents this Sunday.	私たちは今度の日曜日に祖父母を訪れます。	verb	1	4	""[""""訪れる"""",""""招待する"""",""""会う"""",""""出発する"""",""""滞在する""""]""	""[""""visit"""",""""invite"""",""""meet"""",""""leave"""",""""stay""""]""	""[""""visit"""",""""busy"""",""""visual"""",""""vivid"""",""""visa""""]""	""[{""""word"""":""""see"""",""""note"""":""""口語で使いやすいが、visit は人や場所をたずねて行く意味が強い""""},{""""word"""":""""call on"""",""""note"""":""""やや形式的で、人を訪問する時に使う""""}]""	[]"
100182	1	well	よく	in a good way	She speaks English well.	彼女は英語を上手に話します。	adverb	1	5	""[""""よく"""",""""速く"""",""""静かに"""",""""たいてい"""",""""すぐに""""]""	""[""""well"""",""""fast"""",""""quietly"""",""""usually"""",""""soon""""]""	""[""""well"""",""""will"""",""""wall"""",""""whale"""",""""wheel""""]""	""[{""""word"""":""""nicely"""",""""note"""":""""well よりやや口語的で、感じよく・うまくの意味で使うことがある""""},{""""word"""":""""properly"""",""""note"""":""""well より『適切に』の意味が強い""""}]""	""[{""""word"""":""""badly"""",""""note"""":""""『下手に、うまくなく』という自然な反対語""""}]"""
100183	1	fine	元気な	healthy or okay	I feel fine today.	今日は元気です。	adjective	1	5	""[""""元気な"""",""""眠い"""",""""忙しい"""",""""静かな"""",""""有名な""""]""	""[""""fine"""",""""sleepy"""",""""busy"""",""""quiet"""",""""famous""""]""	""[""""fine"""",""""find"""",""""line"""",""""shine"""",""""time""""]""	""[{""""word"""":""""well"""",""""note"""":""""『元気な』の意味では fine に近い。叙述用法でよく使う。},{""""}]""	""[{""""word"""":""""sick"""",""""note"""":""""体調が悪いという反対の意味。""""}]"""
100184	1	bye	さようなら	used when leaving someone	I said bye to my friend after school.	私は放課後、友だちにさようならと言った。	interjection	1	5	""[""""さようなら"""",""""こんにちは"""",""""おはよう"""",""""ありがとう"""",""""ごめんね""""]""	""[""""bye"""",""""hello"""",""""good morning"""",""""thanks"""",""""sorry""""]""	""[""""bye"""",""""buy"""",""""pie"""",""""my"""",""""high""""]""	""[{""""word"""":""""goodbye"""",""""note"""":""""byeより少し丁寧で、より完全な形""""}]""	[]"
100185	1	catch	つかまえる	to stop and hold something moving	Can you catch the ball?	そのボールをつかまえられますか。	verb	1	5	""[""""つかまえる"""",""""投げる"""",""""落とす"""",""""ける"""",""""運ぶ""""]""	""[""""catch"""",""""throw"""",""""drop"""",""""kick"""",""""carry""""]""	""[""""catch"""",""""cash"""",""""cat"""",""""cap"""",""""camp""""]""	""[{""""word"""":""""grab"""",""""note"""":""""catchより強く、すばやくつかむ感じ""""},{""""word"""":""""seize"""",""""note"""":""""grabより硬い語で、強くつかむときに使う""""}]""	""[{""""word"""":""""drop"""",""""note"""":""""つかまえずに落とす・手放す方向の反対""""}]"""
100186	1	take	取る	to get or carry something	Please take this bag to my room.	このバッグを私の部屋に持って行ってください。	verb	1	5	""[""""取る"""",""""置く"""",""""運ぶ"""",""""送る"""",""""借りる""""]""	""[""""take"""",""""put"""",""""carry"""",""""send"""",""""borrow""""]""	""[""""take"""",""""talk"""",""""tape"""",""""make"""",""""task""""]""	""[{""""word"""":""""carry"""",""""note"""":""""「運ぶ」の意味で近いが、take は「持って行く」の意味でもよく使う""""},{""""word"""":""""get"""",""""note"""":""""「手に入れる」の意味では近いが、take のほうが意味が広い""""}]""	""[{""""word"""":""""give"""",""""note"""":""""「受け取る・取る」に対して「与える」""""}]"""
100187	1	grandparents	祖父母	the parents of your father or mother	My grandparents live in the countryside.	私の祖父母は田舎に住んでいます。	noun	1	3	""[""""祖父母"""",""""両親"""",""""親戚"""",""""兄弟"""",""""子どもたち""""]""	""[""""grandparents"""",""""parents"""",""""relatives"""",""""brothers"""",""""children""""]""	""[""""grandparents"""",""""grandfather"""",""""grandmother"""",""""parents"""",""""classmates""""]""	[]	[]"
100188	1	long	長い	measuring a great distance from end to end	This bridge is very long.	この橋はとても長いです。	adjective	1	5	""[""""長い"""",""""短い"""",""""広い"""",""""高い"""",""""重い""""]""	""[""""long"""",""""short"""",""""wide"""",""""tall"""",""""heavy""""]""	""[""""long"""",""""wrong"""",""""song"""",""""strong"""",""""along""""]""	""[{""""word"""":""""lengthy"""",""""note"""":""""やや硬い語で、文章や時間が長いときにもよく使う""""},{""""word"""":""""extended"""",""""note"""":""""範囲や期間が長く広がった感じを表す""""}]""	""[{""""word"""":""""short"""",""""note"""":""""長さが短い""""}]"""
100189	1	welcome	ようこそ	used to greet someone warmly	Welcome to our school.	私たちの学校へようこそ。	interjection	1	5	""[""""ようこそ"""",""""こんにちは"""",""""さようなら"""",""""ありがとう"""",""""おやすみ""""]""	""[""""welcome"""",""""hello"""",""""goodbye"""",""""thanks"""",""""sorry""""]""	""[""""welcome"""",""""well-known"""",""""weekend"""",""""window"""",""""winner""""]""	""[{""""word"""":""""greetings"""",""""note"""":""""あいさつとして使う語。welcome は相手を迎える気持ちが強い。""""}]""	[]"
100190	1	club	クラブ	a group of people with the same interest	She joined the tennis club last year.	彼女は去年テニスクラブに入りました。	noun	1	4	""[""""クラブ"""",""""委員会"""",""""チーム"""",""""教室"""",""""部活""""]""	""[""""club"""",""""team"""",""""group"""",""""class"""",""""committee""""]""	""[""""club"""",""""clap"""",""""clerk"""",""""crab"""",""""crop""""]""	""[{""""word"""":""""group"""",""""note"""":""""より広い意味で、共通点のある人々の集まり""""},{""""word"""":""""society"""",""""note"""":""""ややかたい語で、共通の目的を持つ会""""}]""	[]"
100191	1	family	家族	a group of people related to each other	I love spending time with my family.	私は家族と過ごす時間が大好きです。	noun	1	1	""[""""家族"""",""""友達"""",""""親せき"""",""""両親"""",""""兄弟""""]""	""[""""family"""",""""friend"""",""""relative"""",""""parents"""",""""brother""""]""	""[""""family"""",""""finally"""",""""famous"""",""""factory"""",""""fantasy""""]""	""[{""""word"""":""""relatives"""",""""note"""":""""親せき全体を指し、familyよりやや広いことがある""""}]""	[]"
100192	1	class	授業	a lesson at school	We have English class in the morning.	私たちは午前中に英語の授業があります。	noun	1	5	""[""""授業"""",""""学年"""",""""教室"""",""""科目"""",""""休み時間""""]""	""[""""class"""",""""lesson"""",""""subject"""",""""classroom"""",""""grade""""]""	""[""""class"""",""""glass"""",""""grass"""",""""clap"""",""""clock""""]""	""[{""""word"""":""""lesson"""",""""note"""":""""「授業」の意味で近いが、class は学校の1コマの授業を表すことが多い。""""}]""	[]"
100193	1	team	チーム	a group of people working or playing together	Our team won the game.	私たちのチームはその試合に勝ちました。	noun	1	5	""[""""チーム"""",""""グループ"""",""""クラブ"""",""""組"""",""""仲間""""]""	""[""""team"""",""""group"""",""""club"""",""""pair"""",""""class""""]""	""[""""team"""",""""teen"""",""""term"""",""""time"""",""""tame""""]""	""[{""""word"""":""""group"""",""""note"""":""""より広い意味で使える一般語""""},{""""word"""":""""crew"""",""""note"""":""""一緒に働く人たちに使うことが多い""""}]""	[]"
100194	1	hair	髪	the strands growing on your head	She has long black hair.	彼女は長い黒髪です。	noun	1	5	""[""""髪"""",""""顔"""",""""首"""",""""肩"""",""""ひげ""""]""	""[""""hair"""",""""face"""",""""neck"""",""""shoulder"""",""""beard""""]""	""[""""hair"""",""""hear"""",""""hail"""",""""care"""",""""chair""""]""	[]	[]"
100195	1	six	6、六	the number 6	I have six pencils.	私は鉛筆を6本持っています。	number	1	1	""[""""6、六"""",""""五"""",""""七"""",""""八"""",""""九""""]""	""[""""six"""",""""five"""",""""seven"""",""""eight"""",""""nine""""]""	""[""""six"""",""""sick"""",""""sink"""",""""sit"""",""""sex""""]""	[]	[]"
100196	1	fifty	50	the number 50	My grandfather is fifty years old.	私の祖父は50歳です。	number	1	4	""[""""50"""",""""40"""",""""15"""",""""60"""",""""70""""]""	""[""""fifty"""",""""forty"""",""""fifteen"""",""""sixty"""",""""seventy""""]""	""[""""fifty"""",""""sixty"""",""""fifteen"""",""""forty"""",""""seventy""""]""	[]	[]"
100197	1	glove	手袋	a covering for the hand	She put on her gloves before going outside.	彼女は外に出る前に手袋をつけた。	noun	1	3	""[""""手袋"""",""""帽子"""",""""靴下"""",""""上着"""",""""くつ""""]""	""[""""glove"""",""""hat"""",""""sock"""",""""jacket"""",""""shoe""""]""	""[""""glove"""",""""globe"""",""""glow"""",""""glad"""",""""grab""""]""	""[{""""word"""":""""mitten"""",""""note"""":""""親指だけが分かれた手袋""""}]""	[]"
100198	1	give	与える	to hand something to someone	Please give me the book.	その本を私にください。	verb	1	5	""[""""与える"""",""""受け取る"""",""""借りる"""",""""送る"""",""""見せる""""]""	""[""""give"""",""""take"""",""""lend"""",""""send"""",""""show""""]""	""[""""give"""",""""gift"""",""""guess"""",""""get"""",""""gate""""]""	""[{""""word"""":""""hand"""",""""note"""":""""hand は手渡す意味が強い""""},{""""word"""":""""offer"""",""""note"""":""""offer は申し出て与える感じ""""}]""	""[{""""word"""":""""take"""",""""note"""":""""give は与える、take は受け取る・取る""""}]"""
100199	1	smile	ほほえみ	a happy look on your face	She gave me a warm smile.	彼女は私に温かいほほえみを向けた。	noun	1	4	""[""""ほほえみ"""",""""しかめ面"""",""""あいさつ"""",""""なみだ"""",""""しぐさ""""]""	""[""""smile"""",""""laugh"""",""""greeting"""",""""tear"""",""""gesture""""]""	""[""""smile"""",""""small"""",""""smell"""",""""snow"""",""""smart""""]""	""[{""""word"""":""""grin"""",""""note"""":""""smileより口を大きく見せるにやっとした笑み""""}]""	""[{""""word"""":""""frown"""",""""note"""":""""笑顔ではなく顔をしかめること""""}]"""
100200	1	heavy	重い	weighing a lot	This box is too heavy to carry.	この箱は重すぎて運べません。	adjective	1	4	""[""""重い"""",""""軽い"""",""""厚い"""",""""深い"""",""""硬い""""]""	""[""""heavy"""",""""light"""",""""thick"""",""""deep"""",""""hard""""]""	""[""""heavy"""",""""happy"""",""""hobby"""",""""heaven"""",""""header""""]""	""[{""""word"""":""""weighty"""",""""note"""":""""やや硬い語で、物が重い意味でも使う""""},{""""word"""":""""massive"""",""""note"""":""""大きくて重い感じを強調する""""}]""	""[{""""word"""":""""light"""",""""note"""":""""重さが軽い""""}]"""
100201	1	strong	強い	having great power	He is strong enough to carry the box.	彼はその箱を運べるほど強いです。	adjective	1	5	""[""""強い"""",""""弱い"""",""""速い"""",""""重い"""",""""軽い""""]""	""[""""strong"""",""""weak"""",""""fast"""",""""heavy"""",""""light""""]""	""[""""strong"""",""""strange"""",""""street"""",""""storm"""",""""stone""""]""	""[{""""word"""":""""powerful"""",""""note"""":""""より大きな力や影響力についても使う""""},{""""word"""":""""tough"""",""""note"""":""""体や性格が丈夫でたくましい意味でも使う""""}]""	""[{""""word"""":""""weak"""",""""note"""":""""力が弱い""""}]"""
100202	1	wear	身に着ける	to have clothes or something on your body	She likes to wear a blue hat.	彼女は青い帽子を身に着けるのが好きです。	verb	1	5	""[""""身に着ける"""",""""脱ぐ"""",""""洗う"""",""""選ぶ"""",""""作る""""]""	""[""""wear"""",""""put on"""",""""take off"""",""""wash"""",""""choose""""]""	""[""""wear"""",""""where"""",""""word"""",""""work"""",""""warm""""]""	""[{""""word"""":""""put on"""",""""note"""":""""「着る」という動作を表すことが多い""""}]""	""[{""""word"""":""""take off"""",""""note"""":""""着ているものを脱ぐ""""}]"""
100203	1	enjoy	楽しむ	to like something and get pleasure from it	I enjoy reading after dinner.	私は夕食後に読書を楽しみます。	verb	1	5	""[""""楽しむ"""",""""嫌う"""",""""集める"""",""""選ぶ"""",""""運ぶ""""]""	""[""""enjoy"""",""""hate"""",""""collect"""",""""choose"""",""""carry""""]""	""[""""enjoy"""",""""annoy"""",""""employ"""",""""engine"""",""""entry""""]""	""[{""""word"""":""""like"""",""""note"""":""""enjoyのほうが「楽しむ」気持ちが強い""""},{""""word"""":""""love"""",""""note"""":""""loveのほうが好みの程度がより強い""""}]""	""[{""""word"""":""""hate"""",""""note"""":""""「嫌う」という自然な反対語""""}]"""
100204	1	play	遊ぶ	to have fun by doing an activity	Children play in the park after school.	子どもたちは放課後に公園で遊びます。	verb	1	5	""[""""遊ぶ"""",""""歩く"""",""""走る"""",""""歌う"""",""""泳ぐ""""]""	""[""""play"""",""""walk"""",""""run"""",""""sing"""",""""swim""""]""	""[""""play"""",""""pray"""",""""plane"""",""""place"""",""""plate""""]""	""[{""""word"""":""""have fun"""",""""note"""":""""よりくだけた言い方で、遊んで楽しむことを表す""""}]""	[]"
100205	1	know	知っている	to have information in your mind	I know her name.	私は彼女の名前を知っています。	verb	1	5	""[""""知っている"""",""""忘れる"""",""""理解する"""",""""覚えている"""",""""尋ねる""""]""	""[""""know"""",""""forget"""",""""understand"""",""""remember"""",""""ask""""]""	""[""""know"""",""""snow"""",""""show"""",""""low"""",""""note""""]""	""[{""""word"""":""""understand"""",""""note"""":""""「理解する」の意味で know に近いが、知識があるという意味とは少し違う。""""}]""	""[{""""word"""":""""ignore"""",""""note"""":""""「知らない・無視する」の意味で反対に近いが、文脈は異なる。""""}]"""
100206	1	busy	忙しい	having a lot to do	I am busy today.	私は今日忙しいです。	adjective	1	5	""[""""忙しい"""",""""ひまな"""",""""元気な"""",""""静かな"""",""""有名な""""]""	""[""""busy"""",""""free"""",""""tired"""",""""quiet"""",""""famous""""]""	""[""""busy"""",""""dizzy"""",""""easy"""",""""buzzy"""",""""fussy""""]""	""[{""""word"""":""""occupied"""",""""note"""":""""ややかたい語。仕事や予定でふさがっている感じ""""},{""""word"""":""""active"""",""""note"""":""""忙しいではなく、活動的という意味になることが多い""""}]""	""[{""""word"""":""""free"""",""""note"""":""""時間が空いていて忙しくない""""},{""""word"""":""""idle"""",""""note"""":""""何もしていない状態。ややかたい語""""}]"""
100207	1	hat	帽子	a thing you wear on your head	He put on his hat and went out.	彼は帽子をかぶって出かけました。	noun	1	5	""[""""帽子"""",""""くつ"""",""""シャツ"""",""""手袋"""",""""上着""""]""	""[""""hat"""",""""cap"""",""""shirt"""",""""shoe"""",""""glove""""]""	""[""""hat"""",""""hot"""",""""hut"""",""""hit"""",""""heart""""]""	""[{""""word"""":""""cap"""",""""note"""":""""cap はつばのあるカジュアルな帽子を指すことが多い""""}]""	[]"
100208	1	listen	聞く	to pay attention to sound	Please listen to the teacher.	先生の話を聞いてください。	verb	1	5	""[""""聞く"""",""""話す"""",""""読む"""",""""書く"""",""""見る""""]""	""[""""listen"""",""""speak"""",""""read"""",""""write"""",""""look""""]""	""[""""listen"""",""""lesson"""",""""list"""",""""little"""",""""written""""]""	""[{""""word"""":""""hear"""",""""note"""":""""hearは自然に聞こえる、listenは注意して聞く""""}]""	[]"
100209	1	coat	コート	a warm piece of clothing worn over other clothes	She put on her coat and went outside.	彼女はコートを着て外に出ました。	noun	1	4	""[""""コート"""",""""ジャケット"""",""""セーター"""",""""手袋"""",""""帽子""""]""	""[""""coat"""",""""jacket"""",""""sweater"""",""""gloves"""",""""hat""""]""	""[""""coat"""",""""code"""",""""cold"""",""""card"""",""""comb""""]""	""[{""""word"""":""""jacket"""",""""note"""":""""jacket is usually shorter and lighter than a coat.""""}]""	[]"
100210	1	hi	やあ	a casual greeting	Hi, Tom. How are you?	やあ、トム。元気？	interjection	1	5	""[""""やあ"""",""""こんにちは"""",""""さようなら"""",""""ありがとう"""",""""おやすみ""""]""	""[""""hi"""",""""hello"""",""""bye"""",""""thanks"""",""""goodnight""""]""	""[""""hi"""",""""hey"""",""""he"""",""""who"""",""""ha""""]""	""[{""""word"""":""""hello"""",""""note"""":""""\""""hi\""""より少し一般的で、ていねいさも少し高い""""},{""""word"""":""""hey"""",""""note"""":""""よりくだけた呼びかけで、親しい間柄で使う""""}]""	[]"
100211	1	nurse	看護師	a person who cares for sick or injured people	The nurse helped the old man at the hospital.	その看護師は病院でそのお年寄りを助けました。	noun	1	4	""[""""看護師"""",""""医者"""",""""患者"""",""""教師"""",""""警察官""""]""	""[""""nurse"""",""""doctor"""",""""patient"""",""""teacher"""",""""police officer""""]""	""[""""nurse"""",""""verse"""",""""north"""",""""notice"""",""""name""""]""	""[{""""word"""":""""caregiver"""",""""note"""":""""より広い語で、看護師に限らない""""},{""""word"""":""""attendant"""",""""note"""":""""付き添い・世話係の意味で、医療職とは限らない""""}]""	[]"
100212	1	up	上へ	to or in a higher place	Look up at the sky.	空を見上げて。	adverb	1	1	""[""""上へ"""",""""下へ"""",""""中へ"""",""""外へ"""",""""前へ""""]""	""[""""up"""",""""down"""",""""in"""",""""out"""",""""ahead""""]""	""[""""up"""",""""cup"""",""""us"""",""""off"""",""""on""""]""	[]	""[{""""word"""":""""down"""",""""note"""":""""反対方向を表す基本語""""}]"""
100213	1	hot	熱い	having a high temperature	The soup is too hot to eat.	そのスープは熱すぎて食べられません。	adjective	1	5	""[""""熱い"""",""""冷たい"""",""""暖かい"""",""""ぬるい"""",""""寒い""""]""	""[""""hot"""",""""cold"""",""""warm"""",""""cool"""",""""freezing""""]""	""[""""hot"""",""""hat"""",""""hut"""",""""heart"""",""""hard""""]""	""[{""""word"""":""""warm"""",""""note"""":""""hot より温度が低く、心地よい暖かさにも使う""""}]""	""[{""""word"""":""""cold"""",""""note"""":""""温度が低いことを表す基本的な反対語""""}]"""
100214	1	tall	背が高い	having greater than usual height	My brother is tall for his age.	私の兄は年齢のわりに背が高いです。	adjective	1	5	""[""""背が高い"""",""""低い"""",""""若い"""",""""細い"""",""""強い""""]""	""[""""tall"""",""""short"""",""""young"""",""""thin"""",""""strong""""]""	""[""""tall"""",""""tool"""",""""tell"""",""""tile"""",""""tail""""]""	""[{""""word"""":""""high"""",""""note"""":""""物の高さに使うことが多く、人の身長には普通 tall を使う。""""}]""	""[{""""word"""":""""short"""",""""note"""":""""身長や高さが低いこと。""""}]"""
100215	1	mountain	山	a very high hill	We climbed the mountain last summer.	私たちは去年の夏、その山に登りました。	noun	1	4	""[""""山"""",""""丘"""",""""川"""",""""森"""",""""谷""""]""	""[""""mountain"""",""""hill"""",""""river"""",""""forest"""",""""valley""""]""	""[""""mountain"""",""""fountain"""",""""captain"""",""""curtain"""",""""certain""""]""	""[{""""word"""":""""hill"""",""""note"""":""""mountain のほうが hill より高くて大きい""""}]""	[]"
100216	1	fast	速い	moving quickly	This train is very fast.	この電車はとても速いです。	adjective	1	1	""[""""速い"""",""""遅い"""",""""高い"""",""""強い"""",""""重い""""]""	""[""""fast"""",""""slow"""",""""quick"""",""""early"""",""""rapid""""]""	""[""""fast"""",""""first"""",""""fact"""",""""last"""",""""past""""]""	""[{""""word"""":""""quick"""",""""note"""":""""fastより少し幅広く使える基本語""""},{""""word"""":""""rapid"""",""""note"""":""""ややかたい語で変化や動きが速いときに使う""""}]""	""[{""""word"""":""""slow"""",""""note"""":""""速さが遅い""""}]"""
100217	1	neck	首	the part of the body between the head and shoulders	She wore a scarf around her neck.	彼女は首にスカーフを巻いていました。	noun	1	4	""[""""首"""",""""肩"""",""""胸"""",""""背中"""",""""腰""""]""	""[""""neck"""",""""shoulder"""",""""chest"""",""""back"""",""""waist""""]""	""[""""neck"""",""""next"""",""""net"""",""""knock"""",""""nick""""]""	[]	[]"
100218	1	summer	夏	the hottest season of the year	We go to the beach every summer.	私たちは毎年夏に海へ行きます。	noun	1	5	""[""""夏"""",""""春"""",""""秋"""",""""冬"""",""""季節""""]""	""[""""summer"""",""""spring"""",""""autumn"""",""""winter"""",""""season""""]""	""[""""summer"""",""""supper"""",""""singer"""",""""sunny"""",""""sudden""""]""	[]	[]"
100219	1	sun	太陽	the star that gives us light and heat	The sun is bright today.	今日は太陽が明るく輝いています。	noun	1	5	""[""""太陽"""",""""月"""",""""星"""",""""空"""",""""光""""]""	""[""""sun"""",""""moon"""",""""star"""",""""sky"""",""""light""""]""	""[""""sun"""",""""son"""",""""sand"""",""""sung"""",""""sum""""]""	[]	[]"
100220	1	spicy	辛い	having a strong hot flavor	This curry is too spicy for me.	このカレーは私には辛すぎます。	adjective	1	3	""[""""辛い"""",""""甘い"""",""""酸っぱい"""",""""苦い"""",""""しょっぱい""""]""	""[""""spicy"""",""""sweet"""",""""sour"""",""""bitter"""",""""salty""""]""	""[""""spicy"""",""""spacey"""",""""spiky"""",""""speedy"""",""""sparkly""""]""	""[{""""word"""":""""hot"""",""""note"""":""""食べ物が辛いという意味で使えるが、温度の意味もある""""}]""	""[{""""word"""":""""mild"""",""""note"""":""""味が刺激的でなく、辛さが弱い""""}]"""
100221	1	picture	絵	an image such as a drawing or photo	She drew a picture of her dog.	彼女は自分の犬の絵を描きました。	noun	1	5	""[""""絵"""",""""写真"""",""""地図"""",""""手紙"""",""""歌""""]""	""[""""picture"""",""""photo"""",""""map"""",""""letter"""",""""song""""]""	""[""""picture"""",""""pitcher"""",""""teacher"""",""""future"""",""""mixture""""]""	""[{""""word"""":""""image"""",""""note"""":""""やや広い意味で、絵や写真などの像全般を指す""""},{""""word"""":""""photo"""",""""note"""":""""picture より具体的で、写真を指すことが多い""""}]""	[]"
100222	1	really	本当に	in fact; very much	I really like this song.	私はこの歌が本当に好きです。	adverb	1	5	""[""""本当に"""",""""たぶん"""",""""すぐに"""",""""いつも"""",""""とても""""]""	""[""""really"""",""""probably"""",""""soon"""",""""always"""",""""very""""]""	""[""""really"""",""""rarely"""",""""readily"""",""""quietly"""",""""clearly""""]""	""[{""""word"""":""""actually"""",""""note"""":""""『実際は』の意味が強い""""},{""""word"""":""""truly"""",""""note"""":""""ややかたい言い方""""}]""	[]"
100223	1	a	一つの	one; any single	I saw a dog in the park.	私は公園で犬を一匹見ました。	article	1	5	""[""""一つの"""",""""その"""",""""この"""",""""あの"""",""""いくつかの""""]""	""[""""a"""",""""the"""",""""this"""",""""that"""",""""some""""]""	""[""""a"""",""""day"""",""""say"""",""""way"""",""""pay""""]""	[]	[]"
100224	1	an	一つの	used before a singular countable noun that begins with a vowel sound	She ate an apple after lunch.	彼女は昼食の後でリンゴを一つ食べました。	article	1	5	""[""""一つの"""",""""その"""",""""この"""",""""あの"""",""""いくつかの""""]""	""[""""an"""",""""the"""",""""this"""",""""that"""",""""some""""]""	""[""""an"""",""""and"""",""""am"""",""""in"""",""""on""""]""	[]	[]"
100225	1	checking	確認	the act of making sure something is correct or safe	He is checking the answers now.	彼は今、答えを確認しています。	noun	1	3	""[""""確認"""",""""点検"""",""""調査"""",""""検査"""",""""見直し""""]""	""[""""checking"""",""""inspection"""",""""review"""",""""survey"""",""""examination""""]""	""[""""checking"""",""""cheering"""",""""chasing"""",""""kicking"""",""""cooking""""]""	""[{""""word"""":""""inspection"""",""""note"""":""""より正式で、物や場所を詳しく調べるときに使う""""},{""""word"""":""""review"""",""""note"""":""""内容を見直して確認するときに使う""""}]""	[]"
100226	1	first	最初の	coming before all others	She was the first person to arrive.	彼女が最初に到着した人でした。	adjective	1	5	""[""""最初の"""",""""最後の"""",""""二番目の"""",""""次の"""",""""前の""""]""	""[""""first"""",""""last"""",""""second"""",""""next"""",""""previous""""]""	""[""""first"""",""""fast"""",""""forest"""",""""fist"""",""""face""""]""	""[{""""word"""":""""initial"""",""""note"""":""""ややフォーマルで『最初の』を表す""""},{""""word"""":""""earliest"""",""""note"""":""""時間的にいちばん早いことを強調する""""}]""	""[{""""word"""":""""last"""",""""note"""":""""順序でいちばん後の""""}]"""
100227	1	in	中に	inside; within a place or space	The keys are in my bag.	鍵は私のかばんの中にあります。	preposition	1	1	""[""""中に"""",""""上に"""",""""下に"""",""""前に"""",""""後ろに""""]""	""[""""in"""",""""on"""",""""under"""",""""before"""",""""behind""""]""	""[""""in"""",""""on"""",""""at"""",""""into"""",""""inside""""]""	""[{""""word"""":""""inside"""",""""note"""":""""副詞・前置詞として使え、inより『中で・中へ』をやや強調する。""""},{""""word"""":""""within"""",""""note"""":""""やや硬めで、『〜の内側に・範囲内に』の意味で使う。""""}]""	""[{""""word"""":""""out"""",""""note"""":""""『外へ・外で』の基本的な反対語。""""},{""""word"""":""""outside"""",""""note"""":""""『外側に・外で』をよりはっきり表す。""""}]"""
100228	1	this	これ	the thing near you	This is my book.	これは私の本です。	pronoun	1	1	""[""""これ"""",""""それ"""",""""あれ"""",""""ここ"""",""""もの""""]""	""[""""this"""",""""that"""",""""these"""",""""it"""",""""one""""]""	""[""""this"""",""""these"""",""""thus"""",""""thing"""",""""think""""]""	[]	""[{""""word"""":""""that"""",""""note"""":""""遠くのものを指す""""}]"""
100229	1	that	あれ	used to point to a person or thing far from the speaker	What is that?	あれは何ですか。	pronoun	1	1	""[""""あれ"""",""""これ"""",""""それ"""",""""こちら"""",""""どれ""""]""	""[""""that"""",""""this"""",""""it"""",""""one"""",""""which""""]""	""[""""that"""",""""bat"""",""""cat"""",""""hat"""",""""mat""""]""	[]	""[{""""word"""":""""this"""",""""note"""":""""近くのものを指す""""}]"""
100230	1	toy	おもちゃ	a thing for children to play with	The child has a new toy.	その子は新しいおもちゃを持っています。	noun	1	4	""[""""おもちゃ"""",""""人形"""",""""ゲーム"""",""""絵本"""",""""ぬいぐるみ""""]""	""[""""toy"""",""""doll"""",""""game"""",""""book"""",""""ball""""]""	""[""""toy"""",""""boy"""",""""toil"""",""""tall"""",""""town""""]""	[]	[]"
100231	1	yen	円	the basic unit of money in Japan	This pen costs 100 yen.	このペンは100円です。	noun	1	3	""[""""円"""",""""ドル"""",""""ユーロ"""",""""ポンド"""",""""セント""""]""	""[""""yen"""",""""dollar"""",""""euro"""",""""pound"""",""""cent""""]""	""[""""yen"""",""""pen"""",""""ten"""",""""men"""",""""hen""""]""	[]	[]"
100232	1	knee	ひざ	the joint between the thigh and lower leg	He hurt his knee in the game.	彼は試合でひざをけがしました。	noun	1	3	""[""""ひざ"""",""""ひじ"""",""""肩"""",""""足首"""",""""手首""""]""	""[""""knee"""",""""elbow"""",""""shoulder"""",""""ankle"""",""""wrist""""]""	""[""""knee"""",""""key"""",""""need"""",""""neat"""",""""near""""]""	[]	[]"
100233	1	trip	旅行	a journey to a place and back	We took a trip to Kyoto last spring.	私たちは去年の春に京都へ旅行に行きました。	noun	1	4	""[""""旅行"""",""""休み"""",""""散歩"""",""""訪問"""",""""冒険""""]""	""[""""trip"""",""""journey"""",""""tour"""",""""travel"""",""""visit""""]""	""[""""trip"""",""""track"""",""""truck"""",""""trap"""",""""drip""""]""	""[{""""word"""":""""journey"""",""""note"""":""""tripよりやや長く、移動そのものに焦点がある""""},{""""word"""":""""tour"""",""""note"""":""""見学や周遊の意味で使うことが多い""""}]""	[]"
100234	1	piano	ピアノ	a musical instrument with black and white keys	She plays the piano after school.	彼女は放課後にピアノを弾きます。	noun	1	4	""[""""ピアノ"""",""""ギター"""",""""たいこ"""",""""バイオリン"""",""""フルート""""]""	""[""""piano"""",""""guitar"""",""""drum"""",""""violin"""",""""flute""""]""	""[""""piano"""",""""peanut"""",""""pilot"""",""""pyjamas"""",""""violin""""]""	[]	[]"
100235	1	soccer	サッカー	a game played by two teams who kick a ball	My brother plays soccer after school.	私の兄は放課後にサッカーをします。	noun	1	5	""[""""サッカー"""",""""野球"""",""""テニス"""",""""バスケットボール"""",""""バレーボール""""]""	""[""""soccer"""",""""baseball"""",""""tennis"""",""""basketball"""",""""volleyball""""]""	""[""""soccer"""",""""supper"""",""""summer"""",""""singer"""",""""sudden""""]""	""[{""""word"""":""""football"""",""""note"""":""""主にイギリス英語で使う""""}]""	[]"
100236	1	lion	ライオン	a large wild cat	The lion is sleeping under the tree.	そのライオンは木の下で眠っています。	noun	1	3	""[""""ライオン"""",""""トラ"""",""""ゾウ"""",""""キリン"""",""""クマ""""]""	""[""""lion"""",""""tiger"""",""""elephant"""",""""giraffe"""",""""bear""""]""	""[""""lion"""",""""line"""",""""iron"""",""""lemon"""",""""violin""""]""	[]	[]"
100237	1	garden	庭	an area where plants are grown	We grow tomatoes in our garden.	私たちは庭でトマトを育てます。	noun	1	4	""[""""庭"""",""""公園"""",""""畑"""",""""裏庭"""",""""温室""""]""	""[""""garden"""",""""park"""",""""field"""",""""yard"""",""""greenhouse""""]""	""[""""garden"""",""""guard"""",""""golden"""",""""guitar"""",""""garlic""""]""	""[{""""word"""":""""yard"""",""""note"""":""""主に家の周りの土地。gardenは植物を育てる場所の意味が強い。""""}]""	[]"
100238	1	Japanese	日本語	the language of Japan	She is studying Japanese at school.	彼女は学校で日本語を勉強しています。	noun	1	5	""[""""日本語"""",""""英語"""",""""中国語"""",""""フランス語"""",""""韓国語""""]""	""[""""Japanese"""",""""English"""",""""Chinese"""",""""French"""",""""Korean""""]""	""[""""Japanese"""",""""Chinese"""",""""Portuguese"""",""""journalist"""",""""January""""]""	[]	[]"
100239	1	English	英語	the language used in England, the U.S., and many other countries	I study English every day.	私は毎日英語を勉強します。	noun	1	5	""[""""英語"""",""""数学"""",""""国語"""",""""理科"""",""""歴史""""]""	""[""""English"""",""""math"""",""""science"""",""""Japanese"""",""""history""""]""	""[""""English"""",""""anguish"""",""""finish"""",""""image"""",""""engine""""]""	[]	[]"
100240	1	much	たくさんの	a large amount of	We do not have much time.	私たちにはあまり時間がありません。	determiner	1	1	""[""""たくさんの"""",""""少しの"""",""""十分な"""",""""同じくらいの"""",""""残りの""""]""	""[""""much"""",""""little"""",""""enough"""",""""same"""",""""rest""""]""	""[""""much"""",""""match"""",""""march"""",""""mush"""",""""math""""]""	""[{""""word"""":""""a lot of"""",""""note"""":""""口語でよく使う。much は主に否定文・疑問文で使われやすい。""""}]""	""[{""""word"""":""""little"""",""""note"""":""""不可算名詞の量が少ないことを表す。""""}]"""
100241	1	China	中国	a country in East Asia	China is a large country in Asia.	中国はアジアの大きな国です。	noun	1	5	""[""""中国"""",""""日本"""",""""韓国"""",""""インド"""",""""タイ""""]""	""[""""China"""",""""Japan"""",""""Korea"""",""""India"""",""""Thailand""""]""	""[""""China"""",""""shiny"""",""""final"""",""""diner"""",""""minor""""]""	[]	[]"
100242	1	many	たくさんの	a large number of	We have many books at home.	私たちは家にたくさんの本があります。	determiner	1	5	""[""""たくさんの"""",""""少しの"""",""""いくつかの"""",""""全部の"""",""""何もない""""]""	""[""""many"""",""""few"""",""""some"""",""""all"""",""""none""""]""	""[""""many"""",""""money"""",""""menu"""",""""mini"""",""""merry""""]""	""[{""""word"""":""""a lot of"""",""""note"""":""""より口語的で、可算名詞にも不可算名詞にも使える""""}]""	""[{""""word"""":""""few"""",""""note"""":""""可算名詞が少ないときに使う""""}]"""
100243	1	bus	バス	a large road vehicle for many people	I go to school by bus.	私はバスで学校に行きます。	noun	1	5	""[""""バス"""",""""電車"""",""""自転車"""",""""タクシー"""",""""トラック""""]""	""[""""bus"""",""""train"""",""""bicycle"""",""""taxi"""",""""truck""""]""	""[""""bus"""",""""boss"""",""""base"""",""""buzz"""",""""bath""""]""	[]	[]"
100244	1	big	大きい	large in size	They live in a big house.	彼らは大きな家に住んでいます。	adjective	1	1	""[""""大きい"""",""""小さい"""",""""長い"""",""""高い"""",""""広い""""]""	""[""""big"""",""""small"""",""""large"""",""""tall"""",""""wide""""]""	""[""""big"""",""""bag"""",""""beg"""",""""bug"""",""""pig""""]""	""[{""""word"""":""""large"""",""""note"""":""""bigよりややフォーマルで、サイズの大きさを表す。""""}]""	""[{""""word"""":""""small"""",""""note"""":""""大きさが小さいことを表す基本的な反対語。""""}]"""
100245	1	December	12月	the twelfth month of the year	My birthday is in December.	私の誕生日は12月です。	noun	1	4	""[""""12月"""",""""11月"""",""""1月"""",""""10月"""",""""2月""""]""	""[""""December"""",""""November"""",""""January"""",""""October"""",""""February""""]""	""[""""December"""",""""November"""",""""September"""",""""October"""",""""Decembers""""]""	[]	[]"
100246	1	tea	お茶	a hot drink made from tea leaves	I drink tea every morning.	私は毎朝お茶を飲みます。	noun	1	5	""[""""お茶"""",""""水"""",""""牛乳"""",""""ジュース"""",""""コーヒー""""]""	""[""""tea"""",""""water"""",""""milk"""",""""juice"""",""""coffee""""]""	""[""""tea"""",""""key"""",""""team"""",""""tip"""",""""ten""""]""	[]	[]"
100247	1	study	勉強する	to learn about a subject	I study English every day.	私は毎日英語を勉強します。	verb	1	5	""[""""勉強する"""",""""練習する"""",""""教える"""",""""調べる"""",""""覚える""""]""	""[""""study"""",""""practice"""",""""teach"""",""""research"""",""""memorize""""]""	""[""""study"""",""""steady"""",""""student"""",""""story"""",""""sturdy""""]""	""[{""""word"""":""""learn"""",""""note"""":""""study は勉強する行為、learn は身につけること""""},{""""word"""":""""research"""",""""note"""":""""research は詳しく調べることで、study よりかたい""""}]""	[]"
100248	1	pants	ズボン	clothes that cover each leg and the lower body	He bought new pants yesterday.	彼は昨日、新しいズボンを買いました。	noun	1	4	""[""""ズボン"""",""""シャツ"""",""""くつ"""",""""ぼうし"""",""""スカート""""]""	""[""""pants"""",""""shirt"""",""""shoes"""",""""hat"""",""""skirt""""]""	""[""""pants"""",""""plants"""",""""points"""",""""bands"""",""""packs""""]""	""[{""""word"""":""""trousers"""",""""note"""":""""主にイギリス英語で使う。pants はアメリカ英語で一般的。""""}]""	[]"
100249	1	sour	すっぱい	having a sharp acid taste	This lemon is very sour.	このレモンはとてもすっぱいです。	adjective	1	2	""[""""すっぱい"""",""""あまい"""",""""からい"""",""""にがい"""",""""しょっぱい""""]""	""[""""sour"""",""""sweet"""",""""spicy"""",""""bitter"""",""""salty""""]""	""[""""sour"""",""""shower"""",""""south"""",""""song"""",""""store""""]""	""[{""""word"""":""""acid"""",""""note"""":""""tasteの説明で使うことがある""""}]""	""[{""""word"""":""""sweet"""",""""note"""":""""味の反対""""}]"""
100250	1	centimeters	センチメートル	units of length equal to one hundredth of a meter	The table is 120 centimeters long.	そのテーブルは長さ120センチメートルです。	noun	1	2	""[""""センチメートル"""",""""メートル"""",""""ミリメートル"""",""""キログラム"""",""""キロメートル""""]""	""[""""centimeters"""",""""meters"""",""""millimeters"""",""""kilograms"""",""""kilometers""""]""	""[""""centimeters"""",""""centuries"""",""""sentences"""",""""candidates"""",""""cinnamon""""]""	[]	[]"
100251	1	kilometers	キロメートル	units of length equal to 1,000 meters	The town is 10 kilometers from here.	その町はここから10キロメートルです。	noun	1	3	""[""""キロメートル"""",""""メートル"""",""""センチメートル"""",""""マイル"""",""""ミリメートル""""]""	""[""""kilometers"""",""""meters"""",""""centimeters"""",""""miles"""",""""millimeters""""]""	""[""""kilometers"""",""""thermometers"""",""""parameters"""",""""calculators"""",""""spectators""""]""	[]	[]"
100252	1	show	見せる	to let someone see something	Please show me your picture.	あなたの絵を私に見せてください。	verb	1	5	""[""""見せる"""",""""運ぶ"""",""""借りる"""",""""選ぶ"""",""""集める""""]""	""[""""show"""",""""carry"""",""""borrow"""",""""choose"""",""""collect""""]""	""[""""show"""",""""shore"""",""""short"""",""""shop"""",""""slow""""]""	""[{""""word"""":""""display"""",""""note"""":""""showより少しかたい語で、見えるように並べて示す感じ""""},{""""word"""":""""present"""",""""note"""":""""showよりかたく、人に見せたり紹介したりするときに使う""""}]""	""[{""""word"""":""""hide"""",""""note"""":""""見せるの反対で、隠すこと""""}]"""
100253	1	moon	月	the bright object that moves around the Earth at night	The moon is bright tonight.	今夜は月が明るいです。	noun	1	4	""[""""月"""",""""太陽"""",""""星"""",""""空"""",""""地球""""]""	""[""""moon"""",""""sun"""",""""star"""",""""sky"""",""""earth""""]""	""[""""moon"""",""""mood"""",""""move"""",""""noon"""",""""room""""]""	[]	[]"
100254	1	star	星	a bright object in the night sky	I can see a star in the sky.	私は空に星が一つ見えます。	noun	1	5	""[""""星"""",""""月"""",""""太陽"""",""""雲"""",""""空""""]""	""[""""star"""",""""moon"""",""""sun"""",""""cloud"""",""""sky""""]""	""[""""star"""",""""start"""",""""store"""",""""stair"""",""""scar""""]""	[]	[]"
100255	1	leg	脚	one of the body parts used for standing and walking	My leg hurts after the game.	試合のあと、脚が痛いです。	noun	1	1	""[""""脚"""",""""腕"""",""""手"""",""""足"""",""""首""""]""	""[""""leg"""",""""arm"""",""""hand"""",""""foot"""",""""neck""""]""	""[""""leg"""",""""let"""",""""led"""",""""lag"""",""""lake""""]""	[]	[]"
100256	1	soup	スープ	a liquid food served hot or cold	I had soup for lunch.	私は昼食にスープを飲みました。	noun	1	4	""[""""スープ"""",""""サラダ"""",""""パン"""",""""ごはん"""",""""飲み物""""]""	""[""""soup"""",""""salad"""",""""bread"""",""""rice"""",""""drink""""]""	""[""""soup"""",""""soap"""",""""soak"""",""""sun"""",""""seat""""]""	[]	[]"
100257	1	menu	メニュー	a list of food and drinks at a restaurant	Please look at the menu before you order.	注文する前にメニューを見てください。	noun	1	4	""[""""メニュー"""",""""注文"""",""""料理"""",""""飲み物"""",""""値段表""""]""	""[""""menu"""",""""order"""",""""dish"""",""""drink"""",""""price list""""]""	""[""""menu"""",""""many"""",""""minute"""",""""manual"""",""""mellow""""]""	[]	[]"
100258	1	small	小さい	little in size	This bag is small.	このかばんは小さいです。	adjective	1	5	""[""""小さい"""",""""大きい"""",""""長い"""",""""高い"""",""""新しい""""]""	""[""""small"""",""""big"""",""""long"""",""""high"""",""""new""""]""	""[""""small"""",""""smell"""",""""smart"""",""""slow"""",""""smile""""]""	""[{""""word"""":""""little"""",""""note"""":""""smallよりくだけた基本語。大きさ以外にも使う。""""},{""""word"""":""""tiny"""",""""note"""":""""smallよりずっと小さい。""""}]""	""[{""""word"""":""""big"""",""""note"""":""""最も基本的な反対語。""""},{""""word"""":""""large"""",""""note"""":""""bigよりややフォーマル。""""}]"""
100259	1	animal	動物	a living thing such as a dog, cat, or bird	The zoo has many kinds of animals.	その動物園にはたくさんの種類の動物がいます。	noun	1	5	""[""""動物"""",""""植物"""",""""昆虫"""",""""鳥"""",""""魚""""]""	""[""""animal"""",""""plant"""",""""insect"""",""""bird"""",""""fish""""]""	""[""""animal"""",""""annual"""",""""angle"""",""""ankle"""",""""answer""""]""	""[{""""word"""":""""creature"""",""""note"""":""""やや広く文語的。animal のほうが基本的で一般的。""""}]""	[]"
100260	1	rabbit	うさぎ	a small animal with long ears	I saw a rabbit in the park.	私は公園でうさぎを見ました。	noun	1	3	""[""""うさぎ"""",""""ねこ"""",""""いぬ"""",""""さる"""",""""きつね""""]""	""[""""rabbit"""",""""cat"""",""""dog"""",""""monkey"""",""""fox""""]""	""[""""rabbit"""",""""habit"""",""""rapid"""",""""racket"""",""""robot""""]""	[]	[]"
100261	1	snake	へび	a long animal with no legs	I saw a snake in the grass.	私は草むらでへびを見ました。	noun	1	3	""[""""へび"""",""""とかげ"""",""""かえる"""",""""わに"""",""""かめ""""]""	""[""""snake"""",""""lizard"""",""""frog"""",""""crocodile"""",""""turtle""""]""	""[""""snake"""",""""snack"""",""""sneak"""",""""smoke"""",""""stake""""]""	[]	[]"
100262	1	bench	ベンチ	a long seat for two or more people	We sat on a bench in the park.	私たちは公園のベンチに座りました。	noun	1	3	""[""""ベンチ"""",""""いす"""",""""机"""",""""棚"""",""""ソファ""""]""	""[""""bench"""",""""chair"""",""""desk"""",""""shelf"""",""""sofa""""]""	""[""""bench"""",""""bunch"""",""""branch"""",""""beach"""",""""belt""""]""	""[{""""word"""":""""seat"""",""""note"""":""""より広い意味で「座る場所」""""}]""	[]"
100263	1	far	遠くに	at a great distance	My school is far from my house.	私の学校は家から遠いです。	adverb	1	1	""[""""遠くに"""",""""近くに"""",""""まっすぐに"""",""""ゆっくり"""",""""早く""""]""	""[""""far"""",""""near"""",""""straight"""",""""slowly"""",""""fast""""]""	""[""""far"""",""""farm"""",""""fast"""",""""four"""",""""fun""""]""	""[{""""word"""":""""distant"""",""""note"""":""""形容詞で『遠い』を表す。far は副詞でもよく使う。""""}]""	""[{""""word"""":""""near"""",""""note"""":""""『近くに』の意味。far の自然な反対語。""""}]"""
100264	1	watch	見る	to look at something for a time	We watched the game on TV last night.	私たちは昨夜テレビでその試合を見ました。	verb	1	5	""[""""見る"""",""""聞く"""",""""話す"""",""""待つ"""",""""使う""""]""	""[""""watch"""",""""look"""",""""see"""",""""read"""",""""show""""]""	""[""""watch"""",""""wash"""",""""match"""",""""wish"""",""""walk""""]""	""[{""""word"""":""""look at"""",""""note"""":""""watch はしばらく注意して見るときに使う""""},{""""word"""":""""see"""",""""note"""":""""see は自然に目に入る場合にも使う""""}]""	[]"
100265	1	read	読む	to look at and understand written words	I read this book every night.	私は毎晩この本を読みます。	verb	1	5	""[""""読む"""",""""書く"""",""""見る"""",""""話す"""",""""聞く""""]""	""[""""read"""",""""write"""",""""look"""",""""speak"""",""""listen""""]""	""[""""read"""",""""lead"""",""""red"""",""""road"""",""""ride""""]""	[]	[]"
100266	1	down	下へ	to or in a lower place	Please sit down here.	ここに座ってください。	adverb	1	1	""[""""下へ"""",""""上へ"""",""""中へ"""",""""外へ"""",""""近くへ""""]""	""[""""down"""",""""up"""",""""in"""",""""out"""",""""near""""]""	""[""""down"""",""""town"""",""""brown"""",""""found"""",""""round""""]""	[]	""[{""""word"""":""""up"""",""""note"""":""""反対方向を表す基本語""""}]"""
100267	1	cold	寒い	having a low temperature	It is very cold today.	今日はとても寒いです。	adjective	1	5	""[""""寒い"""",""""涼しい"""",""""暖かい"""",""""熱い"""",""""冷たい""""]""	""[""""cold"""",""""cool"""",""""warm"""",""""hot"""",""""chilly""""]""	""[""""cold"""",""""cord"""",""""coat"""",""""code"""",""""gold""""]""	""[{""""word"""":""""chilly"""",""""note"""":""""coldよりやや弱く、ひんやりした寒さ""""},{""""word"""":""""cool"""",""""note"""":""""coldより弱く、涼しい感じ""""}]""	""[{""""word"""":""""hot"""",""""note"""":""""温度が高い""""},{""""word"""":""""warm"""",""""note"""":""""心地よく暖かい""""}]"""
100268	1	slow	遅い	not fast	This train is slow.	この電車は遅いです。	adjective	1	5	""[""""遅い"""",""""速い"""",""""重い"""",""""軽い"""",""""静かな""""]""	""[""""slow"""",""""fast"""",""""quick"""",""""late"""",""""quiet""""]""	""[""""slow"""",""""snow"""",""""slope"""",""""show"""",""""throw""""]""	""[{""""word"""":""""late"""",""""note"""":""""時間について『遅い』ときに使うことが多い""""},{""""word"""":""""sluggish"""",""""note"""":""""動きがのろいという意味で、slowよりややかたい""""}]""	""[{""""word"""":""""fast"""",""""note"""":""""速いという基本的な反対語""""}]"""
100269	1	seven	7、七	the number 7	I have seven pencils.	私は鉛筆を7本持っています。	number	1	5	""[""""7、七"""",""""8、八"""",""""6、六"""",""""9、九"""",""""5、五""""]""	""[""""seven"""",""""eight"""",""""six"""",""""nine"""",""""five""""]""	""[""""seven"""",""""eleven"""",""""seventy"""",""""seventeen""""]""	[]	[]"
100270	1	computer	コンピューター	an electronic machine that stores and uses information	I use a computer at school.	私は学校でコンピューターを使います。	noun	1	5	""[""""コンピューター"""",""""タブレット"""",""""電話"""",""""テレビ"""",""""カメラ""""]""	""[""""computer"""",""""tablet"""",""""phone"""",""""television"""",""""camera""""]""	""[""""computer"""",""""commuter"""",""""composer"""",""""consumer"""",""""compete""""]""	""[{""""word"""":""""PC"""",""""note"""":""""computer の略。ふつう personal computer を指す。""""}]""	[]"
100271	1	angry	怒った	feeling mad or upset	She was angry about the mistake.	彼女はその間違いに怒っていた。	adjective	1	5	""[""""怒った"""",""""悲しい"""",""""驚いた"""",""""疲れた"""",""""心配した""""]""	""[""""angry"""",""""sad"""",""""surprised"""",""""tired"""",""""worried""""]""	""[""""angry"""",""""hungry"""",""""ankle"""",""""answer"""",""""handle""""]""	""[{""""word"""":""""mad"""",""""note"""":""""口語でよく使う。angryよりくだけた言い方。""""},{""""word"""":""""upset"""",""""note"""":""""怒りに限らず、動揺している意味でも使う。""""}]""	""[{""""word"""":""""calm"""",""""note"""":""""怒っていないで落ち着いている状態。""""}]"""
100272	1	old	古い	having existed for a long time	This is an old book.	これは古い本です。	adjective	1	5	""[""""古い"""",""""新しい"""",""""若い"""",""""長い"""",""""重い""""]""	""[""""old"""",""""new"""",""""young"""",""""long"""",""""heavy""""]""	""[""""old"""",""""cold"""",""""hold"""",""""gold"""",""""fold""""]""	""[{""""word"""":""""aged"""",""""note"""":""""やや硬い語で、人や物が年を取った・古くなった感じを表す""""}]""	""[{""""word"""":""""new"""",""""note"""":""""物が新しいときの自然な反対語""""},{""""word"""":""""young"""",""""note"""":""""人が年若いときの自然な反対語""""}]"""
100273	1	cook	料理する	to prepare food by heating it	I cook dinner for my family every day.	私は毎日、家族のために夕食を作ります。	verb	1	5	""[""""料理する"""",""""焼く"""",""""洗う"""",""""切る"""",""""食べる""""]""	""[""""cook"""",""""bake"""",""""wash"""",""""cut"""",""""eat""""]""	""[""""cook"""",""""book"""",""""look"""",""""cookie"""",""""hook""""]""	""[{""""word"""":""""prepare"""",""""note"""":""""cookより広い意味で、食事の準備全般に使える""""}]""	[]"
100274	1	sing	歌う	to make music with your voice	I like to sing after dinner.	私は夕食の後に歌うのが好きです。	verb	1	5	""[""""歌う"""",""""踊る"""",""""話す"""",""""聞く"""",""""泳ぐ""""]""	""[""""sing"""",""""dance"""",""""speak"""",""""listen"""",""""swim""""]""	""[""""sing"""",""""sink"""",""""thing"""",""""ring"""",""""wing""""]""	""[{""""word"""":""""chant"""",""""note"""":""""単調に繰り返して歌う・唱える感じ""""},{""""word"""":""""perform"""",""""note"""":""""歌うことを含めた『演じる・披露する』の広い語""""}]""	[]"
100275	1	draw	描く	to make a picture with a pen or pencil	I draw a cat in my notebook.	私はノートに猫を描きます。	verb	1	4	""[""""描く"""",""""書く"""",""""切る"""",""""作る"""",""""消す""""]""	""[""""draw"""",""""write"""",""""cut"""",""""make"""",""""erase""""]""	""[""""draw"""",""""drop"""",""""dry"""",""""drive"""",""""drum""""]""	""[{""""word"""":""""paint"""",""""note"""":""""色を使って描くときに近い""""}]""	[]"
100276	1	son	息子	a male child in a family	Their son is in the park.	彼らの息子は公園にいます。	noun	1	3	""[""""息子"""",""""娘"""",""""父"""",""""母"""",""""兄""""]""	""[""""son"""",""""daughter"""",""""father"""",""""mother"""",""""brother""""]""	""[""""son"""",""""sun"""",""""song"""",""""soup"""",""""sock""""]""	[]	[]"
100277	1	father	父	a male parent	My father cooks dinner today.	私の父は今日夕食を作ります。	noun	1	5	""[""""父"""",""""母"""",""""兄"""",""""祖父"""",""""おじ""""]""	""[""""father"""",""""mother"""",""""brother"""",""""grandfather"""",""""uncle""""]""	""[""""father"""",""""farmer"""",""""feather"""",""""faster"""",""""further""""]""	""[{""""word"""":""""dad"""",""""note"""":""""よりくだけた言い方""""}]""	[]"
100278	1	brother	兄弟	a boy or man in your family	My brother plays soccer after school.	私の兄弟は放課後にサッカーをします。	noun	1	4	""[""""兄弟"""",""""姉妹"""",""""友だち"""",""""先生"""",""""いとこ""""]""	""[""""brother"""",""""sister"""",""""friend"""",""""teacher"""",""""cousin""""]""	""[""""brother"""",""""mother"""",""""another"""",""""brown"""",""""bother""""]""	[]	[]"
100279	1	cloudy	くもった	with many clouds in the sky	It is cloudy today.	今日はくもっています。	adjective	1	3	""[""""くもった"""",""""晴れた"""",""""雨の"""",""""風の強い"""",""""雪の""""]""	""[""""cloudy"""",""""sunny"""",""""rainy"""",""""windy"""",""""snowy""""]""	""[""""cloudy"""",""""crowded"""",""""loud"""",""""clown"""",""""round""""]""	[]	""[{""""word"""":""""sunny"""",""""note"""":""""反対の天気""""}]"""
100280	1	often	よく	many times	I often read books at night.	私は夜によく本を読みます。	adverb	1	4	""[""""よく"""",""""いつも"""",""""ときどき"""",""""めったに〜ない"""",""""すぐに""""]""	""[""""often"""",""""always"""",""""sometimes"""",""""never"""",""""soon""""]""	""[""""often"""",""""open"""",""""off"""",""""soften"""",""""oven""""]""	[]	""[{""""word"""":""""seldom"""",""""note"""":""""頻度が低い""""}]"""
100281	1	write	書く	to make letters or words on paper	I write my name here.	私はここに自分の名前を書く。	verb	1	5	""[""""書く"""",""""読む"""",""""話す"""",""""聞く"""",""""描く""""]""	""[""""write"""",""""read"""",""""speak"""",""""listen"""",""""draw""""]""	""[""""write"""",""""right"""",""""white"""",""""wide"""",""""ride""""]""	[]	[]"
100282	1	time	時間	minutes or hours	We have time to play.	私たちには遊ぶ時間がある。	noun	1	5	""[""""時間"""",""""お金"""",""""名前"""",""""場所"""",""""仕事""""]""	""[""""time"""",""""money"""",""""name"""",""""place"""",""""work""""]""	""[""""time"""",""""tile"""",""""tie"""",""""team"""",""""dime""""]""	[]	[]"
100283	1	hamburger	ハンバーガー	a sandwich with meat inside	I ate a hamburger for lunch.	私は昼食にハンバーガーを食べた。	noun	1	4	""[""""ハンバーガー"""",""""サンドイッチ"""",""""ピザ"""",""""サラダ"""",""""スープ""""]""	""[""""hamburger"""",""""sandwich"""",""""pizza"""",""""salad"""",""""soup""""]""	""[""""hamburger"""",""""hamster"""",""""hanger"""",""""hammer"""",""""number""""]""	[]	[]"
100284	1	key	かぎ	a thing used to open a lock	I need a key for the door.	私はドアのかぎが必要です。	noun	1	4	""[""""かぎ"""",""""さいふ"""",""""かばん"""",""""ぼうし"""",""""くつ""""]""	""[""""key"""",""""bag"""",""""cap"""",""""shoe"""",""""wallet""""]""	""[""""key"""",""""keep"""",""""kid"""",""""king"""",""""kiss""""]""	[]	[]"
100285	1	lunch	昼食	a meal eaten in the middle of the day	I eat lunch at school.	私は学校で昼食を食べます。	noun	1	4	""[""""昼食"""",""""朝食"""",""""夕食"""",""""軽食"""",""""飲み物""""]""	""[""""lunch"""",""""breakfast"""",""""dinner"""",""""snack"""",""""drink""""]""	""[""""lunch"""",""""bunch"""",""""much"""",""""bench"""",""""lamp""""]""	[]	[]"
100286	1	Wednesday	水曜日	the day after Tuesday	We have music on Wednesday.	私たちは水曜日に音楽があります。	noun	1	3	""[""""水曜日"""",""""月曜日"""",""""火曜日"""",""""木曜日"""",""""金曜日""""]""	""[""""Wednesday"""",""""Monday"""",""""Tuesday"""",""""Thursday"""",""""Friday""""]""	""[""""Wednesday"""",""""weather"""",""""window"""",""""winter"""",""""welcome""""]""	[]	[]"
100287	1	salad	サラダ	a cold dish of vegetables	She made a salad for dinner.	彼女は夕食にサラダを作りました。	noun	1	3	""[""""サラダ"""",""""スープ"""",""""パン"""",""""ごはん"""",""""チーズ""""]""	""[""""salad"""",""""soup"""",""""bread"""",""""rice"""",""""cheese""""]""	""[""""salad"""",""""solid"""",""""singer"""",""""summer"""",""""sand""""]""	[]	[]"
100288	1	wallet	財布	a small case for money and cards	My wallet is in my bag.	私の財布はかばんの中にあります。	noun	1	3	""[""""財布"""",""""かばん"""",""""帽子"""",""""時計"""",""""鍵""""]""	""[""""wallet"""",""""bag"""",""""cap"""",""""watch"""",""""key""""]""	""[""""wallet"""",""""ball"""",""""water"""",""""window"""",""""want""""]""	""[{""""word"""":""""purse"""",""""note"""":""""主に小銭入れ・女性用の財布""""}]""	[]"
100289	1	a.m.	午前	the time from midnight to noon	I get up at seven a.m.	私は午前7時に起きます。	adverb	1	4	""[""""午前"""",""""午後"""",""""夜"""",""""正午"""",""""朝""""]""	""[""""a.m."""",""""p.m."""",""""night"""",""""noon"""",""""morning""""]""	""[""""a.m."""",""""aim"""",""""name"""",""""game"""",""""same""""]""	[]	""[{""""word"""":""""p.m."""",""""note"""":""""午後""""}]"""
100290	1	usually	たいてい	in most cases; most of the time	I usually walk to school.	私はたいてい歩いて学校へ行きます。	adverb	1	5	""[""""たいてい"""",""""いつも"""",""""ときどき"""",""""すぐに"""",""""けっして〜ない""""]""	""[""""usually"""",""""always"""",""""sometimes"""",""""soon"""",""""never""""]""	""[""""usually"""",""""use"""",""""music"""",""""busy"""",""""easy""""]""	[]	[]"
100291	1	grandmother	祖母	your father's or mother's mother	My grandmother is kind.	私の祖母は親切です。	noun	1	3	""[""""祖母"""",""""祖父"""",""""母"""",""""父"""",""""姉妹""""]""	""[""""grandmother"""",""""grandfather"""",""""mother"""",""""father"""",""""sister""""]""	""[""""grandmother"""",""""grandfather"""",""""grasshopper"""",""""grapefruit"""",""""groundwater""""]""	""[{""""word"""":""""grandma"""",""""note"""":""""よりくだけた言い方""""}]""	[]"
100292	1	swim	泳ぐ	to move in water	I can swim well.	私は上手に泳げます。	verb	1	4	""[""""泳ぐ"""",""""走る"""",""""歩く"""",""""跳ぶ"""",""""投げる""""]""	""[""""swim"""",""""run"""",""""walk"""",""""jump"""",""""throw""""]""	""[""""swim"""",""""swing"""",""""sweet"""",""""slim"""",""""slow""""]""	[]	[]"
100293	1	dance	踊る	to move your body to music	They dance after school.	彼らは放課後に踊ります。	verb	1	3	""[""""踊る"""",""""歌う"""",""""走る"""",""""歩く"""",""""跳ぶ""""]""	""[""""dance"""",""""sing"""",""""run"""",""""walk"""",""""jump""""]""	""[""""dance"""",""""dense"""",""""dancer"""",""""chance"""",""""pants""""]""	[]	[]"
100294	1	fly	飛ぶ	to move through the air	Birds can fly in the sky.	鳥は空を飛ぶことができます。	verb	1	4	""[""""飛ぶ"""",""""走る"""",""""泳ぐ"""",""""歩く"""",""""跳ぶ""""]""	""[""""fly"""",""""run"""",""""swim"""",""""walk"""",""""jump""""]""	""[""""fly"""",""""fry"""",""""flag"""",""""floor"""",""""flame""""]""	[]	""[{""""word"""":""""land"""",""""note"""":""""空へ行くの反対で、地面に降りる""""}]"""
100295	1	swimming	水泳	the activity of moving in water	I like swimming in summer.	私は夏に水泳をするのが好きです。	noun	1	3	""[""""水泳"""",""""野球"""",""""テニス"""",""""サッカー"""",""""バスケットボール""""]""	""[""""swimming"""",""""baseball"""",""""tennis"""",""""soccer"""",""""basketball""""]""	""[""""swimming"""",""""skimming"""",""""swinging"""",""""swimmingly"""",""""swimmingpool""""]""	[]	[]"
100296	1	run	走る	to move fast on foot	I run in the park every morning.	私は毎朝公園を走ります。	verb	1	5	""[""""走る"""",""""歩く"""",""""泳ぐ"""",""""跳ぶ"""",""""投げる""""]""	""[""""run"""",""""walk"""",""""swim"""",""""jump"""",""""throw""""]""	""[""""run"""",""""sun"""",""""fun"""",""""rug"""",""""rain""""]""	[]	""[{""""word"""":""""walk"""",""""note"""":""""run よりゆっくり進む""""}]"""
100297	1	walk	歩く	to move on your feet	I walk to school every day.	私は毎日学校へ歩いて行きます。	verb	1	5	""[""""歩く"""",""""走る"""",""""泳ぐ"""",""""座る"""",""""立つ""""]""	""[""""walk"""",""""run"""",""""swim"""",""""sit"""",""""stand""""]""	""[""""walk"""",""""work"""",""""wake"""",""""want"""",""""wall""""]""	[]	[]"
100298	1	go	行く	to move to another place	We go to the park on Sunday.	私たちは日曜日に公園へ行きます。	verb	1	5	""[""""行く"""",""""来る"""",""""帰る"""",""""走る"""",""""着く""""]""	""[""""go"""",""""come"""",""""leave"""",""""run"""",""""arrive""""]""	""[""""go"""",""""grow"""",""""goal"""",""""got"""",""""game""""]""	[]	[]"
100299	1	come	来る	to move to this place	Please come to my house after school.	放課後、私の家に来てください。	verb	1	5	""[""""来る"""",""""行く"""",""""帰る"""",""""待つ"""",""""入る""""]""	""[""""come"""",""""go"""",""""leave"""",""""wait"""",""""enter""""]""	""[""""come"""",""""cup"""",""""cut"""",""""cook"""",""""cap""""]""	[]	[]"
100300	1	wind	風	moving air	The wind is cold today.	今日は風が冷たいです。	noun	1	3	""[""""風"""",""""雨"""",""""雪"""",""""雲"""",""""空""""]""	""[""""wind"""",""""rain"""",""""snow"""",""""cloud"""",""""sky""""]""	""[""""wind"""",""""window"""",""""wing"""",""""winter"""",""""wish""""]""	[]	[]"
100301	1	video	動画	a moving picture you watch on a screen	I watched a funny video after dinner.	私は夕食のあとにおもしろい動画を見ました。	noun	1	3	""[""""動画"""",""""写真"""",""""映画"""",""""音楽"""",""""手紙""""]""	""[""""video"""",""""photo"""",""""movie"""",""""music"""",""""letter""""]""	""[""""video"""",""""radio"""",""""violet"""",""""visit"""",""""window""""]""	[]	[]"
100302	1	song	歌	a piece of music with words	She sings a song at school.	彼女は学校で歌を歌います。	noun	1	3	""[""""歌"""",""""本"""",""""絵"""",""""手紙"""",""""写真""""]""	""[""""song"""",""""book"""",""""picture"""",""""letter"""",""""photo""""]""	""[""""song"""",""""long"""",""""sing"""",""""sun"""",""""sock""""]""	[]	[]"
100303	1	need	必要とする	to want something because it is important	I need a pen.	私はペンを必要としています。	verb	1	5	""[""""必要とする"""",""""持っている"""",""""見つける"""",""""使う"""",""""作る""""]""	""[""""need"""",""""have"""",""""find"""",""""use"""",""""make""""]""	""[""""need"""",""""read"""",""""seed"""",""""neck"""",""""name""""]""	[]	[]"
100304	1	country	国	a nation where people live	Japan is a beautiful country.	日本は美しい国です。	noun	1	5	""[""""国"""",""""町"""",""""村"""",""""市"""",""""島""""]""	""[""""country"""",""""town"""",""""village"""",""""city"""",""""island""""]""	""[""""country"""",""""count"""",""""county"""",""""coffee"""",""""candy""""]""	[]	[]"
100305	1	by	〜のそばに	near or next to someone or something	The bag is by the door.	そのかばんはドアのそばにあります。	preposition	1	5	""[""""〜のそばに"""",""""〜の下に"""",""""〜の上に"""",""""〜の中に"""",""""〜の後ろに""""]""	""[""""by"""",""""under"""",""""on"""",""""in"""",""""behind""""]""	""[""""by"""",""""buy"""",""""big"""",""""bag"""",""""bike""""]""	""[{""""word"""":""""near"""",""""note"""":""""by より少し広く「近くに」""""}]""	[]"
100306	1	low	低い	not high	The table is low.	そのテーブルは低いです。	adjective	1	3	""[""""低い"""",""""高い"""",""""長い"""",""""広い"""",""""重い""""]""	""[""""low"""",""""high"""",""""long"""",""""wide"""",""""heavy""""]""	""[""""low"""",""""row"""",""""road"""",""""long"""",""""load""""]""	""[{""""word"""":""""short"""",""""note"""":""""高さが足りない感じで近い""""}]""	""[{""""word"""":""""high"""",""""note"""":""""高さが反対""""}]"""
100307	1	thirsty	のどが渇いた	needing a drink	I am thirsty after soccer.	私はサッカーのあとでのどが渇いています。	adjective	1	2	""[""""のどが渇いた"""",""""おなかがすいた"""",""""眠い"""",""""忙しい"""",""""元気な""""]""	""[""""thirsty"""",""""hungry"""",""""sleepy"""",""""busy"""",""""fine""""]""	""[""""thirsty"""",""""thirty"""",""""dirty"""",""""first"""",""""Thursday""""]""	[]	[]"
100308	1	hungry	おなかがすいた	needing food	We are hungry now.	私たちは今おなかがすいています。	adjective	1	3	""[""""おなかがすいた"""",""""のどが渇いた"""",""""眠い"""",""""悲しい"""",""""忙しい""""]""	""[""""hungry"""",""""thirsty"""",""""sleepy"""",""""sad"""",""""busy""""]""	""[""""hungry"""",""""angry"""",""""happy"""",""""hundred"""",""""Henry""""]""	[]	""[{""""word"""":""""full"""",""""note"""":""""食べておなかがいっぱい""""}]"""
100309	1	tired	疲れた	needing rest	I am tired after school.	私は学校のあとで疲れています。	adjective	1	4	""[""""疲れた"""",""""忙しい"""",""""元気な"""",""""眠い"""",""""空腹の""""]""	""[""""tired"""",""""busy"""",""""fine"""",""""sleepy"""",""""hungry""""]""	""[""""tired"""",""""timed"""",""""tiger"""",""""tile"""",""""tight""""]""	""[{""""word"""":""""sleepy"""",""""note"""":""""眠いという意味で近いが、tired は疲れている感じ""""}]""	""[{""""word"""":""""fine"""",""""note"""":""""元気な状態""""}]"""
100310	1	don't	〜しない	do not	I don't play tennis today.	私は今日テニスをしません。	verb	1	5	""[""""〜しない"""",""""〜できる"""",""""〜したい"""",""""〜する"""",""""〜しなければならない""""]""	""[""""don't"""",""""can"""",""""want"""",""""do"""",""""must""""]""	""[""""don't"""",""""won't"""",""""down"""",""""dot"""",""""doll""""]""	[]	[]"
100311	1	doesn't	〜しない	does not	He doesn't like milk.	彼は牛乳が好きではありません。	verb	1	5	""[""""〜しない"""",""""〜できる"""",""""〜したい"""",""""〜する"""",""""〜しなければならない""""]""	""[""""doesn't"""",""""can"""",""""wants"""",""""does"""",""""must""""]""	""[""""doesn't"""",""""wasn't"""",""""dozen"""",""""dust"""",""""desk""""]""	[]	[]"
100312	1	second	秒	a unit of time equal to 1/60 of a minute	Wait a second, please.	ちょっと1秒待ってください。	noun	1	4	""[""""秒"""",""""分"""",""""時間"""",""""日"""",""""週""""]""	""[""""second"""",""""minute"""",""""hour"""",""""day"""",""""week""""]""	""[""""second"""",""""send"""",""""singer"""",""""soccer"""",""""season""""]""	[]	[]"
100313	1	kind	親切な	nice and helpful to other people	She is kind to everyone.	彼女はみんなに親切です。	adjective	1	4	""[""""親切な"""",""""元気な"""",""""静かな"""",""""忙しい"""",""""有名な""""]""	""[""""kind"""",""""busy"""",""""quiet"""",""""famous"""",""""cheerful""""]""	""[""""kind"""",""""kite"""",""""king"""",""""find"""",""""hand""""]""	""[{""""word"""":""""nice"""",""""note"""":""""より広く使う基本語""""}]""	""[{""""word"""":""""mean"""",""""note"""":""""意地悪な""""}]"""
100314	1	September	9月	the ninth month of the year	School starts in September.	学校は9月に始まります。	noun	1	3	""[""""9月"""",""""7月"""",""""8月"""",""""10月"""",""""11月""""]""	""[""""September"""",""""July"""",""""August"""",""""October"""",""""November""""]""	""[""""September"""",""""November"""",""""December"""",""""Saturday"""",""""summer""""]""	[]	[]"
100315	1	free	ひまな	not busy; having time	I am free this afternoon.	私は今日の午後ひまです。	adjective	1	4	""[""""ひまな"""",""""いそがしい"""",""""つよい"""",""""くらい"""",""""あたらしい""""]""	""[""""free"""",""""busy"""",""""strong"""",""""dark"""",""""new""""]""	""[""""free"""",""""tree"""",""""three"""",""""flea"""",""""sleep""""]""	[]	""[{""""word"""":""""busy"""",""""note"""":""""「忙しい」""""}]"""
100316	1	dark	暗い	with little or no light	It is dark in the room.	その部屋は暗いです。	adjective	1	4	""[""""暗い"""",""""明るい"""",""""強い"""",""""弱い"""",""""暑い""""]""	""[""""dark"""",""""bright"""",""""strong"""",""""weak"""",""""hot""""]""	""[""""dark"""",""""duck"""",""""desk"""",""""park"""",""""mark""""]""	[]	""[{""""word"""":""""bright"""",""""note"""":""""「明るい」""""}]"""
100317	1	weak	弱い	not strong	This dog is weak now.	この犬は今弱っています。	adjective	1	3	""[""""弱い"""",""""強い"""",""""暗い"""",""""明るい"""",""""速い""""]""	""[""""weak"""",""""strong"""",""""dark"""",""""bright"""",""""fast""""]""	""[""""weak"""",""""week"""",""""wake"""",""""win"""",""""walk""""]""	[]	""[{""""word"""":""""strong"""",""""note"""":""""「強い」""""}]"""
100318	1	dry	乾いた	not wet	My shoes are dry now.	私のくつは今、乾いています。	adjective	1	3	""[""""乾いた"""",""""ぬれた"""",""""熱い"""",""""冷たい"""",""""重い""""]""	""[""""dry"""",""""wet"""",""""hot"""",""""cold"""",""""heavy""""]""	""[""""dry"""",""""drive"""",""""drop"""",""""try"""",""""cry""""]""	[]	""[{""""word"""":""""wet"""",""""note"""":""""ぬれている""""}]"""
100319	1	holiday	休日	a day when you do not go to school or work	We went to the park on the holiday.	私たちはその休日に公園へ行きました。	noun	1	3	""[""""休日"""",""""学校"""",""""公園"""",""""朝"""",""""旅行""""]""	""[""""holiday"""",""""school"""",""""park"""",""""morning"""",""""trip""""]""	""[""""holiday"""",""""hallway"""",""""Saturday"""",""""history"""",""""hospital""""]""	""[{""""word"""":""""vacation"""",""""note"""":""""長めの休みで使うことが多い""""}]""	[]"
100320	1	Canada	カナダ	a country in North America	My uncle lives in Canada.	私のおじはカナダに住んでいます。	noun	1	2	""[""""カナダ"""",""""日本"""",""""中国"""",""""インド"""",""""韓国""""]""	""[""""Canada"""",""""Japan"""",""""China"""",""""India"""",""""Korea""""]""	""[""""Canada"""",""""camera"""",""""calendar"""",""""candy"""",""""canal""""]""	[]	[]"
100321	1	never	決して～ない	not at any time	I never eat natto.	私は納豆を決して食べません。	adverb	1	4	""[""""決して～ない"""",""""いつも"""",""""ときどき"""",""""すぐに"""",""""たいてい""""]""	""[""""never"""",""""always"""",""""sometimes"""",""""soon"""",""""usually""""]""	""[""""never"""",""""fever"""",""""river"""",""""number"""",""""nervous""""]""	[]	""[{""""word"""":""""always"""",""""note"""":""""いつも""""}]"""
100322	1	dirty	汚い	not clean	My shoes are dirty.	私のくつは汚いです。	adjective	1	4	""[""""汚い"""",""""きれいな"""",""""古い"""",""""新しい"""",""""重い""""]""	""[""""dirty"""",""""clean"""",""""old"""",""""new"""",""""heavy""""]""	""[""""dirty"""",""""thirty"""",""""early"""",""""daily"""",""""duty""""]""	[]	""[{""""word"""":""""clean"""",""""note"""":""""反対の意味""""}]"""
100323	1	same	同じ	not different	We are in the same class.	私たちは同じクラスです。	adjective	1	4	""[""""同じ"""",""""ちがう"""",""""新しい"""",""""長い"""",""""強い""""]""	""[""""same"""",""""different"""",""""new"""",""""long"""",""""strong""""]""	""[""""same"""",""""name"""",""""game"""",""""save"""",""""sale""""]""	[]	""[{""""word"""":""""different"""",""""note"""":""""ちがう""""}]"""
100324	1	hard	難しい	not easy to do	This math question is hard.	この算数の問題は難しいです。	adjective	1	4	""[""""難しい"""",""""やさしい"""",""""長い"""",""""新しい"""",""""早い""""]""	""[""""hard"""",""""easy"""",""""long"""",""""new"""",""""fast""""]""	""[""""hard"""",""""card"""",""""hand"""",""""heart"""",""""hat""""]""	""[{""""word"""":""""difficult"""",""""note"""":""""より少しかたい言い方""""}]""	""[{""""word"""":""""easy"""",""""note"""":""""反対の意味""""}]"""
100325	1	near	近い	not far away	My school is near my house.	私の学校は家の近くにあります。	adjective	1	4	""[""""近い"""",""""遠い"""",""""高い"""",""""低い"""",""""広い""""]""	""[""""near"""",""""far"""",""""high"""",""""low"""",""""wide""""]""	""[""""near"""",""""dear"""",""""fear"""",""""year"""",""""name""""]""	""[{""""word"""":""""close"""",""""note"""":""""close to ... で「〜の近くに」""""}]""	""[{""""word"""":""""far"""",""""note"""":""""反対の意味""""}]"""
100326	1	sick	病気の	not well in your body	She is sick today.	彼女は今日病気です。	adjective	1	3	""[""""病気の"""",""""元気な"""",""""眠い"""",""""忙しい"""",""""静かな""""]""	""[""""sick"""",""""fine"""",""""sleepy"""",""""busy"""",""""quiet""""]""	""[""""sick"""",""""six"""",""""sit"""",""""sock"""",""""seek""""]""	""[{""""word"""":""""ill"""",""""note"""":""""同じく「病気の」""""}]""	""[{""""word"""":""""well"""",""""note"""":""""健康な状態""""}]"""
100327	1	soft	やわらかい	not hard to touch	This pillow is soft.	このまくらはやわらかいです。	adjective	1	3	""[""""やわらかい"""",""""かたい"""",""""あつい"""",""""つめたい"""",""""おもい""""]""	""[""""soft"""",""""hard"""",""""warm"""",""""cold"""",""""heavy""""]""	""[""""soft"""",""""sort"""",""""song"""",""""sock"""",""""salt""""]""	""[{""""word"""":""""gentle"""",""""note"""":""""やさしい感じのときにも使う""""}]""	""[{""""word"""":""""hard"""",""""note"""":""""かたくてやわらかくない""""}]"""
100328	1	easy	やさしい	not difficult	This question is easy.	この問題はやさしいです。	adjective	1	4	""[""""やさしい"""",""""むずかしい"""",""""はやい"""",""""おそい"""",""""たかい""""]""	""[""""easy"""",""""difficult"""",""""fast"""",""""slow"""",""""high""""]""	""[""""easy"""",""""busy"""",""""lazy"""",""""early"""",""""heavy""""]""	""[{""""word"""":""""simple"""",""""note"""":""""より『単純な』の意味が強い""""}]""	""[{""""word"""":""""difficult"""",""""note"""":""""むずかしい""""}]"""
100329	1	warm	あたたかい	a little hot	The soup is warm.	そのスープはあたたかいです。	adjective	1	3	""[""""あたたかい"""",""""つめたい"""",""""あつい"""",""""すずしい"""",""""ぬるい""""]""	""[""""warm"""",""""cold"""",""""hot"""",""""cool"""",""""lukewarm""""]""	""[""""warm"""",""""word"""",""""work"""",""""wall"""",""""worm""""]""	[]	""[{""""word"""":""""cold"""",""""note"""":""""つめたい""""}]"""
100330	1	young	若い	not old	My father looks young.	私の父は若く見えます。	adjective	1	4	""[""""若い"""",""""古い"""",""""強い"""",""""速い"""",""""高い""""]""	""[""""young"""",""""old"""",""""strong"""",""""fast"""",""""tall""""]""	""[""""young"""",""""long"""",""""song"""",""""yum"""",""""yard""""]""	[]	""[{""""word"""":""""old"""",""""note"""":""""年を取った""""}]"""
100331	1	new	新しい	made or bought not long ago	I have a new bag.	私は新しいかばんを持っています。	adjective	1	5	""[""""新しい"""",""""古い"""",""""長い"""",""""早い"""",""""暗い""""]""	""[""""new"""",""""old"""",""""long"""",""""early"""",""""dark""""]""	""[""""new"""",""""few"""",""""noon"""",""""name"""",""""nice""""]""	[]	""[{""""word"""":""""old"""",""""note"""":""""古い""""}]"""
100332	1	off	消えて	not working or not on	The light is off.	電気が消えています。	adverb	2	5	""[""""消えて"""",""""ついて"""",""""開いて"""",""""閉じて"""",""""空いて""""]""	""[""""off"""",""""on"""",""""open"""",""""closed"""",""""empty""""]""	""[""""off"""",""""of"""",""""up"""",""""odd"""",""""out""""]""	[]	""[{""""word"""":""""on"""",""""note"""":""""ついている状態""""}]"""
100333	1	sometimes	ときどき	at some times, not always	I sometimes play tennis after school.	私はときどき放課後にテニスをします。	adverb	1	4	""[""""ときどき"""",""""いつも"""",""""よく"""",""""すぐに"""",""""いま""""]""	""[""""sometimes"""",""""always"""",""""often"""",""""soon"""",""""now""""]""	""[""""sometimes"""",""""summer"""",""""Sunday"""",""""someone"""",""""something""""]""	""[{""""word"""":""""often"""",""""note"""":""""sometimes より回数が多い""""}]""	""[{""""word"""":""""always"""",""""note"""":""""いつも""""}]"""
100334	1	five	5	the number after four	I have five pencils.	私はえんぴつを5本持っています。	number	1	5	""[""""5"""",""""4"""",""""6"""",""""7"""",""""8""""]""	""[""""five"""",""""four"""",""""six"""",""""seven"""",""""eight""""]""	""[""""five"""",""""fine"""",""""fire"""",""""face"""",""""fan""""]""	[]	[]"
100335	1	ten	10	the number after nine	She has ten books.	彼女は10冊の本を持っています。	number	1	5	""[""""10"""",""""8"""",""""9"""",""""11"""",""""12""""]""	""[""""ten"""",""""eight"""",""""nine"""",""""eleven"""",""""twelve""""]""	""[""""ten"""",""""pen"""",""""hen"""",""""bed"""",""""tag""""]""	[]	[]"
100336	1	Can I help you?	いらっしゃいませ	a polite phrase to offer help	Can I help you at the shop?	お店で何かお手伝いしましょうか。	phrase	1	3	""[""""いらっしゃいませ"""",""""こんにちは"""",""""ありがとう"""",""""さようなら"""",""""おやすみ""""]""	""[""""Can I help you?"""",""""Hello."""",""""Thank you."""",""""Goodbye."""",""""Good night.""""]""	""[""""Can I help you?"""",""""Can you help me?"""",""""May I help you?"""",""""Can I see you?"""",""""Could you help me?""""]""	[]	[]"
100337	1	but	しかし	used to show a different idea	I like cats, but my sister likes dogs.	私は猫が好きですが、姉は犬が好きです。	conjunction	1	5	""[""""しかし"""",""""そして"""",""""だから"""",""""または"""",""""なぜなら""""]""	""[""""but"""",""""and"""",""""so"""",""""or"""",""""because""""]""	""[""""but"""",""""bat"""",""""bet"""",""""boat"""",""""bus""""]""	[]	[]"
100338	1	nine	9	the number after eight	I have nine pencils.	私はえんぴつを9本持っています。	number	1	4	""[""""9"""",""""7"""",""""8"""",""""10"""",""""11""""]""	""[""""nine"""",""""seven"""",""""eight"""",""""ten"""",""""eleven""""]""	""[""""nine"""",""""night"""",""""nice"""",""""name"""",""""line""""]""	[]	[]"
100339	1	four	4	the number after three	I have four books.	私は本を4冊持っています。	number	1	5	""[""""4"""",""""3"""",""""5"""",""""6"""",""""7""""]""	""[""""four"""",""""three"""",""""five"""",""""six"""",""""seven""""]""	""[""""four"""",""""for"""",""""floor"""",""""fork"""",""""forty""""]""	[]	[]"
100340	1	three	3	the number after two	She has three pens.	彼女はペンを3本持っています。	number	1	5	""[""""3"""",""""2"""",""""4"""",""""5"""",""""6""""]""	""[""""three"""",""""two"""",""""four"""",""""five"""",""""six""""]""	""[""""three"""",""""tree"""",""""free"""",""""throw"""",""""thirty""""]""	[]	[]"
100341	1	or	または	used to show another choice	Tea or milk is fine.	お茶または牛乳で大丈夫です。	conjunction	1	5	""[""""または"""",""""そして"""",""""しかし"""",""""だから"""",""""もし""""]""	""[""""or"""",""""and"""",""""but"""",""""so"""",""""if""""]""	""[""""or"""",""""all"""",""""our"""",""""off"""",""""more""""]""	[]	[]"
100342	1	drive	運転する	to control a car and make it move	My father can drive a car.	私の父は車を運転できます。	verb	1	5	""[""""運転する"""",""""歩く"""",""""走る"""",""""泳ぐ"""",""""跳ぶ""""]""	""[""""drive"""",""""walk"""",""""run"""",""""swim"""",""""jump""""]""	""[""""drive"""",""""dive"""",""""dry"""",""""drum"""",""""drop""""]""	[]	[]"
100343	1	carrot	にんじん	a long orange vegetable	I eat a carrot at lunch.	私は昼食ににんじんを食べます。	noun	1	3	""[""""にんじん"""",""""じゃがいも"""",""""たまねぎ"""",""""トマト"""",""""きゅうり""""]""	""[""""carrot"""",""""potato"""",""""onion"""",""""tomato"""",""""cucumber""""]""	""[""""carrot"""",""""parrot"""",""""cabin"""",""""camera"""",""""carry""""]""	[]	[]"
100344	1	book	本	something you read with pages	This book is very interesting.	この本はとてもおもしろいです。	noun	1	5	""[""""本"""",""""ノート"""",""""辞書"""",""""新聞"""",""""雑誌""""]""	""[""""book"""",""""notebook"""",""""dictionary"""",""""newspaper"""",""""magazine""""]""	""[""""book"""",""""cook"""",""""look"""",""""hook"""",""""back""""]""	[]	[]"
100345	1	art	美術	painting, music, and other creative work	I like art at school.	私は学校で美術が好きです。	noun	1	2	""[""""美術"""",""""音楽"""",""""数学"""",""""歴史"""",""""理科""""]""	""[""""art"""",""""music"""",""""math"""",""""history"""",""""science""""]""	""[""""art"""",""""arm"""",""""arch"""",""""hard"""",""""heart""""]""	[]	[]"
100346	1	two	2	the number after one	I have two dogs.	私は犬を2匹飼っています。	number	1	5	""[""""2"""",""""3"""",""""4"""",""""5"""",""""6""""]""	""[""""two"""",""""three"""",""""four"""",""""five"""",""""six""""]""	""[""""two"""",""""too"""",""""ten"""",""""toy"""",""""tree""""]""	[]	[]"
100347	1	letter	手紙	a written message sent to someone	I got a letter from my friend.	私は友だちから手紙をもらいました。	noun	1	3	""[""""手紙"""",""""写真"""",""""地図"""",""""宿題"""",""""質問""""]""	""[""""letter"""",""""photo"""",""""map"""",""""homework"""",""""question""""]""	""[""""letter"""",""""later"""",""""little"""",""""better"""",""""writer""""]""	[]	[]"
100348	1	ticket	切符	a paper or card to enter a place or travel	I have a ticket for the train.	私は電車の切符を持っています。	noun	1	3	""[""""切符"""",""""地図"""",""""かばん"""",""""宿題"""",""""窓""""]""	""[""""ticket"""",""""map"""",""""bag"""",""""homework"""",""""window""""]""	""[""""ticket"""",""""picket"""",""""pocket"""",""""tennis"""",""""jacket""""]""	[]	[]"
100349	1	notebook	ノート	a book of blank pages for writing	This notebook is new.	このノートは新しいです。	noun	1	2	""[""""ノート"""",""""辞書"""",""""机"""",""""いす"""",""""鉛筆""""]""	""[""""notebook"""",""""dictionary"""",""""desk"""",""""chair"""",""""pencil""""]""	""[""""notebook"""",""""note"""",""""robot"""",""""open"""",""""window""""]""	[]	[]"
100350	1	finger	指	one of the five parts on your hand	She has a ring on her finger.	彼女は指に指輪をしています。	noun	1	2	""[""""指"""",""""腕"""",""""足"""",""""耳"""",""""首""""]""	""[""""finger"""",""""arm"""",""""leg"""",""""ear"""",""""neck""""]""	""[""""finger"""",""""singer"""",""""dinner"""",""""window"""",""""winter""""]""	[]	[]"
100351	1	feed	えさをやる	to give food to a person or animal	I feed the dog every morning.	私は毎朝その犬にえさをやります。	verb	1	3	""[""""えさをやる"""",""""見る"""",""""洗う"""",""""呼ぶ"""",""""助ける""""]""	""[""""feed"""",""""watch"""",""""wash"""",""""call"""",""""help""""]""	""[""""feed"""",""""feel"""",""""field"""",""""feet"""",""""find""""]""	[]	[]"
100352	1	bridge	橋	a road or path over a river or road	We walked over the bridge.	私たちはその橋を歩いて渡りました。	noun	1	2	""[""""橋"""",""""道"""",""""川"""",""""駅"""",""""門""""]""	""[""""bridge"""",""""road"""",""""river"""",""""station"""",""""gate""""]""	""[""""bridge"""",""""fridge"""",""""bright"""",""""bring"""",""""brick""""]""	[]	[]"
100353	1	buy	買う	to get something by paying money	I want to buy a new bag.	私は新しいかばんを買いたいです。	verb	1	5	""[""""買う"""",""""売る"""",""""作る"""",""""使う"""",""""開ける""""]""	""[""""buy"""",""""sell"""",""""make"""",""""use"""",""""open""""]""	""[""""buy"""",""""by"""",""""bike"""",""""bag"""",""""big""""]""	[]	""[{""""word"""":""""sell"""",""""note"""":""""buy は買う、sell は売る""""}]"""
100354	1	see	見る	to use your eyes	I can see a bird.	私は鳥が見えます。	verb	1	5	""[""""見る"""",""""聞く"""",""""話す"""",""""読む"""",""""書く""""]""	""[""""see"""",""""hear"""",""""speak"""",""""read"""",""""write""""]""	""[""""see"""",""""she"""",""""sea"""",""""sit"""",""""say""""]""	[]	[]"
100355	1	lesson	授業	a time when you study something	We have an English lesson today.	私たちは今日英語の授業があります。	noun	2	4	""[""""授業"""",""""宿題"""",""""テスト"""",""""質問"""",""""答え""""]""	""[""""lesson"""",""""homework"""",""""test"""",""""question"""",""""answer""""]""	""[""""lesson"""",""""listen"""",""""reason"""",""""lemon"""",""""seven""""]""	[]	[]"
100356	1	driver	運転手	a person who drives a car or bus	The driver is very kind.	その運転手はとても親切です。	noun	2	3	""[""""運転手"""",""""先生"""",""""医者"""",""""店員"""",""""警官""""]""	""[""""driver"""",""""teacher"""",""""doctor"""",""""clerk"""",""""police officer""""]""	""[""""driver"""",""""driven"""",""""drawer"""",""""dreamer"""",""""river""""]""	[]	[]"
100357	1	player	選手	a person who plays a sport or game	He is a soccer player.	彼はサッカー選手です。	noun	1	2	""[""""選手"""",""""歌手"""",""""先生"""",""""医者"""",""""画家""""]""	""[""""player"""",""""singer"""",""""teacher"""",""""doctor"""",""""painter""""]""	""[""""player"""",""""prayer"""",""""plane"""",""""play"""",""""place""""]""	[]	[]"
100358	1	you	あなた	the person or people being spoken to	You are my friend.	あなたは私の友だちです。	pronoun	1	5	""[""""あなた"""",""""私"""",""""彼"""",""""彼女"""",""""私たち""""]""	""[""""you"""",""""I"""",""""he"""",""""she"""",""""we""""]""	""[""""you"""",""""use"""",""""yellow"""",""""yours"""",""""young""""]""	[]	[]"
100359	1	singer	歌手	a person who sings	She is a famous singer.	彼女は有名な歌手です。	noun	1	2	""[""""歌手"""",""""選手"""",""""先生"""",""""医者"""",""""画家""""]""	""[""""singer"""",""""player"""",""""teacher"""",""""doctor"""",""""painter""""]""	""[""""singer"""",""""finger"""",""""sister"""",""""single"""",""""summer""""]""	[]	[]"
100360	1	student	生徒	a person who studies at school	He is a good student.	彼はよい生徒です。	noun	1	5	""[""""生徒"""",""""先生"""",""""友だち"""",""""医者"""",""""選手""""]""	""[""""student"""",""""teacher"""",""""friend"""",""""doctor"""",""""player""""]""	""[""""student"""",""""stupid"""",""""stand"""",""""study"""",""""street""""]""	""[{""""word"""":""""pupil"""",""""note"""":""""主に学校の生徒に使う""""}]""	[]"
100361	1	teacher	先生	a person who teaches students	My mother is a teacher.	私の母は先生です。	noun	1	5	""[""""先生"""",""""生徒"""",""""友だち"""",""""医者"""",""""選手""""]""	""[""""teacher"""",""""student"""",""""friend"""",""""doctor"""",""""player""""]""	""[""""teacher"""",""""feature"""",""""teacup"""",""""cheater"""",""""reacher""""]""	[]	[]"
100362	1	friend	友だち	a person you like and know well	Ken is my friend.	ケンは私の友だちです。	noun	1	5	""[""""友だち"""",""""先生"""",""""生徒"""",""""家族"""",""""選手""""]""	""[""""friend"""",""""teacher"""",""""student"""",""""family"""",""""player""""]""	""[""""friend"""",""""fresh"""",""""front"""",""""free"""",""""fried""""]""	[]	[]"
100363	1	dog	犬	an animal kept as a pet	The dog is very cute.	その犬はとてもかわいいです。	noun	1	5	""[""""犬"""",""""猫"""",""""鳥"""",""""魚"""",""""うさぎ""""]""	""[""""dog"""",""""cat"""",""""bird"""",""""fish"""",""""rabbit""""]""	""[""""dog"""",""""dig"""",""""dock"""",""""dot"""",""""dark""""]""	[]	[]"
100364	1	cat	猫	a small pet animal	The cat is under the table.	その猫はテーブルの下にいます。	noun	1	5	""[""""猫"""",""""犬"""",""""鳥"""",""""魚"""",""""うさぎ""""]""	""[""""cat"""",""""dog"""",""""bird"""",""""fish"""",""""rabbit""""]""	""[""""cat"""",""""cut"""",""""cap"""",""""can"""",""""cot""""]""	[]	[]"
100365	1	call	電話する	to talk to someone by phone	I call my mother every day.	私は毎日母に電話します。	verb	2	5	""[""""電話する"""",""""会う"""",""""待つ"""",""""助ける"""",""""使う""""]""	""[""""call"""",""""meet"""",""""wait"""",""""help"""",""""use""""]""	""[""""call"""",""""cold"""",""""card"""",""""care"""",""""come""""]""	""[{""""word"""":""""phone"""",""""note"""":""""特に電話をかけるときに使う""""}]""	[]"
100366	1	sport	スポーツ	a game or activity you play for fun	I like sport after school.	私は放課後にスポーツが好きです。	noun	1	3	""[""""スポーツ"""",""""音楽"""",""""勉強"""",""""買い物"""",""""仕事""""]""	""[""""sport"""",""""music"""",""""study"""",""""shopping"""",""""work""""]""	""[""""sport"""",""""short"""",""""spot"""",""""spoon"""",""""store""""]""	[]	[]"
100367	1	hospital	病院	a place where sick people go	My mother works at a hospital.	私の母は病院で働いています。	noun	1	4	""[""""病院"""",""""学校"""",""""駅"""",""""公園"""",""""図書館""""]""	""[""""hospital"""",""""school"""",""""station"""",""""park"""",""""library""""]""	""[""""hospital"""",""""hostel"""",""""capital"""",""""holiday"""",""""possible""""]""	[]	[]"
100368	1	station	駅	a place where trains stop	Let's meet at the station.	駅で会いましょう。	noun	1	4	""[""""駅"""",""""空港"""",""""病院"""",""""公園"""",""""学校""""]""	""[""""station"""",""""airport"""",""""hospital"""",""""park"""",""""school""""]""	""[""""station"""",""""nation"""",""""vacation"""",""""student"""",""""stadium""""]""	[]	[]"
100369	1	put	置く	to move something to a place	Please put the book on the desk.	その本を机の上に置いてください。	verb	1	5	""[""""置く"""",""""取る"""",""""開ける"""",""""運ぶ"""",""""見せる""""]""	""[""""put"""",""""take"""",""""open"""",""""carry"""",""""show""""]""	""[""""put"""",""""cut"""",""""push"""",""""pull"""",""""pet""""]""	[]	""[{""""word"""":""""take"""",""""note"""":""""反対方向の基本動詞""""}]"""
100370	1	shop	店	a place where people buy things	That shop sells nice bags.	あの店はすてきなかばんを売っています。	noun	1	4	""[""""店"""",""""学校"""",""""駅"""",""""公園"""",""""病院""""]""	""[""""shop"""",""""school"""",""""station"""",""""park"""",""""hospital""""]""	""[""""shop"""",""""ship"""",""""sheep"""",""""shape"""",""""shut""""]""	""[{""""word"""":""""store"""",""""note"""":""""米語でよく使う""""}]""	[]"
100371	1	store	店	a place where people buy things	My mother is at the store now.	母は今その店にいます。	noun	1	4	""[""""店"""",""""図書館"""",""""駅"""",""""公園"""",""""病院""""]""	""[""""store"""",""""library"""",""""station"""",""""park"""",""""hospital""""]""	""[""""store"""",""""story"""",""""stone"""",""""storm"""",""""stair""""]""	""[{""""word"""":""""shop"""",""""note"""":""""英語で広く使う基本語""""}]""	[]"
100372	1	restaurant	レストラン	a place where people eat meals	We eat dinner at the restaurant.	私たちはそのレストランで夕食を食べます。	noun	1	3	""[""""レストラン"""",""""図書館"""",""""病院"""",""""公園"""",""""駅""""]""	""[""""restaurant"""",""""library"""",""""hospital"""",""""park"""",""""station""""]""	""[""""restaurant"""",""""restroom"""",""""resident"""",""""result"""",""""lesson""""]""	[]	[]"
100373	1	school	学校	a place where children study	My brother goes to school by bus.	私の兄はバスで学校へ行きます。	noun	1	5	""[""""学校"""",""""病院"""",""""公園"""",""""図書館"""",""""駅""""]""	""[""""school"""",""""hospital"""",""""park"""",""""library"""",""""station""""]""	""[""""school"""",""""score"""",""""skirt"""",""""small"""",""""store""""]""	[]	[]"
100374	1	zoo	動物園	a place where people can see animals	We saw many animals at the zoo.	私たちは動物園でたくさんの動物を見ました。	noun	1	2	""[""""動物園"""",""""公園"""",""""学校"""",""""駅"""",""""病院""""]""	""[""""zoo"""",""""park"""",""""school"""",""""station"""",""""hospital""""]""	""[""""zoo"""",""""Sue"""",""""blue"""",""""juice"""",""""moon""""]""	[]	[]"
100375	1	hotel	ホテル	a place where people stay when traveling	We stayed at a hotel last night.	私たちは昨夜ホテルに泊まりました。	noun	1	3	""[""""ホテル"""",""""学校"""",""""病院"""",""""駅"""",""""図書館""""]""	""[""""hotel"""",""""school"""",""""hospital"""",""""station"""",""""library""""]""	""[""""hotel"""",""""hostel"""",""""hobby"""",""""total"""",""""hope""""]""	[]	[]"
100376	1	library	図書館	a place where you can read or borrow books	I read books at the library.	私は図書館で本を読みます。	noun	1	3	""[""""図書館"""",""""学校"""",""""病院"""",""""公園"""",""""駅""""]""	""[""""library"""",""""school"""",""""hospital"""",""""park"""",""""station""""]""	""[""""library"""",""""librarian"""",""""February"""",""""primary"""",""""lemon""""]""	[]	[]"
100377	1	vegetable	野菜	a plant that people eat	I eat a vegetable every day.	私は毎日野菜を食べます。	noun	1	3	""[""""野菜"""",""""果物"""",""""肉"""",""""魚"""",""""パン""""]""	""[""""vegetable"""",""""fruit"""",""""meat"""",""""fish"""",""""bread""""]""	""[""""vegetable"""",""""festival"""",""""vest"""",""""village"""",""""valuable""""]""	[]	[]"
100378	1	dish	皿	a plate for food	This dish is very clean.	この皿はとてもきれいです。	noun	1	3	""[""""皿"""",""""コップ"""",""""箱"""",""""いす"""",""""机""""]""	""[""""dish"""",""""cup"""",""""box"""",""""chair"""",""""desk""""]""	""[""""dish"""",""""fish"""",""""desk"""",""""dash"""",""""wish""""]""	""[{""""word"""":""""plate"""",""""note"""":""""食べ物をのせる平たい皿""""}]""	[]"
100379	1	game	試合	an activity or sport for fun	We watched a baseball game.	私たちは野球の試合を見ました。	noun	1	5	""[""""試合"""",""""宿題"""",""""授業"""",""""質問"""",""""約束""""]""	""[""""game"""",""""homework"""",""""class"""",""""question"""",""""promise""""]""	""[""""game"""",""""gate"""",""""gave"""",""""name"""",""""came""""]""	""[{""""word"""":""""match"""",""""note"""":""""スポーツの試合でよく使う""""}]""	[]"
100380	1	these	これら	the plural form of this	These are my books.	これらは私の本です。	pronoun	1	4	""[""""これら"""",""""あれら"""",""""彼ら"""",""""私たち"""",""""あなた""""]""	""[""""these"""",""""those"""",""""they"""",""""we"""",""""you""""]""	""[""""these"""",""""this"""",""""those"""",""""they"""",""""think""""]""	[]	""[{""""word"""":""""those"""",""""note"""":""""these は近く、those は遠く""""}]"""
100381	1	they	彼らは	used for two or more people or things	They are my friends.	彼らは私の友だちです。	pronoun	1	5	""[""""彼らは"""",""""私たちは"""",""""あなたは"""",""""彼は"""",""""彼女は""""]""	""[""""they"""",""""we"""",""""you"""",""""he"""",""""she""""]""	""[""""they"""",""""day"""",""""play"""",""""say"""",""""pay""""]""	[]	[]"
100382	1	excuse me	すみません	used to get attention or say sorry	Excuse me, where is the station?	すみません、駅はどこですか。	interjection	1	4	""[""""すみません"""",""""こんにちは"""",""""ありがとう"""",""""さようなら"""",""""おはよう""""]""	""[""""excuse me"""",""""hello"""",""""thank you"""",""""goodbye"""",""""good morning""""]""	""[""""excuse me"""",""""excuse us"""",""""excuse him"""",""""excuse her"""",""""excuse them""""]""	[]	[]"
100383	1	pocket	ポケット	a small bag in clothes	I put my key in my pocket.	私は鍵をポケットに入れます。	noun	1	3	""[""""ポケット"""",""""かばん"""",""""箱"""",""""机"""",""""いす""""]""	""[""""pocket"""",""""bag"""",""""box"""",""""desk"""",""""chair""""]""	""[""""pocket"""",""""rocket"""",""""ticket"""",""""locket"""",""""jacket""""]""	[]	[]"
100384	1	congratulations	おめでとう	words you say when someone does something good	Congratulations on your new bike.	新しい自転車、おめでとう。	interjection	1	2	""[""""おめでとう"""",""""こんにちは"""",""""ありがとう"""",""""さようなら"""",""""すみません""""]""	""[""""congratulations"""",""""hello"""",""""thank you"""",""""goodbye"""",""""sorry""""]""	""[""""congratulations"""",""""conversation"""",""""condition"""",""""collection"""",""""connection""""]""	[]	[]"
100385	1	push	押す	to move something away from you with your hand	Please push the door.	ドアを押してください。	verb	1	3	""[""""押す"""",""""引く"""",""""開ける"""",""""閉める"""",""""運ぶ""""]""	""[""""push"""",""""pull"""",""""open"""",""""close"""",""""carry""""]""	""[""""push"""",""""pull"""",""""bus"""",""""dish"""",""""rush""""]""	[]	""[{""""word"""":""""pull"""",""""note"""":""""反対の動作""""}]"""
100386	1	it	それ	a word for a thing or an animal	It is my bag.	それは私のかばんです。	pronoun	1	5	""[""""それ"""",""""これ"""",""""あれ"""",""""彼"""",""""彼女""""]""	""[""""it"""",""""this"""",""""that"""",""""he"""",""""she""""]""	""[""""it"""",""""is"""",""""in"""",""""eat"""",""""at""""]""	[]	[]"
100387	1	park	公園	a place with grass and trees where people can play or walk	We play in the park.	私たちは公園で遊びます。	noun	1	4	""[""""公園"""",""""学校"""",""""図書館"""",""""駅"""",""""病院""""]""	""[""""park"""",""""school"""",""""library"""",""""station"""",""""hospital""""]""	""[""""park"""",""""dark"""",""""part"""",""""card"""",""""back""""]""	[]	[]"
100388	1	popcorn	ポップコーン	corn that pops when heated	I like popcorn at the movies.	私は映画館でポップコーンが好きです。	noun	1	2	""[""""ポップコーン"""",""""キャンディー"""",""""クッキー"""",""""パン"""",""""チーズ""""]""	""[""""popcorn"""",""""candy"""",""""cookie"""",""""bread"""",""""cheese""""]""	""[""""popcorn"""",""""pocket"""",""""pumpkin"""",""""hotdog"""",""""popstar""""]""	[]	[]"
100389	1	for	〜のために	used to show purpose or benefit	This gift is for you.	この贈り物はあなたのためです。	preposition	1	5	""[""""〜のために"""",""""〜と"""",""""〜から"""",""""〜の中に"""",""""〜の上に""""]""	""[""""for"""",""""with"""",""""from"""",""""in"""",""""on""""]""	""[""""for"""",""""four"""",""""far"""",""""floor"""",""""form""""]""	[]	[]"
100390	1	eat	食べる	to put food in your mouth and swallow it	We eat lunch at school.	私たちは学校で昼食を食べます。	verb	1	5	""[""""食べる"""",""""飲む"""",""""作る"""",""""買う"""",""""洗う""""]""	""[""""eat"""",""""drink"""",""""make"""",""""buy"""",""""wash""""]""	""[""""eat"""",""""it"""",""""eight"""",""""each"""",""""easy""""]""	[]	[]"
100391	1	use	使う	to do something with a thing	I use this pen every day.	私はこのペンを毎日使います。	verb	1	5	""[""""使う"""",""""作る"""",""""買う"""",""""開ける"""",""""見せる""""]""	""[""""use"""",""""make"""",""""buy"""",""""open"""",""""show""""]""	""[""""use"""",""""juice"""",""""bus"""",""""news"""",""""face""""]""	[]	[]"
100392	1	ask	たずねる	to say you want an answer	I ask my teacher a question.	私は先生に質問をたずねます。	verb	1	5	""[""""たずねる"""",""""答える"""",""""話す"""",""""聞く"""",""""呼ぶ""""]""	""[""""ask"""",""""answer"""",""""talk"""",""""listen"""",""""call""""]""	""[""""ask"""",""""desk"""",""""mask"""",""""back"""",""""duck""""]""	[]	""[{""""word"""":""""answer"""",""""note"""":""""質問する ↔ 答える""""}]"""
100393	1	tennis	テニス	a sport played with a racket and a ball	I play tennis after school.	私は放課後にテニスをします。	noun	1	3	""[""""テニス"""",""""サッカー"""",""""野球"""",""""バスケットボール"""",""""水泳""""]""	""[""""tennis"""",""""soccer"""",""""baseball"""",""""basketball"""",""""swimming""""]""	""[""""tennis"""",""""Dennis"""",""""table"""",""""ticket"""",""""lesson""""]""	[]	[]"
100394	1	train	電車	a long vehicle that runs on rails	I go to school by train.	私は電車で学校に行きます。	noun	1	4	""[""""電車"""",""""バス"""",""""自転車"""",""""車"""",""""飛行機""""]""	""[""""train"""",""""bus"""",""""bike"""",""""car"""",""""plane""""]""	""[""""train"""",""""tray"""",""""tree"""",""""truck"""",""""rain""""]""	[]	[]"
100395	1	umbrella	かさ	something you use when it rains	Take an umbrella with you.	かさを持って行きなさい。	noun	1	3	""[""""かさ"""",""""ぼうし"""",""""かばん"""",""""くつ"""",""""コート""""]""	""[""""umbrella"""",""""hat"""",""""bag"""",""""shoes"""",""""coat""""]""	""[""""umbrella"""",""""under"""",""""uncle"""",""""number"""",""""camera""""]""	[]	[]"
100396	1	from ... to ...	〜から〜まで	showing a start and an end	We study from nine to three.	私たちは9時から3時まで勉強します。	preposition	1	4	""[""""〜から〜まで"""",""""〜の前に"""",""""〜の後で"""",""""〜の近くに"""",""""〜といっしょに""""]""	""[""""from ... to ..."""",""""before"""",""""after"""",""""near"""",""""with""""]""	""[""""from ... to ..."""",""""front"""",""""frog"""",""""slow"""",""""brown""""]""	[]	[]"
100397	1	color	色	what something looks like, such as red or blue	What color is your bag?	あなたのかばんは何色ですか。	noun	1	5	""[""""色"""",""""形"""",""""名前"""",""""数"""",""""音""""]""	""[""""color"""",""""shape"""",""""name"""",""""number"""",""""sound""""]""	""[""""color"""",""""collar"""",""""caller"""",""""corner"""",""""candle""""]""	[]	[]"
100398	1	apple	りんご	a round fruit that is sweet or sour	I eat an apple after lunch.	私は昼食のあとにりんごを食べます。	noun	1	5	""[""""りんご"""",""""みかん"""",""""ぶどう"""",""""もも"""",""""なし""""]""	""[""""apple"""",""""orange"""",""""grape"""",""""peach"""",""""pear""""]""	""[""""apple"""",""""April"""",""""angle"""",""""ankle"""",""""happy""""]""	[]	[]"
100399	1	tomato	トマト	a soft red fruit often used as a vegetable	She cut a tomato for the salad.	彼女はサラダのためにトマトを切りました。	noun	1	4	""[""""トマト"""",""""にんじん"""",""""たまねぎ"""",""""じゃがいも"""",""""きゅうり""""]""	""[""""tomato"""",""""carrot"""",""""onion"""",""""potato"""",""""cucumber""""]""	""[""""tomato"""",""""potato"""",""""today"""",""""tiger"""",""""ticket""""]""	[]	[]"
100400	1	Korean	韓国の	from Korea	This is Korean food.	これは韓国の食べ物です。	adjective	1	2	""[""""韓国の"""",""""日本の"""",""""中国の"""",""""アメリカの"""",""""英語の""""]""	""[""""Korean"""",""""Japanese"""",""""Chinese"""",""""American"""",""""English""""]""	""[""""Korean"""",""""garden"""",""""golden"""",""""morning"""",""""corner""""]""	[]	[]"
100401	1	clean	きれいな	not dirty	My room is clean now.	私の部屋は今きれいです。	adjective	1	4	""[""""きれいな"""",""""汚い"""",""""新しい"""",""""古い"""",""""明るい""""]""	""[""""clean"""",""""dirty"""",""""new"""",""""old"""",""""bright""""]""	""[""""clean"""",""""green"""",""""queen"""",""""climb"""",""""cream""""]""	""[{""""word"""":""""tidy"""",""""note"""":""""整っていてきれい""""}]""	""[{""""word"""":""""dirty"""",""""note"""":""""よごれている""""}]"""
100402	1	answer	答える	to say or write the right reply	Please answer my question.	私の質問に答えてください。	verb	1	4	""[""""答える"""",""""聞く"""",""""話す"""",""""書く"""",""""読む""""]""	""[""""answer"""",""""ask"""",""""speak"""",""""write"""",""""read""""]""	""[""""answer"""",""""after"""",""""anger"""",""""actor"""",""""summer""""]""	""[{""""word"""":""""reply"""",""""note"""":""""ややていねいな言い方""""}]""	[]"
100403	1	sleep	眠る	to rest with your eyes closed	I sleep at nine every night.	私は毎晩9時に眠ります。	verb	1	5	""[""""眠る"""",""""走る"""",""""食べる"""",""""話す"""",""""座る""""]""	""[""""sleep"""",""""run"""",""""eat"""",""""speak"""",""""sit""""]""	""[""""sleep"""",""""slip"""",""""sheep"""",""""sweep"""",""""steep""""]""	[]	""[{""""word"""":""""wake"""",""""note"""":""""眠る ↔ 目を覚ます""""}]"""
100404	1	toilet	トイレ	a room or place for using the bathroom	The toilet is over there.	トイレはあそこです。	noun	1	4	""[""""トイレ"""",""""台所"""",""""教室"""",""""公園"""",""""駅""""]""	""[""""toilet"""",""""kitchen"""",""""classroom"""",""""park"""",""""station""""]""	""[""""toilet"""",""""ticket"""",""""pilot"""",""""violet"""",""""quiet""""]""	""[{""""word"""":""""bathroom"""",""""note"""":""""米語でよく使う""""}]""	[]"
100405	1	so	とても	very; to a high degree	The bag is so heavy.	そのかばんはとても重いです。	adverb	1	5	""[""""とても"""",""""いつも"""",""""すぐに"""",""""ゆっくり"""",""""たぶん""""]""	""[""""so"""",""""always"""",""""soon"""",""""slowly"""",""""maybe""""]""	""[""""so"""",""""show"""",""""saw"""",""""sun"""",""""say""""]""	""[{""""word"""":""""very"""",""""note"""":""""so は強調でよく使う""""}]""	[]"
100406	1	horse	馬	a large animal people can ride	The horse runs fast.	その馬は速く走ります。	noun	1	3	""[""""馬"""",""""犬"""",""""猫"""",""""鳥"""",""""牛""""]""	""[""""horse"""",""""dog"""",""""cat"""",""""bird"""",""""cow""""]""	""[""""horse"""",""""house"""",""""short"""",""""hope"""",""""horn""""]""	[]	[]"
100407	1	get up	起きる	to leave your bed in the morning	I get up at six.	私は6時に起きます。	verb	1	5	""[""""起きる"""",""""座る"""",""""歩く"""",""""走る"""",""""眠る""""]""	""[""""get up"""",""""sit"""",""""walk"""",""""run"""",""""sleep""""]""	""[""""get up"""",""""give up"""",""""set"""",""""gate"""",""""cup""""]""	[]	[]"
100408	1	street	通り	a road in a town or city	There are many cars on this street.	この通りにはたくさんの車があります。	noun	1	4	""[""""通り"""",""""公園"""",""""駅"""",""""学校"""",""""橋""""]""	""[""""street"""",""""park"""",""""station"""",""""school"""",""""bridge""""]""	""[""""street"""",""""straight"""",""""sleep"""",""""stone"""",""""spring""""]""	[]	[]"
100409	1	classroom	教室	a room where students study	This is our classroom.	これは私たちの教室です。	noun	1	3	""[""""教室"""",""""台所"""",""""浴室"""",""""図書館"""",""""公園""""]""	""[""""classroom"""",""""kitchen"""",""""bathroom"""",""""library"""",""""park""""]""	""[""""classroom"""",""""glassroom"""",""""mushroom"""",""""bedroom"""",""""classmate""""]""	[]	[]"
100410	1	kitchen	台所	a room where you cook food	My mother is in the kitchen.	私の母は台所にいます。	noun	1	4	""[""""台所"""",""""教室"""",""""浴室"""",""""寝室"""",""""庭""""]""	""[""""kitchen"""",""""classroom"""",""""bathroom"""",""""bedroom"""",""""garden""""]""	""[""""kitchen"""",""""chicken"""",""""kitten"""",""""kicking"""",""""kettle""""]""	[]	[]"
100411	1	bathroom	浴室	a room with a bath or shower	The bathroom is clean.	その浴室はきれいです。	noun	1	3	""[""""浴室"""",""""教室"""",""""台所"""",""""寝室"""",""""玄関""""]""	""[""""bathroom"""",""""classroom"""",""""kitchen"""",""""bedroom"""",""""door""""]""	""[""""bathroom"""",""""bedroom"""",""""mushroom"""",""""classroom"""",""""bathrobe""""]""	[]	[]"
100412	1	potato	じゃがいも	a round vegetable that grows in the ground	I like baked potato.	私は焼いたじゃがいもが好きです。	noun	1	3	""[""""じゃがいも"""",""""たまねぎ"""",""""にんじん"""",""""トマト"""",""""きゅうり""""]""	""[""""potato"""",""""onion"""",""""carrot"""",""""tomato"""",""""cucumber""""]""	""[""""potato"""",""""tomato"""",""""pottery"""",""""photo"""",""""panda""""]""	[]	[]"
100413	1	onion	たまねぎ	a round vegetable with many layers	She cut an onion in the kitchen.	彼女は台所でたまねぎを切りました。	noun	1	3	""[""""たまねぎ"""",""""じゃがいも"""",""""にんじん"""",""""キャベツ"""",""""ピーマン""""]""	""[""""onion"""",""""potato"""",""""carrot"""",""""cabbage"""",""""pepper""""]""	""[""""onion"""",""""union"""",""""orange"""",""""open"""",""""oven""""]""	[]	[]"
100414	1	pizza	ピザ	a baked food with cheese and sauce on bread	We ate pizza for lunch.	私たちは昼食にピザを食べました。	noun	1	3	""[""""ピザ"""",""""ハンバーガー"""",""""サンドイッチ"""",""""サラダ"""",""""スープ""""]""	""[""""pizza"""",""""burger"""",""""sandwich"""",""""salad"""",""""soup""""]""	""[""""pizza"""",""""pita"""",""""picture"""",""""pencil"""",""""peach""""]""	[]	[]"
100415	1	ball	ボール	a round thing used in games	I have a red ball.	私は赤いボールを持っています。	noun	1	5	""[""""ボール"""",""""箱"""",""""かばん"""",""""人形"""",""""自転車""""]""	""[""""ball"""",""""box"""",""""bag"""",""""doll"""",""""bike""""]""	""[""""ball"""",""""bell"""",""""book"""",""""bird"""",""""boat""""]""	[]	[]"
100416	1	jogging	ジョギング	running slowly for exercise	My father likes jogging in the park.	私の父は公園でジョギングをするのが好きです。	noun	2	2	""[""""ジョギング"""",""""水泳"""",""""散歩"""",""""野球"""",""""テニス""""]""	""[""""jogging"""",""""swimming"""",""""walking"""",""""baseball"""",""""tennis""""]""	""[""""jogging"""",""""jumping"""",""""shopping"""",""""joking"""",""""looking""""]""	[]	[]"
100417	1	bag	かばん	something you carry things in	This bag is very heavy.	このかばんはとても重いです。	noun	1	5	""[""""かばん"""",""""箱"""",""""いす"""",""""机"""",""""帽子""""]""	""[""""bag"""",""""box"""",""""chair"""",""""desk"""",""""hat""""]""	""[""""bag"""",""""back"""",""""bad"""",""""bank"""",""""bat""""]""	[]	[]"
100418	1	hot dog	ホットドッグ	a long bread roll with a sausage inside	I ate a hot dog for lunch.	私は昼食にホットドッグを食べました。	noun	1	3	""[""""ホットドッグ"""",""""ハンバーガー"""",""""サンドイッチ"""",""""ピザ"""",""""サラダ""""]""	""[""""hot dog"""",""""hamburger"""",""""sandwich"""",""""pizza"""",""""salad""""]""	""[""""hot dog"""",""""hot dish"""",""""hat dog"""",""""hot duck"""",""""hot box""""]""	[]	[]"
100419	1	speak	話す	to say words with your voice	Can you speak English?	あなたは英語を話せますか。	verb	1	5	""[""""話す"""",""""聞く"""",""""書く"""",""""読む"""",""""見る""""]""	""[""""speak"""",""""listen"""",""""write"""",""""read"""",""""watch""""]""	""[""""speak"""",""""स्पीक"""",""""space"""",""""sport"""",""""stick""""]""	""[{""""word"""":""""talk"""",""""note"""":""""talkのほうがより日常的""""}]""	[]"
100420	1	spring	春	the season after winter and before summer	We have many flowers in spring.	春にはたくさんの花があります。	noun	1	4	""[""""春"""",""""夏"""",""""秋"""",""""冬"""",""""梅雨""""]""	""[""""spring"""",""""summer"""",""""fall"""",""""winter"""",""""rainy season""""]""	""[""""spring"""",""""string"""",""""spray"""",""""swing"""",""""split""""]""	[]	""[{""""word"""":""""fall"""",""""note"""":""""反対の季節としてよく学ぶ""""}]"""
100421	1	chair	いす	a seat for one person	This chair is old.	このいすは古いです。	noun	1	4	""[""""いす"""",""""つくえ"""",""""ベッド"""",""""ドア"""",""""かばん""""]""	""[""""chair"""",""""desk"""",""""bed"""",""""door"""",""""bag""""]""	""[""""chair"""",""""share"""",""""cheer"""",""""chain"""",""""care""""]""	[]	[]"
100422	1	February	2月	the second month of the year	My birthday is in February.	私の誕生日は2月です。	noun	1	3	""[""""2月"""",""""1月"""",""""3月"""",""""4月"""",""""5月""""]""	""[""""February"""",""""January"""",""""March"""",""""April"""",""""May""""]""	""[""""February"""",""""January"""",""""factory"""",""""family"""",""""favorite""""]""	[]	[]"
100423	1	look	見る	to use your eyes to see something	Look at that bird.	あの鳥を見て。	verb	1	5	""[""""見る"""",""""聞く"""",""""話す"""",""""歩く"""",""""読む""""]""	""[""""look"""",""""listen"""",""""speak"""",""""walk"""",""""read""""]""	""[""""look"""",""""book"""",""""cook"""",""""lock"""",""""lake""""]""	[]	[]"
100424	1	week	週	a period of seven days	I play tennis every week.	私は毎週テニスをします。	noun	1	4	""[""""週"""",""""月"""",""""年"""",""""日"""",""""時間""""]""	""[""""week"""",""""month"""",""""year"""",""""day"""",""""hour""""]""	""[""""week"""",""""weak"""",""""wake"""",""""wink"""",""""work""""]""	[]	[]"
100425	1	July	7月	the seventh month of the year	My birthday is in July.	私の誕生日は7月です。	noun	1	3	""[""""7月"""",""""6月"""",""""8月"""",""""9月"""",""""12月""""]""	""[""""July"""",""""June"""",""""August"""",""""September"""",""""December""""]""	""[""""July"""",""""June"""",""""January"""",""""Jelly"""",""""Joy""""]""	[]	[]"
100426	1	bright	明るい	full of light	The room is bright in the morning.	その部屋は朝は明るいです。	adjective	2	3	""[""""明るい"""",""""暗い"""",""""新しい"""",""""暑い"""",""""広い""""]""	""[""""bright"""",""""dark"""",""""new"""",""""hot"""",""""wide""""]""	""[""""bright"""",""""blight"""",""""bride"""",""""right"""",""""light""""]""	[]	""[{""""word"""":""""dark"""",""""note"""":""""光が少なくて暗い""""}]"""
100427	1	shrine	神社	a holy place for prayer	We visited a shrine in Kyoto.	私たちは京都で神社を訪れました。	noun	3	2	""[""""神社"""",""""寺"""",""""教会"""",""""公園"""",""""駅""""]""	""[""""shrine"""",""""temple"""",""""church"""",""""park"""",""""station""""]""	""[""""shrine"""",""""shine"""",""""shrimp"""",""""train"""",""""slide""""]""	[]	[]"
100428	1	basketball	バスケットボール	a game played with a ball and a hoop	My brother plays basketball after school.	私の兄は放課後にバスケットボールをします。	noun	2	4	""[""""バスケットボール"""",""""サッカー"""",""""野球"""",""""テニス"""",""""バレーボール""""]""	""[""""basketball"""",""""soccer"""",""""baseball"""",""""tennis"""",""""volleyball""""]""	""[""""basketball"""",""""baseball"""",""""basket"""",""""backpack"""",""""volleyball""""]""	[]	[]"
100429	1	jacket	上着	a short coat you wear over a shirt	He put on his jacket before going out.	彼は出かける前に上着を着ました。	noun	2	4	""[""""上着"""",""""シャツ"""",""""帽子"""",""""靴"""",""""ズボン""""]""	""[""""jacket"""",""""shirt"""",""""hat"""",""""shoes"""",""""pants""""]""	""[""""jacket"""",""""packet"""",""""rocket"""",""""bucket"""",""""market""""]""	""[{""""word"""":""""coat"""",""""note"""":""""jacketより長いことが多い""""}]""	[]"
100430	1	TV	テレビ	a machine you watch programs on	We watch TV after dinner.	私たちは夕食のあとにテレビを見ます。	noun	1	5	""[""""テレビ"""",""""ラジオ"""",""""電話"""",""""時計"""",""""カメラ""""]""	""[""""TV"""",""""radio"""",""""phone"""",""""clock"""",""""camera""""]""	""[""""TV"""",""""tea"""",""""key"""",""""three"""",""""easy""""]""	""[{""""word"""":""""television"""",""""note"""":""""TV の正式な言い方""""}]""	[]"
100431	1	it's	それは〜です	short form of it is	It's a new bag.	それは新しいかばんです。	pronoun	1	5	""[""""それは〜です"""",""""彼は〜です"""",""""彼女は〜です"""",""""私は〜です"""",""""あなたは〜です""""]""	""[""""it's"""",""""he's"""",""""she's"""",""""I'm"""",""""you're""""]""	""[""""it's"""",""""its"""",""""is"""",""""eat"""",""""sit""""]""	[]	[]"
100432	1	she's	彼女は〜です	short form of she is	She's my sister.	彼女は私の姉妹です。	pronoun	1	4	""[""""彼女は〜です"""",""""彼は〜です"""",""""私は〜です"""",""""あなたは〜です"""",""""それは〜です""""]""	""[""""she's"""",""""he's"""",""""I'm"""",""""you're"""",""""it's""""]""	""[""""she's"""",""""shoes"""",""""sheep"""",""""ship"""",""""cheese""""]""	[]	[]"
100433	1	that's	それは〜です	short form of that is	That's my bag.	それは私のかばんです。	contraction	1	5	""[""""それは〜です"""",""""これは〜です"""",""""あれは〜です"""",""""私は〜です"""",""""あなたは〜です""""]""	""[""""that's"""",""""this is"""",""""that is"""",""""I'm"""",""""you're""""]""	""[""""that's"""",""""this"""",""""thanks"""",""""those"""",""""thing""""]""	[]	[]"
100434	1	you're	あなたは〜です	short form of you are	You're my friend.	あなたは私の友だちです。	contraction	1	5	""[""""あなたは〜です"""",""""私は〜です"""",""""彼は〜です"""",""""彼女は〜です"""",""""私たちは〜です""""]""	""[""""you're"""",""""I'm"""",""""he's"""",""""she's"""",""""we're""""]""	""[""""you're"""",""""your"""",""""yours"""",""""year"""",""""yellow""""]""	[]	[]"
100435	1	close	閉める	to shut something	Please close the door.	ドアを閉めてください。	verb	2	4	""[""""閉める"""",""""開ける"""",""""持つ"""",""""使う"""",""""洗う""""]""	""[""""close"""",""""open"""",""""hold"""",""""use"""",""""wash""""]""	""[""""close"""",""""clothes"""",""""clock"""",""""class"""",""""cross""""]""	""[{""""word"""":""""shut"""",""""note"""":""""closeとほぼ同じ意味""""}]""	""[{""""word"""":""""open"""",""""note"""":""""「開ける」""""}]"""
100436	1	wall	壁	a flat side of a room or building	There is a clock on the wall.	壁に時計があります。	noun	1	3	""[""""壁"""",""""床"""",""""天井"""",""""窓"""",""""ドア""""]""	""[""""wall"""",""""floor"""",""""ceiling"""",""""window"""",""""door""""]""	""[""""wall"""",""""walk"""",""""warm"""",""""word"""",""""work""""]""	[]	[]"
100437	1	left	左	the side that is not right	Turn left at the corner.	その角を左に曲がってください。	noun	1	4	""[""""左"""",""""右"""",""""前"""",""""後ろ"""",""""まっすぐ""""]""	""[""""left"""",""""right"""",""""front"""",""""back"""",""""straight""""]""	""[""""left"""",""""lift"""",""""last"""",""""light"""",""""let""""]""	[]	""[{""""word"""":""""right"""",""""note"""":""""反対の方向""""}]"""
100438	1	right	右	the side that is not left	My bag is on the right.	私のかばんは右側にあります。	noun	1	4	""[""""右"""",""""左"""",""""前"""",""""後ろ"""",""""まっすぐ""""]""	""[""""right"""",""""left"""",""""front"""",""""back"""",""""straight""""]""	""[""""right"""",""""light"""",""""write"""",""""ride"""",""""rice""""]""	[]	""[{""""word"""":""""left"""",""""note"""":""""反対の方向""""}]"""
100439	1	one	1	the number 1	I have one dog.	私は犬を1匹飼っています。	number	1	5	""[""""1"""",""""2"""",""""3"""",""""4"""",""""5""""]""	""[""""one"""",""""two"""",""""three"""",""""four"""",""""five""""]""	""[""""one"""",""""won"""",""""run"""",""""sun"""",""""want""""]""	[]	[]"
100440	1	aunt	おば	the sister of your father or mother	My aunt lives in Osaka.	私のおばは大阪に住んでいます。	noun	1	3	""[""""おば"""",""""おじ"""",""""いとこ"""",""""祖母"""",""""姉""""]""	""[""""aunt"""",""""uncle"""",""""cousin"""",""""grandmother"""",""""sister""""]""	""[""""aunt"""",""""ant"""",""""art"""",""""and"""",""""want""""]""	[]	[]"
100441	1	ride	乗る	to travel on a bike, bus, or horse	I ride my bike to school.	私は自転車に乗って学校へ行きます。	verb	1	4	""[""""乗る"""",""""歩く"""",""""走る"""",""""泳ぐ"""",""""飛ぶ""""]""	""[""""ride"""",""""walk"""",""""run"""",""""swim"""",""""fly""""]""	""[""""ride"""",""""right"""",""""rice"""",""""road"""",""""red""""]""	[]	[]"
100442	1	June	6月	the sixth month of the year	My birthday is in June.	私の誕生日は6月です。	noun	1	3	""[""""6月"""",""""4月"""",""""5月"""",""""7月"""",""""8月""""]""	""[""""June"""",""""April"""",""""May"""",""""July"""",""""August""""]""	""[""""June"""",""""July"""",""""juice"""",""""jump"""",""""Juneau""""]""	[]	[]"
100443	1	hour	時間	a period of sixty minutes	I studied English for an hour.	私は1時間英語を勉強しました。	noun	1	4	""[""""時間"""",""""分"""",""""秒"""",""""日"""",""""週""""]""	""[""""hour"""",""""minute"""",""""second"""",""""day"""",""""week""""]""	""[""""hour"""",""""our"""",""""sour"""",""""tower"""",""""power""""]""	[]	[]"
100444	1	minute	分	a period of sixty seconds	Please wait a minute.	1分待ってください。	noun	1	4	""[""""分"""",""""時間"""",""""秒"""",""""日"""",""""週""""]""	""[""""minute"""",""""hour"""",""""second"""",""""day"""",""""week""""]""	""[""""minute"""",""""mind"""",""""mint"""",""""minus"""",""""mirror""""]""	[]	[]"
100445	1	good night	おやすみなさい	used when you go to bed at night	""Mom said, """"Good night.""""""	お母さんが「おやすみなさい」と言いました。	phrase	1	5	""[""""おやすみなさい"""",""""こんにちは"""",""""こんばんは"""",""""さようなら"""",""""ありがとう""""]""	""[""""good night"""",""""good evening"""",""""hello"""",""""goodbye"""",""""thank you""""]""	""[""""good night"""",""""good light"""",""""good right"""",""""good time"""",""""good bye""""]""	[]	[]"
100446	1	steak	ステーキ	a thick piece of meat or fish	I want steak for dinner.	夕食にステーキが食べたいです。	noun	2	3	""[""""ステーキ"""",""""サラダ"""",""""スープ"""",""""パン"""",""""ごはん""""]""	""[""""steak"""",""""salad"""",""""soup"""",""""bread"""",""""rice""""]""	""[""""steak"""",""""stick"""",""""snake"""",""""state"""",""""skate""""]""	[]	[]"
100447	1	skiing	スキー	the sport of moving on snow with skis	We enjoy skiing in winter.	私たちは冬にスキーを楽しみます。	noun	2	2	""[""""スキー"""",""""水泳"""",""""野球"""",""""テニス"""",""""サッカー""""]""	""[""""skiing"""",""""swimming"""",""""baseball"""",""""tennis"""",""""soccer""""]""	""[""""skiing"""",""""seeing"""",""""skating"""",""""screen"""",""""skin""""]""	[]	[]"
100448	1	town	町	a place where people live, smaller than a city	My aunt lives in a small town.	私のおばは小さな町に住んでいます。	noun	1	3	""[""""町"""",""""村"""",""""都市"""",""""国"""",""""公園""""]""	""[""""town"""",""""village"""",""""city"""",""""country"""",""""park""""]""	""[""""town"""",""""down"""",""""tall"""",""""toy"""",""""train""""]""	""[{""""word"""":""""city"""",""""note"""":""""city のほうが town より大きいことが多い""""}]""	[]"
100449	1	short	短い	not long	Her hair is short.	彼女の髪は短いです。	adjective	1	4	""[""""短い"""",""""長い"""",""""高い"""",""""低い"""",""""新しい""""]""	""[""""short"""",""""long"""",""""tall"""",""""low"""",""""new""""]""	""[""""short"""",""""shirt"""",""""shot"""",""""shop"""",""""sort""""]""	[]	""[{""""word"""":""""long"""",""""note"""":""""長さが反対""""}]"""
100450	1	mouse	ねずみ	a small animal with a long tail	I saw a mouse in the kitchen.	私は台所でねずみを見ました。	noun	1	2	""[""""ねずみ"""",""""いぬ"""",""""ねこ"""",""""うさぎ"""",""""とり""""]""	""[""""mouse"""",""""dog"""",""""cat"""",""""rabbit"""",""""bird""""]""	""[""""mouse"""",""""mouth"""",""""house"""",""""map"""",""""milk""""]""	[]	[]"
100451	1	village	村	a small place in the country where people live	My grandparents live in a small village.	私の祖父母は小さな村に住んでいます。	noun	1	2	""[""""村"""",""""町"""",""""都市"""",""""島"""",""""湖""""]""	""[""""village"""",""""town"""",""""city"""",""""island"""",""""lake""""]""	""[""""village"""",""""visit"""",""""message"""",""""bridge"""",""""orange""""]""	[]	[]"
100452	1	cookie	クッキー	a small sweet baked food	I ate a cookie after lunch.	私は昼食のあとでクッキーを1枚食べました。	noun	1	2	""[""""クッキー"""",""""ケーキ"""",""""パン"""",""""あめ"""",""""パイ""""]""	""[""""cookie"""",""""cake"""",""""bread"""",""""candy"""",""""pie""""]""	""[""""cookie"""",""""cooking"""",""""book"""",""""look"""",""""good""""]""	""[{""""word"""":""""biscuit"""",""""note"""":""""英ではこちらもよく使う""""}]""	[]"
100453	1	laugh	笑う	to make a happy sound with your voice	The children laugh at the funny dog.	その子どもたちはおかしな犬を見て笑います。	verb	1	2	""[""""笑う"""",""""泣く"""",""""話す"""",""""歌う"""",""""走る""""]""	""[""""laugh"""",""""cry"""",""""talk"""",""""sing"""",""""run""""]""	""[""""laugh"""",""""rough"""",""""love"""",""""lamp"""",""""left""""]""	[]	""[{""""word"""":""""cry"""",""""note"""":""""笑うの反対に近い基本語""""}]"""
100454	1	music	音楽	sounds made for singing or playing	I like music very much.	私は音楽がとても好きです。	noun	1	5	""[""""音楽"""",""""映画"""",""""歌"""",""""絵"""",""""写真""""]""	""[""""music"""",""""movie"""",""""song"""",""""picture"""",""""photo""""]""	""[""""music"""",""""museum"""",""""magic"""",""""muscle"""",""""mosaic""""]""	""[{""""word"""":""""song"""",""""note"""":""""songは1曲、musicは音楽全体""""}]""	[]"
100455	1	room	部屋	a part of a house or building	This room is very clean.	この部屋はとてもきれいです。	noun	1	5	""[""""部屋"""",""""台所"""",""""ドア"""",""""窓"""",""""机""""]""	""[""""room"""",""""kitchen"""",""""door"""",""""window"""",""""desk""""]""	""[""""room"""",""""roof"""",""""rule"""",""""road"""",""""rose""""]""	[]	[]"
100456	1	say	言う	to speak words	Please say your name.	あなたの名前を言ってください。	verb	1	5	""[""""言う"""",""""聞く"""",""""書く"""",""""読む"""",""""見る""""]""	""[""""say"""",""""hear"""",""""write"""",""""read"""",""""see""""]""	""[""""say"""",""""day"""",""""stay"""",""""same"""",""""sail""""]""	""[{""""word"""":""""tell"""",""""note"""":""""tellは人に伝えるときによく使う""""}]""	[]"
100457	1	I	わたし	the person who is speaking	I am in the room.	わたしは部屋にいます。	pronoun	1	5	""[""""わたし"""",""""あなた"""",""""彼"""",""""彼女"""",""""それ""""]""	""[""""I"""",""""you"""",""""he"""",""""she"""",""""it""""]""	""[""""I"""",""""eye"""",""""ice"""",""""my"""",""""hi""""]""	[]	[]"
100458	1	at	〜で	in or near a place or time	She is at school.	彼女は学校にいます。	preposition	1	5	""[""""〜で"""",""""〜の中に"""",""""〜の上に"""",""""〜の下に"""",""""〜の近くに""""]""	""[""""at"""",""""in"""",""""on"""",""""under"""",""""near""""]""	""[""""at"""",""""hat"""",""""cat"""",""""bat"""",""""cut""""]""	[]	[]"
100459	1	curry	カレー	a spicy dish with sauce	We eat curry for dinner.	私たちは夕食にカレーを食べます。	noun	1	3	""[""""カレー"""",""""スープ"""",""""サラダ"""",""""パン"""",""""ごはん""""]""	""[""""curry"""",""""soup"""",""""salad"""",""""bread"""",""""rice""""]""	""[""""curry"""",""""carry"""",""""color"""",""""coffee"""",""""candy""""]""	[]	[]"
100460	1	badminton	バドミントン	a sport played with a racket and a shuttlecock	I play badminton after school.	私は放課後にバドミントンをします。	noun	1	2	""[""""バドミントン"""",""""テニス"""",""""野球"""",""""サッカー"""",""""水泳""""]""	""[""""badminton"""",""""tennis"""",""""baseball"""",""""soccer"""",""""swimming""""]""	""[""""badminton"""",""""basketball"""",""""bedroom"""",""""button"""",""""bathtub""""]""	[]	[]"
100461	1	PE	体育	the school subject of sports and exercise	We have PE on Friday.	私たちは金曜日に体育があります。	noun	1	2	""[""""体育"""",""""音楽"""",""""数学"""",""""理科"""",""""英語""""]""	""[""""PE"""",""""music"""",""""math"""",""""science"""",""""English""""]""	""[""""PE"""",""""TV"""",""""tea"""",""""key"""",""""bee""""]""	[]	[]"
100462	1	shower	シャワー	water that falls from above for washing	I take a shower every morning.	私は毎朝シャワーを浴びます。	noun	1	3	""[""""シャワー"""",""""おふろ"""",""""せんめんだい"""",""""タオル"""",""""せっけん""""]""	""[""""shower"""",""""bath"""",""""sink"""",""""towel"""",""""soap""""]""	""[""""shower"""",""""flower"""",""""sour"""",""""shout"""",""""tower""""]""	[]	[]"
100463	1	morning	朝	the early part of the day	I study English in the morning.	私は朝に英語を勉強します。	noun	1	5	""[""""朝"""",""""昼"""",""""夜"""",""""夕方"""",""""正午""""]""	""[""""morning"""",""""noon"""",""""night"""",""""evening"""",""""afternoon""""]""	""[""""morning"""",""""warning"""",""""boring"""",""""moving"""",""""meeting""""]""	[]	[]"
100464	1	Monday	月曜日	the day after Sunday	We have music class on Monday.	私たちは月曜日に音楽の授業があります。	noun	1	5	""[""""月曜日"""",""""火曜日"""",""""水曜日"""",""""木曜日"""",""""金曜日""""]""	""[""""Monday"""",""""Tuesday"""",""""Wednesday"""",""""Thursday"""",""""Friday""""]""	""[""""Monday"""",""""Sunday"""",""""money"""",""""mountain"""",""""monkey""""]""	[]	[]"
100465	1	from	〜から	starting at a place, time, or person	This letter is from my friend.	この手紙は私の友だちからです。	preposition	1	5	""[""""〜から"""",""""〜まで"""",""""〜の中に"""",""""〜の上に"""",""""〜と一緒に""""]""	""[""""from"""",""""to"""",""""in"""",""""on"""",""""with""""]""	""[""""from"""",""""frog"""",""""front"""",""""flag"""",""""glass""""]""	[]	[]"
100466	1	live	住む	to have your home in a place	I live in Tokyo.	私は東京に住んでいます。	verb	1	5	""[""""住む"""",""""行く"""",""""来る"""",""""食べる"""",""""待つ""""]""	""[""""live"""",""""go"""",""""come"""",""""eat"""",""""wait""""]""	""[""""live"""",""""leave"""",""""like"""",""""love"""",""""river""""]""	[]	[]"
100467	1	wait	待つ	to stay until someone or something comes	Please wait here.	ここで待ってください。	verb	1	4	""[""""待つ"""",""""歩く"""",""""話す"""",""""座る"""",""""開ける""""]""	""[""""wait"""",""""walk"""",""""talk"""",""""sit"""",""""open""""]""	""[""""wait"""",""""wet"""",""""wake"""",""""white"""",""""late""""]""	[]	[]"
100468	1	stairs	階段	steps inside a building	Go up the stairs.	階段を上がってください。	noun	1	3	""[""""階段"""",""""ドア"""",""""窓"""",""""机"""",""""いす""""]""	""[""""stairs"""",""""door"""",""""window"""",""""desk"""",""""chair""""]""	""[""""stairs"""",""""stars"""",""""stores"""",""""chairs"""",""""stage""""]""	[]	[]"
100469	1	card	カード	a small piece of paper or plastic	I have a card in my bag.	私はかばんの中にカードを持っています。	noun	1	3	""[""""カード"""",""""手紙"""",""""地図"""",""""写真"""",""""切符""""]""	""[""""card"""",""""letter"""",""""map"""",""""photo"""",""""ticket""""]""	""[""""card"""",""""car"""",""""cart"""",""""hard"""",""""cap""""]""	[]	[]"
100470	1	guitar	ギター	a musical instrument with strings	My brother can play the guitar.	私の兄はギターをひくことができます。	noun	1	2	""[""""ギター"""",""""ピアノ"""",""""ドラム"""",""""バイオリン"""",""""フルート""""]""	""[""""guitar"""",""""piano"""",""""drum"""",""""violin"""",""""flute""""]""	""[""""guitar"""",""""garden"""",""""teacher"""",""""giraffe"""",""""ticket""""]""	[]	[]"
100471	1	tiger	トラ	a large wild cat with black stripes	The tiger is very strong.	そのトラはとても強いです。	noun	1	2	""[""""トラ"""",""""ライオン"""",""""クマ"""",""""オオカミ"""",""""キツネ""""]""	""[""""tiger"""",""""lion"""",""""bear"""",""""wolf"""",""""fox""""]""	""[""""tiger"""",""""timer"""",""""title"""",""""table"""",""""tailor""""]""	[]	[]"
100472	1	love	愛する	to like someone or something very much	I love my family.	私は家族を愛しています。	verb	1	5	""[""""愛する"""",""""嫌う"""",""""知る"""",""""助ける"""",""""待つ""""]""	""[""""love"""",""""hate"""",""""know"""",""""help"""",""""wait""""]""	""[""""love"""",""""live"""",""""leave"""",""""laugh"""",""""lamp""""]""	""[{""""word"""":""""like"""",""""note"""":""""love のほうが気持ちが強い""""}]""	""[{""""word"""":""""hate"""",""""note"""":""""強く嫌う""""}]"""
100473	1	hate	嫌う	to dislike someone or something very much	I hate spiders.	私はクモが大きらいです。	verb	1	4	""[""""嫌う"""",""""愛する"""",""""使う"""",""""開ける"""",""""見つける""""]""	""[""""hate"""",""""love"""",""""use"""",""""open"""",""""find""""]""	""[""""hate"""",""""late"""",""""hot"""",""""hand"""",""""head""""]""	""[{""""word"""":""""dislike"""",""""note"""":""""hate のほうが強い""""}]""	""[{""""word"""":""""love"""",""""note"""":""""強く好きである""""}]"""
100474	1	science	理科	the study of nature and the world	Science is my favorite subject.	理科は私のいちばん好きな教科です。	noun	1	4	""[""""理科"""",""""音楽"""",""""歴史"""",""""数学"""",""""英語""""]""	""[""""science"""",""""music"""",""""history"""",""""math"""",""""English""""]""	""[""""science"""",""""sign"""",""""since"""",""""silent"""",""""singer""""]""	[]	[]"
100475	1	math	数学	the school subject about numbers	Math is my favorite subject.	数学は私の好きな教科です。	noun	1	4	""[""""数学"""",""""理科"""",""""英語"""",""""音楽"""",""""歴史""""]""	""[""""math"""",""""science"""",""""English"""",""""music"""",""""history""""]""	""[""""math"""",""""mouth"""",""""map"""",""""match"""",""""month""""]""	""[{""""word"""":""""mathematics"""",""""note"""":""""math の正式な形""""}]""	[]"
100476	1	history	歴史	the study of the past	We study history at school.	私たちは学校で歴史を勉強します。	noun	1	4	""[""""歴史"""",""""数学"""",""""理科"""",""""音楽"""",""""美術""""]""	""[""""history"""",""""math"""",""""science"""",""""music"""",""""art""""]""	""[""""history"""",""""story"""",""""mystery"""",""""holiday"""",""""factory""""]""	[]	[]"
100477	1	cool	涼しい	a little cold in a nice way	It is cool this morning.	今朝は涼しいです。	adjective	1	5	""[""""涼しい"""",""""暑い"""",""""寒い"""",""""暖かい"""",""""乾いた""""]""	""[""""cool"""",""""hot"""",""""cold"""",""""warm"""",""""dry""""]""	""[""""cool"""",""""school"""",""""cook"""",""""coat"""",""""cube""""]""	[]	""[{""""word"""":""""hot"""",""""note"""":""""温度が高い""""}]"""
100478	1	sweet	甘い	having a sugar taste	This cake is sweet.	このケーキは甘いです。	adjective	1	3	""[""""甘い"""",""""辛い"""",""""苦い"""",""""すっぱい"""",""""しょっぱい""""]""	""[""""sweet"""",""""spicy"""",""""bitter"""",""""sour"""",""""salty""""]""	""[""""sweet"""",""""street"""",""""sweep"""",""""seat"""",""""sleep""""]""	""[{""""word"""":""""sugary"""",""""note"""":""""やや説明的だが「砂糖のように甘い」""""}]""	""[{""""word"""":""""bitter"""",""""note"""":""""「苦い」味""""}]"""
100479	1	How about this one?	これはどうですか	used to suggest one thing	How about this one?	これはどうですか。	expression	2	2	""[""""これはどうですか"""",""""あれはいくらですか"""",""""どこにありますか"""",""""何をしていますか"""",""""だれのものですか""""]""	""[""""How about this one?"""",""""How much is that one?"""",""""Where is it?"""",""""What are you doing?"""",""""Whose is this?""""]""	""[""""How about this one?"""",""""How about that one?"""",""""What about this one?"""",""""How is this one?"""",""""How about these?""""]""	[]	[]"
100480	1	east	東	the direction where the sun rises	The sun comes up in the east.	太陽は東からのぼります。	noun	1	2	""[""""東"""",""""西"""",""""南"""",""""北"""",""""中央""""]""	""[""""east"""",""""west"""",""""south"""",""""north"""",""""middle""""]""	""[""""east"""",""""easy"""",""""eat"""",""""each"""",""""least""""]""	[]	""[{""""word"""":""""west"""",""""note"""":""""反対の方角""""}]"""
100481	1	west	西	the direction where the sun goes down	The sun sets in the west.	太陽は西に沈みます。	noun	1	3	""[""""西"""",""""東"""",""""南"""",""""北"""",""""中央""""]""	""[""""west"""",""""east"""",""""south"""",""""north"""",""""center""""]""	""[""""west"""",""""best"""",""""nest"""",""""rest"""",""""test""""]""	[]	""[{""""word"""":""""east"""",""""note"""":""""反対の方角""""}]"""
100482	1	sunny	晴れた	having a lot of sunshine	It is sunny today.	今日は晴れています。	adjective	1	4	""[""""晴れた"""",""""雨の"""",""""曇った"""",""""風の強い"""",""""雪の""""]""	""[""""sunny"""",""""rainy"""",""""cloudy"""",""""windy"""",""""snowy""""]""	""[""""sunny"""",""""funny"""",""""Sunday"""",""""sandy"""",""""sorry""""]""	[]	""[{""""word"""":""""cloudy"""",""""note"""":""""空がくもっている""""},{""""word"""":""""rainy"""",""""note"""":""""雨が降っている""""}]"""
100483	1	drink	飲む	to take liquid into your mouth and swallow it	I drink milk every morning.	私は毎朝牛乳を飲みます。	verb	1	5	""[""""飲む"""",""""食べる"""",""""買う"""",""""作る"""",""""持つ""""]""	""[""""drink"""",""""eat"""",""""buy"""",""""make"""",""""carry""""]""	""[""""drink"""",""""bring"""",""""dream"""",""""drop"""",""""dress""""]""	[]	[]"
100484	1	cute	かわいい	pretty and lovely	The baby is cute.	その赤ちゃんはかわいいです。	adjective	1	3	""[""""かわいい"""",""""かっこいい"""",""""やさしい"""",""""おもしろい"""",""""げんきな""""]""	""[""""cute"""",""""cool"""",""""kind"""",""""funny"""",""""happy""""]""	""[""""cute"""",""""cube"""",""""cut"""",""""kite"""",""""cat""""]""	""[{""""word"""":""""pretty"""",""""note"""":""""見た目がかわいいときによく使う""""}]""	""[{""""word"""":""""ugly"""",""""note"""":""""見た目がかわいくない""""}]"""
100485	1	cake	ケーキ	a sweet food made in an oven	I want some cake.	私はケーキがほしいです。	noun	1	3	""[""""ケーキ"""",""""パン"""",""""クッキー"""",""""パイ"""",""""キャンディー""""]""	""[""""cake"""",""""bread"""",""""cookie"""",""""pie"""",""""candy""""]""	""[""""cake"""",""""lake"""",""""make"""",""""cap"""",""""cook""""]""	[]	[]"
100486	1	fruit	くだもの	food like apples and bananas	I eat fruit every day.	私は毎日くだものを食べます。	noun	1	3	""[""""くだもの"""",""""やさい"""",""""ごはん"""",""""パン"""",""""にく""""]""	""[""""fruit"""",""""vegetable"""",""""rice"""",""""bread"""",""""meat""""]""	""[""""fruit"""",""""frog"""",""""front"""",""""free"""",""""flute""""]""	[]	[]"
100487	1	candy	あめ	a sweet food made with sugar	I have a candy in my bag.	私はかばんの中にあめを1つ持っています。	noun	1	3	""[""""あめ"""",""""ケーキ"""",""""パン"""",""""くだもの"""",""""ジュース""""]""	""[""""candy"""",""""cake"""",""""bread"""",""""fruit"""",""""juice""""]""	""[""""candy"""",""""candle"""",""""can"""",""""cap"""",""""handy""""]""	""[{""""word"""":""""sweet"""",""""note"""":""""主にイギリス英語で使うことがある""""}]""	[]"
100488	1	sugar	さとう	a sweet white thing used in food and drinks	Do you want sugar in your tea?	あなたは紅茶にさとうを入れたいですか。	noun	1	3	""[""""さとう"""",""""しお"""",""""こしょう"""",""""こめ"""",""""こむぎこ""""]""	""[""""sugar"""",""""salt"""",""""pepper"""",""""rice"""",""""flour""""]""	""[""""sugar"""",""""summer"""",""""supper"""",""""soccer"""",""""singer""""]""	[]	[]"
100489	1	desk	机	a table for studying or working	My books are on the desk.	私の本はその机の上にあります。	noun	1	4	""[""""机"""",""""いす"""",""""棚"""",""""テーブル"""",""""ベッド""""]""	""[""""desk"""",""""chair"""",""""shelf"""",""""table"""",""""bed""""]""	""[""""desk"""",""""disk"""",""""dusk"""",""""best"""",""""duck""""]""	[]	[]"
100490	1	camera	カメラ	a thing used to take pictures	This camera is new.	このカメラは新しいです。	noun	1	3	""[""""カメラ"""",""""時計"""",""""かばん"""",""""自転車"""",""""地図""""]""	""[""""camera"""",""""watch"""",""""bag"""",""""bike"""",""""map""""]""	""[""""camera"""",""""camel"""",""""campus"""",""""Canada"""",""""canary""""]""	[]	[]"
100491	1	talk with ...	～と話す	to speak to someone	I talk with my friend after school.	私は放課後に友だちと話します。	verb	1	3	""[""""～と話す"""",""""～を見る"""",""""～と遊ぶ"""",""""～を知っている"""",""""～を手伝う""""]""	""[""""talk with ..."""",""""play with ..."""",""""look at ..."""",""""know ..."""",""""help ...""""]""	""[""""talk with ..."""",""""walk with ..."""",""""take with ..."""",""""talk to ..."""",""""work with ...""""]""	""[{""""word"""":""""talk to ..."""",""""note"""":""""with より相手とのやり取りを強調しないことがある""""}]""	[]"
100492	1	tree	木	a tall plant with a trunk	The tree is very tall.	その木はとても高いです。	noun	1	4	""[""""木"""",""""花"""",""""草"""",""""葉"""",""""森""""]""	""[""""tree"""",""""flower"""",""""grass"""",""""leaf"""",""""forest""""]""	""[""""tree"""",""""train"""",""""trip"""",""""dream"""",""""three""""]""	[]	[]"
100493	1	milk tea	ミルクティー	tea with milk in it	I drink milk tea after lunch.	私は昼食のあとにミルクティーを飲みます。	noun	1	2	""[""""ミルクティー"""",""""緑茶"""",""""水"""",""""ジュース"""",""""コーヒー""""]""	""[""""milk tea"""",""""green tea"""",""""water"""",""""juice"""",""""coffee""""]""	""[""""milk tea"""",""""green tea"""",""""milky"""",""""monkey"""",""""Monday""""]""	[]	[]"
100494	1	cry	泣く	to have tears from your eyes	The baby will cry soon.	その赤ちゃんはもうすぐ泣くでしょう。	verb	1	4	""[""""泣く"""",""""笑う"""",""""走る"""",""""歌う"""",""""話す""""]""	""[""""cry"""",""""laugh"""",""""run"""",""""sing"""",""""speak""""]""	""[""""cry"""",""""climb"""",""""cloud"""",""""crowd"""",""""dry""""]""	[]	""[{""""word"""":""""laugh"""",""""note"""":""""泣くの反対に近い基本語""""}]"""
100495	1	fifteen	15	the number 15	I have fifteen pencils.	私は15本のえんぴつを持っています。	number	1	3	""[""""15"""",""""13"""",""""14"""",""""16"""",""""17""""]""	""[""""fifteen"""",""""thirteen"""",""""fourteen"""",""""sixteen"""",""""seventeen""""]""	""[""""fifteen"""",""""fifty"""",""""fourteen"""",""""sixteen"""",""""eighteen""""]""	[]	[]"
100496	1	eleven	11	the number after ten	I have eleven pencils.	私はえんぴつを11本持っています。	number	1	3	""[""""11"""",""""12"""",""""13"""",""""14"""",""""15""""]""	""[""""eleven"""",""""twelve"""",""""thirteen"""",""""fourteen"""",""""fifteen""""]""	""[""""eleven"""",""""seven"""",""""lemon"""",""""even"""",""""elephant""""]""	[]	[]"
100497	1	twelve	12	the number after eleven	She is twelve years old.	彼女は12歳です。	number	1	3	""[""""12"""",""""11"""",""""13"""",""""14"""",""""15""""]""	""[""""twelve"""",""""eleven"""",""""thirteen"""",""""fourteen"""",""""fifteen""""]""	""[""""twelve"""",""""twenty"""",""""table"""",""""tiger"""",""""travel""""]""	[]	[]"
100498	1	thousand	千	the number 1,000	There are a thousand stars in the picture.	その絵には千の星があります。	number	2	2	""[""""千"""",""""百"""",""""万"""",""""十"""",""""一""""]""	""[""""thousand"""",""""hundred"""",""""million"""",""""ten"""",""""one""""]""	""[""""thousand"""",""""thunder"""",""""ticket"""",""""teacher"""",""""thirteen""""]""	[]	[]"
100499	1	hundred	百	the number 100	There are one hundred books here.	ここには100冊の本があります。	number	1	4	""[""""百"""",""""千"""",""""十"""",""""一"""",""""百万""""]""	""[""""hundred"""",""""thousand"""",""""ten"""",""""one"""",""""million""""]""	""[""""hundred"""",""""hundreds"""",""""hunter"""",""""handed"""",""""hungry""""]""	[]	[]"
100500	1	October	10月	the tenth month of the year	My school festival is in October.	私の学校祭は10月にあります。	noun	1	3	""[""""10月"""",""""9月"""",""""11月"""",""""8月"""",""""12月""""]""	""[""""October"""",""""September"""",""""November"""",""""August"""",""""December""""]""	""[""""October"""",""""actor"""",""""doctor"""",""""octopus"""",""""Octobers""""]""	[]	[]"
100501	1	thank you for your letter	お手紙をありがとう	a polite phrase to thank someone for a letter	Thank you for your letter, Ken.	ケン、お手紙をありがとう。	phrase	1	2	""[""""お手紙をありがとう"""",""""お電話をありがとう"""",""""プレゼントをありがとう"""",""""メールをありがとう"""",""""お写真をありがとう""""]""	""[""""thank you for your letter"""",""""thank you for your call"""",""""thank you for your present"""",""""thank you for your email"""",""""thank you for your picture""""]""	""[""""thank you for your letter"""",""""thank you for your better"""",""""thank you for your later"""",""""thank you for your teacher"""",""""thank you for your sister""""]""	[]	[]"
100502	1	March	3月	the third month of the year	My birthday is in March.	私の誕生日は3月です。	noun	1	3	""[""""3月"""",""""4月"""",""""5月"""",""""6月"""",""""7月""""]""	""[""""March"""",""""April"""",""""May"""",""""June"""",""""July""""]""	""[""""March"""",""""much"""",""""mark"""",""""match"""",""""math""""]""	[]	[]"
100503	1	today	今日	on this day	I am busy today.	私は今日忙しいです。	adverb	1	5	""[""""今日"""",""""昨日"""",""""明日"""",""""今夜"""",""""朝""""]""	""[""""today"""",""""yesterday"""",""""tomorrow"""",""""tonight"""",""""morning""""]""	""[""""today"""",""""toy"""",""""Tuesday"""",""""away"""",""""okay""""]""	[]	""[{""""word"""":""""yesterday"""",""""note"""":""""前の日""""},{""""word"""":""""tomorrow"""",""""note"""":""""次の日""""}]"""
100504	1	thirty	30	the number 30	There are thirty students in the room.	その部屋には30人の生徒がいます。	number	1	3	""[""""30"""",""""13"""",""""20"""",""""40"""",""""50""""]""	""[""""thirty"""",""""thirteen"""",""""twenty"""",""""forty"""",""""fifty""""]""	""[""""thirty"""",""""thirteen"""",""""forty"""",""""dirty"""",""""thirsty""""]""	[]	[]"
100505	1	afternoon	午後	the time after noon and before evening	I play tennis in the afternoon.	私は午後にテニスをします。	noun	1	4	""[""""午後"""",""""朝"""",""""夜"""",""""夕方"""",""""正午""""]""	""[""""afternoon"""",""""morning"""",""""night"""",""""evening"""",""""noon""""]""	""[""""afternoon"""",""""after"""",""""afraid"""",""""apple"""",""""africa""""]""	[]	[]"
100506	1	night	夜	the dark time after evening	The stars are beautiful at night.	夜、星は美しいです。	noun	1	5	""[""""夜"""",""""朝"""",""""午後"""",""""夕方"""",""""正午""""]""	""[""""night"""",""""morning"""",""""afternoon"""",""""evening"""",""""noon""""]""	""[""""night"""",""""light"""",""""right"""",""""nine"""",""""name""""]""	[]	""[{""""word"""":""""day"""",""""note"""":""""昼ではなく一日全体でも使う基本語""""}]"""
100507	1	Ms.	〜さん	a title for a woman	This is Ms. Brown.	こちらはブラウンさんです。	noun	1	3	""[""""〜さん"""",""""先生"""",""""男の子"""",""""女の子"""",""""友だち""""]""	""[""""Ms."""",""""Mr."""",""""Miss"""",""""Mrs."""",""""sir""""]""	""[""""Ms."""",""""miss"""",""""mess"""",""""mass"""",""""mouse""""]""	[]	[]"
100508	1	very	とても	to a high degree	This book is very good.	この本はとてもよいです。	adverb	1	5	""[""""とても"""",""""少し"""",""""いつも"""",""""早く"""",""""たぶん""""]""	""[""""very"""",""""quite"""",""""always"""",""""early"""",""""maybe""""]""	""[""""very"""",""""berry"""",""""ferry"""",""""vary"""",""""vest""""]""	""[{""""word"""":""""really"""",""""note"""":""""会話でよく使う近い意味""""}]""	[]"
100509	1	into	〜の中へ	to the inside of something	The cat ran into the room.	その猫は部屋の中へ走って入りました。	preposition	2	4	""[""""〜の中へ"""",""""〜の上に"""",""""〜の下に"""",""""〜の後ろに"""",""""〜の前に""""]""	""[""""into"""",""""onto"""",""""under"""",""""behind"""",""""before""""]""	""[""""into"""",""""inside"""",""""under"""",""""onto"""",""""in""""]""	""[{""""word"""":""""inside"""",""""note"""":""""前置詞では into より少し意味が広い""""}]""	""[{""""word"""":""""out of"""",""""note"""":""""外へ出て""""}]"""
100510	1	with	〜といっしょに	together with someone or something	I went to the park with my friend.	私は友だちといっしょに公園へ行きました。	preposition	1	5	""[""""〜といっしょに"""",""""〜のために"""",""""〜から"""",""""〜まで"""",""""〜について""""]""	""[""""with"""",""""for"""",""""from"""",""""to"""",""""about""""]""	""[""""with"""",""""wish"""",""""width"""",""""win"""",""""week""""]""	""[{""""word"""":""""together with"""",""""note"""":""""少しかたい言い方""""}]""	""[{""""word"""":""""without"""",""""note"""":""""〜なしで""""}]"""
100511	1	pen	ペン	a tool for writing with ink	This pen is blue.	このペンは青いです。	noun	1	5	""[""""ペン"""",""""えんぴつ"""",""""ノート"""",""""消しゴム"""",""""定規""""]""	""[""""pen"""",""""pencil"""",""""notebook"""",""""eraser"""",""""ruler""""]""	""[""""pen"""",""""pan"""",""""pin"""",""""ten"""",""""hen""""]""	[]	[]"
100512	1	pencil	えんぴつ	a tool for writing or drawing	I have a new pencil.	私は新しいえんぴつを持っています。	noun	1	5	""[""""えんぴつ"""",""""ペン"""",""""ノート"""",""""消しゴム"""",""""定規""""]""	""[""""pencil"""",""""pen"""",""""notebook"""",""""eraser"""",""""ruler""""]""	""[""""pencil"""",""""signal"""",""""simple"""",""""people"""",""""table""""]""	[]	[]"
100513	1	knife	ナイフ	a tool for cutting	Be careful with this knife.	このナイフに気をつけてください。	noun	2	4	""[""""ナイフ"""",""""フォーク"""",""""スプーン"""",""""皿"""",""""コップ""""]""	""[""""knife"""",""""fork"""",""""spoon"""",""""plate"""",""""cup""""]""	""[""""knife"""",""""night"""",""""nine"""",""""life"""",""""nice""""]""	[]	[]"
100514	1	spoon	スプーン	a tool for eating or serving food	I eat soup with a spoon.	私はスプーンでスープを食べます。	noun	1	3	""[""""スプーン"""",""""フォーク"""",""""ナイフ"""",""""皿"""",""""コップ""""]""	""[""""spoon"""",""""fork"""",""""knife"""",""""plate"""",""""cup""""]""	""[""""spoon"""",""""spool"""",""""sport"""",""""spin"""",""""stone""""]""	[]	[]"
100515	1	fork	フォーク	a tool with points for eating food	Use a fork for the salad.	サラダにはフォークを使いなさい。	noun	1	3	""[""""フォーク"""",""""スプーン"""",""""ナイフ"""",""""皿"""",""""はし""""]""	""[""""fork"""",""""spoon"""",""""knife"""",""""plate"""",""""chopsticks""""]""	""[""""fork"""",""""form"""",""""four"""",""""walk"""",""""sock""""]""	[]	[]"
100516	1	shirt	シャツ	a piece of clothing for your upper body	He has a blue shirt.	彼は青いシャツを持っています。	noun	1	4	""[""""シャツ"""",""""くつ"""",""""ぼうし"""",""""ズボン"""",""""スカート""""]""	""[""""shirt"""",""""shoes"""",""""hat"""",""""pants"""",""""skirt""""]""	""[""""shirt"""",""""short"""",""""sheet"""",""""ship"""",""""skirt""""]""	[]	[]"
100517	1	roof	屋根	the top cover of a house or building	Snow is on the roof.	雪が屋根の上にあります。	noun	1	2	""[""""屋根"""",""""窓"""",""""ドア"""",""""壁"""",""""床""""]""	""[""""roof"""",""""window"""",""""door"""",""""wall"""",""""floor""""]""	""[""""roof"""",""""room"""",""""root"""",""""rule"""",""""road""""]""	[]	[]"
100518	1	on	〜の上に	in a position above and touching something	The book is on the desk.	その本は机の上にあります。	preposition	1	5	""[""""〜の上に"""",""""〜の下に"""",""""〜の中に"""",""""〜の後ろに"""",""""〜の前に""""]""	""[""""on"""",""""under"""",""""in"""",""""behind"""",""""before""""]""	""[""""on"""",""""in"""",""""up"""",""""at"""",""""off""""]""	[]	""[{""""word"""":""""off"""",""""note"""":""""反対の意味で使うことがある""""}]"""
100519	1	head	頭	the top part of your body with your eyes and mouth	I have a hat on my head.	私は頭に帽子をかぶっています。	noun	1	5	""[""""頭"""",""""顔"""",""""手"""",""""足"""",""""首""""]""	""[""""head"""",""""face"""",""""hand"""",""""foot"""",""""neck""""]""	""[""""head"""",""""hand"""",""""hat"""",""""heart"""",""""red""""]""	[]	[]"
100520	1	about	〜について	on the subject of something	This book is about animals.	この本は動物についてです。	preposition	1	4	""[""""〜について"""",""""〜の下に"""",""""〜の前に"""",""""〜の後に"""",""""〜と一緒に""""]""	""[""""about"""",""""under"""",""""before"""",""""after"""",""""with""""]""	""[""""about"""",""""around"""",""""above"""",""""alive"""",""""abroad""""]""	""[{""""word"""":""""on"""",""""note"""":""""about より使い方が少し限られる""""}]""	[]"
100521	1	throw	投げる	to send something through the air with your hand	Please throw me the ball.	そのボールを私に投げてください。	verb	2	3	""[""""投げる"""",""""取る"""",""""持つ"""",""""落とす"""",""""運ぶ""""]""	""[""""throw"""",""""catch"""",""""hold"""",""""drop"""",""""carry""""]""	""[""""throw"""",""""through"""",""""grow"""",""""slow"""",""""throws""""]""	[]	""[{""""word"""":""""catch"""",""""note"""":""""投げる⇔受け取る""""}]"""
100522	1	doll	人形	a toy that looks like a person	She has a cute doll.	彼女はかわいい人形を持っています。	noun	1	2	""[""""人形"""",""""ボール"""",""""箱"""",""""自転車"""",""""時計""""]""	""[""""doll"""",""""ball"""",""""box"""",""""bike"""",""""clock""""]""	""[""""doll"""",""""dog"""",""""door"""",""""ball"""",""""dawn""""]""	[]	[]"
100523	1	doctor	医者	a person who helps sick people	My mother is a doctor.	私の母は医者です。	noun	1	4	""[""""医者"""",""""先生"""",""""看護師"""",""""料理人"""",""""運転手""""]""	""[""""doctor"""",""""teacher"""",""""nurse"""",""""cook"""",""""driver""""]""	""[""""doctor"""",""""daughter"""",""""dollar"""",""""soccer"""",""""actor""""]""	[]	[]"
100524	1	chopsticks	はし	two sticks used for eating	I can use chopsticks well.	私ははしを上手に使えます。	noun	1	2	""[""""はし"""",""""皿"""",""""茶わん"""",""""スプーン"""",""""フォーク""""]""	""[""""chopsticks"""",""""plate"""",""""bowl"""",""""spoon"""",""""fork""""]""	""[""""chopsticks"""",""""chocolate"""",""""shop"""",""""clock"""",""""chips""""]""	[]	[]"
100525	1	eight	8	the number after seven	I have eight pencils.	私はえんぴつを8本持っています。	number	1	5	""[""""8"""",""""7"""",""""9"""",""""10"""",""""6""""]""	""[""""eight"""",""""seven"""",""""nine"""",""""ten"""",""""six""""]""	""[""""eight"""",""""ate"""",""""age"""",""""aid"""",""""late""""]""	[]	[]"
100526	1	twenty	20	the number after nineteen	There are twenty students in my class.	私のクラスには20人の生徒がいます。	number	1	4	""[""""20"""",""""12"""",""""30"""",""""15"""",""""18""""]""	""[""""twenty"""",""""twelve"""",""""thirty"""",""""fifteen"""",""""eighteen""""]""	""[""""twenty"""",""""plenty"""",""""twenty-one"""",""""twelve"""",""""twice""""]""	[]	[]"
100527	1	bike	自転車	a two-wheeled vehicle you ride	He goes to school by bike.	彼は自転車で学校に行きます。	noun	1	5	""[""""自転車"""",""""車"""",""""バス"""",""""電車"""",""""船""""]""	""[""""bike"""",""""car"""",""""bus"""",""""train"""",""""boat""""]""	""[""""bike"""",""""back"""",""""bake"""",""""book"""",""""like""""]""	""[{""""word"""":""""bicycle"""",""""note"""":""""少しかたい言い方""""}]""	[]"
100528	1	thirteen	13	the number after twelve	I have thirteen pencils.	私は13本のえんぴつを持っています。	number	1	3	""[""""13"""",""""12"""",""""14"""",""""15"""",""""16""""]""	""[""""thirteen"""",""""twelve"""",""""fourteen"""",""""fifteen"""",""""sixteen""""]""	""[""""thirteen"""",""""thirty"""",""""fourteen"""",""""fifteen"""",""""thirteen?""""]""	[]	[]"
100529	1	high	高い	far above the ground	That mountain is high.	あの山は高いです。	adjective	1	4	""[""""高い"""",""""低い"""",""""長い"""",""""広い"""",""""重い""""]""	""[""""high"""",""""low"""",""""long"""",""""wide"""",""""heavy""""]""	""[""""high"""",""""hide"""",""""hill"""",""""hike"""",""""hat""""]""	""[{""""word"""":""""tall"""",""""note"""":""""人や木などの高さでよく使う""""}]""	""[{""""word"""":""""low"""",""""note"""":""""高さが低い""""}]"""
100530	1	dollar	ドル	money used in some countries	This bag is ten dollars.	このかばんは10ドルです。	noun	1	3	""[""""ドル"""",""""円"""",""""ポンド"""",""""ユーロ"""",""""セント""""]""	""[""""dollar"""",""""yen"""",""""pound"""",""""euro"""",""""cent""""]""	""[""""dollar"""",""""collar"""",""""color"""",""""doctor"""",""""door""""]""	[]	[]"
100531	1	America	アメリカ	a country in North America	My uncle lives in America.	私のおじはアメリカに住んでいます。	noun	1	5	""[""""アメリカ"""",""""イギリス"""",""""日本"""",""""中国"""",""""カナダ""""]""	""[""""America"""",""""England"""",""""Japan"""",""""China"""",""""Canada""""]""	""[""""America"""",""""Africa"""",""""camera"""",""""animal"""",""""apron""""]""	[]	[]"
100532	1	think	考える	to use your mind	I think this book is good.	私はこの本はよいと思います。	verb	1	5	""[""""考える"""",""""知る"""",""""話す"""",""""作る"""",""""使う""""]""	""[""""think"""",""""know"""",""""speak"""",""""make"""",""""use""""]""	""[""""think"""",""""thank"""",""""thing"""",""""sink"""",""""wink""""]""	[]	[]"
100533	1	paint	絵の具	color used for making pictures	The paint is on the table.	その絵の具はテーブルの上にあります。	noun	2	3	""[""""絵の具"""",""""紙"""",""""鉛筆"""",""""本"""",""""机""""]""	""[""""paint"""",""""paper"""",""""pencil"""",""""book"""",""""desk""""]""	""[""""paint"""",""""point"""",""""pants"""",""""plate"""",""""page""""]""	[]	[]"
100534	1	soap	せっけん	something used to wash your hands or body	I use soap to wash my hands.	私は手を洗うのにせっけんを使います。	noun	1	3	""[""""せっけん"""",""""みず"""",""""タオル"""",""""シャンプー"""",""""はぶらし""""]""	""[""""soap"""",""""water"""",""""towel"""",""""shampoo"""",""""toothbrush""""]""	""[""""soap"""",""""soup"""",""""sofa"""",""""sock"""",""""soda""""]""	[]	[]"
100535	1	do	する	to perform an action	I do my homework after dinner.	私は夕食のあとで宿題をします。	verb	1	5	""[""""する"""",""""つくる"""",""""みる"""",""""いく"""",""""かく""""]""	""[""""do"""",""""make"""",""""see"""",""""go"""",""""write""""]""	""[""""do"""",""""go"""",""""dog"""",""""day"""",""""did""""]""	[]	[]"
100536	1	great	すばらしい	very good	You did a great job.	あなたはすばらしい仕事をしました。	adjective	1	4	""[""""すばらしい"""",""""かなしい"""",""""いそがしい"""",""""やさしい"""",""""つよい""""]""	""[""""great"""",""""sad"""",""""busy"""",""""kind"""",""""strong""""]""	""[""""great"""",""""green"""",""""gray"""",""""glad"""",""""grade""""]""	""[{""""word"""":""""good"""",""""note"""":""""great のほうがより強い""""}]""	""[{""""word"""":""""bad"""",""""note"""":""""反対の意味""""}]"""
100537	1	baby	赤ちゃん	a very young child	The baby is sleeping.	その赤ちゃんは眠っています。	noun	1	4	""[""""赤ちゃん"""",""""子ども"""",""""男の子"""",""""女の子"""",""""家族""""]""	""[""""baby"""",""""child"""",""""boy"""",""""girl"""",""""family""""]""	""[""""baby"""",""""maybe"""",""""lady"""",""""body"""",""""busy""""]""	[]	[]"
100538	1	floor	床	the flat surface in a room that you walk on	The ball is on the floor.	ボールは床の上にあります。	noun	1	4	""[""""床"""",""""壁"""",""""天井"""",""""机"""",""""いす""""]""	""[""""floor"""",""""wall"""",""""ceiling"""",""""desk"""",""""chair""""]""	""[""""floor"""",""""flower"""",""""four"""",""""fork"""",""""flag""""]""	[]	[]"
100539	1	sweater	セーター	a warm piece of clothing for your upper body	She has a red sweater.	彼女は赤いセーターを持っています。	noun	1	3	""[""""セーター"""",""""シャツ"""",""""コート"""",""""帽子"""",""""くつ""""]""	""[""""sweater"""",""""shirt"""",""""coat"""",""""cap"""",""""shoes""""]""	""[""""sweater"""",""""water"""",""""winter"""",""""sister"""",""""writer""""]""	""[{""""word"""":""""jumper"""",""""note"""":""""英では sweater に近い""""}]""	[]"
100540	1	bath	おふろ	a tub or a time of washing your body in water	I take a bath at night.	私は夜におふろに入ります。	noun	1	3	""[""""おふろ"""",""""ベッド"""",""""いす"""",""""へや"""",""""まど""""]""	""[""""bath"""",""""bed"""",""""chair"""",""""room"""",""""window""""]""	""[""""bath"""",""""back"""",""""band"""",""""math"""",""""path""""]""	[]	[]"
100541	1	rainy	雨の	having a lot of rain	It is rainy today.	今日は雨です。	adjective	1	3	""[""""雨の"""",""""晴れた"""",""""暑い"""",""""寒い"""",""""風の強い""""]""	""[""""rainy"""",""""sunny"""",""""hot"""",""""cold"""",""""windy""""]""	""[""""rainy"""",""""daily"""",""""really"""",""""ready"""",""""rain""""]""	[]	""[{""""word"""":""""sunny"""",""""note"""":""""晴れている天気""""}]"""
100542	1	rain	雨	water that falls from the sky	We had rain this morning.	今朝、雨が降りました。	noun	1	5	""[""""雨"""",""""雪"""",""""風"""",""""雲"""",""""太陽""""]""	""[""""rain"""",""""snow"""",""""wind"""",""""cloud"""",""""sun""""]""	""[""""rain"""",""""train"""",""""ring"""",""""right"""",""""road""""]""	[]	[]"
100543	1	lake	湖	a large area of water with land around it	We swam in the lake.	私たちは湖で泳ぎました。	noun	1	2	""[""""湖"""",""""川"""",""""海"""",""""池"""",""""島""""]""	""[""""lake"""",""""river"""",""""sea"""",""""pond"""",""""island""""]""	""[""""lake"""",""""rake"""",""""make"""",""""like"""",""""look""""]""	[]	[]"
100544	1	road	道路	a way for cars and people to travel on	This road is very long.	この道路はとても長いです。	noun	1	2	""[""""道路"""",""""橋"""",""""駅"""",""""公園"""",""""建物""""]""	""[""""road"""",""""bridge"""",""""station"""",""""park"""",""""building""""]""	""[""""road"""",""""rode"""",""""row"""",""""load"""",""""red""""]""	[]	[]"
100545	1	socks	靴下	things you wear on your feet inside shoes	My socks are white.	私の靴下は白いです。	noun	1	2	""[""""靴下"""",""""靴"""",""""帽子"""",""""手袋"""",""""シャツ""""]""	""[""""socks"""",""""shoes"""",""""hat"""",""""gloves"""",""""shirt""""]""	""[""""socks"""",""""sock"""",""""box"""",""""rocks"""",""""six""""]""	[]	[]"
100546	1	shoes	くつ	things you wear on your feet	These shoes are new.	このくつは新しいです。	noun	1	3	""[""""くつ"""",""""ぼうし"""",""""シャツ"""",""""ズボン"""",""""くつした""""]""	""[""""shoes"""",""""hat"""",""""shirt"""",""""pants"""",""""socks""""]""	""[""""shoes"""",""""shows"""",""""shop"""",""""shorts"""",""""sheep""""]""	[]	[]"
100547	1	milk	牛乳	a white drink from cows	I drink milk every morning.	私は毎朝牛乳を飲みます。	noun	1	5	""[""""牛乳"""",""""水"""",""""お茶"""",""""ジュース"""",""""コーヒー""""]""	""[""""milk"""",""""water"""",""""tea"""",""""juice"""",""""coffee""""]""	""[""""milk"""",""""silk"""",""""mill"""",""""map"""",""""mike""""]""	[]	[]"
100548	1	snowy	雪の降る	with a lot of snow	It is snowy today.	今日は雪が降っています。	adjective	2	2	""[""""雪の降る"""",""""雨の"""",""""晴れた"""",""""風の強い"""",""""くもった""""]""	""[""""snowy"""",""""rainy"""",""""sunny"""",""""windy"""",""""cloudy""""]""	""[""""snowy"""",""""slowly"""",""""smoky"""",""""sunny"""",""""sorry""""]""	[]	""[{""""word"""":""""sunny"""",""""note"""":""""天気の反対イメージ""""}]"""
100549	1	rice	ごはん	food made from small white grains	I eat rice for dinner.	私は夕食にごはんを食べます。	noun	1	4	""[""""ごはん"""",""""パン"""",""""肉"""",""""魚"""",""""卵""""]""	""[""""rice"""",""""bread"""",""""meat"""",""""fish"""",""""egg""""]""	""[""""rice"""",""""right"""",""""ride"""",""""nice"""",""""ice""""]""	[]	[]"
100550	1	cloud	雲	a white or gray thing in the sky	That cloud is very big.	あの雲はとても大きいです。	noun	1	3	""[""""雲"""",""""雨"""",""""雪"""",""""風"""",""""空""""]""	""[""""cloud"""",""""rain"""",""""snow"""",""""wind"""",""""sky""""]""	""[""""cloud"""",""""crowd"""",""""clown"""",""""loud"""",""""class""""]""	[]	[]"
100551	1	salt	塩	a white thing used to make food taste better	Please put some salt on the soup.	スープに塩を少しかけてください。	noun	1	3	""[""""塩"""",""""砂糖"""",""""こしょう"""",""""水"""",""""油""""]""	""[""""salt"""",""""sugar"""",""""pepper"""",""""water"""",""""oil""""]""	""[""""salt"""",""""soft"""",""""sock"""",""""seat"""",""""sort""""]""	[]	[]"
100552	1	good luck	がんばって	something you say to wish success	Good luck on your test.	テストがんばって。	phrase	1	3	""[""""がんばって"""",""""こんにちは"""",""""おやすみ"""",""""ありがとう"""",""""ごめんなさい""""]""	""[""""good luck"""",""""hello"""",""""good night"""",""""thank you"""",""""sorry""""]""	""[""""good luck"""",""""good book"""",""""good job"""",""""look up"""",""""duck""""]""	[]	[]"
100553	1	have a nice day	よい一日を	a friendly phrase to wish someone a good day	Have a nice day at school.	学校でよい一日を。	phrase	1	3	""[""""よい一日を"""",""""おやすみ"""",""""こんにちは"""",""""ありがとう"""",""""気をつけて""""]""	""[""""have a nice day"""",""""good night"""",""""hello"""",""""thank you"""",""""be careful""""]""	""[""""have a nice day"""",""""have a good day"""",""""have a big day"""",""""have a new day"""",""""have a busy day""""]""	""[{""""word"""":""""have a good day"""",""""note"""":""""ほぼ同じ意味の表現""""}]""	[]"
100554	1	have a nice weekend	よい週末を	a phrase to say before the weekend	See you on Monday. Have a nice weekend.	月曜日に会いましょう。よい週末を。	phrase	1	2	""[""""よい週末を"""",""""おはよう"""",""""こんにちは"""",""""おやすみ"""",""""気をつけて""""]""	""[""""have a nice weekend"""",""""good morning"""",""""hello"""",""""good night"""",""""take care""""]""	""[""""have a nice weekend"""",""""have a nice day"""",""""have a good weekend"""",""""have a nice evening"""",""""have a good day""""]""	[]	[]"
100555	1	have a good night's sleep	よく眠る	to sleep well at night	I always have a good night's sleep after soccer practice.	私はサッカーの練習のあと、いつもよく眠ります。	verb	1	2	""[""""よく眠る"""",""""早く起きる"""",""""朝ごはんを食べる"""",""""学校へ行く"""",""""宿題をする""""]""	""[""""have a good night's sleep"""",""""get up early"""",""""eat breakfast"""",""""go to school"""",""""do homework""""]""	""[""""have a good night's sleep"""",""""have a good day"""",""""have a nice trip"""",""""have a cold"""",""""have lunch""""]""	[]	[]"
100556	1	name	名前	the word people use to call a person or thing	My name is Ken.	私の名前はケンです。	noun	1	5	""[""""名前"""",""""年齢"""",""""国"""",""""クラス"""",""""住所""""]""	""[""""name"""",""""age"""",""""country"""",""""class"""",""""address""""]""	""[""""name"""",""""game"""",""""same"""",""""came"""",""""make""""]""	[]	[]"
100557	1	not	〜でない	used to make a word or sentence negative	This book is not new.	この本は新しくありません。	adverb	1	5	""[""""〜でない"""",""""とても"""",""""いつも"""",""""ここに"""",""""すぐに""""]""	""[""""not"""",""""very"""",""""always"""",""""here"""",""""soon""""]""	""[""""not"""",""""hot"""",""""lot"""",""""net"""",""""nut""""]""	[]	[]"
100558	1	homework	宿題	school work to do at home	I do my homework after dinner.	私は夕食のあとに宿題をします。	noun	1	4	""[""""宿題"""",""""授業"""",""""テスト"""",""""質問"""",""""教科書""""]""	""[""""homework"""",""""class"""",""""test"""",""""question"""",""""textbook""""]""	""[""""homework"""",""""housework"""",""""hard work"""",""""hallway"""",""""hotdog""""]""	[]	[]"
100559	1	banana	バナナ	a long yellow fruit	She eats a banana in the morning.	彼女は朝にバナナを食べます。	noun	1	4	""[""""バナナ"""",""""りんご"""",""""ぶどう"""",""""もも"""",""""オレンジ""""]""	""[""""banana"""",""""apple"""",""""grape"""",""""peach"""",""""orange""""]""	""[""""banana"""",""""bandana"""",""""panda"""",""""Canada"""",""""camera""""]""	[]	[]"
100560	1	cheese	チーズ	a food made from milk	I like cheese on my pizza.	私はピザの上のチーズが好きです。	noun	1	4	""[""""チーズ"""",""""バター"""",""""パン"""",""""牛乳"""",""""卵""""]""	""[""""cheese"""",""""butter"""",""""bread"""",""""milk"""",""""egg""""]""	""[""""cheese"""",""""chair"""",""""cheap"""",""""chick"""",""""juice""""]""	[]	[]"
100561	1	girl	女の子	a female child	The girl has a red bag.	その女の子は赤いかばんを持っています。	noun	1	5	""[""""女の子"""",""""男の子"""",""""女性"""",""""先生"""",""""友だち""""]""	""[""""girl"""",""""boy"""",""""woman"""",""""teacher"""",""""friend""""]""	""[""""girl"""",""""curl"""",""""goal"""",""""gate"""",""""good""""]""	[]	[]"
100562	1	boy	男の子	a male child	The boy can run fast.	その男の子は速く走れます。	noun	1	5	""[""""男の子"""",""""女の子"""",""""男性"""",""""先生"""",""""友だち""""]""	""[""""boy"""",""""girl"""",""""man"""",""""teacher"""",""""friend""""]""	""[""""boy"""",""""toy"""",""""book"""",""""boat"""",""""ball""""]""	[]	[]"
100563	1	thanks	ありがとう	words used to show you are grateful	Thanks for your help.	手伝ってくれてありがとう。	interjection	1	5	""[""""ありがとう"""",""""こんにちは"""",""""さようなら"""",""""すみません"""",""""お願いします""""]""	""[""""thanks"""",""""hello"""",""""goodbye"""",""""sorry"""",""""please""""]""	""[""""thanks"""",""""think"""",""""thank"""",""""tank"""",""""things""""]""	""[{""""word"""":""""thank you"""",""""note"""":""""よりていねいな言い方""""}]""	[]"
100564	1	pool	プール	a place for swimming	The children are in the pool.	子どもたちはプールにいます。	noun	1	3	""[""""プール"""",""""公園"""",""""図書館"""",""""教室"""",""""駅""""]""	""[""""pool"""",""""park"""",""""library"""",""""classroom"""",""""station""""]""	""[""""pool"""",""""pull"""",""""cool"""",""""poor"""",""""tool""""]""	[]	[]"
100565	1	cup	カップ	a small container for drinking	This cup is clean.	このカップはきれいです。	noun	1	4	""[""""カップ"""",""""皿"""",""""びん"""",""""箱"""",""""皿洗い機""""]""	""[""""cup"""",""""plate"""",""""bottle"""",""""box"""",""""glass""""]""	""[""""cup"""",""""cap"""",""""cut"""",""""cook"""",""""cop""""]""	""[{""""word"""":""""mug"""",""""note"""":""""cupより少し大きいことが多い""""}]""	[]"
100566	1	cap	帽子	a soft hat with a small front part	He has a red cap.	彼は赤い帽子を持っています。	noun	1	3	""[""""帽子"""",""""くつ"""",""""シャツ"""",""""かばん"""",""""手袋""""]""	""[""""cap"""",""""hat"""",""""bag"""",""""shirt"""",""""shoe""""]""	""[""""cap"""",""""cup"""",""""cat"""",""""cab"""",""""can""""]""	[]	[]"
100567	1	any	いくつかの	one or some, not a special one	Do you have any questions?	何か質問はありますか。	determiner	1	5	""[""""いくつかの"""",""""すべての"""",""""この"""",""""あの"""",""""多くの""""]""	""[""""any"""",""""all"""",""""this"""",""""that"""",""""many""""]""	""[""""any"""",""""many"""",""""angry"""",""""Andy"""",""""animal""""]""	[]	[]"
100568	1	sit	座る	to be on a chair or seat	Please sit here.	ここに座ってください。	verb	1	5	""[""""座る"""",""""立つ"""",""""歩く"""",""""走る"""",""""眠る""""]""	""[""""sit"""",""""stand"""",""""walk"""",""""run"""",""""sleep""""]""	""[""""sit"""",""""set"""",""""sat"""",""""six"""",""""seat""""]""	[]	""[{""""word"""":""""stand"""",""""note"""":""""「立つ」""""}]"""
100569	1	fall	落ちる	to drop down from a higher place	Be careful not to fall.	落ちないように気をつけて。	verb	1	4	""[""""落ちる"""",""""上がる"""",""""投げる"""",""""運ぶ"""",""""押す""""]""	""[""""fall"""",""""rise"""",""""throw"""",""""carry"""",""""push""""]""	""[""""fall"""",""""ball"""",""""full"""",""""farm"""",""""four""""]""	[]	""[{""""word"""":""""rise"""",""""note"""":""""上に上がる""""}]"""
