"no	grade	word	japanese	description	sentence	japanese_sentence	pos	difficulty	frequency	""[""""年"""",""""月"""",""""週"""",""""日"""",""""時間""""]""	""[""""year"""",""""month"""",""""week"""",""""day"""",""""hour""""]""	""[""""year"""",""""ear"""",""""near"""",""""dear"""",""""yard""""]""	[]	[]"
400001	4	surround	囲む	to be all around someone or something	Tall trees surround the house.	高い木々がその家を囲んでいる。	verb	3	4	""[""""囲む"""",""""支える"""",""""運ぶ"""",""""隠す"""",""""集める""""]""	""[""""surround"""",""""support"""",""""carry"""",""""hide"""",""""gather""""]""	""[""""surround"""",""""sound"""",""""ground"""",""""around"""",""""surprised""""]""	""[{""""word"""":""""encircle"""",""""note"""":""""ややかたいが、ぐるりと囲む""""}]""	""[{""""word"""":""""free"""",""""note"""":""""囲みから出すイメージ""""}]"""
400002	4	mankind	人類	all people in the world	Science has helped mankind in many ways.	科学は多くの面で人類を助けてきた。	noun	4	3	""[""""人類"""",""""社会"""",""""文化"""",""""自然"""",""""歴史""""]""	""[""""mankind"""",""""society"""",""""culture"""",""""nature"""",""""history""""]""	""[""""mankind"""",""""humankind"""",""""man-made"""",""""mainland"""",""""kindness""""]""	""[{""""word"""":""""humankind"""",""""note"""":""""より中立的な言い方""""}]""	[]"
400003	4	throughout	〜の至る所に	in every part of a place or time	The news spread throughout the town.	その知らせは町中に広まった。	preposition	4	3	""[""""〜の至る所に"""",""""〜の上に"""",""""〜の前に"""",""""〜の近くに"""",""""〜の外に""""]""	""[""""throughout"""",""""above"""",""""before"""",""""near"""",""""outside""""]""	""[""""throughout"""",""""throw"""",""""thought"""",""""through"""",""""throat""""]""	""[{""""word"""":""""all over"""",""""note"""":""""より口語的""""}]""	[]"
400004	4	worldwide	世界中で	in all parts of the world	This song became popular worldwide.	この歌は世界中で人気になった。	adverb	4	3	""[""""世界中で"""",""""国内で"""",""""地元で"""",""""屋外で"""",""""途中で""""]""	""[""""worldwide"""",""""nationwide"""",""""locally"""",""""outdoors"""",""""halfway""""]""	""[""""worldwide"""",""""world"""",""""word"""",""""would"""",""""wild""""]""	""[{""""word"""":""""globally"""",""""note"""":""""ややかたい言い方""""}]""	""[{""""word"""":""""locally"""",""""note"""":""""地域的に""""}]"""
400005	4	tolerate	我慢する	to accept something unpleasant without complaining	I can't tolerate loud music at night.	私は夜の大きな音楽に我慢できない。	verb	4	3	""[""""我慢する"""",""""拒否する"""",""""隠す"""",""""修理する"""",""""説明する""""]""	""[""""tolerate"""",""""refuse"""",""""hide"""",""""repair"""",""""explain""""]""	""[""""tolerate"""",""""celebrate"""",""""generate"""",""""decorate"""",""""separate""""]""	""[{""""word"""":""""stand"""",""""note"""":""""口語で「我慢する」""""},{""""word"""":""""bear"""",""""note"""":""""やや硬めだが基本的""""}]""	""[{""""word"""":""""refuse"""",""""note"""":""""受け入れない""""},{""""word"""":""""reject"""",""""note"""":""""はっきり拒絶する""""}]"""
400006	4	legal	合法の	allowed by the law	It is legal to drive at eighteen here.	ここでは18歳で運転することは合法です。	adjective	3	4	""[""""合法の"""",""""危険な"""",""""私的な"""",""""公平な"""",""""有名な""""]""	""[""""legal"""",""""dangerous"""",""""private"""",""""fair"""",""""famous""""]""	""[""""legal"""",""""eagle"""",""""regal"""",""""local"""",""""equal""""]""	""[{""""word"""":""""lawful"""",""""note"""":""""やや硬いがほぼ同じ意味""""}]""	""[{""""word"""":""""illegal"""",""""note"""":""""法律に反する""""}]"""
400007	4	permission	許可	the right to do something given by someone	You need permission to use this room.	この部屋を使うには許可が必要です。	noun	3	4	""[""""許可"""",""""招待"""",""""提案"""",""""約束"""",""""経験""""]""	""[""""permission"""",""""invitation"""",""""suggestion"""",""""promise"""",""""experience""""]""	""[""""permission"""",""""position"""",""""condition"""",""""decision"""",""""admission""""]""	""[{""""word"""":""""approval"""",""""note"""":""""認めることという意味で近い""""}]""	""[{""""word"""":""""refusal"""",""""note"""":""""許可しないこと""""}]"""
400008	4	rarely	めったに〜ない	not often	I rarely watch TV after dinner.	私は夕食の後にめったにテレビを見ません。	adverb	4	3	""[""""めったに〜ない"""",""""たいてい"""",""""すぐに"""",""""静かに"""",""""たぶん""""]""	""[""""rarely"""",""""usually"""",""""quickly"""",""""quietly"""",""""probably""""]""	""[""""rarely"""",""""really"""",""""early"""",""""slowly"""",""""clearly""""]""	""[{""""word"""":""""seldom"""",""""note"""":""""やや書き言葉的だが意味は近い""""}]""	""[{""""word"""":""""often"""",""""note"""":""""頻度が反対""""}]"""
400009	4	on my own	ひとりで	by myself; without help	I finished the homework on my own.	私はその宿題をひとりで終えました。	adverb	4	3	""[""""ひとりで"""",""""急いで"""",""""家で"""",""""今すぐ"""",""""毎日""""]""	""[""""on my own"""",""""in a hurry"""",""""at home"""",""""right now"""",""""every day""""]""	""[""""on my own"""",""""on my way"""",""""all alone"""",""""on the road"""",""""in my room""""]""	""[{""""word"""":""""by myself"""",""""note"""":""""ほぼ同じ意味""""}]""	""[{""""word"""":""""with others"""",""""note"""":""""ひとりで、の反対方向""""}]"""
400010	4	in addition	その上	also; as an extra point	In addition, we need more time.	その上、私たちにはもっと時間が必要です。	adverb	4	3	""[""""その上"""",""""しかし"""",""""たぶん"""",""""たとえば"""",""""最後に""""]""	""[""""in addition"""",""""however"""",""""probably"""",""""for example"""",""""finally""""]""	""[""""in addition"""",""""in action"""",""""in advance"""",""""in a minute"""",""""in a station""""]""	""[{""""word"""":""""also"""",""""note"""":""""より基本的な語""""},{""""word"""":""""besides"""",""""note"""":""""追加を表す""""}]""	""[{""""word"""":""""however"""",""""note"""":""""逆の流れを示す""""}]"""
400011	4	in addition to	〜に加えて	as well as something else	In addition to math, I study English every day.	数学に加えて、私は毎日英語を勉強します。	preposition	4	3	""[""""〜に加えて"""",""""〜の代わりに"""",""""〜の前に"""",""""〜の後で"""",""""〜の間に""""]""	""[""""in addition to"""",""""instead of"""",""""before"""",""""after"""",""""during""""]""	""[""""in addition to"""",""""in front of"""",""""according to"""",""""next to"""",""""because of""""]""	""[{""""word"""":""""besides"""",""""note"""":""""より短い形で、会話でも使う""""}]""	[]"
400012	4	miracle	奇跡	something wonderful that seems impossible	It was a miracle that he was safe.	彼が無事だったのは奇跡でした。	noun	4	3	""[""""奇跡"""",""""事故"""",""""秘密"""",""""夢"""",""""機会""""]""	""[""""miracle"""",""""accident"""",""""secret"""",""""dream"""",""""chance""""]""	""[""""miracle"""",""""musical"""",""""medical"""",""""memory"""",""""minute""""]""	""[{""""word"""":""""wonder"""",""""note"""":""""やや広い意味で「驚くべきこと」""""}]""	[]"
400013	4	entertain	楽しませる	to make people enjoy themselves	The clown entertained the children.	そのピエロは子どもたちを楽しませました。	verb	4	3	""[""""楽しませる"""",""""招待する"""",""""助ける"""",""""驚かせる"""",""""教える""""]""	""[""""entertain"""",""""invite"""",""""help"""",""""surprise"""",""""teach""""]""	""[""""entertain"""",""""enter"""",""""internet"""",""""interview"""",""""introduce""""]""	""[{""""word"""":""""amuse"""",""""note"""":""""少しかたいが近い意味""""}]""	""[{""""word"""":""""bore"""",""""note"""":""""退屈させる""""}]"""
400014	4	choice	選択	the act of choosing or one thing you can choose	You have a choice between tea and coffee.	あなたは紅茶とコーヒーのどちらかを選べます。	noun	4	3	""[""""選択"""",""""決定"""",""""機会"""",""""方法"""",""""理由""""]""	""[""""choice"""",""""decision"""",""""chance"""",""""method"""",""""reason""""]""	""[""""choice"""",""""voice"""",""""join"""",""""cheese"""",""""chase""""]""	""[{""""word"""":""""option"""",""""note"""":""""選べるものという意味で近い""""}]""	[]"
400015	4	mammal	哺乳類	an animal that feeds milk to its babies	A whale is a mammal.	クジラは哺乳類です。	noun	5	2	""[""""哺乳類"""",""""鳥類"""",""""魚類"""",""""昆虫"""",""""は虫類""""]""	""[""""mammal"""",""""bird"""",""""fish"""",""""insect"""",""""reptile""""]""	""[""""mammal"""",""""manual"""",""""camel"""",""""metal"""",""""animal""""]""	[]	[]"
400016	4	bother	困らせる	to annoy someone or cause trouble	Sorry to bother you during dinner.	夕食中にあなたを困らせてすみません。	verb	4	3	""[""""困らせる"""",""""助ける"""",""""招く"""",""""運ぶ"""",""""調べる""""]""	""[""""bother"""",""""help"""",""""invite"""",""""carry"""",""""check""""]""	""[""""bother"""",""""brother"""",""""border"""",""""mother"""",""""other""""]""	""[{""""word"""":""""annoy"""",""""note"""":""""よりはっきり「いらいらさせる」""""}]""	[]"
400017	4	nuisance	迷惑なもの	something or someone that causes trouble	The loud noise was a nuisance to everyone.	その大きな音はみんなにとって迷惑なものだった。	noun	4	2	""[""""迷惑なもの"""",""""危険なもの"""",""""大切なもの"""",""""静かな場所"""",""""便利な道具""""]""	""[""""nuisance"""",""""danger"""",""""treasure"""",""""silence"""",""""tool""""]""	""[""""nuisance"""",""""newspaper"""",""""musician"""",""""distance"""",""""business""""]""	""[{""""word"""":""""trouble"""",""""note"""":""""より広い意味で使う""""}]""	[]"
400018	4	respond	返答する	to answer or react	Please respond to my question.	私の質問に返答してください。	verb	4	3	""[""""返答する"""",""""説明する"""",""""到着する"""",""""借りる"""",""""選ぶ""""]""	""[""""respond"""",""""explain"""",""""arrive"""",""""borrow"""",""""choose""""]""	""[""""respond"""",""""respect"""",""""result"""",""""report"""",""""repeat""""]""	""[{""""word"""":""""answer"""",""""note"""":""""より基本的な語""""}]""	""[{""""word"""":""""ignore"""",""""note"""":""""返答しない""""}]"""
400019	4	reply	返事をする	to answer someone	I will reply to your email tonight.	今夜あなたのメールに返事をします。	verb	3	4	""[""""返事をする"""",""""招待する"""",""""集める"""",""""比べる"""",""""運ぶ""""]""	""[""""reply"""",""""invite"""",""""collect"""",""""compare"""",""""carry""""]""	""[""""reply"""",""""require"""",""""remain"""",""""replace"""",""""repeat""""]""	""[{""""word"""":""""answer"""",""""note"""":""""より基本的な語""""},{""""word"""":""""respond"""",""""note"""":""""ややかたい語""""}]""	""[{""""word"""":""""ignore"""",""""note"""":""""返事をしない""""}]"""
400020	4	response	返答	an answer to something that is said or done	I got no response to my email.	私はメールに返答をもらえなかった。	noun	4	3	""[""""返答"""",""""質問"""",""""提案"""",""""結果"""",""""意見""""]""	""[""""response"""",""""question"""",""""suggestion"""",""""result"""",""""opinion""""]""	""[""""response"""",""""respect"""",""""report"""",""""resource"""",""""result""""]""	""[{""""word"""":""""reply"""",""""note"""":""""より日常的な語""""}]""	[]"
400021	4	solution	解決策	an answer to a problem	We found a solution to the problem.	私たちはその問題の解決策を見つけた。	noun	4	3	""[""""解決策"""",""""原因"""",""""計画"""",""""規則"""",""""方法""""]""	""[""""solution"""",""""cause"""",""""plan"""",""""rule"""",""""method""""]""	""[""""solution"""",""""station"""",""""situation"""",""""selection"""",""""salution""""]""	""[{""""word"""":""""answer"""",""""note"""":""""problem に対する答え""""}]""	[]"
400022	4	whenever	〜するときはいつでも	at any time when	You can call me whenever you need help.	助けが必要なときはいつでも、私に電話してよいです。	conjunction	4	3	""[""""〜するときはいつでも"""",""""〜なので"""",""""〜する前に"""",""""〜したあとで"""",""""〜するけれども""""]""	""[""""whenever"""",""""because"""",""""before"""",""""after"""",""""although""""]""	""[""""whenever"""",""""whatever"""",""""wherever"""",""""whether"""",""""whoever""""]""	""[{""""word"""":""""anytime"""",""""note"""":""""会話で近い意味""""}]""	[]"
400023	4	refrigerator	冷蔵庫	a machine that keeps food and drinks cold	The milk is in the refrigerator.	牛乳は冷蔵庫の中にあります。	noun	4	3	""[""""冷蔵庫"""",""""電子レンジ"""",""""洗濯機"""",""""エアコン"""",""""炊飯器""""]""	""[""""refrigerator"""",""""microwave"""",""""washer"""",""""heater"""",""""freezer""""]""	""[""""refrigerator"""",""""navigator"""",""""elevator"""",""""generator"""",""""calculator""""]""	""[{""""word"""":""""fridge"""",""""note"""":""""口語でよく使う短い形""""}]""	[]"
400024	4	district	地区	an area of a city or country	This district has many old buildings.	この地区には古い建物がたくさんあります。	noun	4	3	""[""""地区"""",""""地域"""",""""首都"""",""""村"""",""""島""""]""	""[""""district"""",""""region"""",""""capital"""",""""village"""",""""island""""]""	""[""""district"""",""""direct"""",""""desert"""",""""discuss"""",""""respect""""]""	""[{""""word"""":""""area"""",""""note"""":""""より広く一般的な語""""}]""	[]"
400025	4	debate	討論	a formal discussion with different opinions	The students had a debate in class.	生徒たちは授業で討論をしました。	noun	4	3	""[""""討論"""",""""会話"""",""""演説"""",""""報告"""",""""質問""""]""	""[""""debate"""",""""conversation"""",""""speech"""",""""report"""",""""question""""]""	""[""""debate"""",""""date"""",""""debut"""",""""debtor"""",""""update""""]""	""[{""""word"""":""""discussion"""",""""note"""":""""debateより広い意味で使う""""}]""	[]"
400026	4	soldier	兵士	a person in the army	The soldier helped the people in the town.	その兵士は町の人々を助けた。	noun	4	3	""[""""兵士"""",""""警官"""",""""医者"""",""""農家"""",""""船員""""]""	""[""""soldier"""",""""police officer"""",""""doctor"""",""""farmer"""",""""sailor""""]""	""[""""soldier"""",""""shoulder"""",""""holder"""",""""colder"""",""""folder""""]""	""[{""""word"""":""""troop"""",""""note"""":""""集合的に使うことが多い""""}]""	[]"
400027	4	apply	申し込む	to ask for something officially	I want to apply for that job.	私はその仕事に申し込みたい。	verb	4	4	""[""""申し込む"""",""""断る"""",""""選ぶ"""",""""説明する"""",""""訪れる""""]""	""[""""apply"""",""""refuse"""",""""choose"""",""""explain"""",""""visit""""]""	""[""""apply"""",""""supply"""",""""reply"""",""""approve"""",""""arrive""""]""	""[{""""word"""":""""request"""",""""note"""":""""より広い意味で「求める」""""}]""	""[{""""word"""":""""withdraw"""",""""note"""":""""申請を取り下げる""""}]"""
400028	4	demand	要求する	to ask strongly for something	They demand better service.	彼らはよりよいサービスを要求する。	verb	4	3	""[""""要求する"""",""""提案する"""",""""許す"""",""""避ける"""",""""共有する""""]""	""[""""demand"""",""""suggest"""",""""allow"""",""""avoid"""",""""share""""]""	""[""""demand"""",""""depend"""",""""remind"""",""""decide"""",""""demanding""""]""	""[{""""word"""":""""require"""",""""note"""":""""ややかたい語""""}]""	[]"
400029	4	offer	申し出る	to say that you will give or do something	He offered me some help.	彼は私に手助けを申し出た。	verb	4	4	""[""""申し出る"""",""""断る"""",""""選ぶ"""",""""運ぶ"""",""""集める""""]""	""[""""offer"""",""""refuse"""",""""choose"""",""""carry"""",""""collect""""]""	""[""""offer"""",""""order"""",""""open"""",""""often"""",""""office""""]""	""[{""""word"""":""""provide"""",""""note"""":""""ややかたいが「与える」""""}]""	""[{""""word"""":""""refuse"""",""""note"""":""""申し出や依頼を断る""""}]"""
400030	4	charge	請求する	to ask someone to pay money for something	The hotel charged us extra money.	そのホテルは私たちに追加料金を請求した。	verb	5	4	""[""""請求する"""",""""予約する"""",""""配達する"""",""""修理する"""",""""交換する""""]""	""[""""charge"""",""""book"""",""""deliver"""",""""repair"""",""""replace""""]""	""[""""charge"""",""""change"""",""""chart"""",""""chance"""",""""chase""""]""	""[{""""word"""":""""bill"""",""""note"""":""""料金を請求する""""}]""	""[{""""word"""":""""pay"""",""""note"""":""""お金を払う側""""}]"""
400031	4	request	頼む	to ask for something politely	She requested more time.	彼女はもっと時間を頼んだ。	verb	5	3	""[""""頼む"""",""""防ぐ"""",""""比べる"""",""""招待する"""",""""説明する""""]""	""[""""request"""",""""prevent"""",""""compare"""",""""invite"""",""""explain""""]""	""[""""request"""",""""require"""",""""respect"""",""""result"""",""""reject""""]""	""[{""""word"""":""""ask"""",""""note"""":""""より基本的な語""""}]""	""[{""""word"""":""""refuse"""",""""note"""":""""頼みを断る""""}]"""
400032	4	apply for	申し込む	to ask officially for something	She will apply for the job next week.	彼女は来週その仕事に申し込むでしょう。	verb	4	3	""[""""申し込む"""",""""断る"""",""""選ぶ"""",""""説明する"""",""""訪ねる""""]""	""[""""apply for"""",""""look for"""",""""wait for"""",""""pay for"""",""""ask for""""]""	""[""""apply for"""",""""reply to"""",""""arrive at"""",""""agree with"""",""""ask for""""]""	""[{""""word"""":""""request"""",""""note"""":""""より一般的に「求める」""""},{""""word"""":""""seek"""",""""note"""":""""少しかたいが「得ようとする」""""}]""	""[{""""word"""":""""refuse"""",""""note"""":""""申し込みや依頼を断る""""}]"""
400033	4	ever	今までに	at any time in the past	Have you ever seen a whale?	あなたは今までにクジラを見たことがありますか。	adverb	3	5	""[""""今までに"""",""""すでに"""",""""たぶん"""",""""いつも"""",""""決して""""]""	""[""""ever"""",""""already"""",""""often"""",""""never"""",""""always""""]""	""[""""ever"""",""""over"""",""""after"""",""""other"""",""""even""""]""	[]	""[{""""word"""":""""never"""",""""note"""":""""「一度も〜ない」""""}]"""
400034	4	nuclear	核の	related to the energy or power of the atom	The country is building a new nuclear plant.	その国は新しい原子力発電所を建設しています。	adjective	5	2	""[""""核の"""",""""電気の"""",""""化学の"""",""""自然の"""",""""工業の""""]""	""[""""nuclear"""",""""electric"""",""""chemical"""",""""natural"""",""""industrial""""]""	""[""""nuclear"""",""""unclear"""",""""newcomer"""",""""regular"""",""""popular""""]""	""[{""""word"""":""""atomic"""",""""note"""":""""ややかたいが近い意味""""}]""	[]"
400035	4	crisis	危機	a very difficult or dangerous time	The country is facing a serious crisis.	その国は深刻な危機に直面している。	noun	4	3	""[""""危機"""",""""機会"""",""""変化"""",""""計画"""",""""結果""""]""	""[""""crisis"""",""""chance"""",""""change"""",""""plan"""",""""result""""]""	""[""""crisis"""",""""prices"""",""""classes"""",""""crosses"""",""""crashes""""]""	""[{""""word"""":""""emergency"""",""""note"""":""""より差しせまった危険を表すことが多い""""}]""	[]"
400036	4	unpleasant	不快な	not nice or comfortable	We had an unpleasant experience at the hotel.	私たちはそのホテルで不快な経験をした。	adjective	4	3	""[""""不快な"""",""""快適な"""",""""静かな"""",""""安全な"""",""""有名な""""]""	""[""""unpleasant"""",""""comfortable"""",""""quiet"""",""""safe"""",""""famous""""]""	""[""""unpleasant"""",""""important"""",""""different"""",""""understand"""",""""uncertain""""]""	""[{""""word"""":""""nasty"""",""""note"""":""""ややくだけた語""""},{""""word"""":""""uncomfortable"""",""""note"""":""""居心地が悪い感じに近い""""}]""	""[{""""word"""":""""pleasant"""",""""note"""":""""基本的な反対語""""}]"""
400037	4	shame	恥	the feeling of being embarrassed or sorry	He felt shame after telling a lie.	彼はうそをついたあと、恥を感じた。	noun	4	3	""[""""恥"""",""""勇気"""",""""希望"""",""""喜び"""",""""約束""""]""	""[""""shame"""",""""courage"""",""""hope"""",""""joy"""",""""promise""""]""	""[""""shame"""",""""same"""",""""shape"""",""""shake"""",""""share""""]""	""[{""""word"""":""""embarrassment"""",""""note"""":""""人前での恥ずかしさに近い""""}]""	""[{""""word"""":""""pride"""",""""note"""":""""文脈によって反対の気持ちになる""""}]"""
400038	4	harmful	有害な	causing damage or bad effects	Smoking is harmful to your health.	喫煙はあなたの健康に有害です。	adjective	4	3	""[""""有害な"""",""""安全な"""",""""便利な"""",""""静かな"""",""""重要な""""]""	""[""""harmful"""",""""helpful"""",""""careful"""",""""peaceful"""",""""useful""""]""	""[""""harmful"""",""""hopeful"""",""""careful"""",""""armful"""",""""handful""""]""	""[{""""word"""":""""dangerous"""",""""note"""":""""より広く「危険な」""""},{""""word"""":""""bad"""",""""note"""":""""意味は広いが基本的な語""""}]""	""[{""""word"""":""""safe"""",""""note"""":""""安全な""""},{""""word"""":""""harmless"""",""""note"""":""""害のない""""}]"""
400039	4	unfortunate	不運な	having bad luck	It was unfortunate that he missed the bus.	彼がバスに乗り遅れたのは不運でした。	adjective	5	2	""[""""不運な"""",""""幸運な"""",""""危険な"""",""""正直な"""",""""静かな""""]""	""[""""unfortunate"""",""""fortunate"""",""""dangerous"""",""""honest"""",""""quiet""""]""	""[""""unfortunate"""",""""important"""",""""different"""",""""fortunate"""",""""understand""""]""	""[{""""word"""":""""unlucky"""",""""note"""":""""より基本的な語""""}]""	""[{""""word"""":""""fortunate"""",""""note"""":""""幸運な""""},{""""word"""":""""lucky"""",""""note"""":""""より基本的な語""""}]"""
400040	4	unfortunately	残念ながら	in a sad or unlucky way	Unfortunately, we could not win the game.	残念ながら、私たちはその試合に勝てませんでした。	adverb	5	3	""[""""残念ながら"""",""""幸運にも"""",""""静かに"""",""""突然"""",""""ゆっくり""""]""	""[""""unfortunately"""",""""luckily"""",""""quietly"""",""""suddenly"""",""""slowly""""]""	""[""""unfortunately"""",""""importantly"""",""""suddenly"""",""""carefully"""",""""certainly""""]""	""[{""""word"""":""""sadly"""",""""note"""":""""文脈によって近い""""}]""	""[{""""word"""":""""luckily"""",""""note"""":""""幸運にも""""},{""""word"""":""""fortunately"""",""""note"""":""""幸いにも""""}]"""
400041	4	scandal	不祥事	a shocking event that makes people talk badly about someone	The actor was involved in a scandal.	その俳優は不祥事に巻き込まれた。	noun	4	2	""[""""不祥事"""",""""事故"""",""""秘密"""",""""約束"""",""""習慣""""]""	""[""""scandal"""",""""accident"""",""""secret"""",""""promise"""",""""custom""""]""	""[""""scandal"""",""""candle"""",""""handle"""",""""sample"""",""""sandal""""]""	""[{""""word"""":""""disgrace"""",""""note"""":""""より強く、恥になる出来事""""}]""	[]"
400042	4	foundation	基礎	the basic part that supports something	Math is the foundation of science.	数学は科学の基礎です。	noun	4	2	""[""""基礎"""",""""頂上"""",""""表面"""",""""境界"""",""""結果""""]""	""[""""foundation"""",""""top"""",""""surface"""",""""border"""",""""result""""]""	""[""""foundation"""",""""formation"""",""""vacation"""",""""function"""",""""fashion""""]""	""[{""""word"""":""""base"""",""""note"""":""""より日常的な語""""}]""	[]"
400043	4	according to	〜によると	as said by someone or something	According to the news, it will rain tomorrow.	ニュースによると、明日は雨が降るそうです。	preposition	4	3	""[""""〜によると"""",""""〜の前に"""",""""〜の間に"""",""""〜の代わりに"""",""""〜のために""""]""	""[""""according to"""",""""before"""",""""during"""",""""instead of"""",""""because of""""]""	""[""""according to"""",""""account"""",""""across"""",""""around"""",""""against""""]""	[]	[]"
400044	4	element	要素	a basic part of something	Water is an important element of life.	水は生命の重要な要素です。	noun	5	2	""[""""要素"""",""""結果"""",""""方法"""",""""表面"""",""""目的""""]""	""[""""element"""",""""result"""",""""method"""",""""surface"""",""""purpose""""]""	""[""""element"""",""""elegant"""",""""elephant"""",""""relevant"""",""""estimate""""]""	""[{""""word"""":""""factor"""",""""note"""":""""少し広い意味で使う""""}]""	[]"
400045	4	principle	原則	a basic rule or idea	Honesty is an important principle in life.	正直であることは人生で大切な原則です。	noun	5	2	""[""""原則"""",""""結果"""",""""提案"""",""""意見"""",""""方法""""]""	""[""""principle"""",""""result"""",""""proposal"""",""""opinion"""",""""method""""]""	""[""""principle"""",""""principal"""",""""printable"""",""""private"""",""""practical""""]""	""[{""""word"""":""""rule"""",""""note"""":""""より一般的でやさしい語""""}]""	[]"
400046	4	exist	存在する	to be real or present	Do ghosts really exist?	幽霊は本当に存在するのですか。	verb	4	3	""[""""存在する"""",""""増える"""",""""変わる"""",""""続く"""",""""消える""""]""	""[""""exist"""",""""increase"""",""""change"""",""""continue"""",""""disappear""""]""	""[""""exist"""",""""except"""",""""excuse"""",""""expect"""",""""exit""""]""	""[{""""word"""":""""be"""",""""note"""":""""ごく基本的な言い換え""""}]""	""[{""""word"""":""""disappear"""",""""note"""":""""見えなくなる、存在しなくなる""""}]"""
400047	4	deserve	値する	to be good enough for something	You deserve a good rest.	あなたは十分に休むに値します。	verb	5	3	""[""""値する"""",""""避ける"""",""""断る"""",""""支える"""",""""表す""""]""	""[""""deserve"""",""""avoid"""",""""refuse"""",""""support"""",""""express""""]""	""[""""deserve"""",""""observe"""",""""reserve"""",""""preserve"""",""""desert""""]""	[]	[]"
400048	4	rhythm	リズム	a regular beat in music or movement	I like the rhythm of this song.	私はこの歌のリズムが好きです。	noun	5	3	""[""""リズム"""",""""速度"""",""""音量"""",""""拍手"""",""""旋律""""]""	""[""""rhythm"""",""""speed"""",""""volume"""",""""clap"""",""""melody""""]""	""[""""rhythm"""",""""river"""",""""reason"""",""""writer"""",""""lesson""""]""	""[{""""word"""":""""beat"""",""""note"""":""""音楽の拍のこと""""}]""	[]"
400049	4	overcome	克服する	to succeed in dealing with a problem	She worked hard to overcome her fear.	彼女は恐怖を克服するために一生懸命努力した。	verb	4	3	""[""""克服する"""",""""防ぐ"""",""""隠す"""",""""失う"""",""""支える""""]""	""[""""overcome"""",""""prevent"""",""""hide"""",""""lose"""",""""support""""]""	""[""""overcome"""",""""overcook"""",""""overlook"""",""""overload"""",""""overtake""""]""	""[{""""word"""":""""beat"""",""""note"""":""""問題や相手に勝つ感じ""""},{""""word"""":""""conquer"""",""""note"""":""""やや強い表現""""}]""	""[{""""word"""":""""give up"""",""""note"""":""""途中であきらめる""""}]"""
400050	4	ease	和らげる	to make pain or worry less strong	This medicine will ease your pain.	この薬はあなたの痛みを和らげるでしょう。	verb	4	3	""[""""和らげる"""",""""広げる"""",""""集める"""",""""壊す"""",""""運ぶ""""]""	""[""""ease"""",""""spread"""",""""gather"""",""""break"""",""""carry""""]""	""[""""ease"""",""""east"""",""""eat"""",""""eyes"""",""""ice""""]""	""[{""""word"""":""""relieve"""",""""note"""":""""痛みや心配を軽くする""""}]""	""[{""""word"""":""""worsen"""",""""note"""":""""悪化させる""""}]"""
400051	4	on account of	〜のために	because of something	The game was canceled on account of the rain.	その試合は雨のために中止された。	preposition	4	2	""[""""〜のために"""",""""〜の前に"""",""""〜の後で"""",""""〜の代わりに"""",""""〜と一緒に""""]""	""[""""on account of"""",""""before"""",""""after"""",""""instead of"""",""""with""""]""	""[""""on account of"""",""""on top of"""",""""out of"""",""""because of"""",""""in front of""""]""	""[{""""word"""":""""because of"""",""""note"""":""""最も基本的な言い方""""},{""""word"""":""""due to"""",""""note"""":""""ややかたい表現""""}]""	[]"
400052	4	come of age	成人する	to become legally an adult	In Japan, people come of age at eighteen.	日本では、人は18歳で成人する。	verb	4	2	""[""""成人する"""",""""成長する"""",""""卒業する"""",""""結婚する"""",""""就職する""""]""	""[""""come of age"""",""""grow up"""",""""graduate"""",""""get married"""",""""get a job""""]""	""[""""come of age"""",""""come on stage"""",""""come back home"""",""""call my name"""",""""go away""""]""	""[{""""word"""":""""become an adult"""",""""note"""":""""意味が近い表現""""}]""	[]"
400053	4	by the time	〜するまでに	not later than when something happens	By the time I got home, it was dark.	家に着くまでに、暗くなっていた。	conjunction	4	3	""[""""〜するまでに"""",""""〜の間に"""",""""〜のあとで"""",""""〜の前に"""",""""〜のために""""]""	""[""""by the time"""",""""during"""",""""after"""",""""before"""",""""for""""]""	""[""""by the time"""",""""buy the ticket"""",""""bite the lime"""",""""find the line"""",""""ride the bike""""]""	[]	[]"
400054	4	in advance	前もって	before something happens	Please book your ticket in advance.	前もってチケットを予約してください。	adverb	4	3	""[""""前もって"""",""""すぐに"""",""""たいてい"""",""""突然"""",""""ゆっくり""""]""	""[""""in advance"""",""""right away"""",""""usually"""",""""suddenly"""",""""slowly""""]""	""[""""in advance"""",""""in a dance"""",""""in the van"""",""""on the bench"""",""""at a glance""""]""	""[{""""word"""":""""beforehand"""",""""note"""":""""より書き言葉でも使う""""}]""	""[{""""word"""":""""later"""",""""note"""":""""後で""""}]"""
400055	4	prior	前の	earlier in time or order	I had a prior plan that day.	その日は前の予定がありました。	adjective	4	2	""[""""前の"""",""""次の"""",""""最後の"""",""""短い"""",""""重要な""""]""	""[""""prior"""",""""next"""",""""final"""",""""short"""",""""important""""]""	""[""""prior"""",""""prize"""",""""proud"""",""""player"""",""""pilot""""]""	""[{""""word"""":""""previous"""",""""note"""":""""より一般的な語""""}]""	""[{""""word"""":""""next"""",""""note"""":""""時間や順序で次の""""}]"""
400056	4	membership	会員資格	the state of being a member of a group	The club offers free membership to students.	そのクラブは学生に無料の会員資格を提供しています。	noun	4	2	""[""""会員資格"""",""""招待"""",""""予約"""",""""経験"""",""""責任""""]""	""[""""membership"""",""""invitation"""",""""reservation"""",""""experience"""",""""responsibility""""]""	""[""""membership"""",""""member"""",""""message"""",""""leadership"""",""""friendship""""]""	[]	[]"
400057	4	unity	団結	the state of being together as one	The team showed unity during the game.	そのチームは試合中に団結を見せました。	noun	4	2	""[""""団結"""",""""努力"""",""""自由"""",""""平和"""",""""文化""""]""	""[""""unity"""",""""effort"""",""""freedom"""",""""peace"""",""""culture""""]""	""[""""unity"""",""""unique"""",""""union"""",""""usual"""",""""community""""]""	""[{""""word"""":""""togetherness"""",""""note"""":""""一緒にいる感じ""""}]""	""[{""""word"""":""""division"""",""""note"""":""""分裂・不一致""""}]"""
400058	4	poverty	貧困	the state of being very poor	Many children still live in poverty.	今でも多くの子どもたちが貧困の中で暮らしています。	noun	4	3	""[""""貧困"""",""""富"""",""""病気"""",""""失業"""",""""危険""""]""	""[""""poverty"""",""""wealth"""",""""illness"""",""""unemployment"""",""""danger""""]""	""[""""poverty"""",""""property"""",""""popular"""",""""powerful"""",""""poverty-stricken""""]""	""[{""""word"""":""""hardship"""",""""note"""":""""苦しい生活という意味で近い""""}]""	""[{""""word"""":""""wealth"""",""""note"""":""""お金や財産が多いこと""""}]"""
400059	4	similarity	類似	the state of being almost the same	I found a similarity between the two pictures.	私はその2枚の写真の間に類似点を見つけました。	noun	4	2	""[""""類似"""",""""違い"""",""""変化"""",""""理由"""",""""結果""""]""	""[""""similarity"""",""""difference"""",""""change"""",""""reason"""",""""result""""]""	""[""""similarity"""",""""security"""",""""activity"""",""""community"""",""""ability""""]""	""[{""""word"""":""""likeness"""",""""note"""":""""やややさしい語で「似ていること」""""}]""	""[{""""word"""":""""difference"""",""""note"""":""""異なっている点""""}]"""
400060	4	presence	存在	the fact of being in a place	Her presence made me feel safe.	彼女がそこにいることで、私は安心しました。	noun	4	3	""[""""存在"""",""""不在"""",""""沈黙"""",""""変化"""",""""到着""""]""	""[""""presence"""",""""absence"""",""""silence"""",""""change"""",""""arrival""""]""	""[""""presence"""",""""presents"""",""""pleasant"""",""""preference"""",""""princess""""]""	""[{""""word"""":""""existence"""",""""note"""":""""「存在」という意味で近い""""}]""	""[{""""word"""":""""absence"""",""""note"""":""""その場にいないこと""""}]"""
400061	4	faith	信頼	strong belief or trust in someone or something	She has faith in her team.	彼女は自分のチームを信頼している。	noun	4	3	""[""""信頼"""",""""希望"""",""""努力"""",""""経験"""",""""約束""""]""	""[""""faith"""",""""trust"""",""""effort"""",""""promise"""",""""experience""""]""	""[""""faith"""",""""face"""",""""fate"""",""""fifth"""",""""late""""]""	""[{""""word"""":""""trust"""",""""note"""":""""より日常的な語""""}]""	""[{""""word"""":""""doubt"""",""""note"""":""""確信や信頼がないこと""""}]"""
400062	4	underground	地下の	under the ground	We took the underground train to the museum.	私たちは博物館まで地下鉄に乗った。	adjective	4	3	""[""""地下の"""",""""地上の"""",""""遠くの"""",""""静かな"""",""""安全な""""]""	""[""""underground"""",""""outdoor"""",""""central"""",""""local"""",""""modern""""]""	""[""""underground"""",""""understand"""",""""underline"""",""""background"""",""""playground""""]""	""[{""""word"""":""""subway"""",""""note"""":""""名詞では「地下鉄」""""}]""	""[{""""word"""":""""aboveground"""",""""note"""":""""地上の""""}]"""
400063	4	lean	寄りかかる	to bend or move your body against something for support	Do not lean on the door.	ドアにもたれかからないでください。	verb	4	3	""[""""寄りかかる"""",""""押す"""",""""引く"""",""""運ぶ"""",""""集める""""]""	""[""""lean"""",""""push"""",""""pull"""",""""carry"""",""""gather""""]""	""[""""lean"""",""""learn"""",""""line"""",""""lead"""",""""lane""""]""	""[{""""word"""":""""rest"""",""""note"""":""""文脈によって近い""""}]""	""[{""""word"""":""""stand"""",""""note"""":""""寄りかからず立つ""""}]"""
400064	4	fold	折る	to bend something so that one part covers another part	Please fold the paper in half.	紙を半分に折ってください。	verb	4	3	""[""""折る"""",""""切る"""",""""貼る"""",""""破る"""",""""洗う""""]""	""[""""fold"""",""""cut"""",""""paste"""",""""tear"""",""""wash""""]""	""[""""fold"""",""""cold"""",""""gold"""",""""hold"""",""""sold""""]""	""[{""""word"""":""""bend"""",""""note"""":""""曲げるという近い意味""""}]""	""[{""""word"""":""""unfold"""",""""note"""":""""折ったものを広げる""""}]"""
400065	4	sake	目的	a purpose or reason for doing something	He studied hard for his family's sake.	彼は家族のために一生懸命勉強した。	noun	5	2	""[""""目的"""",""""理由"""",""""方法"""",""""結果"""",""""計画""""]""	""[""""sake"""",""""reason"""",""""method"""",""""result"""",""""plan""""]""	""[""""sake"""",""""shake"""",""""sale"""",""""same"""",""""snake""""]""	""[{""""word"""":""""purpose"""",""""note"""":""""より一般的に使う語""""},{""""word"""":""""reason"""",""""note"""":""""文脈によって近い""""}]""	[]"
400066	4	superior	より優れた	better than another person or thing	This model is superior to the old one.	この型は古いものより優れています。	adjective	5	2	""[""""より優れた"""",""""より遅い"""",""""より安い"""",""""より重い"""",""""より短い""""]""	""[""""superior"""",""""slower"""",""""cheaper"""",""""heavier"""",""""shorter""""]""	""[""""superior"""",""""support"""",""""supply"""",""""surprise"""",""""similar""""]""	""[{""""word"""":""""better"""",""""note"""":""""より基本的な語""""}]""	""[{""""word"""":""""inferior"""",""""note"""":""""質や程度が下の""""}]"""
400067	4	mass	大量	a large amount of something	A mass of clouds covered the sky.	たくさんの雲が空をおおった。	noun	4	3	""[""""大量"""",""""少量"""",""""部分"""",""""表面"""",""""中心""""]""	""[""""mass"""",""""piece"""",""""edge"""",""""point"""",""""side""""]""	""[""""mass"""",""""mess"""",""""math"""",""""map"""",""""mouse""""]""	""[{""""word"""":""""amount"""",""""note"""":""""より一般的な語""""},{""""word"""":""""quantity"""",""""note"""":""""ややかたい語""""}]""	""[{""""word"""":""""little"""",""""note"""":""""量が少ないこと""""}]"""
400068	4	substantial	かなりの	large in amount or size	They made a substantial profit this year.	彼らは今年かなりの利益を上げた。	adjective	5	2	""[""""かなりの"""",""""わずかな"""",""""急な"""",""""静かな"""",""""安全な""""]""	""[""""substantial"""",""""slight"""",""""rapid"""",""""quiet"""",""""safe""""]""	""[""""substantial"""",""""special"""",""""sudden"""",""""successful"""",""""important""""]""	""[{""""word"""":""""considerable"""",""""note"""":""""量や程度がかなり大きい""""},{""""word"""":""""large"""",""""note"""":""""より基本的な語""""}]""	""[{""""word"""":""""slight"""",""""note"""":""""量や程度が小さい""""}]"""
400069	4	disaster	災害	a very bad event causing great damage	The earthquake was a terrible disaster.	その地震はひどい災害だった。	noun	4	4	""[""""災害"""",""""事故"""",""""計画"""",""""試合"""",""""旅行""""]""	""[""""disaster"""",""""accident"""",""""project"""",""""match"""",""""trip""""]""	""[""""disaster"""",""""discover"""",""""distance"""",""""discuss"""",""""doctor""""]""	""[{""""word"""":""""calamity"""",""""note"""":""""ややかたいが近い意味""""}]""	[]"
400070	4	explosion	爆発	a sudden loud burst	The explosion was heard across the town.	その爆発は町じゅうに聞こえた。	noun	4	3	""[""""爆発"""",""""衝突"""",""""火事"""",""""地震"""",""""事故""""]""	""[""""explosion"""",""""collision"""",""""fire"""",""""earthquake"""",""""accident""""]""	""[""""explosion"""",""""expression"""",""""excursion"""",""""explanation"""",""""extension""""]""	""[{""""word"""":""""blast"""",""""note"""":""""より短く日常的な語""""}]""	[]"
400071	4	revolution	革命	a great change in a country or society	The book tells the story of the French Revolution.	その本はフランス革命の話を伝えている。	noun	5	2	""[""""革命"""",""""発明"""",""""発見"""",""""発展"""",""""改革""""]""	""[""""revolution"""",""""invention"""",""""discovery"""",""""development"""",""""reform""""]""	""[""""revolution"""",""""resolution"""",""""relation"""",""""revelation"""",""""reservation""""]""	[]	[]"
400072	4	project	計画	a piece of work planned for a purpose	Our class started a new project today.	私たちのクラスは今日、新しい計画を始めました。	noun	4	3	""[""""計画"""",""""経験"""",""""意見"""",""""方法"""",""""結果""""]""	""[""""project"""",""""report"""",""""meeting"""",""""lesson"""",""""result""""]""	""[""""project"""",""""protect"""",""""product"""",""""progress"""",""""promise""""]""	""[{""""word"""":""""plan"""",""""note"""":""""より一般的な語""""}]""	[]"
400073	4	shock	衝撃	a strong feeling of surprise or upset	The news gave everyone a shock.	その知らせはみんなに衝撃を与えました。	noun	4	3	""[""""衝撃"""",""""希望"""",""""努力"""",""""提案"""",""""習慣""""]""	""[""""shock"""",""""hope"""",""""effort"""",""""advice"""",""""custom""""]""	""[""""shock"""",""""shop"""",""""shot"""",""""sock"""",""""shut""""]""	""[{""""word"""":""""surprise"""",""""note"""":""""shock のほうが強い""""}]""	[]"
400074	4	triumph	勝利	a great success or victory	The team celebrated its triumph after the game.	そのチームは試合の後で勝利を祝いました。	noun	5	2	""[""""勝利"""",""""失敗"""",""""挑戦"""",""""約束"""",""""景色""""]""	""[""""triumph"""",""""defeat"""",""""challenge"""",""""promise"""",""""view""""]""	""[""""triumph"""",""""triangle"""",""""travel"""",""""trial"""",""""train""""]""	""[{""""word"""":""""victory"""",""""note"""":""""より基本的な語""""},{""""word"""":""""success"""",""""note"""":""""広い意味で使う""""}]""	""[{""""word"""":""""defeat"""",""""note"""":""""敗北""""}]"""
400075	4	chew	かむ	to bite food many times before swallowing	You should chew your food well.	食べ物をよくかむべきです。	verb	4	3	""[""""かむ"""",""""のむ"""",""""なめる"""",""""切る"""",""""焼く""""]""	""[""""chew"""",""""swallow"""",""""lick"""",""""cut"""",""""bake""""]""	""[""""chew"""",""""choose"""",""""chain"""",""""chair"""",""""shoe""""]""	""[{""""word"""":""""bite"""",""""note"""":""""かみつく、または軽くかむ""""}]""	""[{""""word"""":""""swallow"""",""""note"""":""""かまずにのみこむ""""}]"""
400076	4	mosquito	蚊	a small flying insect that bites people	A mosquito bit my arm last night.	昨夜、蚊が私の腕を刺しました。	noun	4	3	""[""""蚊"""",""""ハエ"""",""""ハチ"""",""""チョウ"""",""""クモ""""]""	""[""""mosquito"""",""""fly"""",""""bee"""",""""butterfly"""",""""spider""""]""	""[""""mosquito"""",""""muscle"""",""""museum"""",""""mustard"""",""""misty""""]""	[]	[]"
400077	4	coal	石炭	a hard black rock used for fuel	The train used coal many years ago.	その列車は何年も前に石炭を使っていました。	noun	4	2	""[""""石炭"""",""""石油"""",""""木材"""",""""ガス"""",""""鉄""""]""	""[""""coal"""",""""oil"""",""""wood"""",""""gas"""",""""iron""""]""	""[""""coal"""",""""cold"""",""""code"""",""""corn"""",""""coat""""]""	[]	[]"
400078	4	explode	爆発する	to burst suddenly with a loud noise	The bomb may explode soon.	その爆弾はすぐに爆発するかもしれない。	verb	4	3	""[""""爆発する"""",""""燃える"""",""""落ちる"""",""""壊す"""",""""消える""""]""	""[""""explode"""",""""burn"""",""""drop"""",""""break"""",""""disappear""""]""	""[""""explode"""",""""explore"""",""""explain"""",""""excite"""",""""expand""""]""	""[{""""word"""":""""blow up"""",""""note"""":""""口語で「爆発する」""""}]""	[]"
400079	4	physical	身体の	related to the body	Regular exercise is good for your physical health.	定期的な運動は身体の健康によい。	adjective	4	4	""[""""身体の"""",""""精神の"""",""""個人の"""",""""自然の"""",""""社会の""""]""	""[""""physical"""",""""mental"""",""""personal"""",""""natural"""",""""social""""]""	""[""""physical"""",""""typical"""",""""musical"""",""""critical"""",""""practical""""]""	""[{""""word"""":""""bodily"""",""""note"""":""""ややかたいが「身体の」""""}]""	""[{""""word"""":""""mental"""",""""note"""":""""心・精神に関する""""}]"""
400080	4	organ	臓器	a part of the body such as the heart or lungs	The heart is an important organ.	心臓は大切な臓器です。	noun	4	3	""[""""臓器"""",""""筋肉"""",""""骨"""",""""血管"""",""""皮膚""""]""	""[""""organ"""",""""muscle"""",""""bone"""",""""vein"""",""""skin""""]""	""[""""organ"""",""""orange"""",""""order"""",""""orbit"""",""""origin""""]""	[]	[]"
400081	4	tissue	組織	a group of cells in a living body	The doctor studied the tissue carefully.	医者はその組織を注意深く調べました。	noun	4	3	""[""""組織"""",""""細胞"""",""""血液"""",""""骨"""",""""筋肉""""]""	""[""""tissue"""",""""cell"""",""""blood"""",""""bone"""",""""muscle""""]""	""[""""tissue"""",""""issue"""",""""teacher"""",""""special"""",""""station""""]""	[]	[]"
400082	4	nerve	神経	a part of the body that carries messages	Cold water can affect the nerve.	冷たい水はその神経に影響することがあります。	noun	4	3	""[""""神経"""",""""筋肉"""",""""骨"""",""""血液"""",""""皮膚""""]""	""[""""nerve"""",""""muscle"""",""""bone"""",""""blood"""",""""skin""""]""	""[""""nerve"""",""""serve"""",""""curve"""",""""north"""",""""nurse""""]""	[]	[]"
400083	4	skeleton	骨格	the set of bones in a body	The museum has a dinosaur skeleton.	その博物館には恐竜の骨格があります。	noun	4	3	""[""""骨格"""",""""筋肉"""",""""皮ふ"""",""""内臓"""",""""血液""""]""	""[""""skeleton"""",""""muscle"""",""""skin"""",""""organ"""",""""blood""""]""	""[""""skeleton"""",""""sketch"""",""""special"""",""""section"""",""""signal""""]""	[]	[]"
400084	4	reserve	予約する	to keep a seat, room, or table for later use	We need to reserve a table for dinner.	私たちは夕食のためにテーブルを予約する必要があります。	verb	4	4	""[""""予約する"""",""""注文する"""",""""確認する"""",""""案内する"""",""""準備する""""]""	""[""""reserve"""",""""order"""",""""check"""",""""guide"""",""""prepare""""]""	""[""""reserve"""",""""receive"""",""""result"""",""""review"""",""""reverse""""]""	""[{""""word"""":""""book"""",""""note"""":""""ホテルや席の予約でよく使う""""}]""	""[{""""word"""":""""cancel"""",""""note"""":""""予約を取り消す""""}]"""
400085	4	literature	文学	written works such as novels, poems, and plays	She studies English literature at college.	彼女は大学で英文学を勉強しています。	noun	5	3	""[""""文学"""",""""歴史"""",""""科学"""",""""芸術"""",""""音楽""""]""	""[""""literature"""",""""history"""",""""science"""",""""art"""",""""music""""]""	""[""""literature"""",""""temperature"""",""""creature"""",""""lecture"""",""""feature""""]""	[]	[]"
400086	4	twin	双子	one of two children born at the same time	She has a twin brother.	彼女には双子の兄弟がいます。	noun	4	3	""[""""双子"""",""""親"""",""""先生"""",""""いとこ"""",""""隣人""""]""	""[""""twin"""",""""parent"""",""""teacher"""",""""cousin"""",""""neighbor""""]""	""[""""twin"""",""""twist"""",""""twenty"""",""""train"""",""""team""""]""	[]	[]"
400087	4	employer	雇い主	a person or company that gives people work	Her employer gave her a day off.	彼女の雇い主は彼女に休みを1日くれました。	noun	5	2	""[""""雇い主"""",""""店員"""",""""客"""",""""同僚"""",""""社員""""]""	""[""""employer"""",""""clerk"""",""""customer"""",""""coworker"""",""""employee""""]""	""[""""employer"""",""""employee"""",""""empire"""",""""important"""",""""empty""""]""	""[{""""word"""":""""boss"""",""""note"""":""""より日常的な言い方""""}]""	""[{""""word"""":""""employee"""",""""note"""":""""雇われて働く人""""}]"""
400088	4	disturb	じゃまする	to stop someone from being quiet or peaceful	Please do not disturb me now.	今は私のじゃまをしないでください。	verb	5	2	""[""""じゃまする"""",""""助ける"""",""""招待する"""",""""運ぶ"""",""""選ぶ""""]""	""[""""disturb"""",""""help"""",""""invite"""",""""carry"""",""""choose""""]""	""[""""disturb"""",""""deserve"""",""""discover"""",""""discuss"""",""""destroy""""]""	""[{""""word"""":""""bother"""",""""note"""":""""より口語的""""}]""	""[{""""word"""":""""calm"""",""""note"""":""""落ち着かせる""""}]"""
400089	4	base	土台	the bottom part that supports something	The lamp fell off its base.	そのランプは土台から落ちた。	noun	4	3	""[""""土台"""",""""表面"""",""""角"""",""""列"""",""""底""""]""	""[""""base"""",""""surface"""",""""corner"""",""""line"""",""""bottom""""]""	""[""""base"""",""""face"""",""""case"""",""""pace"""",""""place""""]""	""[{""""word"""":""""bottom"""",""""note"""":""""下の部分という意味で近い""""}]""	[]"
400090	4	intelligence	知能	the ability to learn and understand	Some animals show high intelligence.	動物の中には高い知能を示すものもいる。	noun	5	3	""[""""知能"""",""""勇気"""",""""記憶"""",""""努力"""",""""経験""""]""	""[""""intelligence"""",""""courage"""",""""memory"""",""""effort"""",""""experience""""]""	""[""""intelligence"""",""""interest"""",""""instance"""",""""insect"""",""""inventor""""]""	""[{""""word"""":""""wisdom"""",""""note"""":""""知恵という意味で近いが少し異なる""""}]""	[]"
400091	4	trademark	商標	a name or mark of a company or product	That star is the company's trademark.	その星はその会社の商標です。	noun	5	2	""[""""商標"""",""""契約"""",""""広告"""",""""商品"""",""""工場""""]""	""[""""trademark"""",""""contract"""",""""advertisement"""",""""product"""",""""factory""""]""	""[""""trademark"""",""""trade"""",""""track"""",""""train"""",""""triangle""""]""	[]	[]"
400092	4	split	分ける	to divide something into parts	Let's split the bill.	勘定を分けましょう。	verb	4	3	""[""""分ける"""",""""集める"""",""""運ぶ"""",""""隠す"""",""""選ぶ""""]""	""[""""split"""",""""gather"""",""""carry"""",""""hide"""",""""choose""""]""	""[""""split"""",""""spirit"""",""""spring"""",""""spill"""",""""sport""""]""	""[{""""word"""":""""divide"""",""""note"""":""""より一般的に「分ける」""""}]""	""[{""""word"""":""""join"""",""""note"""":""""「つなげる、合わせる」""""}]"""
400093	4	cheat	だます	to trick someone or break rules unfairly	Don't cheat on the test.	テストでカンニングしてはいけません。	verb	4	3	""[""""だます"""",""""助ける"""",""""招く"""",""""比べる"""",""""数える""""]""	""[""""cheat"""",""""help"""",""""invite"""",""""compare"""",""""count""""]""	""[""""cheat"""",""""cheap"""",""""chain"""",""""sheet"""",""""seat""""]""	""[{""""word"""":""""trick"""",""""note"""":""""人をだますときに近い""""}]""	""[{""""word"""":""""obey"""",""""note"""":""""規則に従う""""}]"""
400094	4	in a word	要するに	used to give a short final answer	In a word, the plan failed.	要するに、その計画は失敗しました。	adverb	4	2	""[""""要するに"""",""""たとえば"""",""""その間に"""",""""突然"""",""""少なくとも""""]""	""[""""in a word"""",""""for example"""",""""meanwhile"""",""""suddenly"""",""""at least""""]""	""[""""in a word"""",""""in the world"""",""""on a wall"""",""""in a week"""",""""in a room""""]""	""[{""""word"""":""""briefly"""",""""note"""":""""短く言えば""""}]""	[]"
400095	4	vivid	鮮やかな	bright, clear, and easy to imagine	She has a vivid memory of that day.	彼女はその日の鮮やかな記憶を持っている。	adjective	4	3	""[""""鮮やかな"""",""""静かな"""",""""暗い"""",""""柔らかい"""",""""狭い""""]""	""[""""vivid"""",""""silent"""",""""dark"""",""""soft"""",""""narrow""""]""	""[""""vivid"""",""""visit"""",""""village"""",""""limit"""",""""video""""]""	""[{""""word"""":""""bright"""",""""note"""":""""色や印象が明るくはっきりしている""""},{""""word"""":""""clear"""",""""note"""":""""はっきりしていて分かりやすい""""}]""	""[{""""word"""":""""dull"""",""""note"""":""""鮮やかでない、ぼんやりした""""}]"""
400096	4	restore	回復させる	to bring back to an earlier or better state	The workers will restore the old bridge.	作業員たちはその古い橋を回復させるだろう。	verb	4	3	""[""""回復させる"""",""""壊す"""",""""運ぶ"""",""""隠す"""",""""選ぶ""""]""	""[""""restore"""",""""destroy"""",""""carry"""",""""hide"""",""""choose""""]""	""[""""restore"""",""""report"""",""""result"""",""""respect"""",""""record""""]""	""[{""""word"""":""""repair"""",""""note"""":""""こわれた物を直すときによく使う""""},{""""word"""":""""recover"""",""""note"""":""""元の状態に戻す・戻る""""}]""	""[{""""word"""":""""destroy"""",""""note"""":""""こわして使えなくする""""}]"""
400097	4	recall	思い出す	to remember something again	I can still recall his face.	私は今でも彼の顔を思い出せる。	verb	4	3	""[""""思い出す"""",""""借りる"""",""""数える"""",""""招く"""",""""比べる""""]""	""[""""recall"""",""""borrow"""",""""count"""",""""invite"""",""""compare""""]""	""[""""recall"""",""""record"""",""""regard"""",""""reply"""",""""remove""""]""	""[{""""word"""":""""remember"""",""""note"""":""""最も基本的な言い方""""}]""	""[{""""word"""":""""forget"""",""""note"""":""""思い出せない、忘れる""""}]"""
400098	4	delivery	配達	the act of taking something to a place	The delivery came this morning.	配達は今朝来ました。	noun	4	3	""[""""配達"""",""""建設"""",""""構造"""",""""注文"""",""""修理""""]""	""[""""delivery"""",""""construction"""",""""structure"""",""""order"""",""""repair""""]""	""[""""delivery"""",""""discovery"""",""""develop"""",""""delight"""",""""director""""]""	""[{""""word"""":""""shipment"""",""""note"""":""""やや書き言葉で、発送・配送の意味""""}]""	[]"
400099	4	construct	建設する	to build something	They will construct a new bridge.	彼らは新しい橋を建設するでしょう。	verb	4	3	""[""""建設する"""",""""破壊する"""",""""修理する"""",""""運ぶ"""",""""設計する""""]""	""[""""construct"""",""""destroy"""",""""repair"""",""""carry"""",""""design""""]""	""[""""construct"""",""""connect"""",""""collect"""",""""correct"""",""""contact""""]""	""[{""""word"""":""""build"""",""""note"""":""""より基本的な語""""}]""	""[{""""word"""":""""destroy"""",""""note"""":""""作る ↔ 壊す""""}]"""
400100	4	structure	構造	the way something is built or arranged	This bridge has a strong structure.	この橋は強い構造をしています。	noun	4	3	""[""""構造"""",""""材料"""",""""表面"""",""""形"""",""""大きさ""""]""	""[""""structure"""",""""material"""",""""surface"""",""""shape"""",""""size""""]""	""[""""structure"""",""""stranger"""",""""student"""",""""stretch"""",""""strict""""]""	""[{""""word"""":""""framework"""",""""note"""":""""骨組みという意味で近い""""}]""	[]"
400101	4	transportation	交通機関	a system for moving people or things from one place to another	Buses are important transportation in this town.	この町ではバスが大切な交通機関です。	noun	4	3	""[""""交通機関"""",""""宿題"""",""""天気"""",""""文化"""",""""試験""""]""	""[""""transportation"""",""""education"""",""""information"""",""""celebration"""",""""conversation""""]""	""[""""transportation"""",""""translation"""",""""transition"""",""""transaction"""",""""tradition""""]""	""[{""""word"""":""""transport"""",""""note"""":""""より短い形で使うことがある""""}]""	[]"
400102	4	commercial	商業の	related to business or making money	This TV show has a short commercial break.	このテレビ番組には短いコマーシャルの休憩があります。	adjective	4	3	""[""""商業の"""",""""伝統的な"""",""""個人的な"""",""""自然の"""",""""歴史的な""""]""	""[""""commercial"""",""""traditional"""",""""personal"""",""""natural"""",""""historical""""]""	""[""""commercial"""",""""common"""",""""command"""",""""correct"""",""""camera""""]""	""[{""""word"""":""""business"""",""""note"""":""""business use で近い意味""""}]""	[]"
400103	4	import	輸入する	to bring goods into a country from another country	Japan imports oil from other countries.	日本はほかの国から石油を輸入する。	verb	4	3	""[""""輸入する"""",""""輸出する"""",""""生産する"""",""""販売する"""",""""運ぶ""""]""	""[""""import"""",""""export"""",""""produce"""",""""sell"""",""""carry""""]""	""[""""import"""",""""report"""",""""support"""",""""airport"""",""""important""""]""	[]	""[{""""word"""":""""export"""",""""note"""":""""外国へ出す""""}]"""
400104	4	purchase	購入する	to buy something	You can purchase tickets online.	オンラインでチケットを購入できます。	verb	4	2	""[""""購入する"""",""""借りる"""",""""売る"""",""""選ぶ"""",""""注文する""""]""	""[""""purchase"""",""""borrow"""",""""sell"""",""""choose"""",""""order""""]""	""[""""purchase"""",""""purpose"""",""""perfect"""",""""person"""",""""purse""""]""	""[{""""word"""":""""buy"""",""""note"""":""""より基本的な語""""}]""	""[{""""word"""":""""sell"""",""""note"""":""""買う⇔売る""""}]"""
400105	4	accidentally	うっかり	by mistake and not on purpose	I accidentally broke the glass.	私はうっかりそのコップを割った。	adverb	4	2	""[""""うっかり"""",""""静かに"""",""""突然"""",""""ゆっくり"""",""""たぶん""""]""	""[""""accidentally"""",""""quietly"""",""""suddenly"""",""""slowly"""",""""probably""""]""	""[""""accidentally"""",""""actually"""",""""carefully"""",""""certainly"""",""""suddenly""""]""	""[{""""word"""":""""by mistake"""",""""note"""":""""同じ意味の表現""""}]""	""[{""""word"""":""""intentionally"""",""""note"""":""""わざと""""}]"""
400106	4	manual	手引書	a book that tells you how to use or do something	I read the manual before using the machine.	私はその機械を使う前に手引書を読みました。	noun	4	3	""[""""手引書"""",""""辞書"""",""""新聞"""",""""地図"""",""""小説""""]""	""[""""manual"""",""""dictionary"""",""""newspaper"""",""""map"""",""""novel""""]""	""[""""manual"""",""""annual"""",""""manner"""",""""animal"""",""""signal""""]""	""[{""""word"""":""""guide"""",""""note"""":""""より一般的な『案内・手引き』""""}]""	[]"
400107	4	thereby	それによって	by that action or result	He studied hard, thereby improving his grades.	彼は一生懸命勉強し、それによって成績を上げました。	adverb	5	2	""[""""それによって"""",""""その後で"""",""""たぶん"""",""""突然"""",""""まもなく""""]""	""[""""thereby"""",""""afterward"""",""""probably"""",""""suddenly"""",""""soon""""]""	""[""""thereby"""",""""therefore"""",""""nearby"""",""""thirteen"""",""""their""""]""	[]	[]"
400108	4	so-called	いわゆる	commonly called in this way	This is the so-called golden rule.	これはいわゆる黄金律です。	adjective	4	3	""[""""いわゆる"""",""""有名な"""",""""普通の"""",""""重要な"""",""""最近の""""]""	""[""""so-called"""",""""famous"""",""""ordinary"""",""""important"""",""""recent""""]""	""[""""so-called"""",""""cold"""",""""sold"""",""""social"""",""""softer""""]""	[]	[]"
400109	4	visible	見える	able to be seen	The moon is visible tonight.	今夜は月が見える。	adjective	4	3	""[""""見える"""",""""動く"""",""""静かな"""",""""危険な"""",""""必要な""""]""	""[""""visible"""",""""active"""",""""quiet"""",""""dangerous"""",""""necessary""""]""	""[""""visible"""",""""vision"""",""""visit"""",""""visitor"""",""""musical""""]""	""[{""""word"""":""""seen"""",""""note"""":""""文脈によっては近い意味""""}]""	""[{""""word"""":""""invisible"""",""""note"""":""""見えない""""}]"""
400110	4	mobile	移動できる	able to move easily	We need a mobile desk for this room.	この部屋には移動できる机が必要です。	adjective	4	3	""[""""移動できる"""",""""安全な"""",""""静かな"""",""""正確な"""",""""有名な""""]""	""[""""mobile"""",""""safe"""",""""quiet"""",""""correct"""",""""famous""""]""	""[""""mobile"""",""""model"""",""""modern"""",""""motel"""",""""moral""""]""	""[{""""word"""":""""movable"""",""""note"""":""""物が動かせるときによく使う""""}]""	""[{""""word"""":""""fixed"""",""""note"""":""""固定された""""}]"""
400111	4	unable	できない	not able to do something	I was unable to open the door.	私はそのドアを開けることができなかった。	adjective	4	3	""[""""できない"""",""""十分な"""",""""有名な"""",""""正直な"""",""""静かな""""]""	""[""""unable"""",""""enough"""",""""famous"""",""""honest"""",""""quiet""""]""	""[""""unable"""",""""enable"""",""""uncle"""",""""angle"""",""""ankle""""]""	[]	""[{""""word"""":""""able"""",""""note"""":""""できる""""}]"""
400112	4	impatient	せっかちな	unable to wait calmly	He became impatient with the long line.	彼は長い列にいらいらした。	adjective	4	3	""[""""せっかちな"""",""""親切な"""",""""正直な"""",""""静かな"""",""""元気な""""]""	""[""""impatient"""",""""honest"""",""""quiet"""",""""active"""",""""kind""""]""	""[""""impatient"""",""""important"""",""""improve"""",""""elephant"""",""""instant""""]""	""[{""""word"""":""""restless"""",""""note"""":""""落ち着かず待てない感じ""""}]""	""[{""""word"""":""""patient"""",""""note"""":""""落ち着いて待てる""""}]"""
400113	4	reliable	信頼できる	able to be trusted	She is a reliable friend.	彼女は信頼できる友達です。	adjective	4	4	""[""""信頼できる"""",""""有名な"""",""""危険な"""",""""退屈な"""",""""丁寧な""""]""	""[""""reliable"""",""""famous"""",""""dangerous"""",""""boring"""",""""polite""""]""	""[""""reliable"""",""""valuable"""",""""available"""",""""reasonable"""",""""recycle""""]""	""[{""""word"""":""""trustworthy"""",""""note"""":""""ややかたいが近い意味""""}]""	""[{""""word"""":""""unreliable"""",""""note"""":""""信頼できない""""}]"""
400114	4	wagon	荷馬車	a vehicle used for carrying things	The farmer loaded hay onto the wagon.	その農家の人は荷馬車に干し草を積んだ。	noun	4	2	""[""""荷馬車"""",""""自転車"""",""""船"""",""""橋"""",""""工場""""]""	""[""""wagon"""",""""bicycle"""",""""boat"""",""""bridge"""",""""factory""""]""	""[""""wagon"""",""""dragon"""",""""button"""",""""window"""",""""water""""]""	""[{""""word"""":""""cart"""",""""note"""":""""小さめの荷車""""}]""	[]"
400115	4	capture	捕らえる	to catch a person or animal	The police tried to capture the thief.	警察はそのどろぼうを捕らえようとした。	verb	4	3	""[""""捕らえる"""",""""逃がす"""",""""隠す"""",""""押す"""",""""運ぶ""""]""	""[""""capture"""",""""release"""",""""hide"""",""""push"""",""""carry""""]""	""[""""capture"""",""""chapter"""",""""cactus"""",""""camera"""",""""campus""""]""	""[{""""word"""":""""catch"""",""""note"""":""""より基本的な語""""}]""	""[{""""word"""":""""release"""",""""note"""":""""自由にする""""}]"""
400116	4	trap	わな	a thing used to catch an animal or person	The mouse was caught in a trap.	そのねずみはわなにかかった。	noun	4	3	""[""""わな"""",""""網"""",""""箱"""",""""ひも"""",""""かご""""]""	""[""""trap"""",""""net"""",""""box"""",""""rope"""",""""cage""""]""	""[""""trap"""",""""track"""",""""trip"""",""""truck"""",""""trace""""]""	[]	[]"
400117	4	hurt	傷つける	to cause pain or injury	Be careful not to hurt your hand.	手を傷つけないように気をつけて。	verb	3	5	""[""""傷つける"""",""""治す"""",""""洗う"""",""""持ち上げる"""",""""守る""""]""	""[""""hurt"""",""""heal"""",""""wash"""",""""lift"""",""""protect""""]""	""[""""hurt"""",""""heart"""",""""hard"""",""""hot"""",""""hat""""]""	""[{""""word"""":""""injure"""",""""note"""":""""ややかたい語""""}]""	""[{""""word"""":""""heal"""",""""note"""":""""傷を治す""""}]"""
400118	4	harm	害	damage or injury	Smoking can cause serious harm.	喫煙は深刻な害を引き起こすことがある。	noun	4	3	""[""""害"""",""""利益"""",""""原因"""",""""方法"""",""""結果""""]""	""[""""harm"""",""""benefit"""",""""cause"""",""""method"""",""""result""""]""	""[""""harm"""",""""hard"""",""""heart"""",""""farm"""",""""calm""""]""	""[{""""word"""":""""damage"""",""""note"""":""""物や状態への害に使いやすい""""}]""	""[{""""word"""":""""benefit"""",""""note"""":""""利益・役に立つこと""""}]"""
400119	4	factor	要因	one of the things that causes a result	Cost is an important factor in our decision.	費用は私たちの決定における重要な要因です。	noun	5	3	""[""""要因"""",""""結果"""",""""目的"""",""""方法"""",""""意見""""]""	""[""""factor"""",""""result"""",""""purpose"""",""""method"""",""""opinion""""]""	""[""""factor"""",""""doctor"""",""""actor"""",""""faster"""",""""vector""""]""	""[{""""word"""":""""cause"""",""""note"""":""""より広い意味での原因""""}]""	[]"
400120	4	fatal	致命的な	causing death or great disaster	The accident was fatal.	その事故は致命的だった。	adjective	5	2	""[""""致命的な"""",""""安全な"""",""""軽い"""",""""突然の"""",""""有名な""""]""	""[""""fatal"""",""""safe"""",""""slight"""",""""sudden"""",""""famous""""]""	""[""""fatal"""",""""final"""",""""metal"""",""""total"""",""""native""""]""	""[{""""word"""":""""deadly"""",""""note"""":""""人を死なせる意味で近い""""}]""	""[{""""word"""":""""safe"""",""""note"""":""""危険や死の心配がない""""}]"""
400121	4	cruel	残酷な	unkind and causing pain to others	It was cruel to laugh at him.	彼を笑うのは残酷だった。	adjective	4	3	""[""""残酷な"""",""""親切な"""",""""正直な"""",""""静かな"""",""""勇敢な""""]""	""[""""cruel"""",""""kind"""",""""honest"""",""""quiet"""",""""brave""""]""	""[""""cruel"""",""""cool"""",""""crawl"""",""""crown"""",""""crew""""]""	""[{""""word"""":""""mean"""",""""note"""":""""口語で「意地悪な」""""}]""	""[{""""word"""":""""kind"""",""""note"""":""""人にやさしい""""}]"""
400122	4	troublesome	面倒な	causing problems or extra work	This math homework is troublesome.	この数学の宿題は面倒だ。	adjective	4	2	""[""""面倒な"""",""""簡単な"""",""""安全な"""",""""有名な"""",""""静かな""""]""	""[""""troublesome"""",""""easy"""",""""safe"""",""""famous"""",""""quiet""""]""	""[""""troublesome"""",""""trouble"""",""""triangle"""",""""travel"""",""""treasure""""]""	""[{""""word"""":""""annoying"""",""""note"""":""""いらいらさせる感じが強い""""},{""""word"""":""""difficult"""",""""note"""":""""「難しい」の意味で近いことがある""""}]""	""[{""""word"""":""""easy"""",""""note"""":""""簡単な""""}]"""
400123	4	focus	集中する	to give your attention to something	Please focus on your work.	自分の仕事に集中してください。	verb	4	4	""[""""集中する"""",""""説明する"""",""""選ぶ"""",""""比べる"""",""""準備する""""]""	""[""""focus"""",""""explain"""",""""choose"""",""""compare"""",""""prepare""""]""	""[""""focus"""",""""famous"""",""""bonus"""",""""forest"""",""""follow""""]""	""[{""""word"""":""""concentrate"""",""""note"""":""""よりフォーマル""""}]""	""[{""""word"""":""""ignore"""",""""note"""":""""注意を向けない""""}]"""
400124	4	funeral	葬式	a ceremony for someone who has died	We went to my grandfather's funeral yesterday.	私たちは昨日、祖父の葬式に行きました。	noun	4	3	""[""""葬式"""",""""結婚式"""",""""会議"""",""""祭り"""",""""試合""""]""	""[""""funeral"""",""""wedding"""",""""meeting"""",""""festival"""",""""match""""]""	""[""""funeral"""",""""general"""",""""mineral"""",""""federal"""",""""camera""""]""	""[{""""word"""":""""burial"""",""""note"""":""""埋葬の意味が強い""""}]""	[]"
400125	4	possibility	可能性	a chance that something may happen	There is a possibility of rain this afternoon.	今日の午後は雨の可能性があります。	noun	4	4	""[""""可能性"""",""""必要"""",""""結果"""",""""方法"""",""""理由""""]""	""[""""possibility"""",""""necessity"""",""""result"""",""""method"""",""""reason""""]""	""[""""possibility"""",""""responsibility"""",""""ability"""",""""activity"""",""""community""""]""	""[{""""word"""":""""chance"""",""""note"""":""""より日常的な語""""}]""	[]"
400126	4	modify	修正する	to change something a little	You should modify your plan a little.	あなたは計画を少し修正したほうがよいです。	verb	4	3	""[""""修正する"""",""""説明する"""",""""選ぶ"""",""""運ぶ"""",""""隠す""""]""	""[""""modify"""",""""explain"""",""""choose"""",""""carry"""",""""hide""""]""	""[""""modify"""",""""notify"""",""""magnify"""",""""modernize"""",""""multiply""""]""	""[{""""word"""":""""change"""",""""note"""":""""より広い意味の基本語""""}]""	[]"
400127	4	turn into	〜に変わる	to become something else	The leaves turn into red in fall.	葉は秋に赤く変わる。	verb	4	3	""[""""〜に変わる"""",""""〜を集める"""",""""〜を選ぶ"""",""""〜を運ぶ"""",""""〜を比べる""""]""	""[""""turn into"""",""""collect"""",""""choose"""",""""carry"""",""""compare""""]""	""[""""turn into"""",""""burn into"""",""""turn in"""",""""turn over"""",""""talk into""""]""	""[{""""word"""":""""become"""",""""note"""":""""より基本的な語""""}]""	[]"
400128	4	reform	改革する	to change something to make it better	The city plans to reform its school system.	その市は学校制度を改革する予定です。	verb	5	2	""[""""改革する"""",""""保存する"""",""""発見する"""",""""説明する"""",""""支える""""]""	""[""""reform"""",""""save"""",""""discover"""",""""explain"""",""""support""""]""	""[""""reform"""",""""report"""",""""record"""",""""reward"""",""""reduce""""]""	""[{""""word"""":""""improve"""",""""note"""":""""よりよくする意味で近い""""}]""	[]"
400129	4	replace	取り替える	to put something new in the place of something old	We need to replace this old chair.	私たちはこの古い椅子を取り替える必要がある。	verb	4	4	""[""""取り替える"""",""""修理する"""",""""運ぶ"""",""""隠す"""",""""借りる""""]""	""[""""replace"""",""""repair"""",""""carry"""",""""hide"""",""""borrow""""]""	""[""""replace"""",""""remain"""",""""repeat"""",""""report"""",""""prepare""""]""	""[{""""word"""":""""change"""",""""note"""":""""文脈によって近い""""}]""	[]"
400130	4	switch	切り替える	to change from one thing to another	I switched trains at Tokyo Station.	私は東京駅で電車を乗り換えた。	verb	4	4	""[""""切り替える"""",""""集める"""",""""隠す"""",""""壊す"""",""""運ぶ""""]""	""[""""switch"""",""""gather"""",""""hide"""",""""break"""",""""carry""""]""	""[""""switch"""",""""stitch"""",""""sweet"""",""""which"""",""""watch""""]""	""[{""""word"""":""""change"""",""""note"""":""""より広い意味で「変える」""""}]""	[]"
400131	4	vary	変わる	to be different or change	Prices vary from store to store.	値段は店によって変わる。	verb	5	3	""[""""変わる"""",""""続く"""",""""届く"""",""""選ぶ"""",""""支払う""""]""	""[""""vary"""",""""continue"""",""""reach"""",""""choose"""",""""pay""""]""	""[""""vary"""",""""very"""",""""value"""",""""fairy"""",""""carry""""]""	""[{""""word"""":""""change"""",""""note"""":""""一般的な「変わる」""""}]""	""[{""""word"""":""""stay"""",""""note"""":""""変わらずそのままでいる""""}]"""
400132	4	shift	移す	to move or change position	She shifted the box to the corner.	彼女は箱を隅に移した。	verb	5	3	""[""""移す"""",""""磨く"""",""""数える"""",""""借りる"""",""""招く""""]""	""[""""shift"""",""""polish"""",""""count"""",""""borrow"""",""""invite""""]""	""[""""shift"""",""""shirt"""",""""ship"""",""""shaft"""",""""shoot""""]""	""[{""""word"""":""""move"""",""""note"""":""""より基本的な語""""}]""	[]"
400133	4	affect	影響を与える	to change someone or something	Rain can affect our plans.	雨は私たちの予定に影響を与えることがある。	verb	4	3	""[""""影響を与える"""",""""説明する"""",""""防ぐ"""",""""選ぶ"""",""""集める""""]""	""[""""affect"""",""""prevent"""",""""explain"""",""""choose"""",""""collect""""]""	""[""""affect"""",""""effect"""",""""accept"""",""""inspect"""",""""attack""""]""	""[{""""word"""":""""influence"""",""""note"""":""""ややフォーマルだが近い意味""""}]""	""[{""""word"""":""""prevent"""",""""note"""":""""起こるのを止める""""}]"""
400134	4	transform	変える	to change something completely	This app can transform the way we study.	このアプリは私たちの勉強のしかたを変えることができる。	verb	5	2	""[""""変える"""",""""運ぶ"""",""""隠す"""",""""比べる"""",""""支える""""]""	""[""""transform"""",""""carry"""",""""hide"""",""""compare"""",""""support""""]""	""[""""transform"""",""""transfer"""",""""translate"""",""""transport"""",""""perform""""]""	""[{""""word"""":""""change"""",""""note"""":""""最も基本的な近い語""""}]""	""[{""""word"""":""""keep"""",""""note"""":""""そのままにしておく""""}]"""
400135	4	translation	翻訳	words changed into another language	I read the English translation of the book.	私はその本の英語の翻訳を読んだ。	noun	4	2	""[""""翻訳"""",""""会話"""",""""発音"""",""""質問"""",""""意見""""]""	""[""""translation"""",""""conversation"""",""""pronunciation"""",""""question"""",""""opinion""""]""	""[""""translation"""",""""tradition"""",""""transportation"""",""""transition"""",""""vacation""""]""	[]	[]"
400136	4	variable	変わりやすい	likely to change	The weather is variable in spring.	春の天気は変わりやすい。	adjective	4	2	""[""""変わりやすい"""",""""安定した"""",""""静かな"""",""""危険な"""",""""有名な""""]""	""[""""variable"""",""""stable"""",""""quiet"""",""""dangerous"""",""""famous""""]""	""[""""variable"""",""""valuable"""",""""varied"""",""""visible"""",""""various""""]""	""[{""""word"""":""""changeable"""",""""note"""":""""変化しやすい""""}]""	""[{""""word"""":""""stable"""",""""note"""":""""安定した""""}]"""
400137	4	personality	性格	the way a person usually thinks and acts	She has a bright personality.	彼女は明るい性格をしている。	noun	4	3	""[""""性格"""",""""習慣"""",""""表情"""",""""意見"""",""""経験""""]""	""[""""personality"""",""""habit"""",""""expression"""",""""opinion"""",""""experience""""]""	""[""""personality"""",""""personal"""",""""person"""",""""nationality"""",""""popularity""""]""	""[{""""word"""":""""character"""",""""note"""":""""人の性格という意味で近い""""}]""	[]"
400138	4	pursue	追い求める	to try hard to get or achieve something	He wants to pursue his dream.	彼は自分の夢を追い求めたいと思っている。	verb	4	2	""[""""追い求める"""",""""避ける"""",""""失う"""",""""隠す"""",""""止める""""]""	""[""""pursue"""",""""avoid"""",""""lose"""",""""hide"""",""""stop""""]""	""[""""pursue"""",""""prefer"""",""""produce"""",""""protect"""",""""prepare""""]""	""[{""""word"""":""""seek"""",""""note"""":""""手に入れようとする""""},{""""word"""":""""follow"""",""""note"""":""""後を追う意味で近い""""}]""	""[{""""word"""":""""avoid"""",""""note"""":""""避ける""""}]"""
400139	4	review	見直す	to look at something again	Please review your answers before you hand in the test.	テストを提出する前に答えを見直してください。	verb	4	3	""[""""見直す"""",""""調べる"""",""""点検する"""",""""説明する"""",""""比べる""""]""	""[""""review"""",""""examine"""",""""inspect"""",""""explain"""",""""compare""""]""	""[""""review"""",""""renew"""",""""remove"""",""""reply"""",""""reduce""""]""	""[{""""word"""":""""check"""",""""note"""":""""より基本的な語""""},{""""word"""":""""look over"""",""""note"""":""""ざっと見直す""""}]""	[]"
400140	4	examine	調べる	to look at something carefully	The doctor will examine your eyes.	医者があなたの目を調べます。	verb	5	3	""[""""調べる"""",""""見直す"""",""""点検する"""",""""説明する"""",""""比べる""""]""	""[""""examine"""",""""review"""",""""inspect"""",""""explain"""",""""compare""""]""	""[""""examine"""",""""example"""",""""excuse"""",""""exercise"""",""""outside""""]""	""[{""""word"""":""""check"""",""""note"""":""""より基本的な語""""},{""""word"""":""""look into"""",""""note"""":""""詳しく調べる""""}]""	[]"
400141	4	inspect	点検する	to check something carefully for problems	They inspect the bridge every year.	彼らは毎年その橋を点検します。	verb	5	2	""[""""点検する"""",""""調べる"""",""""見直す"""",""""説明する"""",""""比べる""""]""	""[""""inspect"""",""""examine"""",""""review"""",""""explain"""",""""compare""""]""	""[""""inspect"""",""""instead"""",""""inside"""",""""install"""",""""invite""""]""	""[{""""word"""":""""check"""",""""note"""":""""より基本的な語""""}]""	[]"
400142	4	offspring	子ども	a child or young animal of a parent	The bird fed its offspring in the nest.	その鳥は巣の中でひなにえさをやった。	noun	4	2	""[""""子ども"""",""""親"""",""""友達"""",""""先生"""",""""客""""]""	""[""""offspring"""",""""parent"""",""""friend"""",""""teacher"""",""""guest""""]""	""[""""offspring"""",""""officer"""",""""offstage"""",""""spring"""",""""offload""""]""	""[{""""word"""":""""child"""",""""note"""":""""人について言うときの基本語""""}]""	[]"
400143	4	decision	決定	a choice that you make after thinking	It was a hard decision for me.	それは私にとって難しい決定だった。	noun	3	4	""[""""決定"""",""""計画"""",""""説明"""",""""提案"""",""""約束""""]""	""[""""decision"""",""""plan"""",""""explanation"""",""""proposal"""",""""promise""""]""	""[""""decision"""",""""division"""",""""discussion"""",""""condition"""",""""vision""""]""	""[{""""word"""":""""choice"""",""""note"""":""""選ぶことという意味で近い""""}]""	[]"
400144	4	selection	選択	the act of choosing something	We have a wide selection of books.	私たちにはたくさんの本の品ぞろえがあります。	noun	4	3	""[""""選択"""",""""発見"""",""""移動"""",""""会話"""",""""到着""""]""	""[""""selection"""",""""discovery"""",""""movement"""",""""conversation"""",""""arrival""""]""	""[""""selection"""",""""direction"""",""""section"""",""""reflection"""",""""election""""]""	""[{""""word"""":""""choice"""",""""note"""":""""選ぶことという意味で近い""""}]""	[]"
400145	4	option	選択肢	one thing you can choose	You have two options for lunch.	昼食には二つの選択肢があります。	noun	4	3	""[""""選択肢"""",""""計画"""",""""結果"""",""""理由"""",""""方法""""]""	""[""""option"""",""""plan"""",""""result"""",""""reason"""",""""method""""]""	""[""""option"""",""""action"""",""""auction"""",""""section"""",""""motion""""]""	""[{""""word"""":""""choice"""",""""note"""":""""より基本的な語""""}]""	[]"
400146	4	elect	選ぶ	to choose someone by voting	They will elect a new leader today.	彼らは今日、新しいリーダーを選びます。	verb	5	3	""[""""選ぶ"""",""""集める"""",""""支える"""",""""招く"""",""""比べる""""]""	""[""""elect"""",""""collect"""",""""support"""",""""invite"""",""""compare""""]""	""[""""elect"""",""""effect"""",""""expect"""",""""select"""",""""direct""""]""	""[{""""word"""":""""choose"""",""""note"""":""""elect は投票で選ぶときに使う""""},{""""word"""":""""select"""",""""note"""":""""ややかたい語""""}]""	[]"
400147	4	vote	投票する	to show your choice in an election	Many people vote in the election.	多くの人がその選挙で投票します。	verb	4	4	""[""""投票する"""",""""応援する"""",""""参加する"""",""""決める"""",""""説明する""""]""	""[""""vote"""",""""cheer"""",""""join"""",""""decide"""",""""explain""""]""	""[""""vote"""",""""boat"""",""""note"""",""""coat"""",""""wrote""""]""	[]	[]"
400148	4	select	選ぶ	to choose one from several things	Please select one answer.	答えを一つ選んでください。	verb	4	3	""[""""選ぶ"""",""""集める"""",""""比べる"""",""""運ぶ"""",""""数える""""]""	""[""""select"""",""""collect"""",""""compare"""",""""carry"""",""""count""""]""	""[""""select"""",""""subject"""",""""respect"""",""""direct"""",""""connect""""]""	""[{""""word"""":""""choose"""",""""note"""":""""より基本的な語""""}]""	[]"
400149	4	cycle	自転車	a bicycle or a ride on one	He goes to school by cycle.	彼は自転車で学校に行きます。	noun	4	2	""[""""自転車"""",""""電車"""",""""バス"""",""""車"""",""""船""""]""	""[""""cycle"""",""""train"""",""""bus"""",""""car"""",""""boat""""]""	""[""""cycle"""",""""circle"""",""""signal"""",""""simple"""",""""singer""""]""	""[{""""word"""":""""bicycle"""",""""note"""":""""より一般的な語""""}]""	[]"
400150	4	urban	都市の	related to a city	They live in an urban area.	彼らは都市部に住んでいます。	adjective	4	2	""[""""都市の"""",""""田舎の"""",""""静かな"""",""""広い"""",""""古い""""]""	""[""""urban"""",""""rural"""",""""quiet"""",""""wide"""",""""old""""]""	""[""""urban"""",""""urgent"""",""""upper"""",""""open"""",""""often""""]""	""[{""""word"""":""""city"""",""""note"""":""""形容詞的には city area などで使う""""}]""	""[{""""word"""":""""rural"""",""""note"""":""""田舎の""""}]"""
400151	4	tidy	きちんとした	clean and in good order	Her room is always tidy.	彼女の部屋はいつもきちんとしている。	adjective	4	3	""[""""きちんとした"""",""""静かな"""",""""明るい"""",""""安全な"""",""""有名な""""]""	""[""""tidy"""",""""quiet"""",""""bright"""",""""safe"""",""""famous""""]""	""[""""tidy"""",""""tiny"""",""""tiger"""",""""title"""",""""timid""""]""	""[{""""word"""":""""neat"""",""""note"""":""""整っていてきれい""""}]""	""[{""""word"""":""""messy"""",""""note"""":""""散らかっている""""}]"""
400152	4	pure	純粋な	clean and not mixed with anything else	This water is pure and safe to drink.	この水は純粋で飲んでも安全です。	adjective	5	3	""[""""純粋な"""",""""危険な"""",""""深い"""",""""柔らかい"""",""""静かな""""]""	""[""""pure"""",""""dangerous"""",""""deep"""",""""soft"""",""""quiet""""]""	""[""""pure"""",""""poor"""",""""pair"""",""""pearl"""",""""cure""""]""	""[{""""word"""":""""clean"""",""""note"""":""""文脈によって近い意味""""}]""	""[{""""word"""":""""dirty"""",""""note"""":""""汚れている""""},{""""word"""":""""mixed"""",""""note"""":""""混ざっている""""}]"""
400153	4	neat	きちんとした	clean and well organized	He keeps his desk neat.	彼は机をきちんと整えている。	adjective	4	3	""[""""きちんとした"""",""""重い"""",""""速い"""",""""甘い"""",""""暗い""""]""	""[""""neat"""",""""heavy"""",""""fast"""",""""sweet"""",""""dark""""]""	""[""""neat"""",""""need"""",""""net"""",""""night"""",""""seat""""]""	""[{""""word"""":""""tidy"""",""""note"""":""""整っている""""}]""	""[{""""word"""":""""messy"""",""""note"""":""""散らかっている""""}]"""
400154	4	sweep	掃く	to clean a floor with a broom	I sweep the kitchen floor every morning.	私は毎朝、台所の床を掃きます。	verb	4	3	""[""""掃く"""",""""拭く"""",""""洗う"""",""""磨く"""",""""片づける""""]""	""[""""sweep"""",""""wipe"""",""""wash"""",""""polish"""",""""clean""""]""	""[""""sweep"""",""""sleep"""",""""sweet"""",""""swim"""",""""step""""]""	""[{""""word"""":""""clean"""",""""note"""":""""より広い意味で「掃除する」""""},{""""word"""":""""brush"""",""""note"""":""""brush the floor で近い意味""""}]""	""[{""""word"""":""""dirty"""",""""note"""":""""「汚す」の意味で反対に近い""""}]"""
400155	4	distinct	はっきり異なる	clearly different and easy to notice	The two sounds are distinct.	その二つの音ははっきり異なります。	adjective	5	2	""[""""はっきり異なる"""",""""似ている"""",""""静かな"""",""""弱い"""",""""単純な""""]""	""[""""distinct"""",""""similar"""",""""quiet"""",""""weak"""",""""simple""""]""	""[""""distinct"""",""""distance"""",""""district"""",""""direct"""",""""desert""""]""	""[{""""word"""":""""different"""",""""note"""":""""より基本的な語""""},{""""word"""":""""clear"""",""""note"""":""""違いがはっきりしている時に近い""""}]""	""[{""""word"""":""""similar"""",""""note"""":""""似ている""""}]"""
400156	4	obvious	明らかな	easy to see or understand	It was obvious that he was tired.	彼が疲れているのは明らかでした。	adjective	4	4	""[""""明らかな"""",""""危険な"""",""""静かな"""",""""重要な"""",""""簡単な""""]""	""[""""obvious"""",""""dangerous"""",""""quiet"""",""""important"""",""""simple""""]""	""[""""obvious"""",""""office"""",""""object"""",""""octopus"""",""""option""""]""	""[{""""word"""":""""clear"""",""""note"""":""""意味がはっきりしている""""},{""""word"""":""""plain"""",""""note"""":""""plain to see で近い意味""""}]""	""[{""""word"""":""""unclear"""",""""note"""":""""はっきりしない""""},{""""word"""":""""hidden"""",""""note"""":""""見えにくい・隠れた""""}]"""
400157	4	patch	つぎあて	a small piece of cloth used to cover a hole	She sewed a patch on her jeans.	彼女はジーンズにつぎあてを縫いつけた。	noun	4	3	""[""""つぎあて"""",""""ボタン"""",""""えり"""",""""そで"""",""""ポケット""""]""	""[""""patch"""",""""button"""",""""collar"""",""""sleeve"""",""""pocket""""]""	""[""""patch"""",""""match"""",""""path"""",""""pack"""",""""pitch""""]""	[]	[]"
400158	4	wardrobe	たんす	a large piece of furniture for keeping clothes	Her dresses are in the wardrobe.	彼女のドレスはたんすの中にあります。	noun	5	2	""[""""たんす"""",""""本だな"""",""""机"""",""""いす"""",""""ベッド""""]""	""[""""wardrobe"""",""""bookshelf"""",""""desk"""",""""chair"""",""""bed""""]""	""[""""wardrobe"""",""""workbook"""",""""wall clock"""",""""window"""",""""wallet""""]""	""[{""""word"""":""""closet"""",""""note"""":""""米語ではclosetがより一般的""""}]""	[]"
400159	4	emerge	現れる	to appear or come out	The sun emerged from the clouds.	太陽が雲の間から現れた。	verb	4	3	""[""""現れる"""",""""消える"""",""""集まる"""",""""動く"""",""""続く""""]""	""[""""emerge"""",""""disappear"""",""""gather"""",""""move"""",""""continue""""]""	""[""""emerge"""",""""image"""",""""email"""",""""empty"""",""""enjoy""""]""	""[{""""word"""":""""appear"""",""""note"""":""""最も基本的な近い語""""}]""	""[{""""word"""":""""disappear"""",""""note"""":""""見えなくなる""""}]"""
400160	4	remark	意見	something you say about something	His remark made everyone laugh.	彼の意見でみんなが笑った。	noun	4	2	""[""""意見"""",""""質問"""",""""約束"""",""""秘密"""",""""習慣""""]""	""[""""remark"""",""""question"""",""""promise"""",""""secret"""",""""habit""""]""	""[""""remark"""",""""remove"""",""""report"""",""""reply"""",""""result""""]""	""[{""""word"""":""""comment"""",""""note"""":""""ややくだけた言い方""""}]""	[]"
400161	4	relative	親戚	a person in your family	We visited a relative in Osaka.	私たちは大阪の親戚を訪ねました。	noun	4	3	""[""""親戚"""",""""近所の人"""",""""先生"""",""""客"""",""""店員""""]""	""[""""relative"""",""""neighbor"""",""""teacher"""",""""guest"""",""""clerk""""]""	""[""""relative"""",""""relevant"""",""""resident"""",""""elephant"""",""""regular""""]""	""[{""""word"""":""""relation"""",""""note"""":""""やや古め・形式的な言い方""""}]""	[]"
400162	4	thorough	徹底的な	done very carefully and completely	She gave the report a thorough check.	彼女はそのレポートを徹底的に確認しました。	adjective	5	2	""[""""徹底的な"""",""""簡単な"""",""""静かな"""",""""危険な"""",""""有名な""""]""	""[""""thorough"""",""""simple"""",""""quiet"""",""""dangerous"""",""""famous""""]""	""[""""thorough"""",""""borrow"""",""""sorrow"""",""""yellow"""",""""follow""""]""	""[{""""word"""":""""careful"""",""""note"""":""""意味は近いが、thorough は『細かい所まで』の感じ""""}]""	""[{""""word"""":""""careless"""",""""note"""":""""不注意な""""}]"""
400163	4	utter	まったくの	complete or total	It was an utter mistake.	それはまったくの間違いでした。	adjective	5	2	""[""""まったくの"""",""""静かな"""",""""柔らかい"""",""""正直な"""",""""安全な""""]""	""[""""utter"""",""""quiet"""",""""soft"""",""""honest"""",""""safe""""]""	""[""""utter"""",""""under"""",""""other"""",""""upper"""",""""after""""]""	""[{""""word"""":""""complete"""",""""note"""":""""より一般的な語""""}]""	""[{""""word"""":""""partial"""",""""note"""":""""部分的な""""}]"""
400164	4	virtual	仮想の	made by computers, not real in the usual way	We took a virtual tour of the museum.	私たちはその博物館をバーチャルで見学した。	adjective	4	3	""[""""仮想の"""",""""現実の"""",""""危険な"""",""""静かな"""",""""有名な""""]""	""[""""virtual"""",""""actual"""",""""dangerous"""",""""quiet"""",""""famous""""]""	""[""""virtual"""",""""visual"""",""""usual"""",""""natural"""",""""festival""""]""	""[{""""word"""":""""online"""",""""note"""":""""ネット上で行う意味で近い""""}]""	""[{""""word"""":""""real"""",""""note"""":""""実際の、現実の""""}]"""
400165	4	as long as	〜する限り	if this condition is true	You can stay here as long as you are quiet.	静かにしている限り、ここにいてよい。	conjunction	4	4	""[""""〜する限り"""",""""〜したあとで"""",""""〜する前に"""",""""〜なので"""",""""〜だけれども""""]""	""[""""as long as"""",""""after"""",""""before"""",""""because"""",""""although""""]""	""[""""as long as"""",""""as soon as"""",""""as well as"""",""""along with"""",""""at last""""]""	""[{""""word"""":""""if"""",""""note"""":""""条件を表すとき近い""""}]""	[]"
400166	4	make sure	確かめる	to check that something is correct or certain	Please make sure the door is locked.	ドアに鍵がかかっているか確かめてください。	verb	4	3	""[""""確かめる"""",""""集める"""",""""比べる"""",""""選ぶ"""",""""隠す""""]""	""[""""make sure"""",""""collect"""",""""compare"""",""""choose"""",""""hide""""]""	""[""""make sure"""",""""make short"""",""""make sharp"""",""""make small"""",""""make clean""""]""	""[{""""word"""":""""check"""",""""note"""":""""より基本的な語""""}]""	[]"
400167	4	relate	関係する	to be connected with something	This story relates to my childhood.	この話は私の子ども時代に関係しています。	verb	5	2	""[""""関係する"""",""""到着する"""",""""参加する"""",""""増加する"""",""""提案する""""]""	""[""""relate"""",""""arrive"""",""""join"""",""""increase"""",""""suggest""""]""	""[""""relate"""",""""repeat"""",""""remain"""",""""release"""",""""repair""""]""	""[{""""word"""":""""connect"""",""""note"""":""""つなぐ・関係づける""""}]""	[]"
400168	4	link	つなぐ	to connect two or more things	A bridge links the two towns.	橋がその二つの町をつないでいます。	verb	4	3	""[""""つなぐ"""",""""壊す"""",""""運ぶ"""",""""数える"""",""""描く""""]""	""[""""link"""",""""break"""",""""carry"""",""""count"""",""""draw""""]""	""[""""link"""",""""sink"""",""""think"""",""""wink"""",""""long""""]""	""[{""""word"""":""""connect"""",""""note"""":""""より説明的な語""""}]""	""[{""""word"""":""""separate"""",""""note"""":""""離す・分ける""""}]"""
400169	4	get through	やり終える	to finish something difficult	I got through my homework before dinner.	私は夕食前に宿題をやり終えた。	verb	4	3	""[""""やり終える"""",""""始める"""",""""忘れる"""",""""集める"""",""""隠す""""]""	""[""""get through"""",""""begin"""",""""forget"""",""""collect"""",""""hide""""]""	""[""""get through"""",""""go through"""",""""get to"""",""""get there"""",""""go to""""]""	""[{""""word"""":""""finish"""",""""note"""":""""より基本的な語""""},{""""word"""":""""complete"""",""""note"""":""""少しかための語""""}]""	""[{""""word"""":""""begin"""",""""note"""":""""始める""""}]"""
400170	4	relationship	関係	the way two people or things are connected	They have a good relationship with their neighbors.	彼らは近所の人たちと良い関係を持っている。	noun	4	3	""[""""関係"""",""""経験"""",""""意見"""",""""方法"""",""""約束""""]""	""[""""relationship"""",""""experience"""",""""opinion"""",""""method"""",""""promise""""]""	""[""""relationship"""",""""leadership"""",""""membership"""",""""friendship"""",""""spaceship""""]""	""[{""""word"""":""""connection"""",""""note"""":""""つながりという意味""""}]""	[]"
400171	4	steady	安定した	not changing or shaking much	She made steady progress in English.	彼女は英語で着実な進歩をした。	adjective	4	3	""[""""安定した"""",""""急な"""",""""狭い"""",""""柔らかい"""",""""静かな""""]""	""[""""steady"""",""""sudden"""",""""narrow"""",""""soft"""",""""quiet""""]""	""[""""steady"""",""""ready"""",""""study"""",""""stadium"""",""""speedy""""]""	""[{""""word"""":""""stable"""",""""note"""":""""よりかたい表現""""},{""""word"""":""""constant"""",""""note"""":""""変化が少ない""""}]""	""[{""""word"""":""""unstable"""",""""note"""":""""不安定な""""},{""""word"""":""""sudden"""",""""note"""":""""急な変化がある""""}]"""
400172	4	regulate	規制する	to control something by rules	The government will regulate online sales.	政府はオンライン販売を規制するでしょう。	verb	4	3	""[""""規制する"""",""""管理する"""",""""改善する"""",""""建設する"""",""""配達する""""]""	""[""""regulate"""",""""manage"""",""""improve"""",""""build"""",""""deliver""""]""	""[""""regulate"""",""""regular"""",""""calculate"""",""""decorate"""",""""graduate""""]""	""[{""""word"""":""""control"""",""""note"""":""""より広い意味で「管理する」""""},{""""word"""":""""manage"""",""""note"""":""""運営する意味で近いが、規則で制御する意味は弱い""""}]""	""[{""""word"""":""""free"""",""""note"""":""""制限をなくして自由にする""""}]"""
400173	4	management	経営	the work of controlling a business or group	She studied hotel management in college.	彼女は大学でホテル経営を学びました。	noun	4	3	""[""""経営"""",""""教育"""",""""旅行"""",""""発明"""",""""会話""""]""	""[""""management"""",""""education"""",""""travel"""",""""invention"""",""""conversation""""]""	""[""""management"""",""""encouragement"""",""""arrangement"""",""""government"""",""""movement""""]""	""[{""""word"""":""""control"""",""""note"""":""""管理という意味で近い""""},{""""word"""":""""operation"""",""""note"""":""""事業の運営という意味で近い""""}]""	[]"
400174	4	roast	焼く	to cook food with dry heat	We will roast chicken for dinner.	私たちは夕食にチキンを焼くつもりです。	verb	4	3	""[""""焼く"""",""""ゆでる"""",""""混ぜる"""",""""切る"""",""""冷やす""""]""	""[""""roast"""",""""boil"""",""""mix"""",""""cut"""",""""cool""""]""	""[""""roast"""",""""coast"""",""""toast"""",""""most"""",""""post""""]""	""[{""""word"""":""""bake"""",""""note"""":""""オーブンで焼くときに近い""""}]""	""[{""""word"""":""""boil"""",""""note"""":""""水でゆでる調理法""""}]"""
400175	4	fry	揚げる	to cook food in hot oil	My mother will fry the fish for dinner.	母は夕食にその魚を揚げます。	verb	4	3	""[""""揚げる"""",""""焼く"""",""""煮る"""",""""切る"""",""""混ぜる""""]""	""[""""fry"""",""""bake"""",""""boil"""",""""cut"""",""""mix""""]""	""[""""fry"""",""""fly"""",""""free"""",""""frame"""",""""fruit""""]""	""[{""""word"""":""""deep-fry"""",""""note"""":""""油で揚げることをよりはっきり表す""""}]""	[]"
400176	4	stove	こんろ	a thing used for cooking food with heat	The soup is on the stove.	スープはこんろの上にあります。	noun	4	3	""[""""こんろ"""",""""冷蔵庫"""",""""電子レンジ"""",""""流し台"""",""""やかん""""]""	""[""""stove"""",""""fridge"""",""""microwave"""",""""sink"""",""""kettle""""]""	""[""""stove"""",""""stone"""",""""store"""",""""storm"""",""""stole""""]""	""[{""""word"""":""""cooker"""",""""note"""":""""英語の種類によって使われる""""}]""	[]"
400177	4	garlic	にんにく	a strong-smelling food used in cooking	She put garlic in the pasta sauce.	彼女はパスタソースににんにくを入れました。	noun	4	3	""[""""にんにく"""",""""たまねぎ"""",""""にんじん"""",""""こしょう"""",""""しょうが""""]""	""[""""garlic"""",""""onion"""",""""carrot"""",""""pepper"""",""""ginger""""]""	""[""""garlic"""",""""garden"""",""""gallon"""",""""target"""",""""comic""""]""	[]	[]"
400178	4	recipe	レシピ	a set of instructions for cooking	This recipe is easy to follow.	このレシピはわかりやすいです。	noun	4	3	""[""""レシピ"""",""""材料"""",""""皿"""",""""台所"""",""""味""""]""	""[""""recipe"""",""""menu"""",""""plate"""",""""kitchen"""",""""taste""""]""	""[""""recipe"""",""""receive"""",""""repeat"""",""""recent"""",""""reply""""]""	""[{""""word"""":""""cooking instructions"""",""""note"""":""""説明的な言い換え""""}]""	[]"
400179	4	model	模型	a small copy of something	He made a model of a plane.	彼は飛行機の模型を作りました。	noun	4	3	""[""""模型"""",""""地図"""",""""写真"""",""""標識"""",""""道具""""]""	""[""""model"""",""""map"""",""""photo"""",""""sign"""",""""tool""""]""	""[""""model"""",""""modern"""",""""medal"""",""""middle"""",""""motel""""]""	[]	[]"
400180	4	imitate	まねする	to copy the way someone does something	The boy tried to imitate his father.	その少年は父親のまねをしようとした。	verb	4	3	""[""""まねする"""",""""説明する"""",""""選ぶ"""",""""運ぶ"""",""""隠す""""]""	""[""""imitate"""",""""explain"""",""""choose"""",""""carry"""",""""hide""""]""	""[""""imitate"""",""""estimate"""",""""immigrant"""",""""elevator"""",""""illustrate""""]""	""[{""""word"""":""""copy"""",""""note"""":""""より基本的な語""""}]""	""[{""""word"""":""""create"""",""""note"""":""""まねではなく新しく作る""""}]"""
400181	4	exact	正確な	completely correct in every detail	Please tell me the exact time.	正確な時間を教えてください。	adjective	4	3	""[""""正確な"""",""""危険な"""",""""静かな"""",""""公平な"""",""""新鮮な""""]""	""[""""exact"""",""""dangerous"""",""""quiet"""",""""fair"""",""""fresh""""]""	""[""""exact"""",""""expect"""",""""except"""",""""expand"""",""""effect""""]""	""[{""""word"""":""""accurate"""",""""note"""":""""よりていねいな語""""}]""	""[{""""word"""":""""rough"""",""""note"""":""""おおまかな""""},{""""word"""":""""wrong"""",""""note"""":""""正しくない""""}]"""
400182	4	republic	共和国	a country led by elected people, not a king or queen	France is a republic.	フランスは共和国です。	noun	5	2	""[""""共和国"""",""""王国"""",""""首都"""",""""大陸"""",""""国境""""]""	""[""""republic"""",""""kingdom"""",""""capital"""",""""continent"""",""""border""""]""	""[""""republic"""",""""public"""",""""report"""",""""repeat"""",""""repair""""]""	[]	""[{""""word"""":""""kingdom"""",""""note"""":""""王や女王がいる国""""}]"""
400183	4	kingdom	王国	a country ruled by a king or queen	The old kingdom was very large.	その古い王国はとても大きかった。	noun	4	2	""[""""王国"""",""""帝国"""",""""首都"""",""""大陸"""",""""村""""]""	""[""""kingdom"""",""""empire"""",""""capital"""",""""continent"""",""""village""""]""	""[""""kingdom"""",""""king"""",""""kingly"""",""""random"""",""""window""""]""	[]	[]"
400184	4	embassy	大使館	the office or building of an ambassador	She went to the embassy for help.	彼女は助けを求めて大使館へ行った。	noun	4	2	""[""""大使館"""",""""領事館"""",""""市役所"""",""""宮殿"""",""""駅""""]""	""[""""embassy"""",""""consulate"""",""""city hall"""",""""palace"""",""""station""""]""	""[""""embassy"""",""""emperor"""",""""energy"""",""""memory"""",""""empty""""]""	[]	[]"
400185	4	rural	田舎の	related to the countryside, not the city	My grandparents live in a rural town.	私の祖父母は田舎の町に住んでいます。	adjective	4	3	""[""""田舎の"""",""""都会の"""",""""静かな"""",""""広い"""",""""古い""""]""	""[""""rural"""",""""urban"""",""""quiet"""",""""wide"""",""""old""""]""	""[""""rural"""",""""ruin"""",""""ruler"""",""""local"""",""""mural""""]""	""[{""""word"""":""""country"""",""""note"""":""""形容詞では country area などで使う""""}]""	""[{""""word"""":""""urban"""",""""note"""":""""都会の""""}]"""
400186	4	trial	裁判	a formal test in court to decide if someone is guilty	The trial started on Monday.	その裁判は月曜日に始まりました。	noun	4	3	""[""""裁判"""",""""判決"""",""""証拠"""",""""弁護士"""",""""犯罪""""]""	""[""""trial"""",""""verdict"""",""""evidence"""",""""lawyer"""",""""crime""""]""	""[""""trial"""",""""train"""",""""trick"""",""""travel"""",""""triangle""""]""	[]	[]"
400187	4	verdict	評決	an official decision made in a court	The jury gave its verdict today.	陪審員は今日、評決を出しました。	noun	5	2	""[""""評決"""",""""裁判"""",""""証拠"""",""""弁護士"""",""""被告""""]""	""[""""verdict"""",""""trial"""",""""evidence"""",""""lawyer"""",""""defendant""""]""	""[""""verdict"""",""""vertical"""",""""very"""",""""visit"""",""""village""""]""	[]	[]"
400188	4	offense	違反	an illegal act or a wrong action	Speeding is a serious offense.	スピード違反は重大な違反です。	noun	4	3	""[""""違反"""",""""犯罪"""",""""事故"""",""""罰"""",""""証拠""""]""	""[""""offense"""",""""crime"""",""""accident"""",""""punishment"""",""""evidence""""]""	""[""""offense"""",""""office"""",""""offer"""",""""often"""",""""absence""""]""	""[{""""word"""":""""crime"""",""""note"""":""""より強い意味で、法律に反する行為""""}]""	[]"
400189	4	weep	泣く	to cry because you are very sad	She began to weep quietly.	彼女は静かに泣き始めました。	verb	4	2	""[""""泣く"""",""""笑う"""",""""叫ぶ"""",""""祈る"""",""""震える""""]""	""[""""weep"""",""""laugh"""",""""shout"""",""""pray"""",""""shake""""]""	""[""""weep"""",""""week"""",""""deep"""",""""keep"""",""""sleep""""]""	""[{""""word"""":""""cry"""",""""note"""":""""weep のほうがやや文語的""""}]""	""[{""""word"""":""""laugh"""",""""note"""":""""泣く ↔ 笑う""""}]"""
400190	4	therapy	治療	medical help for an illness or problem	He is getting therapy for his back pain.	彼は背中の痛みの治療を受けています。	noun	4	3	""[""""治療"""",""""手術"""",""""看護"""",""""薬"""",""""診断""""]""	""[""""therapy"""",""""surgery"""",""""nursing"""",""""medicine"""",""""diagnosis""""]""	""[""""therapy"""",""""theory"""",""""thirty"""",""""thorough"""",""""terribly""""]""	""[{""""word"""":""""treatment"""",""""note"""":""""より一般的な語""""}]""	[]"
400191	4	remedy	治療法	something that helps cure a problem or illness	The doctor suggested a simple remedy for my cough.	医者は私のせきに簡単な治療法を勧めた。	noun	4	3	""[""""治療法"""",""""薬"""",""""手術"""",""""注射"""",""""症状""""]""	""[""""remedy"""",""""medicine"""",""""surgery"""",""""injection"""",""""symptom""""]""	""[""""remedy"""",""""ready"""",""""memory"""",""""enemy"""",""""melody""""]""	""[{""""word"""":""""cure"""",""""note"""":""""より一般的な語""""},{""""word"""":""""treatment"""",""""note"""":""""医療でよく使う語""""}]""	[]"
400192	4	heal	治す	to make a person or part of the body healthy again	This medicine will heal your cut soon.	この薬はあなたの切り傷をすぐに治すでしょう。	verb	3	4	""[""""治す"""",""""守る"""",""""洗う"""",""""運ぶ"""",""""隠す""""]""	""[""""heal"""",""""protect"""",""""wash"""",""""carry"""",""""hide""""]""	""[""""heal"""",""""hill"""",""""heat"""",""""head"""",""""held""""]""	""[{""""word"""":""""cure"""",""""note"""":""""病気などを治すときによく使う""""}]""	""[{""""word"""":""""hurt"""",""""note"""":""""傷つける、痛める""""}]"""
400193	4	client	依頼人	a person who uses a service from a professional	The lawyer met a new client this morning.	その弁護士は今朝、新しい依頼人に会った。	noun	4	3	""[""""依頼人"""",""""店員"""",""""患者"""",""""観光客"""",""""乗客""""]""	""[""""client"""",""""clerk"""",""""patient"""",""""tourist"""",""""passenger""""]""	""[""""client"""",""""giant"""",""""quiet"""",""""climate"""",""""lion""""]""	""[{""""word"""":""""customer"""",""""note"""":""""店やサービスの客としては近い""""}]""	[]"
400194	4	journal	日記	a book for writing your thoughts and daily events	She writes in her journal every night.	彼女は毎晩日記を書きます。	noun	4	3	""[""""日記"""",""""新聞"""",""""雑誌"""",""""教科書"""",""""手紙""""]""	""[""""journal"""",""""newspaper"""",""""magazine"""",""""textbook"""",""""letter""""]""	""[""""journal"""",""""general"""",""""jungle"""",""""gentle"""",""""junior""""]""	""[{""""word"""":""""diary"""",""""note"""":""""個人的な日記としてよく使う語""""}]""	[]"
400195	4	routine	日課	something you do regularly in the same way	Morning exercise is part of my routine.	朝の運動は私の日課の一部です。	noun	4	4	""[""""日課"""",""""予定"""",""""習慣"""",""""規則"""",""""練習""""]""	""[""""routine"""",""""schedule"""",""""habit"""",""""rule"""",""""practice""""]""	""[""""routine"""",""""room"""",""""root"""",""""rain"""",""""writing""""]""	""[{""""word"""":""""habit"""",""""note"""":""""habitは習慣、routineは決まった手順や日課""""}]""	[]"
400196	4	warning	警告	something that tells you about danger or trouble	We heard a warning before the storm came.	嵐が来る前に私たちは警告を聞きました。	noun	4	4	""[""""警告"""",""""約束"""",""""提案"""",""""命令"""",""""質問""""]""	""[""""warning"""",""""promise"""",""""suggestion"""",""""order"""",""""question""""]""	""[""""warning"""",""""morning"""",""""working"""",""""walking"""",""""warming""""]""	""[{""""word"""":""""alert"""",""""note"""":""""危険を知らせるときに使う""""}]""	[]"
400197	4	threat	脅し	a sign that someone may cause harm	The police took the threat seriously.	警察はその脅しを深刻に受け止めた。	noun	4	3	""[""""脅し"""",""""約束"""",""""助言"""",""""秘密"""",""""冗談""""]""	""[""""threat"""",""""promise"""",""""advice"""",""""secret"""",""""joke""""]""	""[""""threat"""",""""thread"""",""""three"""",""""treat"""",""""throat""""]""	""[{""""word"""":""""warning"""",""""note"""":""""危険を知らせる意味で近い""""}]""	[]"
400198	4	shade	日陰	an area out of direct sunlight	We sat in the shade of a tree.	私たちは木の日陰に座った。	noun	4	3	""[""""日陰"""",""""光"""",""""雲"""",""""風"""",""""地面""""]""	""[""""shade"""",""""shadow"""",""""sunlight"""",""""cloud"""",""""breeze""""]""	""[""""shade"""",""""shape"""",""""shake"""",""""share"""",""""shame""""]""	""[{""""word"""":""""shadow"""",""""note"""":""""「影」の意味で使うことが多い""""}]""	""[{""""word"""":""""sunlight"""",""""note"""":""""日光、日の当たる所""""}]"""
400199	4	tackle	取り組む	to try to deal with a problem	We need to tackle this problem now.	私たちは今この問題に取り組む必要がある。	verb	4	3	""[""""取り組む"""",""""避ける"""",""""隠す"""",""""繰り返す"""",""""想像する""""]""	""[""""tackle"""",""""avoid"""",""""hide"""",""""repeat"""",""""imagine""""]""	""[""""tackle"""",""""tickle"""",""""table"""",""""ankle"""",""""ticket""""]""	""[{""""word"""":""""deal with"""",""""note"""":""""問題などに対処する""""}]""	""[{""""word"""":""""avoid"""",""""note"""":""""取り組まず避ける""""}]"""
400200	4	determine	決める	to decide something after thinking	We must determine the date today.	私たちは今日、その日付を決めなければならない。	verb	4	3	""[""""決める"""",""""比べる"""",""""集める"""",""""説明する"""",""""防ぐ""""]""	""[""""determine"""",""""compare"""",""""collect"""",""""explain"""",""""prevent""""]""	""[""""determine"""",""""deliver"""",""""discover"""",""""develop"""",""""destroy""""]""	""[{""""word"""":""""decide"""",""""note"""":""""より基本的な語""""}]""	[]"
400201	4	judge	判断する	to form an opinion about something	Do not judge people by their clothes.	服装で人を判断してはいけません。	verb	3	3	""[""""判断する"""",""""提案する"""",""""許す"""",""""招く"""",""""支える""""]""	""[""""judge"""",""""suggest"""",""""allow"""",""""invite"""",""""support""""]""	""[""""judge"""",""""jump"""",""""join"""",""""just"""",""""job""""]""	""[{""""word"""":""""decide"""",""""note"""":""""文脈によって近い""""}]""	[]"
400202	4	judgment	判断	an opinion or decision after thinking	I trust your judgment on this matter.	私はこの件についてあなたの判断を信頼しています。	noun	4	2	""[""""判断"""",""""提案"""",""""努力"""",""""経験"""",""""計画""""]""	""[""""judgment"""",""""suggestion"""",""""effort"""",""""experience"""",""""plan""""]""	""[""""judgment"""",""""gentleman"""",""""movement"""",""""government"""",""""agreement""""]""	""[{""""word"""":""""decision"""",""""note"""":""""結果としての決定に近い""""}]""	[]"
400203	4	ornament	飾り	a thing used to make something look beautiful	She put a gold ornament on the shelf.	彼女は棚に金色の飾りを置いた。	noun	4	2	""[""""飾り"""",""""模様"""",""""道具"""",""""景色"""",""""材料""""]""	""[""""ornament"""",""""pattern"""",""""tool"""",""""scenery"""",""""material""""]""	""[""""ornament"""",""""ordinary"""",""""order"""",""""orange"""",""""argument""""]""	""[{""""word"""":""""decoration"""",""""note"""":""""より一般的な『飾り』""""}]""	[]"
400204	4	extent	程度	how large or how much something is	I did not know the extent of the damage.	私は被害の程度を知らなかった。	noun	5	2	""[""""程度"""",""""原因"""",""""結果"""",""""方法"""",""""目的""""]""	""[""""extent"""",""""cause"""",""""result"""",""""method"""",""""purpose""""]""	""[""""extent"""",""""expect"""",""""except"""",""""expand"""",""""expense""""]""	""[{""""word"""":""""degree"""",""""note"""":""""程度を表す基本語""""}]""	[]"
400205	4	pattern	模様	a repeated design or way something happens	This shirt has a simple pattern.	このシャツにはシンプルな模様がある。	noun	4	4	""[""""模様"""",""""飾り"""",""""形"""",""""色"""",""""材料""""]""	""[""""pattern"""",""""ornament"""",""""shape"""",""""color"""",""""material""""]""	""[""""pattern"""",""""pardon"""",""""parent"""",""""partner"""",""""button""""]""	""[{""""word"""":""""design"""",""""note"""":""""見た目の模様に近い""""}]""	[]"
400206	4	fate	運命	the power that seems to decide what happens	They believed that fate brought them together.	彼らは運命が自分たちを引き合わせたと信じていた。	noun	4	3	""[""""運命"""",""""未来"""",""""機会"""",""""希望"""",""""理由""""]""	""[""""fate"""",""""future"""",""""chance"""",""""hope"""",""""reason""""]""	""[""""fate"""",""""late"""",""""face"""",""""fade"""",""""date""""]""	""[{""""word"""":""""destiny"""",""""note"""":""""ややかたいが近い意味""""}]""	[]"
400207	4	ruin	台なしにする	to destroy or spoil something badly	The heavy rain could ruin our picnic.	大雨で私たちのピクニックは台なしになるかもしれない。	verb	4	3	""[""""台なしにする"""",""""改善する"""",""""準備する"""",""""修理する"""",""""共有する""""]""	""[""""ruin"""",""""improve"""",""""prepare"""",""""repair"""",""""share""""]""	""[""""ruin"""",""""ruler"""",""""rain"""",""""room"""",""""round""""]""	""[{""""word"""":""""destroy"""",""""note"""":""""ruinより強く完全にこわす感じ""""}]""	""[{""""word"""":""""repair"""",""""note"""":""""こわれたものを直す""""}]"""
400208	4	guilty	有罪の	having done something wrong or against the law	The man was found guilty in court.	その男性は法廷で有罪だとされた。	adjective	4	3	""[""""有罪の"""",""""無実の"""",""""危険な"""",""""正直な"""",""""静かな""""]""	""[""""guilty"""",""""innocent"""",""""dangerous"""",""""honest"""",""""quiet""""]""	""[""""guilty"""",""""gently"""",""""golden"""",""""guitar"""",""""gallon""""]""	[]	""[{""""word"""":""""innocent"""",""""note"""":""""罪がない""""}]"""
400209	4	drown	おぼれる	to die or almost die in water	He almost drowned in the river.	彼は川でおぼれそうになった。	verb	4	3	""[""""おぼれる"""",""""沈む"""",""""流れる"""",""""泳ぐ"""",""""飛びこむ""""]""	""[""""drown"""",""""sink"""",""""flow"""",""""swim"""",""""dive""""]""	""[""""drown"""",""""brown"""",""""down"""",""""crown"""",""""draw""""]""	[]	[]"
400210	4	contrast	対比	a clear difference between two things	The contrast between the two colors is strong.	その二つの色の対比ははっきりしている。	noun	5	3	""[""""対比"""",""""一致"""",""""変化"""",""""特徴"""",""""関係""""]""	""[""""contrast"""",""""match"""",""""change"""",""""feature"""",""""relation""""]""	""[""""contrast"""",""""contact"""",""""contest"""",""""context"""",""""contract""""]""	""[{""""word"""":""""difference"""",""""note"""":""""より基本的な語""""}]""	[]"
400211	4	variation	変化	a change or small difference in something	There is some variation in the test results.	テストの結果にはいくらか変化がある。	noun	5	2	""[""""変化"""",""""対比"""",""""増加"""",""""原因"""",""""結果""""]""	""[""""variation"""",""""contrast"""",""""increase"""",""""cause"""",""""result""""]""	""[""""variation"""",""""vacation"""",""""vision"""",""""version"""",""""relation""""]""	""[{""""word"""":""""change"""",""""note"""":""""より基本的で広い意味""""}]""	[]"
400212	4	mine	私のもの	belonging to me	That blue bag is mine.	あの青いかばんは私のものです。	pronoun	4	4	""[""""私のもの"""",""""あなたのもの"""",""""彼のもの"""",""""彼女のもの"""",""""私たちのもの""""]""	""[""""mine"""",""""yours"""",""""his"""",""""hers"""",""""ours""""]""	""[""""mine"""",""""mind"""",""""line"""",""""nine"""",""""name""""]""	[]	[]"
400213	4	stain	しみ	a dirty mark on something	There is a coffee stain on my shirt.	私のシャツにコーヒーのしみがあります。	noun	5	3	""[""""しみ"""",""""きず"""",""""よごれ"""",""""あな"""",""""ひび""""]""	""[""""stain"""",""""scratch"""",""""dirt"""",""""hole"""",""""crack""""]""	""[""""stain"""",""""stand"""",""""stone"""",""""steam"""",""""stage""""]""	""[{""""word"""":""""spot"""",""""note"""":""""小さなしみに近い""""}]""	[]"
400214	4	coupon	割引券	a ticket or paper for a discount	I used a coupon at the store.	私はその店で割引券を使いました。	noun	4	3	""[""""割引券"""",""""招待状"""",""""領収書"""",""""切符"""",""""会員証""""]""	""[""""coupon"""",""""invitation"""",""""receipt"""",""""ticket"""",""""card""""]""	""[""""coupon"""",""""cup"""",""""common"""",""""cartoon"""",""""cabin""""]""	""[{""""word"""":""""voucher"""",""""note"""":""""ややかたい語""""}]""	[]"
400215	4	separate	分ける	to divide things into different parts or groups	Please separate the trash into two bags.	ごみを二つの袋に分けてください。	verb	4	3	""[""""分ける"""",""""集める"""",""""運ぶ"""",""""隠す"""",""""選ぶ""""]""	""[""""separate"""",""""collect"""",""""carry"""",""""hide"""",""""choose""""]""	""[""""separate"""",""""celebrate"""",""""secret"""",""""several"""",""""support""""]""	""[{""""word"""":""""divide"""",""""note"""":""""より基本的な語""""}]""	""[{""""word"""":""""combine"""",""""note"""":""""一つにまとめる""""}]"""
400216	4	commit	犯す	to do something bad or wrong	He did not commit the crime.	彼はその犯罪を犯していません。	verb	5	3	""[""""犯す"""",""""防ぐ"""",""""調べる"""",""""認める"""",""""逃げる""""]""	""[""""commit"""",""""prevent"""",""""investigate"""",""""admit"""",""""escape""""]""	""[""""commit"""",""""comment"""",""""connect"""",""""collect"""",""""correct""""]""	[]	[]"
400217	4	fulfill	果たす	to do what was promised or expected	She worked hard to fulfill her dream.	彼女は夢を果たすために一生懸命努力しました。	verb	5	2	""[""""果たす"""",""""失う"""",""""断る"""",""""変える"""",""""比べる""""]""	""[""""fulfill"""",""""lose"""",""""refuse"""",""""change"""",""""compare""""]""	""[""""fulfill"""",""""forget"""",""""forward"""",""""football"""",""""full""""]""	""[{""""word"""":""""achieve"""",""""note"""":""""目標などを達成する""""}]""	""[{""""word"""":""""fail"""",""""note"""":""""うまくいかない""""}]"""
400218	4	urgent	緊急の	needing quick action	This is an urgent message.	これは緊急のメッセージです。	adjective	4	3	""[""""緊急の"""",""""重要な"""",""""危険な"""",""""突然の"""",""""深刻な""""]""	""[""""urgent"""",""""important"""",""""dangerous"""",""""sudden"""",""""serious""""]""	""[""""urgent"""",""""agent"""",""""ancient"""",""""argent"""",""""origin""""]""	""[{""""word"""":""""important"""",""""note"""":""""urgent は「すぐ対応が必要」""""}]""	""[{""""word"""":""""unimportant"""",""""note"""":""""重要でない""""}]"""
400219	4	prosper	栄える	to do well and become successful	Small shops can prosper here.	小さな店はここで栄えることができます。	verb	5	2	""[""""栄える"""",""""成長する"""",""""改善する"""",""""競争する"""",""""節約する""""]""	""[""""prosper"""",""""grow"""",""""improve"""",""""compete"""",""""save""""]""	""[""""prosper"""",""""proper"""",""""promise"""",""""project"""",""""protect""""]""	""[{""""word"""":""""succeed"""",""""note"""":""""結果として成功する""""},{""""word"""":""""thrive"""",""""note"""":""""元気に栄える""""}]""	""[{""""word"""":""""fail"""",""""note"""":""""失敗する""""}]"""
400220	4	obey	従う	to do what someone tells you to do	Children should obey their parents.	子どもは親に従うべきです。	verb	4	3	""[""""従う"""",""""助ける"""",""""招く"""",""""選ぶ"""",""""許す""""]""	""[""""obey"""",""""help"""",""""invite"""",""""choose"""",""""allow""""]""	""[""""obey"""",""""away"""",""""open"""",""""okay"""",""""over""""]""	""[{""""word"""":""""follow"""",""""note"""":""""指示や規則に従う""""}]""	""[{""""word"""":""""disobey"""",""""note"""":""""従わない""""}]"""
400221	4	physician	医師	a doctor who treats sick people	The physician checked my throat.	その医師は私ののどを診た。	noun	4	2	""[""""医師"""",""""看護師"""",""""患者"""",""""薬剤師"""",""""外科医""""]""	""[""""physician"""",""""nurse"""",""""patient"""",""""pharmacist"""",""""surgeon""""]""	""[""""physician"""",""""position"""",""""decision"""",""""musician"""",""""vacation""""]""	""[{""""word"""":""""doctor"""",""""note"""":""""より一般的な語""""}]""	[]"
400222	4	surgeon	外科医	a doctor who does operations	The surgeon spoke to my family after the operation.	その外科医は手術のあとで私の家族に話した。	noun	4	2	""[""""外科医"""",""""医師"""",""""看護師"""",""""患者"""",""""薬剤師""""]""	""[""""surgeon"""",""""physician"""",""""nurse"""",""""patient"""",""""pharmacist""""]""	""[""""surgeon"""",""""certain"""",""""version"""",""""urgent"""",""""sermon""""]""	[]	[]"
400223	4	voluntary	自発的な	done by choice, not by force	Her voluntary work helped many children.	彼女の自発的な活動は多くの子どもたちを助けた。	adjective	4	2	""[""""自発的な"""",""""強制的な"""",""""定期的な"""",""""個人的な"""",""""公式な""""]""	""[""""voluntary"""",""""forced"""",""""regular"""",""""personal"""",""""official""""]""	""[""""voluntary"""",""""valuable"""",""""victory"""",""""ordinary"""",""""visitor""""]""	""[{""""word"""":""""willing"""",""""note"""":""""進んでやる気持ちがある""""}]""	""[{""""word"""":""""forced"""",""""note"""":""""自分の意思ではなく強いられた""""}]"""
400224	4	steer	操縦する	to control the direction of a vehicle	She learned to steer the boat.	彼女はそのボートを操縦することを学んだ。	verb	4	3	""[""""操縦する"""",""""修理する"""",""""止める"""",""""押す"""",""""運ぶ""""]""	""[""""steer"""",""""repair"""",""""stop"""",""""push"""",""""carry""""]""	""[""""steer"""",""""stair"""",""""steel"""",""""star"""",""""store""""]""	""[{""""word"""":""""control"""",""""note"""":""""方向や動きをうまく扱う""""}]""	[]"
400225	4	overnight	一晩で	during the night or by the next morning	The snow fell overnight.	雪は一晩で降り積もった。	adverb	4	3	""[""""一晩で"""",""""すぐに"""",""""ゆっくり"""",""""毎日"""",""""突然""""]""	""[""""overnight"""",""""quickly"""",""""slowly"""",""""daily"""",""""suddenly""""]""	""[""""overnight"""",""""overlook"""",""""overseas"""",""""underline"""",""""midnight""""]""	[]	[]"
400226	4	responsibility	責任	something that you must do or take care of	Cleaning the room is your responsibility.	部屋を掃除するのはあなたの責任です。	noun	5	4	""[""""責任"""",""""経験"""",""""意見"""",""""方法"""",""""結果""""]""	""[""""responsibility"""",""""experience"""",""""opinion"""",""""method"""",""""result""""]""	""[""""responsibility"""",""""possibility"""",""""activity"""",""""ability"""",""""community""""]""	""[{""""word"""":""""duty"""",""""note"""":""""するべき仕事という意味で近い""""}]""	[]"
400227	4	comfort	快適さ	a feeling of being relaxed and free from pain	These shoes give me great comfort.	この靴は私に大きな快適さを与えてくれる。	noun	4	3	""[""""快適さ"""",""""危険"""",""""静けさ"""",""""重さ"""",""""広さ""""]""	""[""""comfort"""",""""danger"""",""""silence"""",""""weight"""",""""width""""]""	""[""""comfort"""",""""concert"""",""""common"""",""""corner"""",""""compass""""]""	""[{""""word"""":""""ease"""",""""note"""":""""より短く基本的な語""""}]""	""[{""""word"""":""""discomfort"""",""""note"""":""""不快さ""""}]"""
400228	4	simplicity	簡単さ	the quality of being easy and not complicated	I like the simplicity of this design.	私はこのデザインの簡単さが好きです。	noun	5	2	""[""""簡単さ"""",""""美しさ"""",""""強さ"""",""""速さ"""",""""深さ""""]""	""[""""simplicity"""",""""beauty"""",""""strength"""",""""speed"""",""""depth""""]""	""[""""simplicity"""",""""similarity"""",""""security"""",""""activity"""",""""electricity""""]""	""[{""""word"""":""""plainness"""",""""note"""":""""飾り気のなさという意味でも使う""""}]""	""[{""""word"""":""""complexity"""",""""note"""":""""複雑さ""""}]"""
400229	4	swallow	飲み込む	to make food or drink go down your throat	He tried to swallow the pill quickly.	彼はその薬をすばやく飲み込もうとした。	verb	4	3	""[""""飲み込む"""",""""こぼす"""",""""混ぜる"""",""""焼く"""",""""冷やす""""]""	""[""""swallow"""",""""spill"""",""""mix"""",""""bake"""",""""cool""""]""	""[""""swallow"""",""""follow"""",""""sorrow"""",""""yellow"""",""""window""""]""	[]	""[{""""word"""":""""spit out"""",""""note"""":""""口から出す""""}]"""
400230	4	frame	額縁	a border that holds a picture or photo	She put the photo in a frame.	彼女はその写真を額縁に入れた。	noun	4	3	""[""""額縁"""",""""棚"""",""""引き出し"""",""""鏡"""",""""机""""]""	""[""""frame"""",""""shelf"""",""""drawer"""",""""mirror"""",""""desk""""]""	""[""""frame"""",""""flame"""",""""from"""",""""frog"""",""""fresh""""]""	""[{""""word"""":""""border"""",""""note"""":""""ふち、わくという意味で近い""""}]""	[]"
400231	4	rubber	ゴム	a strong material that can bend and stretch	These boots are made of rubber.	この長靴はゴムでできている。	noun	4	3	""[""""ゴム"""",""""金属"""",""""木材"""",""""布"""",""""ガラス""""]""	""[""""rubber"""",""""metal"""",""""wood"""",""""cloth"""",""""glass""""]""	""[""""rubber"""",""""runner"""",""""river"""",""""number"""",""""brother""""]""	[]	[]"
400232	4	vacant	空いている	not being used or filled	That seat is vacant now.	その席は今空いている。	adjective	5	2	""[""""空いている"""",""""混んでいる"""",""""汚れている"""",""""静かな"""",""""安全な""""]""	""[""""vacant"""",""""crowded"""",""""dirty"""",""""quiet"""",""""safe""""]""	""[""""vacant"""",""""bacon"""",""""wagon"""",""""vase"""",""""baker""""]""	""[{""""word"""":""""empty"""",""""note"""":""""より基本的な語""""}]""	""[{""""word"""":""""full"""",""""note"""":""""中に物や人が入っている状態""""},{""""word"""":""""occupied"""",""""note"""":""""場所や席が使われている""""}]"""
400233	4	divorce	離婚する	to legally end a marriage	They decided to divorce last year.	彼らは昨年、離婚することを決めました。	verb	4	3	""[""""離婚する"""",""""結婚する"""",""""別れる"""",""""再会する"""",""""同居する""""]""	""[""""divorce"""",""""marry"""",""""separate"""",""""meet"""",""""live""""]""	""[""""divorce"""",""""device"""",""""divide"""",""""diver"""",""""diving""""]""	""[{""""word"""":""""separate"""",""""note"""":""""夫婦が別れる意味で近い""""}]""	""[{""""word"""":""""marry"""",""""note"""":""""結婚する""""}]"""
400234	4	conclude	結論づける	to decide or say after thinking	We can conclude that he is right.	私たちは彼が正しいと結論づけることができます。	verb	5	3	""[""""結論づける"""",""""説明する"""",""""比較する"""",""""拒否する"""",""""想像する""""]""	""[""""conclude"""",""""explain"""",""""compare"""",""""refuse"""",""""imagine""""]""	""[""""conclude"""",""""confuse"""",""""control"""",""""connect"""",""""collect""""]""	""[{""""word"""":""""decide"""",""""note"""":""""より基本的な語""""}]""	[]"
400235	4	limit	制限する	to keep something from going beyond a point	We must limit the time for each speaker.	私たちは各話者の時間を制限しなければなりません。	verb	4	4	""[""""制限する"""",""""増やす"""",""""共有する"""",""""準備する"""",""""修理する""""]""	""[""""limit"""",""""increase"""",""""share"""",""""prepare"""",""""repair""""]""	""[""""limit"""",""""minute"""",""""visit"""",""""spirit"""",""""ticket""""]""	""[{""""word"""":""""restrict"""",""""note"""":""""ややかたいが近い意味""""}]""	""[{""""word"""":""""increase"""",""""note"""":""""量や範囲を増やす""""}]"""
400236	4	terminal	終着駅	the last station or stop of a bus, train, or airport line	We met at the bus terminal after school.	私たちは放課後にバスターミナルで会いました。	noun	4	3	""[""""終着駅"""",""""改札口"""",""""待合室"""",""""駐車場"""",""""案内所""""]""	""[""""terminal"""",""""platform"""",""""station"""",""""airport"""",""""gate""""]""	""[""""terminal"""",""""terrible"""",""""journal"""",""""tunnel"""",""""general""""]""	""[{""""word"""":""""station"""",""""note"""":""""広い意味の「駅」""""}]""	[]"
400237	4	opponent	対戦相手	a person or team you play or fight against	Our opponent was very strong in the final game.	私たちの対戦相手は決勝戦でとても強かったです。	noun	4	3	""[""""対戦相手"""",""""観客"""",""""審判"""",""""監督"""",""""味方""""]""	""[""""opponent"""",""""audience"""",""""referee"""",""""coach"""",""""teammate""""]""	""[""""opponent"""",""""open"""",""""important"""",""""office"""",""""elephant""""]""	""[{""""word"""":""""enemy"""",""""note"""":""""より広く「敵」""""},{""""word"""":""""rival"""",""""note"""":""""競争相手として使うことが多い""""}]""	""[{""""word"""":""""ally"""",""""note"""":""""味方、協力する相手""""}]"""
400238	4	rival	ライバル	a person, team, or company that competes with another	He is my rival in the tennis club.	彼はテニス部で私のライバルです。	noun	4	4	""[""""ライバル"""",""""仲間"""",""""観客"""",""""先生"""",""""審判""""]""	""[""""rival"""",""""friend"""",""""player"""",""""teacher"""",""""referee""""]""	""[""""rival"""",""""river"""",""""arrival"""",""""level"""",""""driver""""]""	""[{""""word"""":""""competitor"""",""""note"""":""""競争する相手""""},{""""word"""":""""opponent"""",""""note"""":""""試合の相手にも使う""""}]""	[]"
400239	4	radiation	放射線	energy that comes from a source in the form of rays	The machine gives off harmful radiation.	その機械は有害な放射線を出す。	noun	4	2	""[""""放射線"""",""""電気"""",""""熱"""",""""光"""",""""煙""""]""	""[""""radiation"""",""""electricity"""",""""heat"""",""""light"""",""""smoke""""]""	""[""""radiation"""",""""relation"""",""""vacation"""",""""station"""",""""nation""""]""	[]	[]"
400240	4	motor	モーター	a machine that makes something move	This fan has a small motor inside.	この扇風機の中には小さなモーターがある。	noun	3	3	""[""""モーター"""",""""エンジン"""",""""車輪"""",""""ブレーキ"""",""""ハンドル""""]""	""[""""motor"""",""""engine"""",""""wheel"""",""""brake"""",""""handle""""]""	""[""""motor"""",""""meter"""",""""mother"""",""""motto"""",""""modern""""]""	""[{""""word"""":""""engine"""",""""note"""":""""engine は特に乗り物のエンジンでよく使う""""}]""	[]"
400241	4	sufficient	十分な	as much as needed	We have sufficient time to finish the work.	私たちにはその仕事を終えるのに十分な時間がある。	adjective	4	2	""[""""十分な"""",""""不足した"""",""""高価な"""",""""簡単な"""",""""安全な""""]""	""[""""sufficient"""",""""limited"""",""""expensive"""",""""easy"""",""""safe""""]""	""[""""sufficient"""",""""efficient"""",""""different"""",""""important"""",""""confident""""]""	""[{""""word"""":""""enough"""",""""note"""":""""より基本的で日常的な語""""}]""	""[{""""word"""":""""insufficient"""",""""note"""":""""必要な量に足りない""""}]"""
400242	4	invade	侵略する	to enter a country by force	The army tried to invade the country.	その軍隊はその国に侵略しようとした。	verb	4	2	""[""""侵略する"""",""""建てる"""",""""守る"""",""""発見する"""",""""訪れる""""]""	""[""""invade"""",""""protect"""",""""discover"""",""""visit"""",""""build""""]""	""[""""invade"""",""""invent"""",""""include"""",""""increase"""",""""invite""""]""	""[{""""word"""":""""attack"""",""""note"""":""""より広い意味で「攻撃する」""""}]""	""[{""""word"""":""""defend"""",""""note"""":""""「守る」""""}]"""
400243	4	lobby	ロビー	a large entrance area in a building	Let's meet in the hotel lobby.	ホテルのロビーで会いましょう。	noun	3	3	""[""""ロビー"""",""""廊下"""",""""屋上"""",""""地下室"""",""""教室""""]""	""[""""lobby"""",""""hallway"""",""""rooftop"""",""""basement"""",""""classroom""""]""	""[""""lobby"""",""""robber"""",""""hobby"""",""""copy"""",""""lovely""""]""	""[{""""word"""":""""entrance hall"""",""""note"""":""""より説明的な言い方""""}]""	[]"
400244	4	get away with	～しても罰を受けない	to do something wrong and not be punished	He got away with telling a lie.	彼はうそをついても罰を受けなかった。	verb	4	3	""[""""～しても罰を受けない"""",""""～から逃げる"""",""""～をあきらめる"""",""""～を片づける"""",""""～に追いつく""""]""	""[""""get away with"""",""""run away from"""",""""give up"""",""""put away"""",""""catch up with""""]""	""[""""get away with"""",""""get along with"""",""""get over it"""",""""get out of"""",""""get back to""""]""	[]	[]"
400245	4	get away from	～から離れる	to move away from a person or place	She wanted to get away from the noisy city.	彼女はそのうるさい町から離れたかった。	verb	4	3	""[""""～から離れる"""",""""～しても罰を受けない"""",""""～に近づく"""",""""～を見つける"""",""""～を待つ""""]""	""[""""get away from"""",""""get away with"""",""""approach"""",""""find"""",""""wait for""""]""	""[""""get away from"""",""""get away with"""",""""get along with"""",""""get back from"""",""""get out of""""]""	[]	[]"
400246	4	and so on	など	and other similar things	We talked about music, movies, sports, and so on.	私たちは音楽や映画やスポーツなどについて話しました。	conjunction	3	4	""[""""など"""",""""しかし"""",""""たとえば"""",""""その代わりに"""",""""実は""""]""	""[""""and so on"""",""""however"""",""""for example"""",""""instead"""",""""actually""""]""	""[""""and so on"""",""""and so off"""",""""and so long"""",""""and so far"""",""""and so much""""]""	""[{""""word"""":""""etc."""",""""note"""":""""書き言葉でよく使う""""}]""	[]"
400247	4	nevertheless	それでも	in spite of that	It was raining; nevertheless, we went out.	雨が降っていたが、それでも私たちは出かけた。	adverb	4	2	""[""""それでも"""",""""したがって"""",""""たとえば"""",""""その後"""",""""たぶん""""]""	""[""""nevertheless"""",""""therefore"""",""""however"""",""""besides"""",""""instead""""]""	""[""""nevertheless"""",""""never"""",""""nervous"""",""""weather"""",""""whether""""]""	""[{""""word"""":""""however"""",""""note"""":""""より一般的な語""""},{""""word"""":""""still"""",""""note"""":""""文脈によって近い""""}]""	""[{""""word"""":""""therefore"""",""""note"""":""""結果を表す語""""}]"""
400248	4	phenomenon	現象	something that happens and can be seen or studied	Rainbows are a natural phenomenon.	虹は自然現象です。	noun	5	2	""[""""現象"""",""""制度"""",""""実験"""",""""結果"""",""""理論""""]""	""[""""phenomenon"""",""""experiment"""",""""theory"""",""""system"""",""""result""""]""	""[""""phenomenon"""",""""telephone"""",""""festival"""",""""favorite"""",""""elephant""""]""	[]	[]"
400249	4	exhibition	展示会	a public show of art or other things	We visited an art exhibition on Sunday.	私たちは日曜日に美術の展示会を訪れた。	noun	4	3	""[""""展示会"""",""""競技会"""",""""会議"""",""""式典"""",""""遠足""""]""	""[""""exhibition"""",""""competition"""",""""conference"""",""""ceremony"""",""""excursion""""]""	""[""""exhibition"""",""""expedition"""",""""education"""",""""condition"""",""""position""""]""	""[{""""word"""":""""show"""",""""note"""":""""より広い意味で使う""""}]""	[]"
400250	4	universal	普遍的な	true or used in all places or for all people	Music is a universal language.	音楽は普遍的な言語です。	adjective	4	3	""[""""普遍的な"""",""""正確な"""",""""個別の"""",""""伝統的な"""",""""危険な""""]""	""[""""universal"""",""""precise"""",""""private"""",""""traditional"""",""""dangerous""""]""	""[""""universal"""",""""universe"""",""""usual"""",""""uniform"""",""""natural""""]""	""[{""""word"""":""""general"""",""""note"""":""""より広く一般的な意味""""},{""""word"""":""""common"""",""""note"""":""""ふつうによく見られる意味でも使う""""}]""	""[{""""word"""":""""limited"""",""""note"""":""""限られた""""},{""""word"""":""""particular"""",""""note"""":""""特定の""""}]"""
400251	4	precise	正確な	very exact and correct	Please give me a precise answer.	正確な答えをください。	adjective	4	3	""[""""正確な"""",""""普遍的な"""",""""曖昧な"""",""""静かな"""",""""高価な""""]""	""[""""precise"""",""""universal"""",""""vague"""",""""quiet"""",""""expensive""""]""	""[""""precise"""",""""price"""",""""practice"""",""""surprise"""",""""polite""""]""	""[{""""word"""":""""exact"""",""""note"""":""""ぴったり正しい""""},{""""word"""":""""accurate"""",""""note"""":""""情報や数字が正確""""}]""	""[{""""word"""":""""vague"""",""""note"""":""""あいまいな""""},{""""word"""":""""rough"""",""""note"""":""""大まかな""""}]"""
400252	4	instance	例	an example of something	This is a good instance of teamwork.	これはチームワークのよい例です。	noun	4	3	""[""""例"""",""""原因"""",""""結果"""",""""方法"""",""""意見""""]""	""[""""instance"""",""""cause"""",""""result"""",""""method"""",""""opinion""""]""	""[""""instance"""",""""instant"""",""""instead"""",""""distance"""",""""entrance""""]""	""[{""""word"""":""""example"""",""""note"""":""""もっとも基本的な語""""},{""""word"""":""""case"""",""""note"""":""""事例という意味""""}]""	[]"
400253	4	dramatic	劇的な	very great and surprising	The city saw a dramatic change last year.	その町は昨年、劇的な変化を経験した。	adjective	4	3	""[""""劇的な"""",""""穏やかな"""",""""小さな"""",""""突然の"""",""""重要な""""]""	""[""""dramatic"""",""""peaceful"""",""""minor"""",""""sudden"""",""""important""""]""	""[""""dramatic"""",""""dynamic"""",""""dramaticly"""",""""drama"""",""""automatic""""]""	""[{""""word"""":""""striking"""",""""note"""":""""目立つほど強い印象""""},{""""word"""":""""sudden"""",""""note"""":""""文脈によっては急激な変化を表す""""}]""	""[{""""word"""":""""slight"""",""""note"""":""""変化などが小さい""""},{""""word"""":""""gradual"""",""""note"""":""""少しずつの""""}]"""
400254	4	due	期限の	expected or required at a certain time	My homework is due tomorrow.	私の宿題の期限は明日です。	adjective	4	4	""[""""期限の"""",""""無料の"""",""""安全な"""",""""有名な"""",""""必要な""""]""	""[""""due"""",""""free"""",""""safe"""",""""famous"""",""""necessary""""]""	""[""""due"""",""""do"""",""""dew"""",""""blue"""",""""few""""]""	[]	""[{""""word"""":""""late"""",""""note"""":""""期限に遅れた""""}]"""
400255	4	go through	経験する	to experience something difficult or important	She went through a hard time last year.	彼女は昨年つらい時期を経験した。	verb	4	3	""[""""経験する"""",""""避ける"""",""""説明する"""",""""集める"""",""""選ぶ""""]""	""[""""go through"""",""""avoid"""",""""explain"""",""""collect"""",""""choose""""]""	""[""""go through"""",""""grow through"""",""""go true"""",""""go to"""",""""get through""""]""	""[{""""word"""":""""experience"""",""""note"""":""""最も近い基本語""""}]""	[]"
400256	4	veteran	ベテラン	a person with a lot of experience	He is a veteran teacher.	彼はベテランの先生です。	noun	4	3	""[""""ベテラン"""",""""初心者"""",""""選手"""",""""観客"""",""""案内人""""]""	""[""""veteran"""",""""beginner"""",""""player"""",""""visitor"""",""""leader""""]""	""[""""veteran"""",""""visitor"""",""""victory"""",""""vitamin"""",""""weather""""]""	""[{""""word"""":""""expert"""",""""note"""":""""skillが高い人""""},{""""word"""":""""specialist"""",""""note"""":""""特定分野の専門家""""}]""	""[{""""word"""":""""beginner"""",""""note"""":""""経験が少ない人""""}]"""
400257	4	professional	プロの	doing a job for money and with skill	She is a professional tennis player.	彼女はプロのテニス選手です。	adjective	4	4	""[""""プロの"""",""""有名な"""",""""若い"""",""""静かな"""",""""危険な""""]""	""[""""professional"""",""""famous"""",""""young"""",""""quiet"""",""""dangerous""""]""	""[""""professional"""",""""traditional"""",""""national"""",""""special"""",""""personal""""]""	""[{""""word"""":""""skilled"""",""""note"""":""""技術がある""""},{""""word"""":""""expert"""",""""note"""":""""とても上手な""""}]""	""[{""""word"""":""""amateur"""",""""note"""":""""趣味で行う人の""""}]"""
400258	4	define	定義する	to explain the meaning of a word or idea	Can you define this word?	この単語を定義できますか。	verb	4	3	""[""""定義する"""",""""比較する"""",""""繰り返す"""",""""発見する"""",""""運ぶ""""]""	""[""""define"""",""""compare"""",""""repeat"""",""""discover"""",""""carry""""]""	""[""""define"""",""""design"""",""""decline"""",""""decide"""",""""refine""""]""	""[{""""word"""":""""explain"""",""""note"""":""""意味を説明する""""},{""""word"""":""""describe"""",""""note"""":""""内容を言葉で表す""""}]""	[]"
400259	4	bomb	爆弾	a weapon that explodes	The police found a bomb in the bag.	警察はそのかばんの中に爆弾を見つけた。	noun	4	3	""[""""爆弾"""",""""銃"""",""""ナイフ"""",""""弾丸"""",""""武器""""]""	""[""""bomb"""",""""gun"""",""""knife"""",""""bullet"""",""""weapon""""]""	""[""""bomb"""",""""bond"""",""""box"""",""""bank"""",""""bump""""]""	[]	[]"
400260	4	spare	予備の	extra and ready to use if needed	Do you have a spare key?	予備の鍵を持っていますか。	adjective	4	4	""[""""予備の"""",""""空の"""",""""重い"""",""""安全な"""",""""便利な""""]""	""[""""spare"""",""""empty"""",""""heavy"""",""""safe"""",""""useful""""]""	""[""""spare"""",""""space"""",""""spear"""",""""spell"""",""""stare""""]""	""[{""""word"""":""""extra"""",""""note"""":""""追加の、余分な""""}]""	[]"
400261	4	radical	急進的な	supporting very big changes	The group wanted radical change.	その団体は急進的な変化を求めていた。	adjective	5	2	""[""""急進的な"""",""""伝統的な"""",""""穏やかな"""",""""現実的な"""",""""一般的な""""]""	""[""""radical"""",""""traditional"""",""""calm"""",""""practical"""",""""common""""]""	""[""""radical"""",""""medical"""",""""logical"""",""""regular"""",""""critical""""]""	[]	""[{""""word"""":""""conservative"""",""""note"""":""""変化より伝統を重んじる""""}]"""
400262	4	proof	証拠	facts or signs that show something is true	Do you have any proof of your story?	あなたの話の証拠はありますか。	noun	4	3	""[""""証拠"""",""""約束"""",""""意見"""",""""方法"""",""""結果""""]""	""[""""proof"""",""""promise"""",""""opinion"""",""""method"""",""""result""""]""	""[""""proof"""",""""roof"""",""""proud"""",""""group"""",""""prove""""]""	""[{""""word"""":""""evidence"""",""""note"""":""""より一般的な『証拠』""""}]""	[]"
400263	4	industrial	産業の	related to industry or factories	The city is an industrial area.	その都市は工業地域です。	adjective	5	3	""[""""産業の"""",""""自然の"""",""""個人的な"""",""""伝統的な"""",""""国際的な""""]""	""[""""industrial"""",""""natural"""",""""personal"""",""""traditional"""",""""international""""]""	""[""""industrial"""",""""individual"""",""""interesting"""",""""internal"""",""""insect""""]""	[]	[]"
400264	4	mill	工場	a building where things are made or processed	My grandfather worked in a mill.	私の祖父は工場で働いていました。	noun	4	2	""[""""工場"""",""""農場"""",""""市場"""",""""駅"""",""""倉庫""""]""	""[""""mill"""",""""farm"""",""""market"""",""""station"""",""""warehouse""""]""	""[""""mill"""",""""milk"""",""""meal"""",""""hill"""",""""mail""""]""	""[{""""word"""":""""factory"""",""""note"""":""""より一般的な語""""}]""	[]"
400265	4	data	データ	facts or information used for study or work	The computer stores a lot of data.	そのコンピューターはたくさんのデータを保存します。	noun	4	3	""[""""データ"""",""""情報"""",""""記号"""",""""機械"""",""""計画""""]""	""[""""data"""",""""report"""",""""record"""",""""detail"""",""""result""""]""	""[""""data"""",""""later"""",""""daily"""",""""delta"""",""""date""""]""	""[{""""word"""":""""information"""",""""note"""":""""より広い意味で使うことが多い""""}]""	[]"
400266	4	objective	目標	something you are trying to achieve	Our main objective is to help students learn.	私たちの主な目標は、生徒が学ぶのを助けることです。	noun	5	2	""[""""目標"""",""""方法"""",""""結果"""",""""理由"""",""""規則""""]""	""[""""objective"""",""""purpose"""",""""method"""",""""result"""",""""rule""""]""	""[""""objective"""",""""object"""",""""obvious"""",""""active"""",""""subject""""]""	""[{""""word"""":""""goal"""",""""note"""":""""より日常的な語""""},{""""word"""":""""aim"""",""""note"""":""""ねらいの意味で近い""""}]""	[]"
400267	4	justice	正義	fair treatment and what is right	People want justice for the victim.	人々はその被害者のための正義を求めています。	noun	5	2	""[""""正義"""",""""自由"""",""""平和"""",""""法律"""",""""真実""""]""	""[""""justice"""",""""freedom"""",""""peace"""",""""law"""",""""truth""""]""	""[""""justice"""",""""just"""",""""judge"""",""""practice"""",""""artist""""]""	""[{""""word"""":""""fairness"""",""""note"""":""""公平さという意味で近い""""}]""	""[{""""word"""":""""injustice"""",""""note"""":""""不正、不公平""""}]"""
400268	4	religion	宗教	a system of belief about God or gods	Religion is important to some people.	宗教は人によっては大切です。	noun	4	3	""[""""宗教"""",""""文化"""",""""歴史"""",""""伝統"""",""""法律""""]""	""[""""religion"""",""""culture"""",""""history"""",""""tradition"""",""""law""""]""	""[""""religion"""",""""region"""",""""relation"""",""""revision"""",""""decision""""]""	""[{""""word"""":""""faith"""",""""note"""":""""信仰という意味で近い""""}]""	[]"
400269	4	loyalty	忠誠心	strong support for a person, group, or country	Her loyalty to the team was strong.	彼女のチームへの忠誠心は強かった。	noun	4	2	""[""""忠誠心"""",""""勇気"""",""""親切"""",""""努力"""",""""責任""""]""	""[""""loyalty"""",""""courage"""",""""kindness"""",""""effort"""",""""duty""""]""	""[""""loyalty"""",""""royalty"""",""""variety"""",""""society"""",""""reality""""]""	[]	[]"
400270	4	loyal	忠実な	always supporting a person, group, or idea	He is loyal to his friends.	彼は友達に忠実です。	adjective	4	3	""[""""忠実な"""",""""正直な"""",""""親切な"""",""""勇敢な"""",""""静かな""""]""	""[""""loyal"""",""""honest"""",""""kind"""",""""brave"""",""""quiet""""]""	""[""""loyal"""",""""royal"""",""""local"""",""""normal"""",""""final""""]""	""[{""""word"""":""""faithful"""",""""note"""":""""より『裏切らない』感じが強い""""}]""	""[{""""word"""":""""disloyal"""",""""note"""":""""忠実でない""""}]"""
400271	4	collapse	崩れ落ちる	to fall down suddenly	The old bridge may collapse soon.	その古い橋はまもなく崩れ落ちるかもしれない。	verb	4	2	""[""""崩れ落ちる"""",""""建てる"""",""""広がる"""",""""集まる"""",""""支える""""]""	""[""""collapse"""",""""build"""",""""spread"""",""""gather"""",""""support""""]""	""[""""collapse"""",""""collect"""",""""correct"""",""""connect"""",""""compare""""]""	""[{""""word"""":""""fall"""",""""note"""":""""より基本的な語""""},{""""word"""":""""crash"""",""""note"""":""""強く壊れて落ちる感じ""""}]""	""[{""""word"""":""""stand"""",""""note"""":""""立ったままでいる""""},{""""word"""":""""support"""",""""note"""":""""支える""""}]"""
400272	4	household	家庭	all the people living in one home	Every household needs clean water.	どの家庭にもきれいな水が必要です。	noun	4	3	""[""""家庭"""",""""学校"""",""""会社"""",""""地域"""",""""病院""""]""	""[""""household"""",""""school"""",""""company"""",""""community"""",""""hospital""""]""	""[""""household"""",""""hometown"""",""""handbook"""",""""housework"""",""""homeroom""""]""	""[{""""word"""":""""home"""",""""note"""":""""より広く「家・家庭」""""}]""	[]"
400273	4	prominent	有名な	well known and important	She is a prominent scientist in Japan.	彼女は日本で有名な科学者です。	adjective	5	2	""[""""有名な"""",""""静かな"""",""""正直な"""",""""危険な"""",""""親切な""""]""	""[""""prominent"""",""""quiet"""",""""honest"""",""""dangerous"""",""""kind""""]""	""[""""prominent"""",""""promise"""",""""proper"""",""""probably"""",""""project""""]""	""[{""""word"""":""""famous"""",""""note"""":""""最も基本的な類義語""""},{""""word"""":""""well-known"""",""""note"""":""""やや説明的な表現""""}]""	""[{""""word"""":""""unknown"""",""""note"""":""""知られていない""""}]"""
400274	4	celebrity	有名人	a famous person	The restaurant was full of celebrities.	そのレストランは有名人でいっぱいだった。	noun	4	3	""[""""有名人"""",""""俳優"""",""""歌手"""",""""記者"""",""""画家""""]""	""[""""celebrity"""",""""actor"""",""""singer"""",""""reporter"""",""""artist""""]""	""[""""celebrity"""",""""ceremony"""",""""cellar"""",""""salary"""",""""library""""]""	""[{""""word"""":""""star"""",""""note"""":""""くだけた言い方で「スター」""""}]""	[]"
400275	4	remote	遠い	far away from other places	They lived in a remote village.	彼らは遠い村に住んでいた。	adjective	4	3	""[""""遠い"""",""""近い"""",""""静かな"""",""""広い"""",""""暗い""""]""	""[""""remote"""",""""near"""",""""quiet"""",""""wide"""",""""dark""""]""	""[""""remote"""",""""remove"""",""""report"""",""""repeat"""",""""repair""""]""	""[{""""word"""":""""distant"""",""""note"""":""""ややかたい言い方""""}]""	""[{""""word"""":""""near"""",""""note"""":""""近い""""}]"""
400276	4	tractor	トラクター	a farm vehicle used to pull machines	The farmer drove a tractor across the field.	その農家の人は畑をトラクターで走った。	noun	4	2	""[""""トラクター"""",""""トラック"""",""""バス"""",""""自転車"""",""""船""""]""	""[""""tractor"""",""""truck"""",""""bus"""",""""bicycle"""",""""boat""""]""	""[""""tractor"""",""""track"""",""""travel"""",""""traffic"""",""""trainer""""]""	[]	[]"
400277	4	swift	素早い	moving very fast	The bird is swift in the sky.	その鳥は空を素早く飛ぶ。	adjective	4	3	""[""""素早い"""",""""静かな"""",""""重い"""",""""明るい"""",""""安全な""""]""	""[""""swift"""",""""quiet"""",""""heavy"""",""""bright"""",""""safe""""]""	""[""""swift"""",""""shift"""",""""swim"""",""""sweet"""",""""soft""""]""	""[{""""word"""":""""quick"""",""""note"""":""""より一般的な語""""},{""""word"""":""""fast"""",""""note"""":""""日常会話でよく使う""""}]""	""[{""""word"""":""""slow"""",""""note"""":""""速くない""""}]"""
400278	4	suffer	苦しむ	to feel pain or trouble	Many people suffer from the heat in summer.	多くの人が夏の暑さに苦しむ。	verb	4	4	""[""""苦しむ"""",""""隠す"""",""""集める"""",""""運ぶ"""",""""招く""""]""	""[""""suffer"""",""""hide"""",""""collect"""",""""carry"""",""""invite""""]""	""[""""suffer"""",""""summer"""",""""supper"""",""""sudden"""",""""soccer""""]""	""[{""""word"""":""""hurt"""",""""note"""":""""痛みを受ける意味で近い""""}]""	""[{""""word"""":""""recover"""",""""note"""":""""苦しんだ後によくなる""""}]"""
400279	4	relief	安心	a feeling of comfort after worry or pain	I felt relief after the test.	私はテストのあと安心した。	noun	4	3	""[""""安心"""",""""怒り"""",""""希望"""",""""勇気"""",""""驚き""""]""	""[""""relief"""",""""anger"""",""""hope"""",""""courage"""",""""surprise""""]""	""[""""relief"""",""""belief"""",""""repeat"""",""""release"""",""""reply""""]""	[]	""[{""""word"""":""""anxiety"""",""""note"""":""""不安な気持ち""""}]"""
400280	4	regret	後悔する	to feel sorry about something you did or did not do	I regret saying those words.	私はあんな言葉を言ったことを後悔している。	verb	4	3	""[""""後悔する"""",""""感謝する"""",""""拒否する"""",""""期待する"""",""""提案する""""]""	""[""""regret"""",""""respect"""",""""refuse"""",""""expect"""",""""suggest""""]""	""[""""regret"""",""""request"""",""""result"""",""""repeat"""",""""report""""]""	""[{""""word"""":""""repent"""",""""note"""":""""やや硬い語""""}]""	[]"
400281	4	sensitive	敏感な	easily affected by things or feelings	He is sensitive to cold weather.	彼は寒い天気に敏感だ。	adjective	4	3	""[""""敏感な"""",""""活発な"""",""""正直な"""",""""静かな"""",""""勇敢な""""]""	""[""""sensitive"""",""""active"""",""""honest"""",""""quiet"""",""""brave""""]""	""[""""sensitive"""",""""positive"""",""""relative"""",""""creative"""",""""negative""""]""	""[{""""word"""":""""delicate"""",""""note"""":""""傷つきやすい感じもある""""}]""	""[{""""word"""":""""insensitive"""",""""note"""":""""感じにくい""""}]"""
400282	4	emotion	感情	a strong feeling such as love, anger, or sadness	Music can change our emotion.	音楽は私たちの感情を変えることがある。	noun	4	3	""[""""感情"""",""""意見"""",""""記憶"""",""""習慣"""",""""経験""""]""	""[""""emotion"""",""""opinion"""",""""memory"""",""""habit"""",""""experience""""]""	""[""""emotion"""",""""ocean"""",""""notion"""",""""motion"""",""""edition""""]""	""[{""""word"""":""""feeling"""",""""note"""":""""より日常的な語""""}]""	[]"
400283	4	mood	気分	the way someone feels at a time	She is in a good mood today.	彼女は今日、機嫌がいい。	noun	4	3	""[""""気分"""",""""感覚"""",""""意見"""",""""習慣"""",""""表情""""]""	""[""""mood"""",""""sense"""",""""opinion"""",""""habit"""",""""expression""""]""	""[""""mood"""",""""moon"""",""""move"""",""""food"""",""""mud""""]""	""[{""""word"""":""""feeling"""",""""note"""":""""より広い意味での「気持ち」""""}]""	[]"
400284	4	sensation	感覚	a physical feeling or impression	I felt a strange sensation in my hand.	私は手に変な感覚を覚えた。	noun	5	2	""[""""感覚"""",""""気分"""",""""記憶"""",""""景色"""",""""方法""""]""	""[""""sensation"""",""""mood"""",""""memory"""",""""view"""",""""method""""]""	""[""""sensation"""",""""station"""",""""vacation"""",""""selection"""",""""situation""""]""	""[{""""word"""":""""feeling"""",""""note"""":""""より基本的な語""""}]""	[]"
400285	4	sympathy	同情	kind feelings for someone who is sad or in trouble	I felt sympathy for the lost child.	私は迷子の子どもに同情した。	noun	5	2	""[""""同情"""",""""尊敬"""",""""勇気"""",""""希望"""",""""努力""""]""	""[""""sympathy"""",""""respect"""",""""courage"""",""""hope"""",""""effort""""]""	""[""""sympathy"""",""""company"""",""""family"""",""""memory"""",""""energy""""]""	""[{""""word"""":""""pity"""",""""note"""":""""やや強く「かわいそうに思う」""""}]""	[]"
400286	4	grateful	感謝している	feeling thankful for something	I am grateful for your help.	私はあなたの助けに感謝しています。	adjective	4	3	""[""""感謝している"""",""""驚いている"""",""""疲れている"""",""""怒っている"""",""""困っている""""]""	""[""""grateful"""",""""surprised"""",""""tired"""",""""angry"""",""""worried""""]""	""[""""grateful"""",""""great"""",""""grape"""",""""global"""",""""careful""""]""	""[{""""word"""":""""thankful"""",""""note"""":""""より基本的な語""""}]""	""[{""""word"""":""""ungrateful"""",""""note"""":""""感謝していない""""}]"""
400287	4	oppose	反対する	to disagree with something and try to stop it	Many people oppose the new plan.	多くの人がその新しい計画に反対しています。	verb	4	3	""[""""反対する"""",""""賛成する"""",""""説明する"""",""""選ぶ"""",""""準備する""""]""	""[""""oppose"""",""""support"""",""""explain"""",""""choose"""",""""prepare""""]""	""[""""oppose"""",""""suppose"""",""""expose"""",""""compose"""",""""approach""""]""	""[{""""word"""":""""object"""",""""note"""":""""ややかたい語""""}]""	""[{""""word"""":""""support"""",""""note"""":""""賛成して支える""""}]"""
400288	4	resist	抵抗する	to fight against something or refuse it	He tried to resist the temptation.	彼はその誘惑に抵抗しようとしました。	verb	4	3	""[""""抵抗する"""",""""受け入れる"""",""""隠す"""",""""集める"""",""""改善する""""]""	""[""""resist"""",""""accept"""",""""hide"""",""""collect"""",""""improve""""]""	""[""""resist"""",""""result"""",""""respect"""",""""remain"""",""""repeat""""]""	""[{""""word"""":""""fight"""",""""note"""":""""文脈によって近い""""}]""	""[{""""word"""":""""accept"""",""""note"""":""""受け入れる""""}]"""
400289	4	struggle	苦闘する	to try very hard because something is difficult	He had to struggle to carry the heavy box.	彼はその重い箱を運ぶのに苦労しなければならなかった。	verb	4	3	""[""""苦闘する"""",""""努力する"""",""""運ぶ"""",""""支える"""",""""隠す""""]""	""[""""struggle"""",""""manage"""",""""carry"""",""""support"""",""""hide""""]""	""[""""struggle"""",""""strong"""",""""straight"""",""""single"""",""""signal""""]""	""[{""""word"""":""""fight"""",""""note"""":""""困難に立ち向かう意味で近い""""},{""""word"""":""""try"""",""""note"""":""""より広い意味の基本語""""}]""	""[{""""word"""":""""give up"""",""""note"""":""""途中でやめる""""}]"""
400290	4	conflict	対立	a serious disagreement or fight	The two groups were in conflict over the plan.	その2つのグループはその計画をめぐって対立していた。	noun	4	3	""[""""対立"""",""""協力"""",""""会話"""",""""約束"""",""""助言""""]""	""[""""conflict"""",""""cooperation"""",""""conversation"""",""""promise"""",""""advice""""]""	""[""""conflict"""",""""contact"""",""""concert"""",""""collect"""",""""connect""""]""	""[{""""word"""":""""disagreement"""",""""note"""":""""意見が合わないこと""""},{""""word"""":""""fight"""",""""note"""":""""よりくだけた基本語""""}]""	""[{""""word"""":""""peace"""",""""note"""":""""争いのない状態""""},{""""word"""":""""agreement"""",""""note"""":""""意見が一致すること""""}]"""
400291	4	violence	暴力	the use of physical force to hurt people	The movie contains a lot of violence.	その映画には多くの暴力表現が含まれている。	noun	4	3	""[""""暴力"""",""""平和"""",""""勇気"""",""""沈黙"""",""""自由""""]""	""[""""violence"""",""""peace"""",""""courage"""",""""silence"""",""""freedom""""]""	""[""""violence"""",""""science"""",""""silent"""",""""island"""",""""violet""""]""	[]	""[{""""word"""":""""peace"""",""""note"""":""""争いや暴力のない状態""""}]"""
400292	4	occupy	占める	to fill or use a space or time	The sofa occupies too much space.	そのソファは場所を取りすぎる。	verb	4	3	""[""""占める"""",""""防ぐ"""",""""集める"""",""""運ぶ"""",""""壊す""""]""	""[""""occupy"""",""""prevent"""",""""collect"""",""""carry"""",""""destroy""""]""	""[""""occupy"""",""""operate"""",""""opposite"""",""""option"""",""""october""""]""	""[{""""word"""":""""fill"""",""""note"""":""""空間を満たす意味で近い""""}]""	""[{""""word"""":""""empty"""",""""note"""":""""空にする""""}]"""
400293	4	ultimate	最終の	final or most important	This is the ultimate goal of our team.	これが私たちのチームの最終目標です。	adjective	4	2	""[""""最終の"""",""""基本の"""",""""安全な"""",""""静かな"""",""""有名な""""]""	""[""""ultimate"""",""""basic"""",""""safe"""",""""quiet"""",""""famous""""]""	""[""""ultimate"""",""""estimate"""",""""alternate"""",""""elegant"""",""""intimate""""]""	""[{""""word"""":""""final"""",""""note"""":""""いちばん最後の意味で近い""""}]""	""[{""""word"""":""""first"""",""""note"""":""""最初の""""}]"""
400294	4	detect	見つける	to notice or discover something	The machine can detect smoke quickly.	その機械は煙をすばやく見つけることができる。	verb	4	3	""[""""見つける"""",""""隠す"""",""""借りる"""",""""選ぶ"""",""""洗う""""]""	""[""""detect"""",""""hide"""",""""borrow"""",""""choose"""",""""wash""""]""	""[""""detect"""",""""direct"""",""""decide"""",""""detail"""",""""delete""""]""	""[{""""word"""":""""find"""",""""note"""":""""より基本的な語""""}]""	""[{""""word"""":""""miss"""",""""note"""":""""見落とす""""}]"""
400295	4	locate	見つける	to find the place of something	We tried to locate the missing dog.	私たちはいなくなった犬を見つけようとした。	verb	4	3	""[""""見つける"""",""""隠す"""",""""運ぶ"""",""""選ぶ"""",""""壊す""""]""	""[""""locate"""",""""hide"""",""""carry"""",""""choose"""",""""break""""]""	""[""""locate"""",""""rotate"""",""""local"""",""""locker"""",""""record""""]""	""[{""""word"""":""""find"""",""""note"""":""""より基本的な語""""}]""	""[{""""word"""":""""hide"""",""""note"""":""""隠して見つからなくする""""}]"""
400296	4	dismiss	解散させる	to send someone away or end a meeting	The teacher dismissed the class early.	先生は授業を早く終えて生徒たちを解散させた。	verb	5	2	""[""""解散させる"""",""""集める"""",""""招く"""",""""助ける"""",""""説明する""""]""	""[""""dismiss"""",""""gather"""",""""invite"""",""""help"""",""""explain""""]""	""[""""dismiss"""",""""discuss"""",""""distance"""",""""dinner"""",""""device""""]""	[]	[]"
400297	4	torch	たいまつ	a stick with fire used for light	He carried a torch in the dark cave.	彼は暗い洞くつでたいまつを持っていた。	noun	4	2	""[""""たいまつ"""",""""ろうそく"""",""""懐中電灯"""",""""ランプ"""",""""マッチ""""]""	""[""""torch"""",""""candle"""",""""flashlight"""",""""lamp"""",""""match""""]""	""[""""torch"""",""""touch"""",""""talk"""",""""torn"""",""""church""""]""	[]	[]"
400298	4	initial	最初の	happening at the beginning	My initial idea was simple.	私の最初の考えは単純でした。	adjective	4	3	""[""""最初の"""",""""最後の"""",""""重要な"""",""""簡単な"""",""""静かな""""]""	""[""""initial"""",""""final"""",""""important"""",""""simple"""",""""quiet""""]""	""[""""initial"""",""""unusual"""",""""inside"""",""""injure"""",""""ancient""""]""	""[{""""word"""":""""first"""",""""note"""":""""より基本的な語""""}]""	""[{""""word"""":""""final"""",""""note"""":""""最後の""""}]"""
400299	4	settle	解決する	to solve a problem or decide something	We need to settle this problem soon.	私たちはこの問題をすぐに解決する必要があります。	verb	4	3	""[""""解決する"""",""""説明する"""",""""共有する"""",""""避ける"""",""""比較する""""]""	""[""""settle"""",""""explain"""",""""share"""",""""avoid"""",""""compare""""]""	""[""""settle"""",""""metal"""",""""central"""",""""sudden"""",""""little""""]""	""[{""""word"""":""""solve"""",""""note"""":""""問題を解くときによく使う""""}]""	[]"
400300	4	resolve	解決する	to find an answer to a problem	They resolved the issue quickly.	彼らはその問題をすぐに解決しました。	verb	5	3	""[""""解決する"""",""""拒否する"""",""""想像する"""",""""確認する"""",""""改善する""""]""	""[""""resolve"""",""""refuse"""",""""imagine"""",""""check"""",""""improve""""]""	""[""""resolve"""",""""result"""",""""receive"""",""""respect"""",""""reverse""""]""	""[{""""word"""":""""solve"""",""""note"""":""""より基本的でよく使う""""}]""	[]"
400301	4	edit	編集する	to change or prepare writing for use	She will edit the school newspaper.	彼女は学校新聞を編集するでしょう。	verb	4	3	""[""""編集する"""",""""印刷する"""",""""説明する"""",""""確認する"""",""""配る""""]""	""[""""edit"""",""""print"""",""""explain"""",""""check"""",""""share""""]""	""[""""edit"""",""""exit"""",""""visit"""",""""credit"""",""""event""""]""	""[{""""word"""":""""revise"""",""""note"""":""""内容を見直して直す""""}]""	[]"
400302	4	mechanic	整備士	a person who repairs machines or cars	The mechanic fixed my bike quickly.	その整備士は私の自転車をすぐに直した。	noun	4	3	""[""""整備士"""",""""運転手"""",""""画家"""",""""店員"""",""""農家""""]""	""[""""mechanic"""",""""driver"""",""""painter"""",""""clerk"""",""""farmer""""]""	""[""""mechanic"""",""""machine"""",""""magnetic"""",""""picnic"""",""""panic""""]""	""[{""""word"""":""""repairman"""",""""note"""":""""機械などを直す人""""}]""	[]"
400303	4	counter	売り場	a long table in a shop where people are served	Please pay at the counter.	売り場で支払ってください。	noun	4	3	""[""""売り場"""",""""入口"""",""""出口"""",""""通路"""",""""階段""""]""	""[""""counter"""",""""entrance"""",""""exit"""",""""hallway"""",""""stairs""""]""	""[""""counter"""",""""country"""",""""count"""",""""corner"""",""""center""""]""	[]	[]"
400304	4	pour	注ぐ	to make liquid flow into or out of something	Please pour some tea into the cup.	カップにお茶を少し注いでください。	verb	4	3	""[""""注ぐ"""",""""混ぜる"""",""""運ぶ"""",""""洗う"""",""""集める""""]""	""[""""pour"""",""""mix"""",""""carry"""",""""wash"""",""""gather""""]""	""[""""pour"""",""""poor"""",""""pole"""",""""pork"""",""""port""""]""	""[{""""word"""":""""fill"""",""""note"""":""""入れ物を満たすときに近い""""}]""	[]"
400305	4	file	ファイル	a set of papers or information kept together	I saved the report in a file.	私はその報告書をファイルに保存した。	noun	4	3	""[""""ファイル"""",""""封筒"""",""""辞書"""",""""表紙"""",""""しおり""""]""	""[""""file"""",""""envelope"""",""""dictionary"""",""""cover"""",""""bookmark""""]""	""[""""file"""",""""fine"""",""""fire"""",""""mile"""",""""fill""""]""	[]	[]"
400306	4	diet	食事	the food that a person usually eats	A healthy diet is important for children.	健康的な食事は子どもたちにとって大切です。	noun	4	3	""[""""食事"""",""""運動"""",""""睡眠"""",""""薬"""",""""習慣""""]""	""[""""diet"""",""""exercise"""",""""sleep"""",""""medicine"""",""""habit""""]""	""[""""diet"""",""""quiet"""",""""giant"""",""""pilot"""",""""diamond""""]""	""[{""""word"""":""""meal"""",""""note"""":""""1回の食事を表すことが多い""""}]""	[]"
400307	4	ingredient	材料	one of the foods used to make a dish	Eggs are an important ingredient in this cake.	卵はこのケーキの大切な材料です。	noun	4	3	""[""""材料"""",""""栄養"""",""""味"""",""""料理"""",""""皿""""]""	""[""""ingredient"""",""""vitamin"""",""""recipe"""",""""flavor"""",""""plate""""]""	""[""""ingredient"""",""""agreement"""",""""increase"""",""""inside"""",""""important""""]""	""[{""""word"""":""""material"""",""""note"""":""""一般的な「材料」""""}]""	[]"
400308	4	vitamin	ビタミン	a substance in food that helps your body stay healthy	Fruit has a lot of vitamin C.	果物にはビタミンCがたくさん含まれています。	noun	3	4	""[""""ビタミン"""",""""たんぱく質"""",""""脂肪"""",""""砂糖"""",""""塩""""]""	""[""""vitamin"""",""""protein"""",""""fat"""",""""sugar"""",""""salt""""]""	""[""""vitamin"""",""""visitor"""",""""village"""",""""violent"""",""""violin""""]""	[]	[]"
400309	4	nutrient	栄養分	something in food that helps living things grow and stay healthy	Milk has nutrients for your body.	牛乳には体に必要な栄養分があります。	noun	5	2	""[""""栄養分"""",""""材料"""",""""薬"""",""""熱"""",""""水分""""]""	""[""""nutrient"""",""""ingredient"""",""""medicine"""",""""energy"""",""""moisture""""]""	""[""""nutrient"""",""""student"""",""""newspaper"""",""""number"""",""""nature""""]""	[]	[]"
400310	4	grocery	食料品	food and other things you buy at a store	We bought some grocery items for dinner.	私たちは夕食のために食料品をいくつか買いました。	noun	4	3	""[""""食料品"""",""""文房具"""",""""衣類"""",""""家具"""",""""薬""""]""	""[""""grocery"""",""""stationery"""",""""clothing"""",""""furniture"""",""""medicine""""]""	""[""""grocery"""",""""glory"""",""""green"""",""""group"""",""""ground""""]""	[]	[]"
400311	4	prohibit	禁止する	to not allow something	The school prohibits smoking here.	その学校はここで喫煙することを禁止している。	verb	5	2	""[""""禁止する"""",""""許可する"""",""""説明する"""",""""選ぶ"""",""""運ぶ""""]""	""[""""prohibit"""",""""allow"""",""""explain"""",""""choose"""",""""carry""""]""	""[""""prohibit"""",""""provide"""",""""protect"""",""""project"""",""""promise""""]""	""[{""""word"""":""""ban"""",""""note"""":""""より短く日常的""""}]""	""[{""""word"""":""""allow"""",""""note"""":""""許可する""""}]"""
400312	4	gravity	重力	the force that pulls things toward the earth	Gravity pulls the ball down.	重力がそのボールを下に引っぱる。	noun	4	3	""[""""重力"""",""""温度"""",""""速度"""",""""圧力"""",""""空気""""]""	""[""""gravity"""",""""temperature"""",""""speed"""",""""pressure"""",""""air""""]""	""[""""gravity"""",""""gallery"""",""""gradual"""",""""gladly"""",""""grandly""""]""	[]	[]"
400313	4	impose	課す	to force a rule, duty, or tax on someone	The school will impose a new rule.	その学校は新しい規則を課すだろう。	verb	5	2	""[""""課す"""",""""防ぐ"""",""""許す"""",""""変える"""",""""説明する""""]""	""[""""impose"""",""""prevent"""",""""allow"""",""""change"""",""""explain""""]""	""[""""impose"""",""""improve"""",""""import"""",""""oppose"""",""""compose""""]""	""[{""""word"""":""""force"""",""""note"""":""""より広い意味で「無理にさせる」""""}]""	""[{""""word"""":""""allow"""",""""note"""":""""強制せず許す""""}]"""
400314	4	for good	永久に	forever; not changing back	He left the town for good.	彼はその町を永久に去った。	adverb	4	3	""[""""永久に"""",""""突然"""",""""静かに"""",""""すぐに"""",""""たぶん""""]""	""[""""for good"""",""""suddenly"""",""""quietly"""",""""soon"""",""""perhaps""""]""	""[""""for good"""",""""for food"""",""""forgot"""",""""forward"""",""""forest""""]""	""[{""""word"""":""""forever"""",""""note"""":""""ほぼ同じ意味""""}]""	""[{""""word"""":""""temporarily"""",""""note"""":""""一時的に""""}]"""
400315	4	official	公式の	approved by a person or group in authority	This is the official school website.	これは学校の公式のウェブサイトです。	adjective	4	3	""[""""公式の"""",""""私的な"""",""""危険な"""",""""有名な"""",""""静かな""""]""	""[""""official"""",""""private"""",""""dangerous"""",""""famous"""",""""quiet""""]""	""[""""official"""",""""artificial"""",""""special"""",""""office"""",""""usual""""]""	""[{""""word"""":""""formal"""",""""note"""":""""かたい場面で使うことが多い""""}]""	""[{""""word"""":""""private"""",""""note"""":""""公的でなく個人的な""""}]"""
400316	4	statement	声明	something that someone says or writes clearly	The company made a statement yesterday.	その会社は昨日、声明を出しました。	noun	4	3	""[""""声明"""",""""提案"""",""""質問"""",""""約束"""",""""命令""""]""	""[""""statement"""",""""proposal"""",""""question"""",""""promise"""",""""order""""]""	""[""""statement"""",""""payment"""",""""basement"""",""""movement"""",""""student""""]""	""[{""""word"""":""""announcement"""",""""note"""":""""より広く知らせる内容""""}]""	[]"
400317	4	application	申し込み	a formal request for something	I sent my application last week.	私は先週、申し込みを送りました。	noun	4	3	""[""""申し込み"""",""""招待"""",""""説明"""",""""会話"""",""""到着""""]""	""[""""application"""",""""invitation"""",""""explanation"""",""""conversation"""",""""arrival""""]""	""[""""application"""",""""vacation"""",""""education"""",""""operation"""",""""attention""""]""	""[{""""word"""":""""request"""",""""note"""":""""より一般的な依頼""""}]""	[]"
400318	4	independent	独立した	not controlled by others	She is an independent woman.	彼女は自立した女性です。	adjective	4	3	""[""""独立した"""",""""有名な"""",""""静かな"""",""""正直な"""",""""活発な""""]""	""[""""independent"""",""""famous"""",""""quiet"""",""""honest"""",""""active""""]""	""[""""independent"""",""""important"""",""""different"""",""""excellent"""",""""interested""""]""	""[{""""word"""":""""free"""",""""note"""":""""他に支配されていない感じ""""}]""	""[{""""word"""":""""dependent"""",""""note"""":""""他に頼る""""}]"""
400319	4	liberal	寛大な	open to new ideas and not strict	My parents are liberal about my clothes.	私の両親は私の服装に寛大です。	adjective	5	2	""[""""寛大な"""",""""厳しい"""",""""慎重な"""",""""陽気な"""",""""公平な""""]""	""[""""liberal"""",""""strict"""",""""careful"""",""""cheerful"""",""""fair""""]""	""[""""liberal"""",""""literal"""",""""general"""",""""natural"""",""""several""""]""	""[{""""word"""":""""open-minded"""",""""note"""":""""考え方が柔軟""""}]""	""[{""""word"""":""""strict"""",""""note"""":""""規則や考えが厳しい""""}]"""
400320	4	leisure	余暇	free time when you are not working	I read books in my leisure time.	私は余暇に本を読みます。	noun	4	2	""[""""余暇"""",""""仕事"""",""""宿題"""",""""会議"""",""""旅行""""]""	""[""""leisure"""",""""work"""",""""homework"""",""""meeting"""",""""travel""""]""	""[""""leisure"""",""""measure"""",""""treasure"""",""""pleasure"""",""""teacher""""]""	""[{""""word"""":""""free time"""",""""note"""":""""よりやさしい表現""""}]""	""[{""""word"""":""""work"""",""""note"""":""""働く時間や仕事""""}]"""
400321	4	liberty	自由	the freedom to do what you want	People want liberty in their lives.	人々は生活の中で自由を求めます。	noun	4	2	""[""""自由"""",""""責任"""",""""規則"""",""""平和"""",""""権利""""]""	""[""""liberty"""",""""justice"""",""""freedom"""",""""choice"""",""""peace""""]""	""[""""liberty"""",""""library"""",""""limited"""",""""liberal"""",""""delivery""""]""	""[{""""word"""":""""freedom"""",""""note"""":""""より一般的で基本的な語""""}]""	[]"
400322	4	refreshing	さわやかな	making you feel fresh and good	The cold drink was refreshing.	その冷たい飲み物はさわやかでした。	adjective	4	3	""[""""さわやかな"""",""""退屈な"""",""""静かな"""",""""暖かい"""",""""甘い""""]""	""[""""refreshing"""",""""boring"""",""""quiet"""",""""warm"""",""""sweet""""]""	""[""""refreshing"""",""""repeating"""",""""remembering"""",""""relaxing"""",""""returning""""]""	""[{""""word"""":""""fresh"""",""""note"""":""""意味が近いが、refreshing は「さわやかな感じを与える」""""}]""	""[{""""word"""":""""boring"""",""""note"""":""""気分を良くする感じの反対として使える""""}]"""
400323	4	companion	仲間	a person who goes with you or spends time with you	My dog is a good companion.	私の犬はよい仲間です。	noun	4	2	""[""""仲間"""",""""先生"""",""""客"""",""""選手"""",""""隣人""""]""	""[""""companion"""",""""teacher"""",""""guest"""",""""player"""",""""neighbor""""]""	""[""""companion"""",""""company"""",""""comparison"""",""""champion"""",""""opinion""""]""	""[{""""word"""":""""friend"""",""""note"""":""""companion のほうが一緒にいる相手という感じ""""}]""	[]"
400324	4	mate	仲間	a friend or partner	He is my best mate at school.	彼は学校でいちばん仲のよい仲間です。	noun	4	3	""[""""仲間"""",""""先生"""",""""家族"""",""""客"""",""""選手""""]""	""[""""mate"""",""""teacher"""",""""family"""",""""guest"""",""""player""""]""	""[""""mate"""",""""made"""",""""main"""",""""late"""",""""met""""]""	""[{""""word"""":""""friend"""",""""note"""":""""より一般的な語""""}]""	[]"
400325	4	scare	おびえさせる	to make someone feel afraid	The loud noise did not scare me.	その大きな音は私をおびえさせませんでした。	verb	4	3	""[""""おびえさせる"""",""""助ける"""",""""招く"""",""""運ぶ"""",""""隠す""""]""	""[""""scare"""",""""help"""",""""invite"""",""""carry"""",""""hide""""]""	""[""""scare"""",""""share"""",""""score"""",""""scale"""",""""skirt""""]""	""[{""""word"""":""""frighten"""",""""note"""":""""ややかたい語""""}]""	""[{""""word"""":""""calm"""",""""note"""":""""落ち着かせる""""}]"""
400326	4	since	〜以来	from a past time until now	I have lived here since 2020.	私は2020年以来ここに住んでいます。	preposition	4	5	""[""""〜以来"""",""""〜の間"""",""""〜まで"""",""""〜の前に"""",""""〜のあとに""""]""	""[""""since"""",""""during"""",""""until"""",""""before"""",""""after""""]""	""[""""since"""",""""sense"""",""""send"""",""""sing"""",""""sink""""]""	[]	[]"
400327	4	natural	自然の	from nature, not made by people	This juice has a natural taste.	このジュースは自然な味がする。	adjective	4	4	""[""""自然の"""",""""人工の"""",""""危険な"""",""""有名な"""",""""静かな""""]""	""[""""natural"""",""""artificial"""",""""dangerous"""",""""famous"""",""""quiet""""]""	""[""""natural"""",""""national"""",""""actual"""",""""general"""",""""central""""]""	""[{""""word"""":""""real"""",""""note"""":""""「本物の」の意味で近い""""}]""	""[{""""word"""":""""artificial"""",""""note"""":""""人が作ったもの""""}]"""
400328	4	reception	受付	the place where visitors are welcomed	Please wait at the reception.	受付でお待ちください。	noun	5	3	""[""""受付"""",""""出口"""",""""廊下"""",""""階段"""",""""屋上""""]""	""[""""reception"""",""""entrance"""",""""hallway"""",""""stairs"""",""""counter""""]""	""[""""reception"""",""""exception"""",""""direction"""",""""selection"""",""""section""""]""	""[{""""word"""":""""front desk"""",""""note"""":""""ホテルなどの「受付」""""}]""	[]"
400329	4	emotional	感情的な	showing strong feelings	She became emotional during the movie.	彼女は映画の間に感情的になった。	adjective	5	3	""[""""感情的な"""",""""冷静な"""",""""活発な"""",""""正直な"""",""""親切な""""]""	""[""""emotional"""",""""calm"""",""""active"""",""""honest"""",""""kind""""]""	""[""""emotional"""",""""essential"""",""""traditional"""",""""educational"""",""""occasional""""]""	""[{""""word"""":""""sensitive"""",""""note"""":""""感じやすいという意味で近い""""}]""	""[{""""word"""":""""calm"""",""""note"""":""""落ち着いた""""}]"""
400330	4	mature	成熟した	fully grown or developed	She is mature for her age.	彼女は年齢のわりに成熟している。	adjective	4	3	""[""""成熟した"""",""""幼い"""",""""静かな"""",""""陽気な"""",""""正直な""""]""	""[""""mature"""",""""young"""",""""quiet"""",""""cheerful"""",""""honest""""]""	""[""""mature"""",""""nature"""",""""future"""",""""mixture"""",""""meter""""]""	""[{""""word"""":""""grown-up"""",""""note"""":""""より日常的な言い方""""}]""	""[{""""word"""":""""immature"""",""""note"""":""""精神的に未熟な""""}]"""
400331	4	amusement	楽しみ	a feeling of fun or enjoyment	The game gave us great amusement.	そのゲームは私たちに大きな楽しみを与えた。	noun	4	2	""[""""楽しみ"""",""""驚き"""",""""悲しみ"""",""""怒り"""",""""不安""""]""	""[""""amusement"""",""""surprise"""",""""sadness"""",""""anger"""",""""worry""""]""	""[""""amusement"""",""""announcement"""",""""movement"""",""""apartment"""",""""agreement""""]""	""[{""""word"""":""""fun"""",""""note"""":""""よりくだけた語""""}]""	[]"
400332	4	pleasure	喜び	a feeling of happiness or enjoyment	It was a pleasure to meet you.	あなたに会えてうれしかったです。	noun	4	4	""[""""喜び"""",""""痛み"""",""""恐れ"""",""""退屈"""",""""疲れ""""]""	""[""""pleasure"""",""""pain"""",""""fear"""",""""boredom"""",""""tiredness""""]""	""[""""pleasure"""",""""measure"""",""""treasure"""",""""pressure"""",""""player""""]""	""[{""""word"""":""""joy"""",""""note"""":""""より強い喜び""""}]""	""[{""""word"""":""""pain"""",""""note"""":""""苦痛・痛み""""}]"""
400333	4	entertainment	娯楽	fun things such as movies, music, or games	We enjoyed the entertainment at the festival.	私たちはその祭りの娯楽を楽しんだ。	noun	4	3	""[""""娯楽"""",""""教育"""",""""宿題"""",""""運動"""",""""仕事""""]""	""[""""entertainment"""",""""education"""",""""homework"""",""""exercise"""",""""business""""]""	""[""""entertainment"""",""""environment"""",""""encouragement"""",""""experiment"""",""""government""""]""	""[{""""word"""":""""fun"""",""""note"""":""""よりくだけた言い方""""},{""""word"""":""""amusement"""",""""note"""":""""ややかたいが近い意味""""}]""	[]"
400334	4	mushroom	きのこ	a soft thing that grows in the ground and can be eaten	I put a mushroom in the soup.	私はスープにきのこを入れた。	noun	3	3	""[""""きのこ"""",""""にんじん"""",""""たまねぎ"""",""""じゃがいも"""",""""豆""""]""	""[""""mushroom"""",""""carrot"""",""""onion"""",""""potato"""",""""bean""""]""	""[""""mushroom"""",""""bedroom"""",""""classroom"""",""""bathroom"""",""""sunroom""""]""	[]	[]"
400335	4	joke	冗談	something funny that makes people laugh	His joke made everyone laugh.	彼の冗談はみんなを笑わせた。	noun	3	4	""[""""冗談"""",""""約束"""",""""質問"""",""""秘密"""",""""意見""""]""	""[""""joke"""",""""promise"""",""""question"""",""""secret"""",""""opinion""""]""	""[""""joke"""",""""job"""",""""join"""",""""juice"""",""""June""""]""	""[{""""word"""":""""funny story"""",""""note"""":""""やさしい言い換え""""}]""	""[{""""word"""":""""seriousness"""",""""note"""":""""冗談ではないこと""""}]"""
400336	4	humor	ユーモア	the ability to say or see funny things	His humor made everyone smile.	彼のユーモアはみんなを笑顔にした。	noun	4	3	""[""""ユーモア"""",""""勇気"""",""""人気"""",""""静けさ"""",""""友情""""]""	""[""""humor"""",""""courage"""",""""fame"""",""""silence"""",""""friendship""""]""	""[""""humor"""",""""human"""",""""junior"""",""""tumor"""",""""summer""""]""	""[{""""word"""":""""wit"""",""""note"""":""""やや機知に富んだおもしろさ""""}]""	[]"
400337	4	prospect	見込み	the chance that something good will happen	We have a good prospect of success.	私たちには成功のよい見込みがある。	noun	5	2	""[""""見込み"""",""""方法"""",""""結果"""",""""目的"""",""""経験""""]""	""[""""prospect"""",""""method"""",""""result"""",""""purpose"""",""""experience""""]""	""[""""prospect"""",""""project"""",""""protect"""",""""product"""",""""promise""""]""	""[{""""word"""":""""chance"""",""""note"""":""""より基本的な語""""}]""	[]"
400338	4	puzzle	なぞ	a game or problem that is hard to solve	This puzzle is very difficult.	このなぞはとても難しい。	noun	3	4	""[""""なぞ"""",""""冗談"""",""""約束"""",""""習慣"""",""""景色""""]""	""[""""puzzle"""",""""joke"""",""""promise"""",""""habit"""",""""view""""]""	""[""""puzzle"""",""""parcel"""",""""pencil"""",""""people"""",""""purple""""]""	""[{""""word"""":""""riddle"""",""""note"""":""""なぞなぞの意味で近い""""}]""	[]"
400339	4	tournament	大会	a series of games or matches to find the winner	Our school will hold a tennis tournament next month.	私たちの学校は来月テニスの大会を開きます。	noun	4	3	""[""""大会"""",""""試合"""",""""練習"""",""""作戦"""",""""観客""""]""	""[""""tournament"""",""""match"""",""""practice"""",""""strategy"""",""""audience""""]""	""[""""tournament"""",""""government"""",""""apartment"""",""""moment"""",""""instrument""""]""	""[{""""word"""":""""competition"""",""""note"""":""""より広い意味の「競争・大会」""""}]""	[]"
400340	4	vapor	蒸気	gas made from a liquid, especially water	Warm vapor rose from the hot soup.	温かい蒸気が熱いスープから立ちのぼった。	noun	5	2	""[""""蒸気"""",""""煙"""",""""霧"""",""""雲"""",""""泡""""]""	""[""""vapor"""",""""smoke"""",""""mist"""",""""cloud"""",""""bubble""""]""	""[""""vapor"""",""""favor"""",""""paper"""",""""labor"""",""""maker""""]""	""[{""""word"""":""""steam"""",""""note"""":""""特に水の蒸気を表すことが多い""""}]""	[]"
400341	4	bring together	集める	to gather people or things in one place	The festival can bring together people from many towns.	その祭りは多くの町の人々を集めることができます。	verb	4	3	""[""""集める"""",""""分ける"""",""""運ぶ"""",""""選ぶ"""",""""守る""""]""	""[""""bring together"""",""""separate"""",""""carry"""",""""choose"""",""""protect""""]""	""[""""bring together"""",""""work together"""",""""sing together"""",""""live together"""",""""walk together""""]""	""[{""""word"""":""""gather"""",""""note"""":""""物や人を集める基本語""""}]""	""[{""""word"""":""""separate"""",""""note"""":""""一緒のものを分ける""""}]"""
400342	4	advise	助言する	to tell someone what you think they should do	I advise you to study every day.	私はあなたに毎日勉強するよう助言します。	verb	4	3	""[""""助言する"""",""""招待する"""",""""説明する"""",""""選ぶ"""",""""運ぶ""""]""	""[""""advise"""",""""invite"""",""""explain"""",""""choose"""",""""carry""""]""	""[""""advise"""",""""device"""",""""arise"""",""""alive"""",""""advice""""]""	""[{""""word"""":""""recommend"""",""""note"""":""""ややかたいが近い意味""""}]""	[]"
400343	4	jewelry	宝石類	rings, necklaces, and other things you wear for decoration	She keeps her jewelry in a small box.	彼女は宝石類を小さな箱にしまっています。	noun	4	2	""[""""宝石類"""",""""家具"""",""""食器"""",""""文房具"""",""""衣類""""]""	""[""""jewelry"""",""""furniture"""",""""dishes"""",""""stationery"""",""""clothing""""]""	""[""""jewelry"""",""""January"""",""""journey"""",""""jealous"""",""""general""""]""	[]	[]"
400344	4	mild	穏やかな	not strong, cold, hot, or severe	We had a mild winter this year.	今年は穏やかな冬でした。	adjective	4	3	""[""""穏やかな"""",""""厳しい"""",""""危険な"""",""""深い"""",""""狭い""""]""	""[""""mild"""",""""severe"""",""""dangerous"""",""""deep"""",""""narrow""""]""	""[""""mild"""",""""wild"""",""""mind"""",""""mail"""",""""child""""]""	""[{""""word"""":""""gentle"""",""""note"""":""""人や感じにも使う近い語""""}]""	""[{""""word"""":""""severe"""",""""note"""":""""天気・痛みなどが厳しい""""}]"""
400345	4	softly	やさしく	in a quiet and gentle way	She spoke softly to the baby.	彼女は赤ちゃんにやさしく話しかけた。	adverb	4	3	""[""""やさしく"""",""""すばやく"""",""""大きな声で"""",""""ゆっくり"""",""""突然""""]""	""[""""softly"""",""""quickly"""",""""loudly"""",""""slowly"""",""""suddenly""""]""	""[""""softly"""",""""safely"""",""""slowly"""",""""sweetly"""",""""simply""""]""	""[{""""word"""":""""gently"""",""""note"""":""""より「やさしく」の意味が強い""""}]""	""[{""""word"""":""""loudly"""",""""note"""":""""大きな声で""""}]"""
400346	4	virus	ウイルス	a very small thing that causes disease	The virus spread quickly through the town.	そのウイルスは町中にすばやく広がった。	noun	4	4	""[""""ウイルス"""",""""細菌"""",""""薬"""",""""熱"""",""""けが""""]""	""[""""virus"""",""""bacteria"""",""""medicine"""",""""fever"""",""""injury""""]""	""[""""virus"""",""""minus"""",""""village"""",""""pilot"""",""""forest""""]""	[]	[]"
400347	4	escape	逃げる	to get away from a place or danger	The dog tried to escape from the yard.	その犬は庭から逃げようとした。	verb	4	3	""[""""逃げる"""",""""隠れる"""",""""追いかける"""",""""守る"""",""""捕まえる""""]""	""[""""escape"""",""""hide"""",""""chase"""",""""protect"""",""""catch""""]""	""[""""escape"""",""""excuse"""",""""skate"""",""""shape"""",""""space""""]""	""[{""""word"""":""""get away"""",""""note"""":""""句動詞の言い方""""}]""	""[{""""word"""":""""stay"""",""""note"""":""""その場にとどまる""""},{""""word"""":""""remain"""",""""note"""":""""ややかたいが基本的""""}]"""
400348	4	expand	広げる	to make something larger or wider	We plan to expand the store next year.	私たちは来年その店を広げる予定です。	verb	4	3	""[""""広げる"""",""""縮める"""",""""壊す"""",""""運ぶ"""",""""隠す""""]""	""[""""expand"""",""""reduce"""",""""break"""",""""carry"""",""""hide""""]""	""[""""expand"""",""""expect"""",""""explain"""",""""expense"""",""""expert""""]""	""[{""""word"""":""""spread"""",""""note"""":""""広く広げるときに使う""""},{""""word"""":""""increase"""",""""note"""":""""量や大きさを増やす""""}]""	""[{""""word"""":""""reduce"""",""""note"""":""""小さくする""""},{""""word"""":""""shrink"""",""""note"""":""""縮む・縮める""""}]"""
400349	4	swell	ふくらむ	to become larger, rounder, or fuller	Her ankle began to swell after the game.	試合のあと、彼女の足首はふくらみ始めました。	verb	4	2	""[""""ふくらむ"""",""""沈む"""",""""割れる"""",""""乾く"""",""""曲がる""""]""	""[""""swell"""",""""sink"""",""""crack"""",""""dry"""",""""bend""""]""	""[""""swell"""",""""smell"""",""""spell"""",""""shell"""",""""sell""""]""	""[{""""word"""":""""grow"""",""""note"""":""""大きくなるという広い意味""""},{""""word"""":""""expand"""",""""note"""":""""広がって大きくなる""""}]""	""[{""""word"""":""""shrink"""",""""note"""":""""縮む""""},{""""word"""":""""decrease"""",""""note"""":""""減る""""}]"""
400350	4	obtain	手に入れる	to get something	You can obtain the ticket online.	そのチケットはオンラインで手に入れられます。	verb	4	3	""[""""手に入れる"""",""""失う"""",""""選ぶ"""",""""借りる"""",""""送る""""]""	""[""""obtain"""",""""lose"""",""""choose"""",""""borrow"""",""""send""""]""	""[""""obtain"""",""""observe"""",""""obey"""",""""open"""",""""contain""""]""	""[{""""word"""":""""get"""",""""note"""":""""最も基本的な語""""},{""""word"""":""""gain"""",""""note"""":""""努力して得る感じ""""}]""	""[{""""word"""":""""lose"""",""""note"""":""""失う""""},{""""word"""":""""give"""",""""note"""":""""与える側になる""""}]"""
400351	4	interfere	じゃまする	to get involved in a way that causes trouble	Don't interfere with my work.	私の仕事のじゃまをしないで。	verb	4	3	""[""""じゃまする"""",""""助ける"""",""""説明する"""",""""選ぶ"""",""""集める""""]""	""[""""interfere"""",""""support"""",""""explain"""",""""choose"""",""""collect""""]""	""[""""interfere"""",""""interview"""",""""internet"""",""""introduce"""",""""interest""""]""	""[{""""word"""":""""disturb"""",""""note"""":""""より広く「じゃまする」""""}]""	""[{""""word"""":""""help"""",""""note"""":""""反対の意味で使いやすい基本語""""}]"""
400352	4	earn	かせぐ	to get money for work	She earns money by teaching music.	彼女は音楽を教えてお金をかせぐ。	verb	3	4	""[""""かせぐ"""",""""借りる"""",""""使う"""",""""失う"""",""""送る""""]""	""[""""earn"""",""""borrow"""",""""spend"""",""""lose"""",""""send""""]""	""[""""earn"""",""""urn"""",""""learn"""",""""turn"""",""""burn""""]""	[]	""[{""""word"""":""""lose"""",""""note"""":""""お金などを失う""""}]"""
400353	4	gain	得る	to get something useful or good	You can gain experience from this job.	この仕事から経験を得ることができます。	verb	4	3	""[""""得る"""",""""失う"""",""""運ぶ"""",""""隠す"""",""""断る""""]""	""[""""gain"""",""""lose"""",""""carry"""",""""hide"""",""""refuse""""]""	""[""""gain"""",""""game"""",""""gate"""",""""gave"""",""""rain""""]""	""[{""""word"""":""""get"""",""""note"""":""""より基本的な語""""}]""	""[{""""word"""":""""lose"""",""""note"""":""""得る ↔ 失う""""}]"""
400354	4	come down with	かかる	to become sick with an illness	I came down with a cold last week.	私は先週かぜにかかった。	verb	4	3	""[""""かかる"""",""""治る"""",""""防ぐ"""",""""広がる"""",""""休む""""]""	""[""""come down with"""",""""recover"""",""""prevent"""",""""spread"""",""""rest""""]""	""[""""come down with"""",""""calm down"""",""""come back"""",""""go out with"""",""""cut down""""]""	""[{""""word"""":""""catch"""",""""note"""":""""病気にかかるときに使う""""}]""	""[{""""word"""":""""recover"""",""""note"""":""""病気が治る""""}]"""
400355	4	shrink	縮む	to become smaller in size	This sweater may shrink in hot water.	このセーターはお湯で縮むかもしれない。	verb	4	3	""[""""縮む"""",""""広がる"""",""""曲がる"""",""""落ちる"""",""""割れる""""]""	""[""""shrink"""",""""expand"""",""""bend"""",""""drop"""",""""break""""]""	""[""""shrink"""",""""think"""",""""drink"""",""""string"""",""""strike""""]""	""[{""""word"""":""""get smaller"""",""""note"""":""""やさしい言い換え""""}]""	""[{""""word"""":""""expand"""",""""note"""":""""大きく広がる""""}]"""
400356	4	recover	回復する	to get well again after being sick or hurt	She recovered from the flu quickly.	彼女はインフルエンザからすぐに回復した。	verb	4	4	""[""""回復する"""",""""悪化する"""",""""防ぐ"""",""""支える"""",""""続ける""""]""	""[""""recover"""",""""worsen"""",""""prevent"""",""""support"""",""""continue""""]""	""[""""recover"""",""""discover"""",""""remember"""",""""receive"""",""""record""""]""	""[{""""word"""":""""get well"""",""""note"""":""""病気のあとによくなる""""}]""	""[{""""word"""":""""worsen"""",""""note"""":""""悪くなる""""}]"""
400357	4	preparation	準備	the things you do to get ready for something	We made preparation for the school festival.	私たちは学校祭の準備をした。	noun	4	3	""[""""準備"""",""""計画"""",""""練習"""",""""旅行"""",""""説明""""]""	""[""""preparation"""",""""planning"""",""""practice"""",""""travel"""",""""explanation""""]""	""[""""preparation"""",""""presentation"""",""""population"""",""""operation"""",""""celebration""""]""	""[{""""word"""":""""readiness"""",""""note"""":""""ややかたい語""""}]""	[]"
400358	4	devote	ささげる	to give time or effort to something important	She will devote more time to music.	彼女は音楽にもっと時間をささげるだろう。	verb	5	3	""[""""ささげる"""",""""集める"""",""""選ぶ"""",""""防ぐ"""",""""運ぶ""""]""	""[""""devote"""",""""collect"""",""""choose"""",""""prevent"""",""""carry""""]""	""[""""devote"""",""""denote"""",""""decode"""",""""depend"""",""""debate""""]""	""[{""""word"""":""""dedicate"""",""""note"""":""""より一般的な言い換え""""}]""	[]"
400359	4	justify	正当化する	to show that something is right or reasonable	He tried to justify his decision.	彼は自分の決定を正当化しようとした。	verb	5	2	""[""""正当化する"""",""""拒否する"""",""""発見する"""",""""改善する"""",""""比較する""""]""	""[""""justify"""",""""reject"""",""""discover"""",""""improve"""",""""compare""""]""	""[""""justify"""",""""justly"""",""""justice"""",""""identify"""",""""satisfy""""]""	[]	[]"
400360	4	donate	寄付する	to give money or things to help others	Many people donate clothes to the school festival.	多くの人が学校祭に服を寄付します。	verb	4	3	""[""""寄付する"""",""""借りる"""",""""集める"""",""""送る"""",""""売る""""]""	""[""""donate"""",""""borrow"""",""""collect"""",""""send"""",""""sell""""]""	""[""""donate"""",""""decorate"""",""""debate"""",""""create"""",""""update""""]""	""[{""""word"""":""""give"""",""""note"""":""""広い意味の「与える」""""},{""""word"""":""""contribute"""",""""note"""":""""目的のために与える""""}]""	[]"
400361	4	contribute	貢献する	to give time, money, or effort to help something	Everyone can contribute to the class project.	だれでもクラスの企画に貢献できます。	verb	5	3	""[""""貢献する"""",""""反対する"""",""""失う"""",""""隠す"""",""""断る""""]""	""[""""contribute"""",""""oppose"""",""""lose"""",""""hide"""",""""refuse""""]""	""[""""contribute"""",""""continue"""",""""control"""",""""construct"""",""""connect""""]""	""[{""""word"""":""""help"""",""""note"""":""""より基本的な語""""},{""""word"""":""""support"""",""""note"""":""""支える意味が強い""""}]""	[]"
400362	4	inspire	やる気を与える	to make someone want to do something good or creative	Her speech inspired the students.	彼女のスピーチは生徒たちにやる気を与えました。	verb	5	3	""[""""やる気を与える"""",""""驚かせる"""",""""守る"""",""""止める"""",""""疑う""""]""	""[""""inspire"""",""""surprise"""",""""protect"""",""""stop"""",""""doubt""""]""	""[""""inspire"""",""""inside"""",""""invite"""",""""include"""",""""improve""""]""	""[{""""word"""":""""encourage"""",""""note"""":""""勇気づける意味が強い""""},{""""word"""":""""motivate"""",""""note"""":""""行動する気持ちを起こさせる""""}]""	""[{""""word"""":""""discourage"""",""""note"""":""""やる気をなくさせる""""}]"""
400363	4	hire	雇う	to give someone a job	The company will hire two new workers.	その会社は新しい作業員を2人雇うでしょう。	verb	4	3	""[""""雇う"""",""""解雇する"""",""""訓練する"""",""""訪ねる"""",""""選ぶ""""]""	""[""""hire"""",""""fire"""",""""train"""",""""visit"""",""""choose""""]""	""[""""hire"""",""""higher"""",""""hide"""",""""heart"""",""""hope""""]""	""[{""""word"""":""""employ"""",""""note"""":""""ややフォーマルな言い方""""}]""	""[{""""word"""":""""fire"""",""""note"""":""""仕事をやめさせる""""}]"""
400364	4	grant	認める	to give or allow something officially	The school granted her request.	その学校は彼女の願いを認めた。	verb	5	3	""[""""認める"""",""""断る"""",""""集める"""",""""隠す"""",""""運ぶ""""]""	""[""""grant"""",""""refuse"""",""""collect"""",""""hide"""",""""carry""""]""	""[""""grant"""",""""grand"""",""""ground"""",""""glad"""",""""plant""""]""	""[{""""word"""":""""allow"""",""""note"""":""""より基本的な語""""}]""	""[{""""word"""":""""refuse"""",""""note"""":""""求めを受け入れない""""}]"""
400365	4	distribute	配る	to give things to many people	They distribute food to the children.	彼らは子どもたちに食べ物を配る。	verb	5	3	""[""""配る"""",""""集める"""",""""隠す"""",""""壊す"""",""""借りる""""]""	""[""""distribute"""",""""collect"""",""""hide"""",""""break"""",""""borrow""""]""	""[""""distribute"""",""""district"""",""""distance"""",""""discover"""",""""discuss""""]""	""[{""""word"""":""""hand out"""",""""note"""":""""口語でよく使う""""}]""	""[{""""word"""":""""collect"""",""""note"""":""""集める""""}]"""
400366	4	motivate	やる気にさせる	to make someone want to do something	Her teacher helped motivate her to study harder.	先生は彼女がもっと熱心に勉強するようやる気にさせた。	verb	4	3	""[""""やる気にさせる"""",""""驚かせる"""",""""助ける"""",""""守る"""",""""招待する""""]""	""[""""motivate"""",""""surprise"""",""""support"""",""""protect"""",""""invite""""]""	""[""""motivate"""",""""moderate"""",""""motor"""",""""moment"""",""""model""""]""	""[{""""word"""":""""encourage"""",""""note"""":""""前向きにうながす""""}]""	""[{""""word"""":""""discourage"""",""""note"""":""""やる気をなくさせる""""}]"""
400367	4	qualify	資格を得る	to meet the needed standard	She worked hard to qualify for the final round.	彼女は決勝に出る資格を得るために一生懸命努力した。	verb	5	3	""[""""資格を得る"""",""""失敗する"""",""""参加する"""",""""説明する"""",""""到着する""""]""	""[""""qualify"""",""""fail"""",""""join"""",""""explain"""",""""arrive""""]""	""[""""qualify"""",""""quality"""",""""quietly"""",""""question"""",""""quarter""""]""	[]	""[{""""word"""":""""fail"""",""""note"""":""""条件を満たせない""""}]"""
400368	4	infect	感染させる	to give a disease to a person or animal	Dirty water can infect many people.	汚れた水は多くの人に感染させることがある。	verb	4	3	""[""""感染させる"""",""""治療する"""",""""調べる"""",""""運ぶ"""",""""隠す""""]""	""[""""infect"""",""""treat"""",""""check"""",""""carry"""",""""hide""""]""	""[""""infect"""",""""inspect"""",""""insect"""",""""effect"""",""""invent""""]""	[]	""[{""""word"""":""""cure"""",""""note"""":""""病気を治す""""}]"""
400369	4	sacrifice	犠牲にする	to give up something important for another thing	He had to sacrifice his free time for the team.	彼はチームのために自由な時間を犠牲にしなければならなかった。	verb	4	3	""[""""犠牲にする"""",""""支える"""",""""改善する"""",""""拒否する"""",""""達成する""""]""	""[""""sacrifice"""",""""support"""",""""improve"""",""""refuse"""",""""achieve""""]""	""[""""sacrifice"""",""""satisfy"""",""""surface"""",""""surprise"""",""""exercise""""]""	""[{""""word"""":""""give up"""",""""note"""":""""大切なものを手放す""""}]""	""[{""""word"""":""""keep"""",""""note"""":""""手放さず持っておく""""}]"""
400370	4	provide	提供する	to give something that is needed	The hotel will provide breakfast for all guests.	そのホテルはすべての宿泊客に朝食を提供します。	verb	3	4	""[""""提供する"""",""""予約する"""",""""交換する"""",""""発見する"""",""""説明する""""]""	""[""""provide"""",""""reserve"""",""""exchange"""",""""discover"""",""""explain""""]""	""[""""provide"""",""""protect"""",""""promise"""",""""prepare"""",""""produce""""]""	""[{""""word"""":""""offer"""",""""note"""":""""やや広く「申し出る」""""}]""	""[{""""word"""":""""withhold"""",""""note"""":""""与えない""""}]"""
400371	4	employ	雇う	to give someone a job	The company plans to employ more workers next year.	その会社は来年さらに多くの労働者を雇う予定です。	verb	4	3	""[""""雇う"""",""""解雇する"""",""""訓練する"""",""""招待する"""",""""訪問する""""]""	""[""""employ"""",""""fire"""",""""train"""",""""invite"""",""""visit""""]""	""[""""employ"""",""""enjoy"""",""""empty"""",""""improve"""",""""annoy""""]""	""[{""""word"""":""""hire"""",""""note"""":""""日常的によく使う""""}]""	""[{""""word"""":""""fire"""",""""note"""":""""仕事をやめさせる""""}]"""
400372	4	bless	祝福する	to ask for good things for someone	The priest will bless the baby.	その司祭は赤ちゃんを祝福するでしょう。	verb	4	2	""[""""祝福する"""",""""許す"""",""""招く"""",""""守る"""",""""助ける""""]""	""[""""bless"""",""""forgive"""",""""invite"""",""""protect"""",""""support""""]""	""[""""bless"""",""""dress"""",""""glass"""",""""press"""",""""brush""""]""	[]	[]"
400373	4	generous	気前のよい	willing to give money or help to others	She is generous to her friends.	彼女は友達に気前がよいです。	adjective	4	3	""[""""気前のよい"""",""""正直な"""",""""親切な"""",""""勇敢な"""",""""静かな""""]""	""[""""generous"""",""""honest"""",""""kind"""",""""brave"""",""""quiet""""]""	""[""""generous"""",""""dangerous"""",""""general"""",""""jealous"""",""""curious""""]""	""[{""""word"""":""""kind"""",""""note"""":""""generous は物や助けを惜しまない感じ""""}]""	""[{""""word"""":""""mean"""",""""note"""":""""けちな""""}]"""
400374	4	payment	支払い	money given for something you buy or use	I made the payment online.	私はその支払いをオンラインでしました。	noun	4	3	""[""""支払い"""",""""注文"""",""""配達"""",""""予約"""",""""請求書""""]""	""[""""payment"""",""""order"""",""""delivery"""",""""reservation"""",""""bill""""]""	""[""""payment"""",""""pavement"""",""""patient"""",""""basement"""",""""moment""""]""	""[{""""word"""":""""pay"""",""""note"""":""""動詞形""""}]""	[]"
400375	4	paste	のり	a soft substance used to stick things together	Use this paste to make the paper stick.	紙をくっつけるのにこののりを使いなさい。	noun	4	3	""[""""のり"""",""""接着剤"""",""""絵の具"""",""""はさみ"""",""""テープ""""]""	""[""""paste"""",""""glue"""",""""paint"""",""""tape"""",""""clay""""]""	""[""""paste"""",""""taste"""",""""waste"""",""""case"""",""""face""""]""	""[{""""word"""":""""glue"""",""""note"""":""""より一般的なのり""""}]""	[]"
400376	4	sticky	ねばねばした	wet or soft and easy to stick to things	My hands are sticky after eating candy.	あめを食べたあと、私の手はねばねばしている。	adjective	4	3	""[""""ねばねばした"""",""""乾いた"""",""""固い"""",""""滑らかな"""",""""軽い""""]""	""[""""sticky"""",""""dry"""",""""hard"""",""""smooth"""",""""light""""]""	""[""""sticky"""",""""stinky"""",""""sleepy"""",""""stormy"""",""""steady""""]""	""[{""""word"""":""""gluey"""",""""note"""":""""ややまれだが近い意味""""}]""	""[{""""word"""":""""dry"""",""""note"""":""""ぬれておらず、べたつかない""""}]"""
400377	4	vanish	消える	to disappear suddenly	The rabbit seemed to vanish from the box.	そのうさぎは箱から消えたように見えた。	verb	5	3	""[""""消える"""",""""現れる"""",""""落ちる"""",""""集まる"""",""""動く""""]""	""[""""vanish"""",""""appear"""",""""drop"""",""""gather"""",""""move""""]""	""[""""vanish"""",""""finish"""",""""value"""",""""visit"""",""""village""""]""	""[{""""word"""":""""disappear"""",""""note"""":""""より一般的な語""""}]""	""[{""""word"""":""""appear"""",""""note"""":""""見えるようになる""""}]"""
400378	4	proceed	進む	to continue moving or doing something	Please proceed to the next room.	次の部屋へ進んでください。	verb	4	3	""[""""進む"""",""""止まる"""",""""戻る"""",""""集まる"""",""""隠れる""""]""	""[""""proceed"""",""""stop"""",""""return"""",""""gather"""",""""hide""""]""	""[""""proceed"""",""""protect"""",""""produce"""",""""promise"""",""""project""""]""	""[{""""word"""":""""continue"""",""""note"""":""""続ける、進める意味で近い""""}]""	""[{""""word"""":""""stop"""",""""note"""":""""動きや行動をやめる""""}]"""
400379	4	fetch	取ってくる	to go and bring something back	Can you fetch my bag?	私のかばんを取ってきてくれますか。	verb	4	3	""[""""取ってくる"""",""""押す"""",""""壊す"""",""""選ぶ"""",""""数える""""]""	""[""""fetch"""",""""push"""",""""break"""",""""choose"""",""""count""""]""	""[""""fetch"""",""""catch"""",""""match"""",""""fresh"""",""""fence""""]""	""[{""""word"""":""""bring"""",""""note"""":""""持ってくる意味で近い""""}]""	[]"
400380	4	undergo	経験する	to experience something difficult or important	She will undergo surgery next week.	彼女は来週手術を受ける。	verb	4	2	""[""""経験する"""",""""避ける"""",""""説明する"""",""""集める"""",""""選ぶ""""]""	""[""""undergo"""",""""avoid"""",""""explain"""",""""gather"""",""""choose""""]""	""[""""undergo"""",""""undertake"""",""""understand"""",""""undo"""",""""overflow""""]""	""[{""""word"""":""""experience"""",""""note"""":""""より一般的な語""""},{""""word"""":""""go through"""",""""note"""":""""困難なことを経験する""""}]""	[]"
400381	4	rise	上がる	to move upward	The sun will rise soon.	もうすぐ太陽が昇る。	verb	3	4	""[""""上がる"""",""""落ちる"""",""""止まる"""",""""曲がる"""",""""届く""""]""	""[""""rise"""",""""fall"""",""""stop"""",""""turn"""",""""reach""""]""	""[""""rise"""",""""rice"""",""""right"""",""""ride"""",""""race""""]""	""[{""""word"""":""""go up"""",""""note"""":""""よりやさしい表現""""}]""	""[{""""word"""":""""fall"""",""""note"""":""""下に動く""""}]"""
400382	4	mount	増える	to increase little by little	His worries began to mount.	彼の心配は増え始めた。	verb	4	2	""[""""増える"""",""""減る"""",""""消える"""",""""続く"""",""""変わる""""]""	""[""""mount"""",""""decrease"""",""""disappear"""",""""continue"""",""""change""""]""	""[""""mount"""",""""mouth"""",""""mouse"""",""""mind"""",""""moon""""]""	""[{""""word"""":""""increase"""",""""note"""":""""より一般的な語""""},{""""word"""":""""grow"""",""""note"""":""""少しずつ大きくなる""""}]""	""[{""""word"""":""""decrease"""",""""note"""":""""少なくなる""""}]"""
400383	4	target	目標	something you want to reach or achieve	Our target is to finish by Friday.	私たちの目標は金曜日までに終えることです。	noun	4	3	""[""""目標"""",""""計画"""",""""方法"""",""""結果"""",""""理由""""]""	""[""""target"""",""""plan"""",""""method"""",""""result"""",""""reason""""]""	""[""""target"""",""""ticket"""",""""pocket"""",""""market"""",""""carpet""""]""	""[{""""word"""":""""goal"""",""""note"""":""""より日常的な語""""}]""	[]"
400384	4	heaven	天国	the place where good people are believed to go after death	She believes her grandfather is in heaven.	彼女は祖父が天国にいると信じています。	noun	4	3	""[""""天国"""",""""地獄"""",""""宇宙"""",""""空"""",""""雲""""]""	""[""""heaven"""",""""hell"""",""""space"""",""""sky"""",""""cloud""""]""	""[""""heaven"""",""""seven"""",""""even"""",""""heavy"""",""""haven""""]""	[]	""[{""""word"""":""""hell"""",""""note"""":""""天国の反対の概念""""}]"""
400385	4	holy	神聖な	connected with God or religion	They visited a holy place in the city.	彼らはその町の神聖な場所を訪れました。	adjective	4	2	""[""""神聖な"""",""""危険な"""",""""静かな"""",""""有名な"""",""""安全な""""]""	""[""""holy"""",""""dangerous"""",""""quiet"""",""""famous"""",""""safe""""]""	""[""""holy"""",""""slowly"""",""""lonely"""",""""only"""",""""hobby""""]""	""[{""""word"""":""""sacred"""",""""note"""":""""ややかたい語""""}]""	[]"
400386	4	entry	入場	the act of going into a place	Entry is free for children.	子どもは入場無料です。	noun	4	3	""[""""入場"""",""""退場"""",""""参加"""",""""見学"""",""""出発""""]""	""[""""entry"""",""""exit"""",""""visit"""",""""start"""",""""return""""]""	""[""""entry"""",""""empty"""",""""enemy"""",""""ending"""",""""injury""""]""	""[{""""word"""":""""entrance"""",""""note"""":""""場所の入口の意味でも使う""""}]""	""[{""""word"""":""""exit"""",""""note"""":""""出ること・出口""""}]"""
400387	4	via	〜経由で	through or by way of a place	We went to Osaka via Kyoto.	私たちは京都経由で大阪へ行った。	preposition	4	3	""[""""〜経由で"""",""""〜の近くに"""",""""〜の中に"""",""""〜の上に"""",""""〜の後に""""]""	""[""""via"""",""""near"""",""""inside"""",""""above"""",""""after""""]""	""[""""via"""",""""video"""",""""vital"""",""""violet"""",""""visit""""]""	""[{""""word"""":""""through"""",""""note"""":""""文脈によって近い意味""""}]""	[]"
400388	4	skilled	熟練した	able to do something well	She is skilled at cooking.	彼女は料理が上手です。	adjective	4	3	""[""""熟練した"""",""""親切な"""",""""有名な"""",""""静かな"""",""""正直な""""]""	""[""""skilled"""",""""kind"""",""""famous"""",""""quiet"""",""""honest""""]""	""[""""skilled"""",""""skill"""",""""still"""",""""school"""",""""scared""""]""	""[{""""word"""":""""good"""",""""note"""":""""意味は広いがやさしい語""""},{""""word"""":""""expert"""",""""note"""":""""より高い技術を表すことが多い""""}]""	""[{""""word"""":""""unskilled"""",""""note"""":""""技術がない""""},{""""word"""":""""poor"""",""""note"""":""""下手な、質が低い""""}]"""
400389	4	suitable	適した	right for a purpose or situation	This bag is suitable for school.	このかばんは学校に適している。	adjective	4	3	""[""""適した"""",""""危険な"""",""""有名な"""",""""静かな"""",""""必要な""""]""	""[""""suitable"""",""""dangerous"""",""""famous"""",""""quiet"""",""""necessary""""]""	""[""""suitable"""",""""beautiful"""",""""valuable"""",""""comfortable"""",""""possible""""]""	""[{""""word"""":""""right"""",""""note"""":""""より基本的な語""""},{""""word"""":""""proper"""",""""note"""":""""少しかたい語""""}]""	""[{""""word"""":""""unsuitable"""",""""note"""":""""適していない""""}]"""
400390	4	helpful	役に立つ	useful and ready to help	Her advice was very helpful.	彼女の助言はとても役に立った。	adjective	3	4	""[""""役に立つ"""",""""安全な"""",""""正直な"""",""""静かな"""",""""簡単な""""]""	""[""""helpful"""",""""safe"""",""""honest"""",""""quiet"""",""""easy""""]""	""[""""helpful"""",""""careful"""",""""hopeful"""",""""healthful"""",""""peaceful""""]""	""[{""""word"""":""""useful"""",""""note"""":""""物や情報にもよく使う""""}]""	""[{""""word"""":""""useless"""",""""note"""":""""役に立たない""""}]"""
400391	4	polite	礼儀正しい	showing good manners	He is always polite to others.	彼はいつも他の人に礼儀正しい。	adjective	3	4	""[""""礼儀正しい"""",""""退屈な"""",""""元気な"""",""""親切な"""",""""正直な""""]""	""[""""polite"""",""""boring"""",""""cheerful"""",""""kind"""",""""honest""""]""	""[""""polite"""",""""pilot"""",""""quiet"""",""""bright"""",""""private""""]""	""[{""""word"""":""""courteous"""",""""note"""":""""ややかたい語""""}]""	""[{""""word"""":""""rude"""",""""note"""":""""失礼な""""}]"""
400392	4	favorable	好ましい	good and helpful	The weather was favorable for our trip.	天気は私たちの旅行に好ましかった。	adjective	4	3	""[""""好ましい"""",""""危険な"""",""""静かな"""",""""不便な"""",""""複雑な""""]""	""[""""favorable"""",""""dangerous"""",""""quiet"""",""""inconvenient"""",""""complex""""]""	""[""""favorable"""",""""valuable"""",""""favorite"""",""""available"""",""""comfortable""""]""	""[{""""word"""":""""good"""",""""note"""":""""より広い意味の基本語""""},{""""word"""":""""positive"""",""""note"""":""""よい・前向きな意味""""}]""	""[{""""word"""":""""unfavorable"""",""""note"""":""""好ましくない""""},{""""word"""":""""harmful"""",""""note"""":""""害になる""""}]"""
400393	4	merit	長所	a good point of something	One merit of this plan is its low cost.	この計画の長所の一つは費用が低いことです。	noun	4	3	""[""""長所"""",""""欠点"""",""""目的"""",""""方法"""",""""結果""""]""	""[""""merit"""",""""fault"""",""""purpose"""",""""method"""",""""result""""]""	""[""""merit"""",""""market"""",""""minute"""",""""metal"""",""""spirit""""]""	""[{""""word"""":""""advantage"""",""""note"""":""""利益や有利な点""""},{""""word"""":""""good point"""",""""note"""":""""やさしい言い換え""""}]""	""[{""""word"""":""""fault"""",""""note"""":""""欠点""""},{""""word"""":""""drawback"""",""""note"""":""""不利な点""""}]"""
400394	4	virtue	美徳	a good moral quality	Honesty is an important virtue.	正直さは大切な美徳です。	noun	5	2	""[""""美徳"""",""""欠点"""",""""習慣"""",""""規則"""",""""責任""""]""	""[""""virtue"""",""""fault"""",""""habit"""",""""rule"""",""""duty""""]""	""[""""virtue"""",""""visitor"""",""""victory"""",""""village"""",""""picture""""]""	""[{""""word"""":""""goodness"""",""""note"""":""""よい性質という広い意味""""}]""	""[{""""word"""":""""vice"""",""""note"""":""""悪い行い・不道徳""""},{""""word"""":""""fault"""",""""note"""":""""欠点""""}]"""
400395	4	moral	道徳的な	about what is right and wrong	The story teaches an important moral lesson.	その物語は大切な道徳的な教訓を教えてくれる。	adjective	4	3	""[""""道徳的な"""",""""危険な"""",""""正直な"""",""""静かな"""",""""有名な""""]""	""[""""moral"""",""""dangerous"""",""""honest"""",""""quiet"""",""""famous""""]""	""[""""moral"""",""""model"""",""""modern"""",""""normal"""",""""metal""""]""	""[{""""word"""":""""ethical"""",""""note"""":""""ややかたい語""""}]""	""[{""""word"""":""""immoral"""",""""note"""":""""道徳に反する""""}]"""
400396	4	fertile	肥えた	good for growing plants	This land is fertile and good for farming.	この土地は肥えていて、農業に向いている。	adjective	5	2	""[""""肥えた"""",""""乾いた"""",""""深い"""",""""狭い"""",""""固い""""]""	""[""""fertile"""",""""dry"""",""""deep"""",""""narrow"""",""""hard""""]""	""[""""fertile"""",""""turtle"""",""""circle"""",""""purple"""",""""final""""]""	""[{""""word"""":""""rich"""",""""note"""":""""土が肥えたという意味で使える""""}]""	""[{""""word"""":""""barren"""",""""note"""":""""土地がやせた""""}]"""
400397	4	noble	高潔な	good and honest in character	She made a noble choice to help others.	彼女は人を助けるという高潔な選択をした。	adjective	5	2	""[""""高潔な"""",""""怠けた"""",""""陽気な"""",""""粗い"""",""""単純な""""]""	""[""""noble"""",""""lazy"""",""""cheerful"""",""""rough"""",""""simple""""]""	""[""""noble"""",""""global"""",""""mobile"""",""""label"""",""""naval""""]""	""[{""""word"""":""""honorable"""",""""note"""":""""立派で尊敬できる""""}]""	""[{""""word"""":""""mean"""",""""note"""":""""意地悪で卑しい""""}]"""
400398	4	benefit	利益	a good result or advantage	Regular exercise has many benefit.	定期的な運動には多くの利益がある。	noun	4	3	""[""""利益"""",""""危険"""",""""方法"""",""""経験"""",""""責任""""]""	""[""""benefit"""",""""danger"""",""""method"""",""""experience"""",""""duty""""]""	""[""""benefit"""",""""beneath"""",""""believe"""",""""visitor"""",""""favorite""""]""	""[{""""word"""":""""advantage"""",""""note"""":""""より一般的な言い方""""}]""	""[{""""word"""":""""disadvantage"""",""""note"""":""""不利な点""""}]"""
400399	4	valid	有効な	officially acceptable or usable	This ticket is valid for one day.	この切符は1日有効です。	adjective	4	3	""[""""有効な"""",""""危険な"""",""""静かな"""",""""公平な"""",""""正直な""""]""	""[""""valid"""",""""dangerous"""",""""quiet"""",""""fair"""",""""honest""""]""	""[""""valid"""",""""value"""",""""vivid"""",""""vacant"""",""""rapid""""]""	""[{""""word"""":""""effective"""",""""note"""":""""効果がある、という意味でも使う""""}]""	""[{""""word"""":""""invalid"""",""""note"""":""""無効な""""}]"""
400400	4	stock	在庫	a supply of goods kept for sale or use	The store has enough stock now.	その店には今、十分な在庫がある。	noun	4	3	""[""""在庫"""",""""価格"""",""""品質"""",""""需要"""",""""配達""""]""	""[""""stock"""",""""price"""",""""quality"""",""""demand"""",""""delivery""""]""	""[""""stock"""",""""stick"""",""""stone"""",""""stop"""",""""shock""""]""	""[{""""word"""":""""supply"""",""""note"""":""""供給・蓄えという近い意味""""}]""	[]"
400401	4	politics	政治	the activities of government and public leaders	He is interested in politics.	彼は政治に興味があります。	noun	4	3	""[""""政治"""",""""経済"""",""""法律"""",""""教育"""",""""文化""""]""	""[""""politics"""",""""economy"""",""""law"""",""""education"""",""""culture""""]""	""[""""politics"""",""""poetics"""",""""polite"""",""""policy"""",""""public""""]""	[]	[]"
400402	4	ministry	省	a government department	She works at the ministry.	彼女はその省で働いています。	noun	5	2	""[""""省"""",""""議会"""",""""裁判所"""",""""政府"""",""""委員会""""]""	""[""""ministry"""",""""parliament"""",""""court"""",""""government"""",""""committee""""]""	""[""""ministry"""",""""mystery"""",""""history"""",""""industry"""",""""minister""""]""	[]	[]"
400403	4	senate	上院	the higher part of a lawmaking group in some countries	The bill passed the senate.	その法案は上院を通過しました。	noun	5	2	""[""""上院"""",""""下院"""",""""議会"""",""""内閣"""",""""裁判所""""]""	""[""""senate"""",""""house"""",""""parliament"""",""""cabinet"""",""""court""""]""	""[""""senate"""",""""senior"""",""""signal"""",""""second"""",""""silent""""]""	[]	[]"
400404	4	seize	つかむ	to take hold of something quickly	The police tried to seize the bag.	警察はそのかばんをつかもうとした。	verb	4	3	""[""""つかむ"""",""""投げる"""",""""運ぶ"""",""""隠す"""",""""壊す""""]""	""[""""seize"""",""""throw"""",""""carry"""",""""hide"""",""""break""""]""	""[""""seize"""",""""seem"""",""""seat"""",""""seek"""",""""cease""""]""	""[{""""word"""":""""grab"""",""""note"""":""""より口語的""""}]""	""[{""""word"""":""""release"""",""""note"""":""""放す""""}]"""
400405	4	wheat	小麦	a grain used to make bread and noodles	This field grows wheat every year.	この畑では毎年小麦を育てている。	noun	3	3	""[""""小麦"""",""""米"""",""""豆"""",""""とうもろこし"""",""""じゃがいも""""]""	""[""""wheat"""",""""rice"""",""""bean"""",""""corn"""",""""potato""""]""	""[""""wheat"""",""""week"""",""""weed"""",""""wet"""",""""wheel""""]""	[]	[]"
400406	4	chart	図表	a drawing or table that shows information	The chart shows the sales for each month.	その図表は各月の売り上げを示している。	noun	3	4	""[""""図表"""",""""地図"""",""""表紙"""",""""記号"""",""""写真""""]""	""[""""chart"""",""""map"""",""""cover"""",""""sign"""",""""photo""""]""	""[""""chart"""",""""cart"""",""""charm"""",""""charge"""",""""short""""]""	""[{""""word"""":""""graph"""",""""note"""":""""線や棒で表す図""""}]""	[]"
400407	4	meadow	牧草地	a field with grass and flowers	We walked through the meadow.	私たちは牧草地を歩いて通った。	noun	4	2	""[""""牧草地"""",""""砂漠"""",""""森"""",""""湖"""",""""丘""""]""	""[""""meadow"""",""""desert"""",""""forest"""",""""lake"""",""""hill""""]""	""[""""meadow"""",""""shadow"""",""""window"""",""""metal"""",""""yellow""""]""	""[{""""word"""":""""field"""",""""note"""":""""より広い意味の『野原、畑』""""}]""	[]"
400408	4	marvelous	すばらしい	very good and wonderful	She did a marvelous job.	彼女はすばらしい仕事をした。	adjective	4	2	""[""""すばらしい"""",""""退屈な"""",""""危険な"""",""""静かな"""",""""簡単な""""]""	""[""""marvelous"""",""""boring"""",""""dangerous"""",""""quiet"""",""""easy""""]""	""[""""marvelous"""",""""dangerous"""",""""famous"""",""""nervous"""",""""careless""""]""	""[{""""word"""":""""wonderful"""",""""note"""":""""より一般的で基本的な語""""},{""""word"""":""""great"""",""""note"""":""""会話でよく使う""""}]""	""[{""""word"""":""""terrible"""",""""note"""":""""『ひどい』の意味""""}]"""
400409	4	terror	恐怖	a very strong feeling of fear	The news filled them with terror.	その知らせは彼らを恐怖でいっぱいにした。	noun	4	2	""[""""恐怖"""",""""希望"""",""""平和"""",""""喜び"""",""""驚き""""]""	""[""""terror"""",""""hope"""",""""peace"""",""""joy"""",""""surprise""""]""	""[""""terror"""",""""mirror"""",""""tailor"""",""""error"""",""""tiger""""]""	""[{""""word"""":""""fear"""",""""note"""":""""terror より一般的で広い語""""}]""	""[{""""word"""":""""calm"""",""""note"""":""""落ち着いた状態""""}]"""
400410	4	glory	栄光	great honor and praise	The team won the game and brought glory to our school.	そのチームは試合に勝ち、私たちの学校に栄光をもたらした。	noun	4	3	""[""""栄光"""",""""喜び"""",""""悲しみ"""",""""平和"""",""""勇気""""]""	""[""""glory"""",""""delight"""",""""sorrow"""",""""peace"""",""""courage""""]""	""[""""glory"""",""""story"""",""""grocery"""",""""global"""",""""gladly""""]""	""[{""""word"""":""""honor"""",""""note"""":""""より一般的な『名誉』""""},{""""word"""":""""fame"""",""""note"""":""""有名であることの意味が強い""""}]""	""[{""""word"""":""""shame"""",""""note"""":""""恥、不名誉""""}]"""
400411	4	delight	大きな喜び	a strong feeling of happiness	The gift gave her great delight.	その贈り物は彼女に大きな喜びを与えた。	noun	4	3	""[""""大きな喜び"""",""""栄光"""",""""苦しみ"""",""""驚き"""",""""希望""""]""	""[""""delight"""",""""glory"""",""""misery"""",""""surprise"""",""""hope""""]""	""[""""delight"""",""""decide"""",""""deny"""",""""design"""",""""direct""""]""	""[{""""word"""":""""joy"""",""""note"""":""""より基本的な語""""},{""""word"""":""""pleasure"""",""""note"""":""""満足や楽しさの意味でも使う""""}]""	""[{""""word"""":""""misery"""",""""note"""":""""強い苦しみや不幸""""}]"""
400412	4	misery	悲惨さ	great suffering or unhappiness	Many people lived in misery after the war.	戦争の後、多くの人々が悲惨な暮らしをした。	noun	4	3	""[""""悲惨さ"""",""""喜び"""",""""希望"""",""""平和"""",""""成功""""]""	""[""""misery"""",""""delight"""",""""hope"""",""""peace"""",""""success""""]""	""[""""misery"""",""""mystery"""",""""memory"""",""""mission"""",""""visitor""""]""	""[{""""word"""":""""suffering"""",""""note"""":""""苦しみ全般を表す""""},{""""word"""":""""unhappiness"""",""""note"""":""""不幸せな気持ち""""}]""	""[{""""word"""":""""joy"""",""""note"""":""""喜び""""},{""""word"""":""""happiness"""",""""note"""":""""幸せ""""}]"""
400413	4	moss	こけ	a small green plant that grows on rocks or trees	The rock was covered with moss.	その岩はこけでおおわれていた。	noun	4	2	""[""""こけ"""",""""草"""",""""葉"""",""""花"""",""""木の皮""""]""	""[""""moss"""",""""grass"""",""""leaf"""",""""flower"""",""""bark""""]""	""[""""moss"""",""""mass"""",""""mouse"""",""""most"""",""""mouth""""]""	[]	[]"
400414	4	organization	組織	a group of people working together for a purpose	She works for an international organization.	彼女は国際的な組織で働いています。	noun	5	3	""[""""組織"""",""""会社"""",""""団体"""",""""制度"""",""""計画""""]""	""[""""organization"""",""""company"""",""""club"""",""""system"""",""""project""""]""	""[""""organization"""",""""operation"""",""""education"""",""""situation"""",""""invitation""""]""	""[{""""word"""":""""group"""",""""note"""":""""より広い意味の基本語""""},{""""word"""":""""association"""",""""note"""":""""ややかたい語""""}]""	[]"
400415	4	union	組合	a group of workers who act together	My father joined the union last year.	父は去年その組合に入った。	noun	4	3	""[""""組合"""",""""委員会"""",""""議会"""",""""会社"""",""""政府""""]""	""[""""union"""",""""committee"""",""""council"""",""""company"""",""""government""""]""	""[""""union"""",""""onion"""",""""junior"""",""""unique"""",""""unit""""]""	[]	[]"
400416	4	committee	委員会	a group chosen to do a special job	She spoke to the committee yesterday.	彼女は昨日その委員会に話した。	noun	4	3	""[""""委員会"""",""""組合"""",""""議会"""",""""会社"""",""""政府""""]""	""[""""committee"""",""""union"""",""""council"""",""""company"""",""""government""""]""	""[""""committee"""",""""community"""",""""company"""",""""complete"""",""""computer""""]""	[]	[]"
400417	4	council	議会	a group of people who make decisions for a town or city	The city council met on Monday.	市議会は月曜日に開かれた。	noun	4	3	""[""""議会"""",""""委員会"""",""""組合"""",""""会社"""",""""政府""""]""	""[""""council"""",""""committee"""",""""union"""",""""company"""",""""government""""]""	""[""""council"""",""""count"""",""""country"""",""""cancel"""",""""castle""""]""	[]	[]"
400418	4	tribe	部族	a group of people with the same culture	The tribe lived near the river.	その部族は川の近くに住んでいました。	noun	4	3	""[""""部族"""",""""軍隊"""",""""集まり"""",""""村"""",""""王国""""]""	""[""""tribe"""",""""troop"""",""""group"""",""""village"""",""""nation""""]""	""[""""tribe"""",""""drive"""",""""trial"""",""""train"""",""""trip""""]""	""[{""""word"""":""""group"""",""""note"""":""""より広い意味の「集団」""""}]""	[]"
400419	4	troop	軍隊	a group of soldiers	The troop moved through the town.	その軍隊は町を通って進みました。	noun	4	3	""[""""軍隊"""",""""部族"""",""""乗組員"""",""""観客"""",""""農民""""]""	""[""""troop"""",""""tribe"""",""""crew"""",""""audience"""",""""farmer""""]""	""[""""troop"""",""""true"""",""""truck"""",""""group"""",""""trip""""]""	""[{""""word"""":""""army"""",""""note"""":""""より一般的な「軍隊」""""}]""	[]"
400420	4	collection	収集品	a group of things someone has gathered	She showed me her stamp collection.	彼女は私に切手の収集品を見せてくれました。	noun	4	4	""[""""収集品"""",""""発明"""",""""道具"""",""""景色"""",""""習慣""""]""	""[""""collection"""",""""invention"""",""""tool"""",""""scene"""",""""custom""""]""	""[""""collection"""",""""connection"""",""""correction"""",""""condition"""",""""question""""]""	[]	[]"
400421	4	bunch	束	a group of things held together	She bought a bunch of flowers.	彼女は花束を買いました。	noun	4	3	""[""""束"""",""""列"""",""""箱"""",""""山"""",""""組""""]""	""[""""bunch"""",""""group"""",""""pack"""",""""pile"""",""""bundle""""]""	""[""""bunch"""",""""bench"""",""""branch"""",""""lunch"""",""""punch""""]""	""[{""""word"""":""""bundle"""",""""note"""":""""ひもなどでまとめた束""""},{""""word"""":""""group"""",""""note"""":""""より広い意味の集まり""""}]""	[]"
400422	4	organize	整理する	to put things in order	Please organize your desk today.	今日、あなたの机を整理してください。	verb	4	3	""[""""整理する"""",""""修理する"""",""""共有する"""",""""選ぶ"""",""""運ぶ""""]""	""[""""organize"""",""""repair"""",""""share"""",""""choose"""",""""carry""""]""	""[""""organize"""",""""origami"""",""""orange"""",""""order"""",""""exercise""""]""	""[{""""word"""":""""arrange"""",""""note"""":""""順序よく並べる""""}]""	""[{""""word"""":""""mess up"""",""""note"""":""""散らかす""""}]"""
400423	4	predict	予測する	to say what will happen in the future	No one can predict the weather exactly.	だれも天気を正確に予測することはできません。	verb	4	3	""[""""予測する"""",""""説明する"""",""""比較する"""",""""発見する"""",""""準備する""""]""	""[""""predict"""",""""explain"""",""""compare"""",""""discover"""",""""prepare""""]""	""[""""predict"""",""""protect"""",""""prevent"""",""""product"""",""""practice""""]""	""[{""""word"""":""""expect"""",""""note"""":""""結果を予想する時に使うことがある""""}]""	[]"
400424	4	conditioner	コンディショナー	a hair product used after shampoo	I use conditioner after washing my hair.	私は髪を洗ったあとにコンディショナーを使います。	noun	4	2	""[""""コンディショナー"""",""""シャンプー"""",""""せっけん"""",""""歯みがき粉"""",""""化粧水""""]""	""[""""conditioner"""",""""shampoo"""",""""soap"""",""""toothpaste"""",""""lotion""""]""	""[""""conditioner"""",""""container"""",""""conductor"""",""""consumer"""",""""computer""""]""	[]	[]"
400425	4	curly	巻き毛の	having hair with many curls	She has curly hair.	彼女は巻き毛です。	adjective	3	2	""[""""巻き毛の"""",""""まっすぐな"""",""""短い"""",""""長い"""",""""やわらかい""""]""	""[""""curly"""",""""straight"""",""""short"""",""""long"""",""""soft""""]""	""[""""curly"""",""""early"""",""""clearly"""",""""cloudy"""",""""curtain""""]""	""[{""""word"""":""""wavy"""",""""note"""":""""curly ほど強くは巻いていない""""}]""	""[{""""word"""":""""straight"""",""""note"""":""""髪がまっすぐな""""}]"""
400426	4	palm	手のひら	the inside part of your hand	She wrote a note on her palm.	彼女は手のひらにメモを書いた。	noun	4	3	""[""""手のひら"""",""""指"""",""""手首"""",""""ひじ"""",""""肩""""]""	""[""""palm"""",""""finger"""",""""wrist"""",""""elbow"""",""""shoulder""""]""	""[""""palm"""",""""calm"""",""""park"""",""""part"""",""""farm""""]""	[]	[]"
400427	4	submit	提出する	to give something officially	Please submit your report by Friday.	金曜日までにレポートを提出してください。	verb	5	3	""[""""提出する"""",""""確認する"""",""""印刷する"""",""""借りる"""",""""説明する""""]""	""[""""submit"""",""""check"""",""""print"""",""""borrow"""",""""explain""""]""	""[""""submit"""",""""summit"""",""""permit"""",""""support"""",""""subject""""]""	""[{""""word"""":""""hand in"""",""""note"""":""""宿題や書類を出すときによく使う""""}]""	[]"
400428	4	deal	対処する	to take action about something	I can deal with this problem.	私はこの問題に対処できる。	verb	5	4	""[""""対処する"""",""""発見する"""",""""共有する"""",""""準備する"""",""""比較する""""]""	""[""""deal"""",""""discover"""",""""share"""",""""prepare"""",""""compare""""]""	""[""""deal"""",""""deep"""",""""dear"""",""""dial"""",""""dull""""]""	""[{""""word"""":""""handle"""",""""note"""":""""少しかたいが近い意味""""}]""	[]"
400429	4	cope	対処する	to deal successfully with a difficult situation	She could not cope with the stress.	彼女はそのストレスに対処できなかった。	verb	4	3	""[""""対処する"""",""""参加する"""",""""到着する"""",""""成長する"""",""""比較する""""]""	""[""""cope"""",""""join"""",""""arrive"""",""""grow"""",""""compare""""]""	""[""""cope"""",""""code"""",""""coat"""",""""core"""",""""coke""""]""	""[{""""word"""":""""manage"""",""""note"""":""""少し広い意味で「何とかやる」""""},{""""word"""":""""handle"""",""""note"""":""""問題などに対処する""""}]""	[]"
400430	4	deal with	対処する	to take action about a problem or person	I will deal with this problem tomorrow.	私は明日この問題に対処します。	verb	4	4	""[""""対処する"""",""""説明する"""",""""拒否する"""",""""発見する"""",""""準備する""""]""	""[""""deal with"""",""""explain"""",""""refuse"""",""""discover"""",""""prepare""""]""	""[""""deal with"""",""""deeply"""",""""dear"""",""""dream"""",""""date""""]""	""[{""""word"""":""""handle"""",""""note"""":""""問題や仕事に対処する""""},{""""word"""":""""manage"""",""""note"""":""""うまく処理する意味で近い""""}]""	[]"
400431	4	take place	起こる	to happen	The festival will take place next Sunday.	その祭りは次の日曜日に行われます。	verb	3	4	""[""""起こる"""",""""続く"""",""""変わる"""",""""集まる"""",""""戻る""""]""	""[""""take place"""",""""continue"""",""""change"""",""""gather"""",""""return""""]""	""[""""take place"""",""""take care"""",""""take part"""",""""takes time"""",""""takes shape""""]""	""[{""""word"""":""""happen"""",""""note"""":""""最も基本的な言い換え""""}]""	[]"
400432	4	previous	前の	coming before the present one	Please read the previous page again.	前のページをもう一度読んでください。	adjective	4	3	""[""""前の"""",""""次の"""",""""最後の"""",""""最初の"""",""""同じ""""]""	""[""""previous"""",""""next"""",""""last"""",""""first"""",""""same""""]""	""[""""previous"""",""""precious"""",""""preview"""",""""private"""",""""serious""""]""	""[{""""word"""":""""former"""",""""note"""":""""ややかたいが「前の」""""}]""	""[{""""word"""":""""next"""",""""note"""":""""「次の」""""}]"""
400433	4	constant	絶え間ない	happening all the time without stopping	The constant noise made it hard to study.	絶え間ない騒音のせいで勉強しにくかった。	adjective	5	2	""[""""絶え間ない"""",""""静かな"""",""""短い"""",""""急な"""",""""弱い""""]""	""[""""constant"""",""""quiet"""",""""short"""",""""sudden"""",""""weak""""]""	""[""""constant"""",""""contest"""",""""contact"""",""""concert"""",""""context""""]""	""[{""""word"""":""""continuous"""",""""note"""":""""より「続いている」感じ""""}]""	""[{""""word"""":""""occasional"""",""""note"""":""""「時々の」""""}]"""
400434	4	daily	毎日の	happening every day	She takes a daily walk after dinner.	彼女は夕食後に毎日の散歩をします。	adjective	3	4	""[""""毎日の"""",""""毎週の"""",""""毎月の"""",""""毎年の"""",""""一度きりの""""]""	""[""""daily"""",""""weekly"""",""""monthly"""",""""yearly"""",""""once""""]""	""[""""daily"""",""""deeply"""",""""early"""",""""fairly"""",""""safely""""]""	""[{""""word"""":""""everyday"""",""""note"""":""""「毎日の」の意味で近い""""}]""	[]"
400435	4	frequent	頻繁な	happening often	We have frequent meetings after school.	私たちは放課後に頻繁に会議をします。	adjective	4	3	""[""""頻繁な"""",""""突然の"""",""""一時的な"""",""""まれな"""",""""即座の""""]""	""[""""frequent"""",""""sudden"""",""""temporary"""",""""rare"""",""""instant""""]""	""[""""frequent"""",""""fragrant"""",""""fragment"""",""""freezing"""",""""front""""]""	""[{""""word"""":""""common"""",""""note"""":""""より広く「よくある」""""},{""""word"""":""""regular"""",""""note"""":""""規則的に起こる感じ""""}]""	""[{""""word"""":""""rare"""",""""note"""":""""めったにない""""}]"""
400436	4	instant	即座の	happening at once	She sent me an instant reply.	彼女は私に即座の返事を送りました。	adjective	4	3	""[""""即座の"""",""""頻繁な"""",""""時々の"""",""""ゆっくりした"""",""""まれな""""]""	""[""""instant"""",""""frequent"""",""""occasional"""",""""slow"""",""""rare""""]""	""[""""instant"""",""""inside"""",""""instead"""",""""install"""",""""insist""""]""	""[{""""word"""":""""immediate"""",""""note"""":""""よりややかたい語""""}]""	""[{""""word"""":""""slow"""",""""note"""":""""時間がかかる""""}]"""
400437	4	occasional	時々の	happening sometimes, not often	We have occasional rain in winter.	冬には時々雨が降ります。	adjective	4	3	""[""""時々の"""",""""頻繁な"""",""""即座の"""",""""毎日の"""",""""突然の""""]""	""[""""occasional"""",""""frequent"""",""""instant"""",""""daily"""",""""sudden""""]""	""[""""occasional"""",""""original"""",""""national"""",""""vacation"""",""""position""""]""	""[{""""word"""":""""sometimes"""",""""note"""":""""副詞だが意味が近い""""}]""	""[{""""word"""":""""frequent"""",""""note"""":""""頻繁に起こる""""}]"""
400438	4	stiff	硬い	hard and not easy to bend	My legs feel stiff after the long walk.	長く歩いたあと、私の足は硬く感じます。	adjective	4	3	""[""""硬い"""",""""柔らかい"""",""""重い"""",""""厚い"""",""""深い""""]""	""[""""stiff"""",""""soft"""",""""heavy"""",""""thick"""",""""deep""""]""	""[""""stiff"""",""""staff"""",""""step"""",""""stick"""",""""stuff""""]""	""[{""""word"""":""""rigid"""",""""note"""":""""よりかたく動きにくい感じ""""}]""	""[{""""word"""":""""soft"""",""""note"""":""""やわらかい""""},{""""word"""":""""flexible"""",""""note"""":""""曲げやすい""""}]"""
400439	4	firm	しっかりした	strong and not easy to move or change	This chair is firm and comfortable.	このいすはしっかりしていて快適です。	adjective	4	4	""[""""しっかりした"""",""""弱い"""",""""狭い"""",""""軽い"""",""""丸い""""]""	""[""""firm"""",""""weak"""",""""narrow"""",""""light"""",""""round""""]""	""[""""firm"""",""""farm"""",""""form"""",""""film"""",""""first""""]""	""[{""""word"""":""""strong"""",""""note"""":""""より広い意味で使う基本語""""}]""	""[{""""word"""":""""weak"""",""""note"""":""""弱い""""}]"""
400440	4	solid	固体の	hard and not liquid or gas	Ice is water in a solid form.	氷は固体の形の水です。	adjective	4	3	""[""""固体の"""",""""液体の"""",""""熱い"""",""""暗い"""",""""遠い""""]""	""[""""solid"""",""""liquid"""",""""hot"""",""""dark"""",""""far""""]""	""[""""solid"""",""""salad"""",""""solve"""",""""sudden"""",""""socket""""]""	[]	""[{""""word"""":""""liquid"""",""""note"""":""""液体の""""}]"""
400441	4	challenge	難題	something difficult that tests you	Climbing the mountain was a big challenge.	その山に登ることは大きな難題だった。	noun	4	3	""[""""難題"""",""""習慣"""",""""約束"""",""""景色"""",""""方法""""]""	""[""""challenge"""",""""habit"""",""""promise"""",""""view"""",""""method""""]""	""[""""challenge"""",""""channel"""",""""change"""",""""charge"""",""""chance""""]""	""[{""""word"""":""""difficulty"""",""""note"""":""""より一般的な「困難」""""},{""""word"""":""""problem"""",""""note"""":""""解決すべき問題""""}]""	""[{""""word"""":""""ease"""",""""note"""":""""苦労なくできること""""}]"""
400442	4	mysterious	不思議な	strange and hard to understand	We heard a mysterious sound at night.	私たちは夜に不思議な音を聞いた。	adjective	4	3	""[""""不思議な"""",""""静かな"""",""""危険な"""",""""有名な"""",""""正直な""""]""	""[""""mysterious"""",""""quiet"""",""""dangerous"""",""""famous"""",""""honest""""]""	""[""""mysterious"""",""""serious"""",""""misty"""",""""curious"""",""""various""""]""	""[{""""word"""":""""strange"""",""""note"""":""""より基本的な語""""},{""""word"""":""""odd"""",""""note"""":""""ややくだけた言い方""""}]""	""[{""""word"""":""""clear"""",""""note"""":""""はっきりしている""""},{""""word"""":""""ordinary"""",""""note"""":""""普通の""""}]"""
400443	4	labor	労働	hard work, especially physical work	Many people do labor in the hot sun.	多くの人が暑い日差しの中で労働をする。	noun	4	2	""[""""労働"""",""""会話"""",""""旅行"""",""""研究"""",""""競争""""]""	""[""""labor"""",""""conversation"""",""""travel"""",""""research"""",""""competition""""]""	""[""""labor"""",""""neighbor"""",""""later"""",""""label"""",""""sailor""""]""	""[{""""word"""":""""work"""",""""note"""":""""最も基本的な語""""}]""	""[{""""word"""":""""rest"""",""""note"""":""""休むこと""""}]"""
400444	4	poison	毒	a substance that can make people or animals very sick or kill them	Some mushrooms contain poison.	いくつかのきのこには毒が含まれている。	noun	4	3	""[""""毒"""",""""薬"""",""""煙"""",""""熱"""",""""泥""""]""	""[""""poison"""",""""medicine"""",""""smoke"""",""""heat"""",""""mud""""]""	""[""""poison"""",""""prison"""",""""person"""",""""season"""",""""reason""""]""	""[{""""word"""":""""toxin"""",""""note"""":""""ややかたい語""""}]""	""[{""""word"""":""""medicine"""",""""note"""":""""病気を治すためのもの""""}]"""
400445	4	spite	悪意	a feeling of wanting to hurt or upset someone	He said it out of spite.	彼は悪意からそれを言った。	noun	5	2	""[""""悪意"""",""""親切"""",""""勇気"""",""""希望"""",""""冗談""""]""	""[""""spite"""",""""kindness"""",""""courage"""",""""hope"""",""""joke""""]""	""[""""spite"""",""""sprite"""",""""spot"""",""""spike"""",""""site""""]""	""[{""""word"""":""""malice"""",""""note"""":""""より強い悪意""""}]""	""[{""""word"""":""""kindness"""",""""note"""":""""親切な気持ち""""}]"""
400446	4	afford	買う余裕がある	to have enough money to buy something	We can't afford a new car.	私たちには新しい車を買う余裕がない。	verb	4	4	""[""""買う余裕がある"""",""""借りる"""",""""選ぶ"""",""""修理する"""",""""運ぶ""""]""	""[""""afford"""",""""borrow"""",""""choose"""",""""repair"""",""""carry""""]""	""[""""afford"""",""""aboard"""",""""afraid"""",""""effort"""",""""award""""]""	[]	[]"
400447	4	possess	持っている	to have or own something	He does not possess a car.	彼は車を持っていません。	verb	4	3	""[""""持っている"""",""""借りる"""",""""失う"""",""""売る"""",""""見つける""""]""	""[""""possess"""",""""borrow"""",""""lose"""",""""sell"""",""""find""""]""	""[""""possess"""",""""process"""",""""protect"""",""""promise"""",""""polite""""]""	""[{""""word"""":""""own"""",""""note"""":""""より基本的な語""""}]""	""[{""""word"""":""""lack"""",""""note"""":""""持っていない""""}]"""
400448	4	pregnant	妊娠している	having a baby growing inside the body	She is pregnant with her first child.	彼女は第一子を妊娠しています。	adjective	4	3	""[""""妊娠している"""",""""疲れている"""",""""病気の"""",""""眠い"""",""""忙しい""""]""	""[""""pregnant"""",""""tired"""",""""sick"""",""""sleepy"""",""""busy""""]""	""[""""pregnant"""",""""present"""",""""pleasant"""",""""prevent"""",""""president""""]""	""[{""""word"""":""""expecting"""",""""note"""":""""赤ちゃんを待っているという言い方""""}]""	[]"
400449	4	mayor	市長	the leader of a city	The mayor spoke to the people.	市長は人々に話しました。	noun	4	3	""[""""市長"""",""""先生"""",""""医者"""",""""警官"""",""""店員""""]""	""[""""mayor"""",""""teacher"""",""""doctor"""",""""police officer"""",""""clerk""""]""	""[""""mayor"""",""""major"""",""""maker"""",""""mail"""",""""mirror""""]""	[]	[]"
400450	4	pulse	脈拍	the beat of blood moving through your body	The doctor checked my pulse.	医者は私の脈拍を調べた。	noun	4	3	""[""""脈拍"""",""""体温"""",""""血圧"""",""""呼吸"""",""""心臓""""]""	""[""""pulse"""",""""temperature"""",""""pressure"""",""""breath"""",""""heartbeat""""]""	""[""""pulse"""",""""plus"""",""""purse"""",""""peace"""",""""place""""]""	""[{""""word"""":""""heartbeat"""",""""note"""":""""心臓の鼓動。pulse は脈拍として測る感じ""""}]""	[]"
400451	4	warmth	暖かさ	a comfortable feeling of being warm	I felt the warmth of the sun.	私は太陽の暖かさを感じた。	noun	4	3	""[""""暖かさ"""",""""冷たさ"""",""""明るさ"""",""""やわらかさ"""",""""静けさ""""]""	""[""""warmth"""",""""coldness"""",""""brightness"""",""""softness"""",""""silence""""]""	""[""""warmth"""",""""worth"""",""""world"""",""""worm"""",""""work""""]""	""[{""""word"""":""""heat"""",""""note"""":""""heat は熱そのもの、warmth は心地よい暖かさ""""}]""	""[{""""word"""":""""coldness"""",""""note"""":""""暖かさの反対""""}]"""
400452	4	load	荷物	something heavy that is being carried	The truck carried a heavy load.	そのトラックは重い荷物を運んだ。	noun	4	4	""[""""荷物"""",""""乗客"""",""""機械"""",""""商品"""",""""道具""""]""	""[""""load"""",""""passenger"""",""""machine"""",""""goods"""",""""tool""""]""	""[""""load"""",""""road"""",""""rode"""",""""loud"""",""""lord""""]""	""[{""""word"""":""""cargo"""",""""note"""":""""特に船や飛行機などの貨物""""}]""	[]"
400453	4	welfare	福祉	help and support for people's health and happiness	The city spends more money on welfare.	その市は福祉により多くのお金を使います。	noun	4	3	""[""""福祉"""",""""教育"""",""""環境"""",""""経済"""",""""文化""""]""	""[""""welfare"""",""""education"""",""""environment"""",""""economy"""",""""culture""""]""	""[""""welfare"""",""""well-known"""",""""welcome"""",""""weather"""",""""worker""""]""	[]	[]"
400454	4	promote	促進する	to help something grow or happen	The campaign will promote healthy eating.	その運動は健康的な食事を促進するでしょう。	verb	4	4	""[""""促進する"""",""""防ぐ"""",""""変える"""",""""選ぶ"""",""""支える""""]""	""[""""promote"""",""""prevent"""",""""change"""",""""choose"""",""""support""""]""	""[""""promote"""",""""provide"""",""""protect"""",""""promise"""",""""produce""""]""	""[{""""word"""":""""encourage"""",""""note"""":""""より一般的に「後押しする」""""}]""	""[{""""word"""":""""prevent"""",""""note"""":""""起こるのを防ぐ""""}]"""
400455	4	assist	手伝う	to help someone do something	Two teachers assist the students in class.	2人の先生が授業で生徒たちを手伝います。	verb	4	3	""[""""手伝う"""",""""集める"""",""""運ぶ"""",""""比べる"""",""""断る""""]""	""[""""assist"""",""""collect"""",""""carry"""",""""compare"""",""""refuse""""]""	""[""""assist"""",""""insist"""",""""exist"""",""""accept"""",""""asset""""]""	""[{""""word"""":""""help"""",""""note"""":""""assist より日常的""""}]""	[]"
400456	4	servant	召使い	a person who works in another person's house	The old servant opened the door.	その年老いた召使いがドアを開けた。	noun	4	2	""[""""召使い"""",""""店員"""",""""農家"""",""""画家"""",""""警官""""]""	""[""""servant"""",""""clerk"""",""""farmer"""",""""artist"""",""""officer""""]""	""[""""servant"""",""""sermon"""",""""service"""",""""silent"""",""""student""""]""	[]	[]"
400457	4	potential	可能性のある	having a chance to become real or successful	She is a potential leader of the team.	彼女はそのチームの将来有望なリーダーだ。	adjective	5	3	""[""""可能性のある"""",""""危険な"""",""""重要な"""",""""一般的な"""",""""伝統的な""""]""	""[""""potential"""",""""dangerous"""",""""important"""",""""common"""",""""traditional""""]""	""[""""potential"""",""""powerful"""",""""patient"""",""""special"""",""""possible""""]""	""[{""""word"""":""""possible"""",""""note"""":""""より基本的で「あり得る」""""}]""	[]"
400458	4	steep	急な	rising or falling quickly at a sharp angle	We climbed a steep hill.	私たちは急な丘を登った。	adjective	4	3	""[""""急な"""",""""広い"""",""""深い"""",""""暗い"""",""""静かな""""]""	""[""""steep"""",""""wide"""",""""deep"""",""""dark"""",""""quiet""""]""	""[""""steep"""",""""sleep"""",""""step"""",""""stick"""",""""steam""""]""	""[{""""word"""":""""sharp"""",""""note"""":""""坂や角度が急なときに使うことがある""""}]""	""[{""""word"""":""""gentle"""",""""note"""":""""坂などがゆるやかな""""}]"""
400459	4	sophisticated	洗練された	modern and well designed	She bought a sophisticated camera.	彼女は洗練されたカメラを買った。	adjective	4	2	""[""""洗練された"""",""""退屈な"""",""""伝統的な"""",""""単純な"""",""""不便な""""]""	""[""""sophisticated"""",""""boring"""",""""traditional"""",""""simple"""",""""inconvenient""""]""	""[""""sophisticated"""",""""specific"""",""""significant"""",""""supportive"""",""""sufficient""""]""	""[{""""word"""":""""refined"""",""""note"""":""""より上品な感じ""""},{""""word"""":""""advanced"""",""""note"""":""""技術が進んだ感じ""""}]""	""[{""""word"""":""""simple"""",""""note"""":""""複雑でなく簡単""""},{""""word"""":""""rough"""",""""note"""":""""洗練されていない""""}]"""
400460	4	supreme	最高の	better or more important than all others	This is the supreme prize in the contest.	これはそのコンテストで最高の賞です。	adjective	4	2	""[""""最高の"""",""""普通の"""",""""重要な"""",""""有名な"""",""""安全な""""]""	""[""""supreme"""",""""normal"""",""""important"""",""""famous"""",""""safe""""]""	""[""""supreme"""",""""supply"""",""""surprise"""",""""support"""",""""spring""""]""	""[{""""word"""":""""best"""",""""note"""":""""より基本的な語""""},{""""word"""":""""top"""",""""note"""":""""くだけた言い方""""}]""	""[{""""word"""":""""lowest"""",""""note"""":""""最も低い""""}]"""
400461	4	slope	坂	a surface that goes up or down	The children ran down the slope.	子どもたちは坂を走って下りました。	noun	3	3	""[""""坂"""",""""橋"""",""""道"""",""""階段"""",""""トンネル""""]""	""[""""slope"""",""""bridge"""",""""road"""",""""stairs"""",""""tunnel""""]""	""[""""slope"""",""""soap"""",""""slow"""",""""sleep"""",""""slip""""]""	""[{""""word"""":""""hill"""",""""note"""":""""小さな山、文脈で近い""""}]""	[]"
400462	4	stroke	打つこと	a hit or movement of the hand, arm, or tool	He won the game with one strong stroke.	彼は一回の力強いひと打ちでその試合に勝った。	noun	4	2	""[""""打つこと"""",""""動き"""",""""休けい"""",""""計画"""",""""約束""""]""	""[""""stroke"""",""""motion"""",""""break"""",""""plan"""",""""promise""""]""	""[""""stroke"""",""""strong"""",""""stroll"""",""""strike"""",""""store""""]""	""[{""""word"""":""""hit"""",""""note"""":""""より一般的な語""""}]""	[]"
400463	4	strike	打つ	to hit something strongly	He can strike the ball well.	彼はそのボールをうまく打てます。	verb	4	3	""[""""打つ"""",""""投げる"""",""""つかむ"""",""""押す"""",""""運ぶ""""]""	""[""""strike"""",""""throw"""",""""catch"""",""""push"""",""""carry""""]""	""[""""strike"""",""""strict"""",""""strong"""",""""stripe"""",""""straw""""]""	""[{""""word"""":""""hit"""",""""note"""":""""より基本的な語""""}]""	[]"
400464	4	tunnel	トンネル	a long passage under the ground or through a mountain	The train went through a long tunnel.	その電車は長いトンネルを通りました。	noun	3	3	""[""""トンネル"""",""""橋"""",""""道路"""",""""駅"""",""""線路""""]""	""[""""tunnel"""",""""bridge"""",""""road"""",""""station"""",""""rail""""]""	""[""""tunnel"""",""""tonic"""",""""travel"""",""""total"""",""""table""""]""	[]	[]"
400465	4	resort	行楽地	a place where people go for a holiday	We stayed at a beach resort in summer.	私たちは夏に海辺の行楽地に滞在しました。	noun	4	2	""[""""行楽地"""",""""空港"""",""""工場"""",""""農場"""",""""港""""]""	""[""""resort"""",""""airport"""",""""factory"""",""""farm"""",""""port""""]""	""[""""resort"""",""""result"""",""""report"""",""""record"""",""""respect""""]""	""[{""""word"""":""""hotel"""",""""note"""":""""resortは休暇向けの場所""""}]""	[]"
400466	4	sacred	神聖な	holy and special in a religious way	This temple is a sacred place.	この寺は神聖な場所です。	adjective	4	2	""[""""神聖な"""",""""危険な"""",""""静かな"""",""""有名な"""",""""秘密の""""]""	""[""""sacred"""",""""dangerous"""",""""quiet"""",""""famous"""",""""secret""""]""	""[""""sacred"""",""""secret"""",""""second"""",""""scared"""",""""soccer""""]""	""[{""""word"""":""""holy"""",""""note"""":""""宗教的に神聖な意味で近い""""}]""	[]"
400467	4	saint	聖人	a very good and holy person	People remember him as a saint.	人々は彼を聖人として記憶しています。	noun	4	2	""[""""聖人"""",""""王"""",""""兵士"""",""""画家"""",""""医者""""]""	""[""""saint"""",""""king"""",""""soldier"""",""""painter"""",""""doctor""""]""	""[""""saint"""",""""sent"""",""""sand"""",""""seat"""",""""sail""""]""	[]	[]"
400468	4	trustworthy	信頼できる	able to be trusted	She is a trustworthy friend.	彼女は信頼できる友達です。	adjective	4	3	""[""""信頼できる"""",""""正直な"""",""""親切な"""",""""活発な"""",""""慎重な""""]""	""[""""trustworthy"""",""""honest"""",""""kind"""",""""active"""",""""careful""""]""	""[""""trustworthy"""",""""truthful"""",""""dusty"""",""""thirsty"""",""""strongly""""]""	""[{""""word"""":""""reliable"""",""""note"""":""""あてにできるという意味で近い""""},{""""word"""":""""honest"""",""""note"""":""""正直という点で近いが意味は少し異なる""""}]""	""[{""""word"""":""""dishonest"""",""""note"""":""""正直でない""""},{""""word"""":""""unreliable"""",""""note"""":""""あてにならない""""}]"""
400469	4	sincere	誠実な	honest and true in feeling	She gave me a sincere answer.	彼女は私に誠実な答えをくれた。	adjective	4	3	""[""""誠実な"""",""""陽気な"""",""""有名な"""",""""静かな"""",""""危険な""""]""	""[""""sincere"""",""""cheerful"""",""""famous"""",""""quiet"""",""""dangerous""""]""	""[""""sincere"""",""""singer"""",""""simple"""",""""senior"""",""""secure""""]""	""[{""""word"""":""""honest"""",""""note"""":""""より基本的な語""""},{""""word"""":""""true"""",""""note"""":""""気持ちや言葉がうそでない""""}]""	""[{""""word"""":""""false"""",""""note"""":""""うそで本当でない""""},{""""word"""":""""dishonest"""",""""note"""":""""正直でない""""}]"""
400470	4	ward	病棟	a section of a hospital with beds	My grandmother stayed in the children's ward.	祖母は小児病棟に入院していた。	noun	5	2	""[""""病棟"""",""""教室"""",""""駅"""",""""工場"""",""""図書館""""]""	""[""""ward"""",""""classroom"""",""""station"""",""""factory"""",""""library""""]""	""[""""ward"""",""""word"""",""""world"""",""""warm"""",""""work""""]""	[]	[]"
400471	4	tropical	熱帯の	from or like a very warm area near the equator	We saw many tropical plants there.	私たちはそこでたくさんの熱帯の植物を見た。	adjective	4	3	""[""""熱帯の"""",""""寒い"""",""""乾いた"""",""""深い"""",""""静かな""""]""	""[""""tropical"""",""""cold"""",""""dry"""",""""deep"""",""""quiet""""]""	""[""""tropical"""",""""typical"""",""""traffic"""",""""triangle"""",""""trouble""""]""	""[{""""word"""":""""hot"""",""""note"""":""""意味は近いがより広い""""}]""	""[{""""word"""":""""cold"""",""""note"""":""""寒い""""},{""""word"""":""""arctic"""",""""note"""":""""北極のような寒い地域の""""}]"""
400472	4	architect	建築家	a person who designs buildings	My uncle is an architect.	私のおじは建築家です。	noun	4	3	""[""""建築家"""",""""画家"""",""""科学者"""",""""記者"""",""""作家""""]""	""[""""architect"""",""""artist"""",""""scientist"""",""""reporter"""",""""writer""""]""	""[""""architect"""",""""article"""",""""artist"""",""""arctic"""",""""archive""""]""	[]	[]"
400473	4	quality	質	how good or bad something is	This shop sells shoes of good quality.	この店は質のよい靴を売っています。	noun	4	4	""[""""質"""",""""量"""",""""価格"""",""""形"""",""""色""""]""	""[""""quality"""",""""quantity"""",""""price"""",""""shape"""",""""color""""]""	""[""""quality"""",""""quarter"""",""""quietly"""",""""quantity"""",""""quite""""]""	""[{""""word"""":""""value"""",""""note"""":""""文脈によっては近いが、value は価値の意味が強い""""}]""	""[{""""word"""":""""inferiority"""",""""note"""":""""質が劣っていること""""}]"""
400474	4	mechanism	仕組み	a system of parts that work together	I do not understand the mechanism of this clock.	私はこの時計の仕組みがわかりません。	noun	5	2	""[""""仕組み"""",""""表面"""",""""材料"""",""""温度"""",""""速度""""]""	""[""""mechanism"""",""""surface"""",""""material"""",""""temperature"""",""""speed""""]""	""[""""mechanism"""",""""medicine"""",""""melody"""",""""memory"""",""""metal""""]""	""[{""""word"""":""""system"""",""""note"""":""""より広い意味で使う基本語""""}]""	[]"
400475	4	quantity	量	the amount of something	We need a large quantity of water.	私たちは大量の水が必要です。	noun	4	3	""[""""量"""",""""質"""",""""種類"""",""""価格"""",""""温度""""]""	""[""""quantity"""",""""quality"""",""""type"""",""""price"""",""""temperature""""]""	""[""""quantity"""",""""quality"""",""""quarter"""",""""country"""",""""quietly""""]""	""[{""""word"""":""""amount"""",""""note"""":""""より日常的な語""""}]""	[]"
400476	4	lifestyle	生活様式	the way a person lives	Regular exercise is part of a healthy lifestyle.	定期的な運動は健康的な生活様式の一部です。	noun	4	3	""[""""生活様式"""",""""習慣"""",""""文化"""",""""職業"""",""""環境""""]""	""[""""lifestyle"""",""""habit"""",""""culture"""",""""career"""",""""environment""""]""	""[""""lifestyle"""",""""lifeboat"""",""""library"""",""""lightning"""",""""landslide""""]""	""[{""""word"""":""""way of life"""",""""note"""":""""ほぼ同じ意味の表現""""}]""	[]"
400477	4	usage	使用	the way something is used	The usage of this word has changed over time.	この語の使い方は時とともに変化しました。	noun	4	3	""[""""使用"""",""""意味"""",""""発音"""",""""形"""",""""順番""""]""	""[""""usage"""",""""meaning"""",""""pronunciation"""",""""form"""",""""order""""]""	""[""""usage"""",""""message"""",""""music"""",""""usual"""",""""village""""]""	""[{""""word"""":""""use"""",""""note"""":""""より基本的な語""""}]""	[]"
400478	4	starve	飢える	to suffer because you do not have enough food	Many animals starve in the dry season.	多くの動物は乾季に飢える。	verb	4	2	""[""""飢える"""",""""眠る"""",""""叫ぶ"""",""""逃げる"""",""""震える""""]""	""[""""starve"""",""""sleep"""",""""shout"""",""""escape"""",""""shake""""]""	""[""""starve"""",""""start"""",""""stare"""",""""storm"""",""""serve""""]""	[]	""[{""""word"""":""""feed"""",""""note"""":""""食べ物を与える""""}]"""
400479	4	rush	急ぐ	to move or do something very quickly	We had to rush to catch the last train.	私たちは終電に乗るために急がなければならなかった。	verb	4	4	""[""""急ぐ"""",""""休む"""",""""待つ"""",""""運ぶ"""",""""集める""""]""	""[""""rush"""",""""rest"""",""""wait"""",""""carry"""",""""collect""""]""	""[""""rush"""",""""brush"""",""""crush"""",""""flash"""",""""fresh""""]""	""[{""""word"""":""""hurry"""",""""note"""":""""より一般的な『急ぐ』""""}]""	""[{""""word"""":""""wait"""",""""note"""":""""待つ""""},{""""word"""":""""slow down"""",""""note"""":""""スピードを落とす""""}]"""
400480	4	injury	けが	damage to your body	He had a leg injury after the game.	彼は試合のあと足にけがをした。	noun	4	4	""[""""けが"""",""""病気"""",""""熱"""",""""痛み"""",""""傷あと""""]""	""[""""injury"""",""""illness"""",""""fever"""",""""pain"""",""""scar""""]""	""[""""injury"""",""""energy"""",""""entry"""",""""engine"""",""""enemy""""]""	""[{""""word"""":""""wound"""",""""note"""":""""切り傷や負傷を表すことが多い""""}]""	""[{""""word"""":""""health"""",""""note"""":""""健康""""}]"""
400481	4	victim	被害者	a person who is hurt by a crime, accident, or bad event	The victim called the police for help.	その被害者は助けを求めて警察に電話した。	noun	4	3	""[""""被害者"""",""""犯人"""",""""目撃者"""",""""警官"""",""""容疑者""""]""	""[""""victim"""",""""criminal"""",""""witness"""",""""officer"""",""""suspect""""]""	""[""""victim"""",""""visit"""",""""vision"""",""""village"""",""""wisdom""""]""	[]	[]"
400482	4	sore	痛い	hurting or painful	My legs are sore after the game.	試合のあと、私の足は痛い。	adjective	4	3	""[""""痛い"""",""""かゆい"""",""""熱い"""",""""重い"""",""""固い""""]""	""[""""sore"""",""""itchy"""",""""hot"""",""""heavy"""",""""hard""""]""	""[""""sore"""",""""sort"""",""""soft"""",""""soup"""",""""song""""]""	""[{""""word"""":""""painful"""",""""note"""":""""より広く「痛みを伴う」""""}]""	""[{""""word"""":""""comfortable"""",""""note"""":""""痛みや不快感がない""""}]"""
400483	4	painful	痛い	causing pain	This cut is very painful.	この切り傷はとても痛い。	adjective	4	3	""[""""痛い"""",""""かゆい"""",""""眠い"""",""""寒い"""",""""重い""""]""	""[""""painful"""",""""itchy"""",""""sleepy"""",""""cold"""",""""heavy""""]""	""[""""painful"""",""""careful"""",""""playful"""",""""thankful"""",""""raincoat""""]""	""[{""""word"""":""""sore"""",""""note"""":""""体の一部がひりひり痛い感じ""""}]""	""[{""""word"""":""""comfortable"""",""""note"""":""""苦痛がない""""}]"""
400484	4	theory	理論	an idea to explain something	His theory was easy to understand.	彼の理論は理解しやすかった。	noun	4	3	""[""""理論"""",""""事実"""",""""方法"""",""""結果"""",""""意見""""]""	""[""""theory"""",""""fact"""",""""method"""",""""result"""",""""opinion""""]""	""[""""theory"""",""""thirty"""",""""thorny"""",""""theater"""",""""thought""""]""	""[{""""word"""":""""idea"""",""""note"""":""""theory より広く一般的""""}]""	[]"
400485	4	notion	考え	an idea or belief about something	I had a strange notion about the plan.	私はその計画について変な考えを持っていた。	noun	4	2	""[""""考え"""",""""意見"""",""""計画"""",""""方法"""",""""理由""""]""	""[""""notion"""",""""opinion"""",""""plan"""",""""method"""",""""reason""""]""	""[""""notion"""",""""motion"""",""""ocean"""",""""nation"""",""""notice""""]""	""[{""""word"""":""""idea"""",""""note"""":""""より基本的な語""""},{""""word"""":""""belief"""",""""note"""":""""信じている考え""""}]""	[]"
400486	4	as soon as	〜するとすぐに	immediately when something happens	Call me as soon as you get home.	家に着いたらすぐに私に電話してください。	conjunction	3	4	""[""""〜するとすぐに"""",""""〜する前に"""",""""〜している間に"""",""""〜した後で"""",""""〜なので""""]""	""[""""as soon as"""",""""before"""",""""while"""",""""after"""",""""because""""]""	""[""""as soon as"""",""""as long as"""",""""as well as"""",""""as far as"""",""""as much as""""]""	""[{""""word"""":""""when"""",""""note"""":""""意味は近いが、すぐにの意味は弱い""""}]""	[]"
400487	4	significant	重要な	important enough to be noticed	This is a significant change for our team.	これは私たちのチームにとって重要な変化です。	adjective	5	3	""[""""重要な"""",""""有名な"""",""""静かな"""",""""安全な"""",""""簡単な""""]""	""[""""significant"""",""""famous"""",""""quiet"""",""""safe"""",""""easy""""]""	""[""""significant"""",""""specific"""",""""different"""",""""signal"""",""""magnificent""""]""	""[{""""word"""":""""important"""",""""note"""":""""最も基本的な類義語""""}]""	""[{""""word"""":""""minor"""",""""note"""":""""重要でない、小さい""""}]"""
400488	4	enhance	高める	to improve something and make it better	Music can enhance the mood of a movie.	音楽は映画の雰囲気を高めることができる。	verb	4	3	""[""""高める"""",""""下げる"""",""""集める"""",""""壊す"""",""""隠す""""]""	""[""""enhance"""",""""reduce"""",""""gather"""",""""destroy"""",""""hide""""]""	""[""""enhance"""",""""entrance"""",""""advance"""",""""enjoy"""",""""include""""]""	""[{""""word"""":""""improve"""",""""note"""":""""より一般的な語""""},{""""word"""":""""increase"""",""""note"""":""""量や程度を上げるとき""""}]""	""[{""""word"""":""""reduce"""",""""note"""":""""減らす""""},{""""word"""":""""weaken"""",""""note"""":""""弱める""""}]"""
400489	4	brightly	明るく	in a way that gives a lot of light	The stars shone brightly in the sky.	星が空で明るく輝いていた。	adverb	3	3	""[""""明るく"""",""""静かに"""",""""速く"""",""""強く"""",""""正しく""""]""	""[""""brightly"""",""""quietly"""",""""quickly"""",""""strongly"""",""""correctly""""]""	""[""""brightly"""",""""lightly"""",""""rightly"""",""""bravely"""",""""briefly""""]""	""[{""""word"""":""""lightly"""",""""note"""":""""意味は異なるので注意""""}]""	""[{""""word"""":""""darkly"""",""""note"""":""""暗く""""}]"""
400490	4	differently	違って	in a way that is not the same	People think differently about the problem.	人々はその問題について違って考える。	adverb	3	3	""[""""違って"""",""""静かに"""",""""簡単に"""",""""急いで"""",""""丁寧に""""]""	""[""""differently"""",""""quietly"""",""""easily"""",""""quickly"""",""""carefully""""]""	""[""""differently"""",""""directly"""",""""carefully"""",""""certainly"""",""""quietly""""]""	[]	""[{""""word"""":""""similarly"""",""""note"""":""""同じように""""}]"""
400491	4	directly	直接	in a straight way or without stopping somewhere else	Please come home directly after school.	放課後は直接家に帰ってください。	adverb	4	3	""[""""直接"""",""""完全に"""",""""静かに"""",""""ゆっくり"""",""""突然""""]""	""[""""directly"""",""""completely"""",""""quietly"""",""""slowly"""",""""suddenly""""]""	""[""""directly"""",""""correctly"""",""""brightly"""",""""strictly"""",""""quickly""""]""	""[{""""word"""":""""straight"""",""""note"""":""""英では directly の意味で使うことがある""""}]""	""[{""""word"""":""""indirectly"""",""""note"""":""""間接的に""""}]"""
400492	4	completely	完全に	in every part or in a full way	The sky became completely dark.	空は完全に暗くなった。	adverb	4	3	""[""""完全に"""",""""直接"""",""""静かに"""",""""急に"""",""""簡単に""""]""	""[""""completely"""",""""directly"""",""""quietly"""",""""suddenly"""",""""easily""""]""	""[""""completely"""",""""carefully"""",""""quietly"""",""""quickly"""",""""clearly""""]""	""[{""""word"""":""""fully"""",""""note"""":""""ややかたいが近い意味""""}]""	""[{""""word"""":""""partly"""",""""note"""":""""一部は""""},{""""word"""":""""partially"""",""""note"""":""""ややかたい表現""""}]"""
400493	4	totally	まったく	completely; to a full degree	I totally agree with your idea.	私はあなたの考えにまったく賛成です。	adverb	4	3	""[""""まったく"""",""""直接"""",""""静かに"""",""""たぶん"""",""""最近""""]""	""[""""totally"""",""""directly"""",""""quietly"""",""""probably"""",""""recently""""]""	""[""""totally"""",""""finally"""",""""quietly"""",""""carefully"""",""""suddenly""""]""	""[{""""word"""":""""completely"""",""""note"""":""""ほぼ同じ意味""""},{""""word"""":""""fully"""",""""note"""":""""文脈によって近い""""}]""	""[{""""word"""":""""partly"""",""""note"""":""""一部は""""}]"""
400494	4	happily	幸せそうに	in a happy way	The child smiled happily.	その子どもは幸せそうにほほえんだ。	adverb	4	3	""[""""幸せそうに"""",""""静かに"""",""""急いで"""",""""丁寧に"""",""""簡単に""""]""	""[""""happily"""",""""quietly"""",""""quickly"""",""""carefully"""",""""easily""""]""	""[""""happily"""",""""heavily"""",""""rapidly"""",""""carefully"""",""""helpfully""""]""	""[{""""word"""":""""gladly"""",""""note"""":""""よろこんで、という意味で近い""""}]""	""[{""""word"""":""""sadly"""",""""note"""":""""悲しそうに""""}]"""
400495	4	naturally	自然に	in a natural way	She smiled naturally for the photo.	彼女は写真のために自然にほほえんだ。	adverb	5	3	""[""""自然に"""",""""静かに"""",""""突然"""",""""正確に"""",""""ゆっくり""""]""	""[""""naturally"""",""""quietly"""",""""suddenly"""",""""exactly"""",""""slowly""""]""	""[""""naturally"""",""""nationally"""",""""actually"""",""""carefully"""",""""normally""""]""	[]	""[{""""word"""":""""artificially"""",""""note"""":""""不自然に、人工的に""""}]"""
400496	4	perfectly	完璧に	in the best possible way	She can sing the song perfectly.	彼女はその歌を完璧に歌える。	adverb	5	3	""[""""完璧に"""",""""静かに"""",""""簡単に"""",""""正直に"""",""""急に""""]""	""[""""perfectly"""",""""quietly"""",""""easily"""",""""honestly"""",""""suddenly""""]""	""[""""perfectly"""",""""directly"""",""""correctly"""",""""carefully"""",""""brightly""""]""	""[{""""word"""":""""exactly"""",""""note"""":""""文脈によっては近い""""}]""	""[{""""word"""":""""badly"""",""""note"""":""""下手に、まずく""""}]"""
400497	4	secretly	ひそかに	in a way that others do not know	He secretly read her diary.	彼はひそかに彼女の日記を読んだ。	adverb	4	3	""[""""ひそかに"""",""""ゆっくり"""",""""静かに"""",""""突然"""",""""正直に""""]""	""[""""secretly"""",""""slowly"""",""""quietly"""",""""suddenly"""",""""honestly""""]""	""[""""secretly"""",""""certainly"""",""""suddenly"""",""""separately"""",""""silently""""]""	""[{""""word"""":""""quietly"""",""""note"""":""""文脈によっては近いが、secretly は「秘密に」""""}]""	""[{""""word"""":""""openly"""",""""note"""":""""「公然と」""""}]"""
400498	4	simply	単に	only; in a simple way	I simply want to help you.	私は単にあなたを助けたいだけです。	adverb	4	4	""[""""単に"""",""""たぶん"""",""""特に"""",""""すぐに"""",""""完全に""""]""	""[""""simply"""",""""probably"""",""""especially"""",""""soon"""",""""completely""""]""	""[""""simply"""",""""softly"""",""""safely"""",""""slowly"""",""""sweetly""""]""	""[{""""word"""":""""just"""",""""note"""":""""「単に」の意味で近い""""}]""	""[{""""word"""":""""complexly"""",""""note"""":""""意味上の反対だが日常ではあまり使わない""""}]"""
400499	4	everywhere	どこでも	in all places	I looked for my keys everywhere.	私は鍵をどこでも探した。	adverb	4	4	""[""""どこでも"""",""""どこかで"""",""""外で"""",""""近くに"""",""""上に""""]""	""[""""everywhere"""",""""somewhere"""",""""outside"""",""""nearby"""",""""above""""]""	""[""""everywhere"""",""""anywhere"""",""""everyone"""",""""everyday"""",""""elsewhere""""]""	[]	""[{""""word"""":""""nowhere"""",""""note"""":""""「どこにも〜ない」""""}]"""
400500	4	anywhere	どこでも	in or to any place	You can sit anywhere in this room.	この部屋ではどこでも座れます。	adverb	4	4	""[""""どこでも"""",""""どこかで"""",""""どこにも"""",""""外で"""",""""近くに""""]""	""[""""anywhere"""",""""somewhere"""",""""nowhere"""",""""outside"""",""""nearby""""]""	""[""""anywhere"""",""""anyone"""",""""everywhere"""",""""anyway"""",""""somewhere""""]""	""[{""""word"""":""""everywhere"""",""""note"""":""""「いたる所に」で意味が近い""""}]""	""[{""""word"""":""""nowhere"""",""""note"""":""""「どこにも〜ない」""""}]"""
400501	4	responsible	責任がある	having a duty to take care of something	She is responsible for this project.	彼女はこの計画に責任があります。	adjective	5	4	""[""""責任がある"""",""""有名な"""",""""注意深い"""",""""正直な"""",""""親切な""""]""	""[""""responsible"""",""""famous"""",""""careful"""",""""honest"""",""""kind""""]""	""[""""responsible"""",""""possible"""",""""response"""",""""respectful"""",""""reasonable""""]""	[]	""[{""""word"""":""""careless"""",""""note"""":""""責任感がなく不注意な感じ""""}]"""
400502	4	in the past	昔は	at a time before now	People traveled by ship in the past.	昔は人々は船で移動しました。	adverb	4	4	""[""""昔は"""",""""今は"""",""""将来"""",""""すぐに"""",""""昨日""""]""	""[""""in the past"""",""""now"""",""""in the future"""",""""soon"""",""""yesterday""""]""	""[""""in the past"""",""""in the park"""",""""in the back"""",""""in the dark"""",""""in the class""""]""	""[{""""word"""":""""before"""",""""note"""":""""文脈によって近い意味になる""""}]""	""[{""""word"""":""""now"""",""""note"""":""""現在は""""}]"""
400503	4	ahead	前方に	in front; further forward	The station is just ahead.	駅はこの先です。	adverb	4	3	""[""""前方に"""",""""後ろに"""",""""近くに"""",""""外に"""",""""中に""""]""	""[""""ahead"""",""""behind"""",""""nearby"""",""""outside"""",""""inside""""]""	""[""""ahead"""",""""aside"""",""""abroad"""",""""awake"""",""""around""""]""	""[{""""word"""":""""forward"""",""""note"""":""""「前へ」の意味で近い""""}]""	""[{""""word"""":""""behind"""",""""note"""":""""位置が後ろ""""}]"""
400504	4	widely	広く	in many places or by many people	This song is widely known.	この歌は広く知られています。	adverb	5	3	""[""""広く"""",""""深く"""",""""強く"""",""""静かに"""",""""速く""""]""	""[""""widely"""",""""deeply"""",""""strongly"""",""""quietly"""",""""quickly""""]""	""[""""widely"""",""""wisely"""",""""wildly"""",""""lightly"""",""""brightly""""]""	[]	""[{""""word"""":""""narrowly"""",""""note"""":""""意味の反対として""""}]"""
400505	4	elsewhere	ほかの場所で	in or to another place	She decided to study elsewhere.	彼女はほかの場所で勉強することに決めました。	adverb	5	2	""[""""ほかの場所で"""",""""ここで"""",""""近くで"""",""""外で"""",""""家で""""]""	""[""""elsewhere"""",""""here"""",""""nearby"""",""""outside"""",""""home""""]""	""[""""elsewhere"""",""""everywhere"""",""""somewhere"""",""""anywhere"""",""""welfare""""]""	""[{""""word"""":""""somewhere else"""",""""note"""":""""よりやさしい言い方""""}]""	""[{""""word"""":""""here"""",""""note"""":""""ここで""""}]"""
400506	4	somehow	どうにか	in some way, even if it is not clear how	We somehow got home before dark.	私たちはどうにか暗くなる前に家に着いた。	adverb	4	3	""[""""どうにか"""",""""たぶん"""",""""すぐに"""",""""とても"""",""""いつも""""]""	""[""""somehow"""",""""probably"""",""""quickly"""",""""always"""",""""really""""]""	""[""""somehow"""",""""someone"""",""""someday"""",""""somewhere"""",""""summer""""]""	""[{""""word"""":""""anyway"""",""""note"""":""""文脈によっては「とにかく」""""}]""	[]"
400507	4	properly	きちんと	in the correct or right way	Please wash your hands properly.	手をきちんと洗ってください。	adverb	4	3	""[""""きちんと"""",""""静かに"""",""""急いで"""",""""たまに"""",""""たぶん""""]""	""[""""properly"""",""""quietly"""",""""quickly"""",""""sometimes"""",""""probably""""]""	""[""""properly"""",""""probably"""",""""property"""",""""popularly"""",""""softly""""]""	""[{""""word"""":""""correctly"""",""""note"""":""""より「正しく」の意味が強い""""}]""	""[{""""word"""":""""badly"""",""""note"""":""""悪いやり方で""""}]"""
400508	4	altogether	全部で	in total; all together	There are ten students altogether.	全部で10人の生徒がいます。	adverb	4	3	""[""""全部で"""",""""たぶん"""",""""突然"""",""""静かに"""",""""すぐに""""]""	""[""""altogether"""",""""probably"""",""""suddenly"""",""""quietly"""",""""soon""""]""	""[""""altogether"""",""""alligator"""",""""already"""",""""although"""",""""almost""""]""	""[{""""word"""":""""in total"""",""""note"""":""""合計で""""}]""	[]"
400509	4	involve	含む	to include something as a part	The job will involve some travel.	その仕事にはいくらかの出張が含まれます。	verb	5	3	""[""""含む"""",""""防ぐ"""",""""選ぶ"""",""""運ぶ"""",""""説明する""""]""	""[""""involve"""",""""prevent"""",""""choose"""",""""carry"""",""""explain""""]""	""[""""involve"""",""""invite"""",""""invent"""",""""increase"""",""""improve""""]""	""[{""""word"""":""""include"""",""""note"""":""""より基本的な語""""}]""	""[{""""word"""":""""exclude"""",""""note"""":""""含めない""""}]"""
400510	4	indoor	屋内の	inside a building	We played an indoor game because of the rain.	雨だったので、私たちは屋内のゲームをしました。	adjective	4	3	""[""""屋内の"""",""""屋外の"""",""""静かな"""",""""安全な"""",""""人気の""""]""	""[""""indoor"""",""""outdoor"""",""""quiet"""",""""safe"""",""""popular""""]""	""[""""indoor"""",""""window"""",""""into"""",""""injure"""",""""index""""]""	""[{""""word"""":""""inside"""",""""note"""":""""前置詞・副詞としてもよく使う""""}]""	""[{""""word"""":""""outdoor"""",""""note"""":""""屋外の""""}]"""
400511	4	internal	内部の	inside something	The machine has an internal problem.	その機械には内部の問題があります。	adjective	5	2	""[""""内部の"""",""""外部の"""",""""重要な"""",""""個人的な"""",""""公式の""""]""	""[""""internal"""",""""external"""",""""important"""",""""personal"""",""""official""""]""	""[""""internal"""",""""internet"""",""""interval"""",""""international"""",""""eternal""""]""	""[{""""word"""":""""inner"""",""""note"""":""""より基本的な語""""}]""	""[{""""word"""":""""external"""",""""note"""":""""外部の""""}]"""
400512	4	make up	作り上げる	to invent or create something	She can make up a funny story.	彼女はおもしろい話を作り上げることができます。	verb	4	4	""[""""作り上げる"""",""""壊す"""",""""選ぶ"""",""""運ぶ"""",""""隠す""""]""	""[""""make up"""",""""break"""",""""choose"""",""""carry"""",""""hide""""]""	""[""""make up"""",""""wake up"""",""""take off"""",""""make it"""",""""mix up""""]""	""[{""""word"""":""""invent"""",""""note"""":""""新しく考え出す""""},{""""word"""":""""create"""",""""note"""":""""作るという意味で近い""""}]""	[]"
400513	4	goods	商品	things that are made to be sold	The store sells many goods from Japan.	その店は日本からの多くの商品を売っています。	noun	4	3	""[""""商品"""",""""材料"""",""""荷物"""",""""道具"""",""""食料""""]""	""[""""goods"""",""""products"""",""""baggage"""",""""tools"""",""""supplies""""]""	""[""""goods"""",""""good"""",""""wood"""",""""could"""",""""goose""""]""	""[{""""word"""":""""products"""",""""note"""":""""売られる品物という意味で近い""""}]""	[]"
400514	4	prison	刑務所	a place where criminals are kept	The man was sent to prison for five years.	その男は5年間刑務所に送られました。	noun	4	3	""[""""刑務所"""",""""病院"""",""""工場"""",""""駅"""",""""裁判所""""]""	""[""""prison"""",""""hospital"""",""""factory"""",""""station"""",""""court""""]""	""[""""prison"""",""""reason"""",""""present"""",""""person"""",""""lesson""""]""	""[{""""word"""":""""jail"""",""""note"""":""""特に米語でよく使う近い語""""}]""	[]"
400515	4	employment	雇用	the state of having a job	The company offers employment to many people.	その会社は多くの人に雇用を提供しています。	noun	5	3	""[""""雇用"""",""""失業"""",""""収入"""",""""経験"""",""""教育""""]""	""[""""employment"""",""""unemployment"""",""""income"""",""""experience"""",""""education""""]""	""[""""employment"""",""""enjoyment"""",""""movement"""",""""agreement"""",""""development""""]""	""[{""""word"""":""""work"""",""""note"""":""""より広い意味の基本語""""},{""""word"""":""""job"""",""""note"""":""""個々の仕事を表すことが多い""""}]""	""[{""""word"""":""""unemployment"""",""""note"""":""""仕事がない状態""""}]"""
400516	4	profession	職業	a job that needs special training	Teaching is her profession.	教えることは彼女の職業です。	noun	4	3	""[""""職業"""",""""趣味"""",""""予定"""",""""経験"""",""""責任""""]""	""[""""profession"""",""""hobby"""",""""schedule"""",""""experience"""",""""duty""""]""	""[""""profession"""",""""procession"""",""""protection"""",""""professor"""",""""production""""]""	""[{""""word"""":""""career"""",""""note"""":""""長く続ける仕事という意味で使うことが多い""""},{""""word"""":""""job"""",""""note"""":""""より一般的な語""""}]""	[]"
400517	4	function	機能	the job or purpose of something	This button has an important function.	このボタンには重要な機能があります。	noun	4	3	""[""""機能"""",""""形"""",""""材料"""",""""価格"""",""""速度""""]""	""[""""function"""",""""shape"""",""""material"""",""""price"""",""""speed""""]""	""[""""function"""",""""fiction"""",""""fraction"""",""""fashion"""",""""section""""]""	""[{""""word"""":""""purpose"""",""""note"""":""""目的という意味で近い""""}]""	[]"
400518	4	occupation	職業	the work that a person does	His occupation is farming.	彼の職業は農業です。	noun	4	2	""[""""職業"""",""""収入"""",""""休暇"""",""""意見"""",""""方法""""]""	""[""""occupation"""",""""income"""",""""vacation"""",""""opinion"""",""""method""""]""	""[""""occupation"""",""""operation"""",""""education"""",""""occasion"""",""""location""""]""	""[{""""word"""":""""job"""",""""note"""":""""より一般的な語""""},{""""word"""":""""work"""",""""note"""":""""文脈によって近い意味になる""""}]""	[]"
400519	4	task	仕事	a piece of work to do	I finished my task before dinner.	私は夕食前に仕事を終えた。	noun	4	4	""[""""仕事"""",""""任務"""",""""責任"""",""""計画"""",""""練習""""]""	""[""""task"""",""""mission"""",""""duty"""",""""plan"""",""""practice""""]""	""[""""task"""",""""tusk"""",""""tank"""",""""track"""",""""test""""]""	""[{""""word"""":""""job"""",""""note"""":""""より日常的な語""""}]""	[]"
400520	4	mission	任務	an important job to do	Their mission was to help the village.	彼らの任務はその村を助けることだった。	noun	5	3	""[""""任務"""",""""仕事"""",""""責任"""",""""計画"""",""""練習""""]""	""[""""mission"""",""""task"""",""""duty"""",""""plan"""",""""practice""""]""	""[""""mission"""",""""vision"""",""""lesson"""",""""nation"""",""""motion""""]""	[]	[]"
400521	4	duty	責任	something you must do	It is your duty to tell the truth.	本当のことを言うのはあなたの責任です。	noun	5	4	""[""""責任"""",""""任務"""",""""仕事"""",""""権利"""",""""計画""""]""	""[""""duty"""",""""mission"""",""""task"""",""""right"""",""""plan""""]""	""[""""duty"""",""""beauty"""",""""junior"""",""""daily"""",""""student""""]""	""[{""""word"""":""""responsibility"""",""""note"""":""""ややかたい語""""}]""	""[{""""word"""":""""right"""",""""note"""":""""duty は義務、right は権利""""}]"""
400522	4	participate	参加する	to join in an activity	Many students participate in the school festival.	多くの生徒が学校祭に参加する。	verb	4	3	""[""""参加する"""",""""説明する"""",""""練習する"""",""""到着する"""",""""選ぶ""""]""	""[""""participate"""",""""explain"""",""""practice"""",""""arrive"""",""""choose""""]""	""[""""participate"""",""""particular"""",""""protect"""",""""celebrate"""",""""separate""""]""	""[{""""word"""":""""join"""",""""note"""":""""より基本的な語""""}]""	""[{""""word"""":""""quit"""",""""note"""":""""途中でやめる""""}]"""
400523	4	attach	取り付ける	to fasten one thing to another	Please attach your name tag to your bag.	名札をかばんに取り付けてください。	verb	4	3	""[""""取り付ける"""",""""壊す"""",""""運ぶ"""",""""隠す"""",""""洗う""""]""	""[""""attach"""",""""break"""",""""carry"""",""""hide"""",""""wash""""]""	""[""""attach"""",""""attack"""",""""arrange"""",""""awake"""",""""adopt""""]""	""[{""""word"""":""""fix"""",""""note"""":""""しっかり付ける""""}]""	""[{""""word"""":""""remove"""",""""note"""":""""取り外す""""}]"""
400524	4	unite	団結する	to join together as one	The players unite to win the game.	選手たちは試合に勝つために団結する。	verb	4	3	""[""""団結する"""",""""分ける"""",""""逃げる"""",""""比べる"""",""""招く""""]""	""[""""unite"""",""""divide"""",""""escape"""",""""compare"""",""""invite""""]""	""[""""unite"""",""""invite"""",""""excite"""",""""inside"""",""""unique""""]""	""[{""""word"""":""""join"""",""""note"""":""""一緒になる""""},{""""word"""":""""come together"""",""""note"""":""""まとまる意味""""}]""	""[{""""word"""":""""divide"""",""""note"""":""""分ける""""}]"""
400525	4	court	裁判所	a place where a judge decides legal cases	The case was heard in court yesterday.	その事件は昨日、裁判所で審理された。	noun	4	3	""[""""裁判所"""",""""図書館"""",""""市役所"""",""""駅"""",""""工場""""]""	""[""""court"""",""""library"""",""""city hall"""",""""station"""",""""factory""""]""	""[""""court"""",""""coat"""",""""caught"""",""""card"""",""""cord""""]""	[]	[]"
400526	4	bounce	はねる	to move up after hitting a surface	The ball will bounce on the floor.	そのボールは床の上ではねるでしょう。	verb	4	3	""[""""はねる"""",""""転がる"""",""""投げる"""",""""つかむ"""",""""押す""""]""	""[""""bounce"""",""""roll"""",""""throw"""",""""grab"""",""""push""""]""	""[""""bounce"""",""""pounce"""",""""bunch"""",""""bound"""",""""bank""""]""	""[{""""word"""":""""jump"""",""""note"""":""""bounceは表面に当たってはねる""""}]""	[]"
400527	4	leap	跳ぶ	to jump high or far	The cat can leap over the fence.	その猫は柵を跳び越えることができる。	verb	4	2	""[""""跳ぶ"""",""""歩く"""",""""泳ぐ"""",""""押す"""",""""運ぶ""""]""	""[""""leap"""",""""walk"""",""""swim"""",""""push"""",""""carry""""]""	""[""""leap"""",""""leave"""",""""lip"""",""""sleep"""",""""deep""""]""	""[{""""word"""":""""jump"""",""""note"""":""""leapのほうが大きく跳ぶ感じ""""}]""	[]"
400528	4	avoid	避ける	to stay away from something	We should avoid dangerous places.	私たちは危険な場所を避けるべきです。	verb	4	3	""[""""避ける"""",""""選ぶ"""",""""集める"""",""""続ける"""",""""壊す""""]""	""[""""avoid"""",""""choose"""",""""collect"""",""""continue"""",""""break""""]""	""[""""avoid"""",""""awake"""",""""around"""",""""arrive"""",""""advice""""]""	""[{""""word"""":""""stay away from"""",""""note"""":""""句表現で「近づかない」""""}]""	""[{""""word"""":""""approach"""",""""note"""":""""近づく""""},{""""word"""":""""face"""",""""note"""":""""避けずに向き合う""""}]"""
400529	4	engage	従事する	to take part in something	Many students engage in club activities.	多くの生徒が部活動に従事しています。	verb	5	2	""[""""従事する"""",""""拒否する"""",""""発明する"""",""""比較する"""",""""到着する""""]""	""[""""engage"""",""""refuse"""",""""invent"""",""""compare"""",""""arrive""""]""	""[""""engage"""",""""enjoy"""",""""invite"""",""""escape"""",""""exchange""""]""	""[{""""word"""":""""participate"""",""""note"""":""""ややフォーマル""""},{""""word"""":""""join"""",""""note"""":""""より基本的な語""""}]""	[]"
400530	4	sustain	維持する	to keep something going	Plants need water to sustain life.	植物は生命を維持するために水を必要とします。	verb	5	2	""[""""維持する"""",""""発見する"""",""""説明する"""",""""減らす"""",""""借りる""""]""	""[""""sustain"""",""""discover"""",""""explain"""",""""reduce"""",""""borrow""""]""	""[""""sustain"""",""""suggest"""",""""support"""",""""contain"""",""""remain""""]""	""[{""""word"""":""""maintain"""",""""note"""":""""状態を保つ""""},{""""word"""":""""support"""",""""note"""":""""支える意味でも使う""""}]""	""[{""""word"""":""""destroy"""",""""note"""":""""壊して続けられなくする""""}]"""
400531	4	save up	貯金する	to keep money little by little for future use	I save up money for a new bike.	私は新しい自転車のためにお金を貯金する。	verb	4	3	""[""""貯金する"""",""""借りる"""",""""使う"""",""""稼ぐ"""",""""失う""""]""	""[""""save up"""",""""borrow"""",""""spend"""",""""earn"""",""""lose""""]""	""[""""save up"""",""""stay up"""",""""set up"""",""""gave up"""",""""wake up""""]""	""[{""""word"""":""""save"""",""""note"""":""""より基本的な語""""}]""	""[{""""word"""":""""spend"""",""""note"""":""""お金を使う""""}]"""
400532	4	protect from	〜から守る	to keep someone or something safe from danger	Sunglasses protect your eyes from the sun.	サングラスは太陽から目を守る。	verb	4	3	""[""""〜から守る"""",""""〜を攻撃する"""",""""〜を運ぶ"""",""""〜を集める"""",""""〜を壊す""""]""	""[""""protect from"""",""""attack"""",""""carry"""",""""collect"""",""""destroy""""]""	""[""""protect from"""",""""project from"""",""""prevent from"""",""""produce from"""",""""promise from""""]""	""[{""""word"""":""""keep safe from"""",""""note"""":""""意味をやさしく言い換えた形""""}]""	""[{""""word"""":""""expose to"""",""""note"""":""""危険にさらす""""}]"""
400533	4	preserve	保存する	to keep something in good condition	We must preserve old buildings.	私たちは古い建物を保存しなければならない。	verb	5	3	""[""""保存する"""",""""建てる"""",""""洗う"""",""""動かす"""",""""選ぶ""""]""	""[""""preserve"""",""""build"""",""""wash"""",""""move"""",""""choose""""]""	""[""""preserve"""",""""prefer"""",""""prepare"""",""""present"""",""""prevent""""]""	""[{""""word"""":""""keep"""",""""note"""":""""基本的な語で近い意味""""},{""""word"""":""""save"""",""""note"""":""""失わないように保つ""""}]""	""[{""""word"""":""""destroy"""",""""note"""":""""こわす""""}]"""
400534	4	maintain	維持する	to keep something in good condition or at the same level	It is hard to maintain good health.	健康を維持するのは難しい。	verb	4	3	""[""""維持する"""",""""改善する"""",""""修理する"""",""""増やす"""",""""確認する""""]""	""[""""maintain"""",""""improve"""",""""repair"""",""""increase"""",""""check""""]""	""[""""maintain"""",""""mountain"""",""""mention"""",""""remain"""",""""main""""]""	""[{""""word"""":""""keep"""",""""note"""":""""基本的に「保つ」""""},{""""word"""":""""preserve"""",""""note"""":""""よりかたい語""""}]""	""[{""""word"""":""""destroy"""",""""note"""":""""壊す・だめにする""""},{""""word"""":""""reduce"""",""""note"""":""""減らして保てない""""}]"""
400535	4	insist	言い張る	to say strongly that something is true or must be done	She insisted on paying for lunch.	彼女は昼食代を払うと言い張った。	verb	4	3	""[""""言い張る"""",""""説明する"""",""""提案する"""",""""同意する"""",""""疑う""""]""	""[""""insist"""",""""explain"""",""""suggest"""",""""agree"""",""""doubt""""]""	""[""""insist"""",""""exist"""",""""assist"""",""""instead"""",""""inside""""]""	""[{""""word"""":""""demand"""",""""note"""":""""強く求める意味が近い""""}]""	""[{""""word"""":""""agree"""",""""note"""":""""反対せず受け入れる""""}]"""
400536	4	murder	殺害する	to kill a person illegally and on purpose	The man was murdered last night.	その男性は昨夜殺害された。	verb	4	3	""[""""殺害する"""",""""助ける"""",""""守る"""",""""逮捕する"""",""""見つける""""]""	""[""""murder"""",""""help"""",""""protect"""",""""arrest"""",""""find""""]""	""[""""murder"""",""""mother"""",""""murmur"""",""""marker"""",""""order""""]""	""[{""""word"""":""""kill"""",""""note"""":""""より広い意味の基本語""""}]""	""[{""""word"""":""""save"""",""""note"""":""""命を救う""""},{""""word"""":""""protect"""",""""note"""":""""危害から守る""""}]"""
400537	4	favor	親切な行為	a kind thing that you do for someone	Could you do me a favor?	私に親切なことをしてくれませんか。	noun	4	3	""[""""親切な行為"""",""""約束"""",""""計画"""",""""習慣"""",""""経験""""]""	""[""""favor"""",""""promise"""",""""plan"""",""""habit"""",""""experience""""]""	""[""""favor"""",""""fever"""",""""fiber"""",""""saver"""",""""famous""""]""	""[{""""word"""":""""kindness"""",""""note"""":""""より広く「親切」""""}]""	[]"
400538	4	mercy	慈悲	kindness shown to someone you could punish	The judge showed mercy to the boy.	裁判官はその少年に慈悲を示した。	noun	5	2	""[""""慈悲"""",""""勇気"""",""""誇り"""",""""知恵"""",""""忍耐""""]""	""[""""mercy"""",""""courage"""",""""pride"""",""""wisdom"""",""""patience""""]""	""[""""mercy"""",""""messy"""",""""merely"""",""""nervy"""",""""merit""""]""	""[{""""word"""":""""pity"""",""""note"""":""""「かわいそうに思う気持ち」寄り""""}]""	""[{""""word"""":""""cruelty"""",""""note"""":""""残酷さ""""}]"""
400539	4	palace	宮殿	a large and grand home for a king or queen	The king lived in a large palace.	王は大きな宮殿に住んでいた。	noun	4	2	""[""""宮殿"""",""""寺院"""",""""劇場"""",""""工場"""",""""倉庫""""]""	""[""""palace"""",""""temple"""",""""theater"""",""""factory"""",""""warehouse""""]""	""[""""palace"""",""""balance"""",""""parrot"""",""""planet"""",""""polish""""]""	[]	[]"
400540	4	empire	帝国	a group of countries ruled by one leader or nation	The empire grew very large.	その帝国はとても大きくなった。	noun	4	2	""[""""帝国"""",""""王国"""",""""政府"""",""""国家"""",""""植民地""""]""	""[""""empire"""",""""kingdom"""",""""government"""",""""nation"""",""""colony""""]""	""[""""empire"""",""""inspire"""",""""entire"""",""""empty"""",""""umpire""""]""	[]	[]"
400541	4	identify	見分ける	to know who or what someone or something is	Can you identify the bird in this picture?	この写真の鳥を見分けられますか。	verb	4	3	""[""""見分ける"""",""""集める"""",""""隠す"""",""""運ぶ"""",""""数える""""]""	""[""""identify"""",""""collect"""",""""hide"""",""""carry"""",""""count""""]""	""[""""identify"""",""""idea"""",""""invite"""",""""inside"""",""""indicate""""]""	""[{""""word"""":""""recognize"""",""""note"""":""""見てそれとわかる""""}]""	[]"
400542	4	recognize	気づく	to know someone or something because you have seen it before	I recognized her at once.	私はすぐに彼女だと気づいた。	verb	4	3	""[""""気づく"""",""""忘れる"""",""""疑う"""",""""避ける"""",""""支える""""]""	""[""""recognize"""",""""forget"""",""""doubt"""",""""avoid"""",""""support""""]""	""[""""recognize"""",""""recommend"""",""""record"""",""""recycle"""",""""realize""""]""	""[{""""word"""":""""identify"""",""""note"""":""""だれ・何かを見分ける""""}]""	[]"
400543	4	familiar	よく知っている	well known to you	This song sounds familiar to me.	この歌は私には聞き覚えがあります。	adjective	4	3	""[""""よく知っている"""",""""有名な"""",""""静かな"""",""""危険な"""",""""正直な""""]""	""[""""familiar"""",""""famous"""",""""quiet"""",""""dangerous"""",""""honest""""]""	""[""""familiar"""",""""similar"""",""""popular"""",""""regular"""",""""favorite""""]""	""[{""""word"""":""""well-known"""",""""note"""":""""「よく知られた」の意味で近い""""}]""	""[{""""word"""":""""strange"""",""""note"""":""""見慣れない、なじみのない""""}]"""
400544	4	tag	札	a small label on something	The price tag is still on the bag.	そのかばんにはまだ値札が付いています。	noun	3	3	""[""""札"""",""""表紙"""",""""封筒"""",""""帯"""",""""しおり""""]""	""[""""tag"""",""""cover"""",""""envelope"""",""""belt"""",""""bookmark""""]""	""[""""tag"""",""""bag"""",""""tap"""",""""tank"""",""""back""""]""	""[{""""word"""":""""label"""",""""note"""":""""品物などにつける札""""}]""	[]"
400545	4	territory	領土	land controlled by a country or group	The island is part of their territory.	その島は彼らの領土の一部です。	noun	5	2	""[""""領土"""",""""国境"""",""""首都"""",""""大陸"""",""""砂漠""""]""	""[""""territory"""",""""border"""",""""capital"""",""""continent"""",""""desert""""]""	""[""""territory"""",""""temporary"""",""""terrible"""",""""history"""",""""victory""""]""	""[{""""word"""":""""land"""",""""note"""":""""広く「土地」の意味で近い""""}]""	[]"
400546	4	conference	会議	a large formal meeting	She spoke at the conference yesterday.	彼女は昨日その会議で話しました。	noun	4	3	""[""""会議"""",""""試合"""",""""旅行"""",""""授業"""",""""祭り""""]""	""[""""conference"""",""""contest"""",""""journey"""",""""lesson"""",""""festival""""]""	""[""""conference"""",""""confidence"""",""""convenience"""",""""difference"""",""""reference""""]""	""[{""""word"""":""""meeting"""",""""note"""":""""conference のほうがより正式""""}]""	[]"
400547	4	log	丸太	a thick piece of wood from a tree	The fire burned a large log.	その火は大きな丸太を燃やしました。	noun	4	2	""[""""丸太"""",""""枝"""",""""葉"""",""""根"""",""""種""""]""	""[""""log"""",""""branch"""",""""leaf"""",""""root"""",""""seed""""]""	""[""""log"""",""""long"""",""""lock"""",""""rock"""",""""dog""""]""	[]	[]"
400548	4	permanent	永久の	lasting for a very long time or forever	This mark is permanent.	このしみは永久に残ります。	adjective	7	3	""[""""永久の"""",""""一時的な"""",""""重要な"""",""""静かな"""",""""危険な""""]""	""[""""permanent"""",""""temporary"""",""""important"""",""""quiet"""",""""dangerous""""]""	""[""""permanent"""",""""government"""",""""different"""",""""performance"""",""""person""""]""	""[{""""word"""":""""lasting"""",""""note"""":""""よりやさしい語""""}]""	""[{""""word"""":""""temporary"""",""""note"""":""""一時的な""""}]"""
400549	4	parliament	議会	the group of people who make laws in some countries	The law was discussed in parliament.	その法律は議会で話し合われました。	noun	8	2	""[""""議会"""",""""裁判所"""",""""政府"""",""""選挙"""",""""法律""""]""	""[""""parliament"""",""""court"""",""""government"""",""""election"""",""""law""""]""	""[""""parliament"""",""""apartment"""",""""parent"""",""""payment"""",""""pardon""""]""	[]	[]"
400550	4	chairman	議長	the person who leads a meeting or group	The chairman opened the meeting at nine.	議長は9時に会議を始めた。	noun	4	3	""[""""議長"""",""""司会者"""",""""部長"""",""""会員"""",""""秘書""""]""	""[""""chairman"""",""""captain"""",""""manager"""",""""member"""",""""secretary""""]""	""[""""chairman"""",""""airman"""",""""charmer"""",""""German"""",""""careman""""]""	""[{""""word"""":""""chairperson"""",""""note"""":""""gender-neutral word""""}]""	[]"
400551	4	acquire	身につける	to get something by learning or effort	She acquired good English skills in Canada.	彼女はカナダで英語力を身につけた。	verb	5	3	""[""""身につける"""",""""失う"""",""""集める"""",""""選ぶ"""",""""運ぶ""""]""	""[""""acquire"""",""""lose"""",""""collect"""",""""choose"""",""""carry""""]""	""[""""acquire"""",""""admire"""",""""agree"""",""""require"""",""""alive""""]""	""[{""""word"""":""""gain"""",""""note"""":""""少し一般的""""},{""""word"""":""""get"""",""""note"""":""""より基本的な語""""}]""	""[{""""word"""":""""lose"""",""""note"""":""""手に入れる⇔失う""""}]"""
400552	4	master	習得する	to learn something very well	He wants to master French before college.	彼は大学に入る前にフランス語を習得したい。	verb	4	4	""[""""習得する"""",""""忘れる"""",""""説明する"""",""""比べる"""",""""借りる""""]""	""[""""master"""",""""forget"""",""""explain"""",""""compare"""",""""borrow""""]""	""[""""master"""",""""faster"""",""""matter"""",""""monster"""",""""mister""""]""	""[{""""word"""":""""learn"""",""""note"""":""""より広い意味""""},{""""word"""":""""acquire"""",""""note"""":""""少しかたい語""""}]""	""[{""""word"""":""""forget"""",""""note"""":""""覚える・習得する⇔忘れる""""}]"""
400553	4	scholar	学者	a person who studies a subject deeply	The scholar wrote a book about history.	その学者は歴史についての本を書いた。	noun	4	2	""[""""学者"""",""""教師"""",""""医者"""",""""記者"""",""""画家""""]""	""[""""scholar"""",""""teacher"""",""""doctor"""",""""reporter"""",""""artist""""]""	""[""""scholar"""",""""school"""",""""solar"""",""""collar"""",""""color""""]""	""[{""""word"""":""""researcher"""",""""note"""":""""研究する人。scholar より広い""""}]""	[]"
400554	4	education	教育	the process of teaching and learning	Education is important for every child.	教育はすべての子どもにとって大切だ。	noun	3	4	""[""""教育"""",""""経験"""",""""文化"""",""""情報"""",""""練習""""]""	""[""""education"""",""""experience"""",""""culture"""",""""information"""",""""practice""""]""	""[""""education"""",""""edition"""",""""vacation"""",""""situation"""",""""question""""]""	""[{""""word"""":""""schooling"""",""""note"""":""""学校で受ける教育""""}]""	[]"
400555	4	minimum	最小限	the smallest amount or number	We need a minimum of two players.	私たちには最低でも2人の選手が必要だ。	noun	4	2	""[""""最小限"""",""""最大限"""",""""平均"""",""""合計"""",""""一部""""]""	""[""""minimum"""",""""maximum"""",""""average"""",""""total"""",""""part""""]""	""[""""minimum"""",""""mini"""",""""minute"""",""""animal"""",""""memory""""]""	""[{""""word"""":""""least"""",""""note"""":""""最も少ない""""}]""	""[{""""word"""":""""maximum"""",""""note"""":""""最大の量・数""""}]"""
400556	4	move out	引っ越す	to leave your home and live in another place	My brother will move out next month.	私の兄は来月引っ越します。	verb	4	3	""[""""引っ越す"""",""""集まる"""",""""到着する"""",""""戻る"""",""""滞在する""""]""	""[""""move out"""",""""gather"""",""""arrive"""",""""return"""",""""stay""""]""	""[""""move out"""",""""move on"""",""""moved"""",""""moon"""",""""mouth""""]""	""[{""""word"""":""""leave"""",""""note"""":""""家や場所を去る意味で近い""""}]""	""[{""""word"""":""""move in"""",""""note"""":""""入居する""""}]"""
400557	4	lawyer	弁護士	a person who knows the law and helps people in court	She wants to be a lawyer in the future.	彼女は将来、弁護士になりたいです。	noun	4	3	""[""""弁護士"""",""""医者"""",""""記者"""",""""画家"""",""""店員""""]""	""[""""lawyer"""",""""doctor"""",""""reporter"""",""""artist"""",""""clerk""""]""	""[""""lawyer"""",""""lower"""",""""layer"""",""""royal"""",""""player""""]""	""[{""""word"""":""""attorney"""",""""note"""":""""主に米語で使う""""}]""	[]"
400558	4	contract	契約	a written or spoken agreement	He signed the contract yesterday.	彼は昨日その契約に署名しました。	noun	4	3	""[""""契約"""",""""計画"""",""""約束"""",""""規則"""",""""提案""""]""	""[""""contract"""",""""plan"""",""""promise"""",""""rule"""",""""proposal""""]""	""[""""contract"""",""""contact"""",""""contrast"""",""""connect"""",""""correct""""]""	""[{""""word"""":""""agreement"""",""""note"""":""""より一般的な語""""}]""	[]"
400559	4	release	放す	to let someone or something go free	They will release the bird tomorrow.	彼らは明日その鳥を放します。	verb	4	3	""[""""放す"""",""""許可する"""",""""失望させる"""",""""集める"""",""""守る""""]""	""[""""release"""",""""permit"""",""""disappoint"""",""""collect"""",""""protect""""]""	""[""""release"""",""""repeat"""",""""reduce"""",""""relax"""",""""receive""""]""	""[{""""word"""":""""free"""",""""note"""":""""go free の意味で近い""""}]""	""[{""""word"""":""""keep"""",""""note"""":""""手元に置いて放さない""""}]"""
400560	4	permit	許可する	to allow someone to do something	My parents permit me to use the computer.	両親は私がコンピューターを使うことを許可してくれます。	verb	4	3	""[""""許可する"""",""""放す"""",""""失望させる"""",""""断る"""",""""隠す""""]""	""[""""permit"""",""""release"""",""""disappoint"""",""""refuse"""",""""hide""""]""	""[""""permit"""",""""perfect"""",""""promise"""",""""pocket"""",""""protect""""]""	""[{""""word"""":""""allow"""",""""note"""":""""より基本的な語""""}]""	""[{""""word"""":""""forbid"""",""""note"""":""""禁止する""""}]"""
400561	4	disappoint	失望させる	to make someone feel sad because something was not as good as expected	I do not want to disappoint my teacher.	私は先生を失望させたくありません。	verb	4	3	""[""""失望させる"""",""""許可する"""",""""放す"""",""""励ます"""",""""招待する""""]""	""[""""disappoint"""",""""permit"""",""""release"""",""""encourage"""",""""invite""""]""	""[""""disappoint"""",""""discover"""",""""discuss"""",""""dislike"""",""""destroy""""]""	""[{""""word"""":""""let down"""",""""note"""":""""少しくだけた言い方""""}]""	""[{""""word"""":""""please"""",""""note"""":""""喜ばせる""""}]"""
400562	4	rank	順位	a position in a list or group	Our team moved up in rank this year.	私たちのチームは今年、順位が上がった。	noun	4	3	""[""""順位"""",""""人気"""",""""記録"""",""""結果"""",""""役割""""]""	""[""""rank"""",""""record"""",""""result"""",""""role"""",""""level""""]""	""[""""rank"""",""""bank"""",""""thank"""",""""blank"""",""""rock""""]""	""[{""""word"""":""""position"""",""""note"""":""""順位や立場を表す基本語""""},{""""word"""":""""level"""",""""note"""":""""段階・水準の意味でも使う""""}]""	[]"
400563	4	probable	ありそうな	likely to happen or be true	Rain is probable this afternoon.	今日の午後は雨が降りそうだ。	adjective	5	2	""[""""ありそうな"""",""""危険な"""",""""重要な"""",""""静かな"""",""""十分な""""]""	""[""""probable"""",""""dangerous"""",""""important"""",""""quiet"""",""""enough""""]""	""[""""probable"""",""""proper"""",""""problem"""",""""promise"""",""""global""""]""	""[{""""word"""":""""likely"""",""""note"""":""""より基本的でよく使う語""""}]""	""[{""""word"""":""""unlikely"""",""""note"""":""""起こりそうにない""""}]"""
400564	4	tend	しがちである	to often do something or be likely to do it	I tend to wake up early on weekends.	私は週末に早く起きがちだ。	verb	5	3	""[""""しがちである"""",""""避ける"""",""""決める"""",""""続ける"""",""""試す""""]""	""[""""tend"""",""""avoid"""",""""decide"""",""""continue"""",""""try""""]""	""[""""tend"""",""""send"""",""""tent"""",""""bend"""",""""end""""]""	""[{""""word"""":""""be likely to"""",""""note"""":""""意味が近い表現""""}]""	[]"
400565	4	tendency	傾向	a usual way of behaving or happening	He has a tendency to worry too much.	彼は心配しすぎる傾向がある。	noun	4	3	""[""""傾向"""",""""結果"""",""""方法"""",""""目的"""",""""変化""""]""	""[""""tendency"""",""""result"""",""""method"""",""""purpose"""",""""change""""]""	""[""""tendency"""",""""tennis"""",""""energy"""",""""agency"""",""""memory""""]""	""[{""""word"""":""""trend"""",""""note"""":""""より一般的で社会全体の流れにも使う""""}]""	[]"
400566	4	fond	好きで	liking someone or something very much	She is fond of animals.	彼女は動物が好きです。	adjective	4	3	""[""""好きで"""",""""有名で"""",""""静かで"""",""""必要で"""",""""安全で""""]""	""[""""fond"""",""""famous"""",""""quiet"""",""""necessary"""",""""safe""""]""	""[""""fond"""",""""find"""",""""food"""",""""fast"""",""""fine""""]""	""[{""""word"""":""""loving"""",""""note"""":""""人や物への強い愛情を表す""""}]""	""[{""""word"""":""""dislike"""",""""note"""":""""動詞なので品詞に注意""""}]"""
400567	4	range	範囲	the area or limits between two points	The price range is wide.	価格の範囲は広い。	noun	4	4	""[""""範囲"""",""""割合"""",""""速度"""",""""順番"""",""""景色""""]""	""[""""range"""",""""rate"""",""""speed"""",""""order"""",""""view""""]""	""[""""range"""",""""rain"""",""""ring"""",""""raise"""",""""rank""""]""	""[{""""word"""":""""area"""",""""note"""":""""場所や広がりを表す基本語""""},{""""word"""":""""scope"""",""""note"""":""""やや広い意味の範囲""""}]""	[]"
400568	4	restrict	制限する	to limit something	The school will restrict phone use during class.	学校は授業中の携帯電話の使用を制限するでしょう。	verb	4	3	""[""""制限する"""",""""増やす"""",""""隠す"""",""""共有する"""",""""修理する""""]""	""[""""restrict"""",""""increase"""",""""hide"""",""""share"""",""""repair""""]""	""[""""restrict"""",""""respect"""",""""reject"""",""""result"""",""""request""""]""	""[{""""word"""":""""limit"""",""""note"""":""""より基本的な語""""}]""	""[{""""word"""":""""allow"""",""""note"""":""""許可する""""}]"""
400569	4	relation	関係	a connection between people or things	There is a close relation between diet and health.	食事と健康には密接な関係がある。	noun	4	3	""[""""関係"""",""""方法"""",""""結果"""",""""理由"""",""""意見""""]""	""[""""relation"""",""""method"""",""""result"""",""""reason"""",""""opinion""""]""	""[""""relation"""",""""vacation"""",""""station"""",""""nation"""",""""question""""]""	""[{""""word"""":""""connection"""",""""note"""":""""つながりという意味で近い""""}]""	[]"
400570	4	associate	関連づける	to connect one thing with another in your mind	Many people associate summer with the sea.	多くの人は夏を海と関連づける。	verb	4	3	""[""""関連づける"""",""""比較する"""",""""説明する"""",""""集める"""",""""選ぶ""""]""	""[""""associate"""",""""compare"""",""""explain"""",""""collect"""",""""choose""""]""	""[""""associate"""",""""appreciate"""",""""appropriate"""",""""accurate"""",""""separate""""]""	""[{""""word"""":""""connect"""",""""note"""":""""より基本的な語""""}]""	""[{""""word"""":""""separate"""",""""note"""":""""切り離す""""}]"""
400571	4	bond	きずな	a strong feeling of connection between people	The bond between the sisters is very strong.	その姉妹のきずなはとても強い。	noun	4	3	""[""""きずな"""",""""約束"""",""""習慣"""",""""方法"""",""""秘密""""]""	""[""""bond"""",""""trust"""",""""plan"""",""""rule"""",""""secret""""]""	""[""""bond"""",""""band"""",""""bend"""",""""bound"""",""""bone""""]""	""[{""""word"""":""""tie"""",""""note"""":""""人と人とのつながりを表すことがある""""},{""""word"""":""""connection"""",""""note"""":""""より広い意味のつながり""""}]""	[]"
400572	4	moist	しめった	slightly wet	The towel is still moist.	そのタオルはまだしめっている。	adjective	4	2	""[""""しめった"""",""""かわいた"""",""""あたたかい"""",""""やわらかい"""",""""きたない""""]""	""[""""moist"""",""""dry"""",""""warm"""",""""soft"""",""""dirty""""]""	""[""""moist"""",""""most"""",""""mist"""",""""mouse"""",""""voice""""]""	""[{""""word"""":""""damp"""",""""note"""":""""moistよりややしめった感じ""""}]""	""[{""""word"""":""""dry"""",""""note"""":""""ぬれていない""""}]"""
400573	4	strip	細長い一片	a long, narrow piece of something	She cut the paper into a strip.	彼女は紙を細長い一片に切った。	noun	4	2	""[""""細長い一片"""",""""大きな箱"""",""""丸い石"""",""""深い穴"""",""""厚い本""""]""	""[""""strip"""",""""sheet"""",""""block"""",""""circle"""",""""brick""""]""	""[""""strip"""",""""slip"""",""""string"""",""""street"""",""""trip""""]""	""[{""""word"""":""""piece"""",""""note"""":""""より広い意味の一片""""}]""	[]"
400574	4	marathon	マラソン	a long running race	She ran a marathon last year.	彼女は去年マラソンを走りました。	noun	4	3	""[""""マラソン"""",""""短距離走"""",""""水泳"""",""""サッカー"""",""""テニス""""]""	""[""""marathon"""",""""sprint"""",""""swimming"""",""""soccer"""",""""tennis""""]""	""[""""marathon"""",""""mammal"""",""""matter"""",""""medicine"""",""""memory""""]""	[]	[]"
400575	4	take a look at	〜を見る	to look at something quickly	Please take a look at this picture.	この写真を見てください。	verb	4	4	""[""""〜を見る"""",""""〜を送る"""",""""〜を作る"""",""""〜を開ける"""",""""〜を選ぶ""""]""	""[""""take a look at"""",""""send"""",""""make"""",""""open"""",""""choose""""]""	""[""""take a look at"""",""""take a book out"""",""""take a note of"""",""""take a bus to"""",""""take a walk with""""]""	""[{""""word"""":""""look at"""",""""note"""":""""より短い基本表現""""}]""	[]"
400576	4	check out	調べる	to look at something to learn more about it	Let's check out that new shop.	あの新しい店を調べてみよう。	verb	4	4	""[""""調べる"""",""""集める"""",""""借りる"""",""""運ぶ"""",""""隠す""""]""	""[""""check out"""",""""collect"""",""""borrow"""",""""carry"""",""""hide""""]""	""[""""check out"""",""""chat about"""",""""clear up"""",""""come out"""",""""turn around""""]""	""[{""""word"""":""""look into"""",""""note"""":""""少しかための表現""""},{""""word"""":""""examine"""",""""note"""":""""より注意して調べる""""}]""	[]"
400577	4	search	探す	to look carefully for something	I need to search for my keys.	私は鍵を探す必要があります。	verb	4	4	""[""""探す"""",""""隠す"""",""""集める"""",""""運ぶ"""",""""壊す""""]""	""[""""search"""",""""hide"""",""""collect"""",""""carry"""",""""break""""]""	""[""""search"""",""""church"""",""""such"""",""""shirt"""",""""sight""""]""	""[{""""word"""":""""look for"""",""""note"""":""""より基本的な表現""""}]""	""[{""""word"""":""""hide"""",""""note"""":""""隠す""""}]"""
400578	4	stare at	じっと見る	to look at something for a long time	Don't stare at people on the train.	電車の中で人をじっと見てはいけません。	verb	5	3	""[""""じっと見る"""",""""見送る"""",""""見つける"""",""""見上げる"""",""""見回す""""]""	""[""""stare at"""",""""wave at"""",""""find"""",""""look up at"""",""""look around""""]""	""[""""stare at"""",""""start"""",""""state"""",""""stay"""",""""straight""""]""	""[{""""word"""":""""gaze at"""",""""note"""":""""やややわらかい表現""""}]""	""[{""""word"""":""""ignore"""",""""note"""":""""見ないで無視する""""}]"""
400579	4	seek	求める	to try to find or get something	Many students seek good advice.	多くの生徒はよい助言を求めます。	verb	5	3	""[""""求める"""",""""避ける"""",""""失う"""",""""借りる"""",""""選ぶ""""]""	""[""""seek"""",""""avoid"""",""""lose"""",""""borrow"""",""""choose""""]""	""[""""seek"""",""""sick"""",""""seat"""",""""seed"""",""""seem""""]""	""[{""""word"""":""""look for"""",""""note"""":""""見つけようとする""""},{""""word"""":""""search for"""",""""note"""":""""何かを探す""""}]""	""[{""""word"""":""""avoid"""",""""note"""":""""避ける""""}]"""
400580	4	take after	〜に似ている	to look or act like a family member	She takes after her mother.	彼女は母親に似ている。	verb	4	3	""[""""〜に似ている"""",""""〜を尊敬する"""",""""〜を世話する"""",""""〜を探す"""",""""〜を待つ""""]""	""[""""take after"""",""""look for"""",""""wait for"""",""""care for"""",""""believe in""""]""	""[""""take after"""",""""take over"""",""""turn after"""",""""look after"""",""""come after""""]""	""[{""""word"""":""""resemble"""",""""note"""":""""ややかたい語""""}]""	[]"
400581	4	resemble	〜に似ている	to look like someone or something	You resemble your father.	あなたはお父さんに似ている。	verb	5	3	""[""""〜に似ている"""",""""〜を支える"""",""""〜を選ぶ"""",""""〜を招く"""",""""〜を許す""""]""	""[""""resemble"""",""""support"""",""""choose"""",""""invite"""",""""allow""""]""	""[""""resemble"""",""""remember"""",""""assemble"""",""""rescue"""",""""result""""]""	""[{""""word"""":""""take after"""",""""note"""":""""家族に似るときによく使う""""}]""	[]"
400582	4	similar	似ている	almost the same in some way	These two bags are similar.	この二つのかばんは似ている。	adjective	4	4	""[""""似ている"""",""""静かな"""",""""有名な"""",""""安全な"""",""""正直な""""]""	""[""""similar"""",""""quiet"""",""""famous"""",""""safe"""",""""honest""""]""	""[""""similar"""",""""simple"""",""""silver"""",""""summer"""",""""smaller""""]""	""[{""""word"""":""""alike"""",""""note"""":""""叙述用法でよく使う""""}]""	""[{""""word"""":""""different"""",""""note"""":""""意味が反対""""}]"""
400583	4	stare	じっと見る	to look at something for a long time	Don't stare at people on the train.	電車の中で人をじっと見てはいけません。	verb	4	3	""[""""じっと見る"""",""""見回す"""",""""のぞく"""",""""ちらっと見る"""",""""見失う""""]""	""[""""stare"""",""""look around"""",""""peek"""",""""glance"""",""""lose sight""""]""	""[""""stare"""",""""start"""",""""store"""",""""stair"""",""""star""""]""	""[{""""word"""":""""gaze"""",""""note"""":""""stareよりやややわらかい""""}]""	[]"
400584	4	gaze	見つめる	to look at something steadily	She gazed at the stars quietly.	彼女は静かに星を見つめた。	verb	4	2	""[""""見つめる"""",""""じっと見る"""",""""ちらっと見る"""",""""見回す"""",""""のぞく""""]""	""[""""gaze"""",""""stare"""",""""glance"""",""""look around"""",""""peek""""]""	""[""""gaze"""",""""game"""",""""gate"""",""""gave"""",""""gain""""]""	""[{""""word"""":""""stare"""",""""note"""":""""gazeより強くじっと見る""""}]""	[]"
400585	4	glance	ちらっと見る	to look at something quickly	I glanced at my watch before class.	授業の前に私は時計をちらっと見た。	verb	4	3	""[""""ちらっと見る"""",""""見つめる"""",""""じっと見る"""",""""見回す"""",""""のぞく""""]""	""[""""glance"""",""""gaze"""",""""stare"""",""""look around"""",""""peek""""]""	""[""""glance"""",""""glass"""",""""grant"""",""""glad"""",""""glove""""]""	""[{""""word"""":""""peek"""",""""note"""":""""こっそり見るときに使うことが多い""""}]""	[]"
400586	4	observation	観察	the act of watching something carefully	Careful observation helped us find the answer.	注意深い観察が私たちが答えを見つけるのに役立った。	noun	4	3	""[""""観察"""",""""発見"""",""""実験"""",""""説明"""",""""記録""""]""	""[""""observation"""",""""discovery"""",""""experiment"""",""""explanation"""",""""record""""]""	""[""""observation"""",""""operation"""",""""conversation"""",""""celebration"""",""""reservation""""]""	""[{""""word"""":""""watching"""",""""note"""":""""ややくだけた言い方""""}]""	[]"
400587	4	fade	薄れる	to become less bright, clear, or strong	The color will fade in the sun.	その色は日光で薄れるだろう。	verb	4	3	""[""""薄れる"""",""""輝く"""",""""広がる"""",""""固まる"""",""""増える""""]""	""[""""fade"""",""""shine"""",""""spread"""",""""harden"""",""""increase""""]""	""[""""fade"""",""""fail"""",""""face"""",""""fame"""",""""late""""]""	""[{""""word"""":""""disappear"""",""""note"""":""""完全になくなる意味でより強い""""}]""	""[{""""word"""":""""brighten"""",""""note"""":""""明るくなる""""}]"""
400588	4	missing	行方不明の	not found or not where it should be	My bag is missing after the trip.	旅行のあと、私のかばんがなくなっている。	adjective	4	3	""[""""行方不明の"""",""""安全な"""",""""静かな"""",""""有名な"""",""""十分な""""]""	""[""""missing"""",""""safe"""",""""quiet"""",""""famous"""",""""enough""""]""	""[""""missing"""",""""mixing"""",""""misty"""",""""mission"""",""""kissing""""]""	""[{""""word"""":""""lost"""",""""note"""":""""物が見つからないときによく使う""""}]""	""[{""""word"""":""""found"""",""""note"""":""""見つかった""""}]"""
400589	4	heavily	激しく	in a strong or large amount	It rained heavily last night.	昨夜は激しく雨が降った。	adverb	4	3	""[""""激しく"""",""""静かに"""",""""ゆっくり"""",""""突然"""",""""簡単に""""]""	""[""""heavily"""",""""quietly"""",""""slowly"""",""""suddenly"""",""""easily""""]""	""[""""heavily"""",""""happily"""",""""carefully"""",""""healthily"""",""""heavenly""""]""	""[{""""word"""":""""hard"""",""""note"""":""""雨や雪などで「激しく」""""}]""	""[{""""word"""":""""lightly"""",""""note"""":""""軽く、弱く""""}]"""
400590	4	plenty	たくさん	a large amount of something	We have plenty of time.	私たちには時間がたくさんある。	pronoun	4	4	""[""""たくさん"""",""""少し"""",""""半分"""",""""全部"""",""""十分""""]""	""[""""plenty"""",""""little"""",""""half"""",""""all"""",""""enough""""]""	""[""""plenty"""",""""planet"""",""""plant"""",""""planner"""",""""plenty's""""]""	""[{""""word"""":""""a lot"""",""""note"""":""""より口語的""""}]""	""[{""""word"""":""""little"""",""""note"""":""""量が少ない""""}]"""
400591	4	thunder	雷鳴	the loud sound in the sky during a storm	We heard thunder in the distance.	私たちは遠くで雷鳴を聞いた。	noun	4	3	""[""""雷鳴"""",""""稲妻"""",""""嵐"""",""""雨雲"""",""""風""""]""	""[""""thunder"""",""""lightning"""",""""storm"""",""""cloud"""",""""wind""""]""	""[""""thunder"""",""""under"""",""""hunter"""",""""tunnel"""",""""summer""""]""	[]	[]"
400592	4	romance	恋愛	a feeling of love between two people	The movie is about romance.	その映画は恋愛についてです。	noun	4	3	""[""""恋愛"""",""""冒険"""",""""歴史"""",""""科学"""",""""友情""""]""	""[""""romance"""",""""adventure"""",""""history"""",""""science"""",""""friendship""""]""	""[""""romance"""",""""remote"""",""""remain"""",""""robot"""",""""release""""]""	""[{""""word"""":""""love"""",""""note"""":""""より広い意味で使う基本語""""}]""	[]"
400593	4	fortune	幸運	good luck or a lot of money	She had the fortune to meet him.	彼女は幸運にも彼に会えました。	noun	4	3	""[""""幸運"""",""""努力"""",""""失敗"""",""""危険"""",""""秘密""""]""	""[""""fortune"""",""""effort"""",""""failure"""",""""danger"""",""""secret""""]""	""[""""fortune"""",""""fourteen"""",""""forest"""",""""formal"""",""""forward""""]""	""[{""""word"""":""""luck"""",""""note"""":""""fortune より日常的""""}]""	""[{""""word"""":""""misfortune"""",""""note"""":""""不運""""}]"""
400594	4	lunchtime	昼食の時間	the time when people eat lunch	We usually talk at lunchtime.	私たちはたいてい昼食の時間に話します。	noun	4	3	""[""""昼食の時間"""",""""朝食の時間"""",""""夕食の時間"""",""""休み時間"""",""""就寝時間""""]""	""[""""lunchtime"""",""""breakfast"""",""""dinnertime"""",""""bedtime"""",""""recess""""]""	""[""""lunchtime"""",""""longtime"""",""""nighttime"""",""""sunlight"""",""""weekday""""]""	[]	[]"
400595	4	robot	ロボット	a machine that can do work automatically	The robot cleaned the floor.	そのロボットは床を掃除しました。	noun	3	4	""[""""ロボット"""",""""機械"""",""""人形"""",""""コンピューター"""",""""エンジン""""]""	""[""""robot"""",""""machine"""",""""doll"""",""""computer"""",""""engine""""]""	""[""""robot"""",""""rocket"""",""""rabbit"""",""""rubber"""",""""racket""""]""	[]	[]"
400596	4	printer	プリンター	a machine that prints words or pictures on paper	Our printer is out of ink.	うちのプリンターはインクが切れています。	noun	4	3	""[""""プリンター"""",""""スキャナー"""",""""モニター"""",""""キーボード"""",""""マウス""""]""	""[""""printer"""",""""scanner"""",""""monitor"""",""""keyboard"""",""""mouse""""]""	""[""""printer"""",""""painter"""",""""winter"""",""""player"""",""""planet""""]""	[]	[]"
400597	4	consist	成り立つ	to be made of something	The team consists of ten students.	そのチームは10人の生徒で成り立っている。	verb	4	3	""[""""成り立つ"""",""""集める"""",""""変化する"""",""""続ける"""",""""比べる""""]""	""[""""consist"""",""""collect"""",""""change"""",""""continue"""",""""compare""""]""	""[""""consist"""",""""connect"""",""""contest"""",""""concert"""",""""confuse""""]""	""[{""""word"""":""""be made up of"""",""""note"""":""""〜で構成される""""}]""	[]"
400598	4	attract	引きつける	to make someone interested	The bright sign attracts many people.	その明るい看板は多くの人を引きつける。	verb	4	4	""[""""引きつける"""",""""押す"""",""""避ける"""",""""隠す"""",""""運ぶ""""]""	""[""""attract"""",""""push"""",""""avoid"""",""""hide"""",""""carry""""]""	""[""""attract"""",""""attack"""",""""attach"""",""""attempt"""",""""abstract""""]""	""[{""""word"""":""""draw"""",""""note"""":""""注意や興味を引く""""}]""	""[{""""word"""":""""repel"""",""""note"""":""""近づけない・遠ざける""""}]"""
400599	4	trick	いたずら	something done to fool someone	He played a trick on his friend.	彼は友だちにいたずらをした。	noun	4	3	""[""""いたずら"""",""""約束"""",""""質問"""",""""習慣"""",""""景色""""]""	""[""""trick"""",""""promise"""",""""question"""",""""habit"""",""""view""""]""	""[""""trick"""",""""track"""",""""truck"""",""""trip"""",""""trade""""]""	""[{""""word"""":""""joke"""",""""note"""":""""軽いいたずらの意味で近い""""}]""	[]"
400600	4	basis	基礎	the main idea or support for something	Trust is the basis of friendship.	信頼は友情の基礎です。	noun	4	3	""[""""基礎"""",""""結果"""",""""方法"""",""""目的"""",""""理由""""]""	""[""""basis"""",""""result"""",""""method"""",""""purpose"""",""""reason""""]""	""[""""basis"""",""""basic"""",""""faces"""",""""places"""",""""cases""""]""	""[{""""word"""":""""foundation"""",""""note"""":""""より物理的・比喩的に使う""""}]""	[]"
400601	4	theme	主題	the main subject or idea of something	The theme of the book is love.	その本の主題は愛です。	noun	4	3	""[""""主題"""",""""場面"""",""""結末"""",""""登場人物"""",""""題名""""]""	""[""""theme"""",""""scene"""",""""ending"""",""""character"""",""""title""""]""	""[""""theme"""",""""team"""",""""seem"""",""""thin"""",""""thumb""""]""	""[{""""word"""":""""topic"""",""""note"""":""""themeより一般的な話題""""}]""	[]"
400602	4	chief	主な	most important	Safety is our chief concern.	安全が私たちの主な関心事です。	adjective	4	3	""[""""主な"""",""""小さな"""",""""静かな"""",""""急な"""",""""遠い""""]""	""[""""chief"""",""""small"""",""""quiet"""",""""sudden"""",""""distant""""]""	""[""""chief"""",""""cheap"""",""""cheek"""",""""chain"""",""""shape""""]""	""[{""""word"""":""""main"""",""""note"""":""""最も基本的な類義語""""},{""""word"""":""""principal"""",""""note"""":""""ややかたい語""""}]""	""[{""""word"""":""""minor"""",""""note"""":""""重要でない、より小さい""""}]"""
400603	4	primary	主な	most important; main	Our primary goal is to help students learn.	私たちの主な目標は、生徒が学ぶのを助けることです。	adjective	4	3	""[""""主な"""",""""特別な"""",""""安全な"""",""""静かな"""",""""有名な""""]""	""[""""primary"""",""""special"""",""""safe"""",""""quiet"""",""""famous""""]""	""[""""primary"""",""""finally"""",""""private"""",""""probably"""",""""promise""""]""	""[{""""word"""":""""main"""",""""note"""":""""より基本的な語""""}]""	""[{""""word"""":""""secondary"""",""""note"""":""""第一ではない""""}]"""
400604	4	feature	特徴	an important part or quality of something	This phone has a useful feature.	この電話には便利な特徴があります。	noun	4	4	""[""""特徴"""",""""方法"""",""""結果"""",""""材料"""",""""景色""""]""	""[""""feature"""",""""method"""",""""result"""",""""material"""",""""scene""""]""	""[""""feature"""",""""future"""",""""teacher"""",""""picture"""",""""fever""""]""	""[{""""word"""":""""characteristic"""",""""note"""":""""ややかたい語""""}]""	[]"
400605	4	enable	可能にする	to make something possible	Good tools enable us to work faster.	良い道具は、私たちがより速く働くことを可能にします。	verb	5	3	""[""""可能にする"""",""""防ぐ"""",""""選ぶ"""",""""集める"""",""""比べる""""]""	""[""""enable"""",""""prevent"""",""""choose"""",""""collect"""",""""compare""""]""	""[""""enable"""",""""unable"""",""""enjoy"""",""""enter"""",""""invent""""]""	""[{""""word"""":""""allow"""",""""note"""":""""より基本的な語""""}]""	""[{""""word"""":""""prevent"""",""""note"""":""""できないようにする""""}]"""
400606	4	offend	怒らせる	to make someone upset or hurt by words or actions	His rude joke may offend some people.	彼の失礼な冗談は何人かを怒らせるかもしれない。	verb	4	3	""[""""怒らせる"""",""""助ける"""",""""招待する"""",""""驚かせる"""",""""ほめる""""]""	""[""""offend"""",""""assist"""",""""invite"""",""""surprise"""",""""praise""""]""	""[""""offend"""",""""attend"""",""""offer"""",""""open"""",""""often""""]""	""[{""""word"""":""""upset"""",""""note"""":""""より広く「動揺させる」""""},{""""word"""":""""insult"""",""""note"""":""""言葉で侮辱して怒らせる""""}]""	""[{""""word"""":""""please"""",""""note"""":""""喜ばせる""""}]"""
400607	4	convince	納得させる	to make someone believe that something is true	I tried to convince him to join us.	私は彼を私たちに加わるよう納得させようとした。	verb	4	3	""[""""納得させる"""",""""拒否する"""",""""比較する"""",""""説明する"""",""""応援する""""]""	""[""""convince"""",""""refuse"""",""""compare"""",""""explain"""",""""support""""]""	""[""""convince"""",""""confuse"""",""""connect"""",""""contain"""",""""command""""]""	""[{""""word"""":""""persuade"""",""""note"""":""""行動するよう説得する時によく使う""""}]""	""[{""""word"""":""""doubt"""",""""note"""":""""信じられないと思う""""}]"""
400608	4	weave	織る	to make cloth by crossing threads together	She can weave cloth by hand.	彼女は手で布を織ることができる。	verb	5	2	""[""""織る"""",""""切る"""",""""洗う"""",""""運ぶ"""",""""描く""""]""	""[""""weave"""",""""cut"""",""""wash"""",""""carry"""",""""draw""""]""	""[""""weave"""",""""leave"""",""""wave"""",""""weak"""",""""west""""]""	[]	[]"
400609	4	pollute	汚す	to make air, water, or land dirty	Factories can pollute the river.	工場はその川を汚すことがある。	verb	4	3	""[""""汚す"""",""""壊す"""",""""育てる"""",""""運ぶ"""",""""集める""""]""	""[""""pollute"""",""""destroy"""",""""raise"""",""""carry"""",""""collect""""]""	""[""""pollute"""",""""produce"""",""""protect"""",""""promise"""",""""provide""""]""	""[{""""word"""":""""dirty"""",""""note"""":""""より日常的な語""""}]""	""[{""""word"""":""""clean"""",""""note"""":""""きれいにする""""}]"""
400610	4	embarrass	恥ずかしい思いをさせる	to make someone feel shy or ashamed	His joke may embarrass her.	彼の冗談は彼女に恥ずかしい思いをさせるかもしれない。	verb	5	2	""[""""恥ずかしい思いをさせる"""",""""驚かせる"""",""""安心させる"""",""""励ます"""",""""助ける""""]""	""[""""embarrass"""",""""surprise"""",""""relax"""",""""encourage"""",""""help""""]""	""[""""embarrass"""",""""embrace"""",""""impress"""",""""compare"""",""""repair""""]""	[]	[]"
400611	4	tease	からかう	to make fun of someone in a playful or unkind way	Don't tease your little brother.	弟をからかわないで。	verb	4	3	""[""""からかう"""",""""ほめる"""",""""招く"""",""""信じる"""",""""守る""""]""	""[""""tease"""",""""praise"""",""""invite"""",""""believe"""",""""protect""""]""	""[""""tease"""",""""teach"""",""""team"""",""""teeth"""",""""trees""""]""	""[{""""word"""":""""mock"""",""""note"""":""""teaseより強く、ばかにする感じ""""}]""	""[{""""word"""":""""praise"""",""""note"""":""""ほめる""""}]"""
400612	4	satisfy	満足させる	to make someone happy because something is good enough	The meal will satisfy everyone.	その食事はみんなを満足させるでしょう。	verb	4	3	""[""""満足させる"""",""""驚かせる"""",""""混乱させる"""",""""励ます"""",""""助ける""""]""	""[""""satisfy"""",""""surprise"""",""""confuse"""",""""encourage"""",""""support""""]""	""[""""satisfy"""",""""simplify"""",""""specify"""",""""sacrifice"""",""""supply""""]""	""[{""""word"""":""""please"""",""""note"""":""""より基本的な語""""}]""	""[{""""word"""":""""disappoint"""",""""note"""":""""期待にこたえずがっかりさせる""""}]"""
400613	4	excite	わくわくさせる	to make someone feel very happy and interested	The news will excite the fans.	その知らせはファンをわくわくさせるでしょう。	verb	4	3	""[""""わくわくさせる"""",""""満足させる"""",""""混乱させる"""",""""落ち着かせる"""",""""助ける""""]""	""[""""excite"""",""""satisfy"""",""""confuse"""",""""calm"""",""""support""""]""	""[""""excite"""",""""except"""",""""expect"""",""""invite"""",""""inside""""]""	[]	""[{""""word"""":""""calm"""",""""note"""":""""興奮させず落ち着かせる""""}]"""
400614	4	confuse	混乱させる	to make someone unable to understand clearly	The question may confuse some students.	その質問は何人かの生徒を混乱させるかもしれません。	verb	4	3	""[""""混乱させる"""",""""満足させる"""",""""わくわくさせる"""",""""安心させる"""",""""助ける""""]""	""[""""confuse"""",""""satisfy"""",""""excite"""",""""relax"""",""""support""""]""	""[""""confuse"""",""""confine"""",""""consume"""",""""compose"""",""""computer""""]""	""[{""""word"""":""""puzzle"""",""""note"""":""""少し考えさせて困らせる""""}]""	""[{""""word"""":""""clarify"""",""""note"""":""""はっきりさせる""""}]"""
400615	4	manufacture	製造する	to make goods in large numbers	This factory manufactures cars.	この工場は車を製造する。	verb	4	3	""[""""製造する"""",""""修理する"""",""""運ぶ"""",""""設計する"""",""""販売する""""]""	""[""""manufacture"""",""""repair"""",""""transport"""",""""design"""",""""sell""""]""	""[""""manufacture"""",""""manicure"""",""""manager"""",""""miniature"""",""""manufacturer""""]""	""[{""""word"""":""""produce"""",""""note"""":""""より広く「生産する」""""}]""	[]"
400616	4	delay	遅らせる	to make something happen later than planned	The rain delayed our game.	雨で私たちの試合は遅れた。	verb	4	4	""[""""遅らせる"""",""""始める"""",""""止める"""",""""続ける"""",""""変える""""]""	""[""""delay"""",""""start"""",""""stop"""",""""continue"""",""""change""""]""	""[""""delay"""",""""today"""",""""decay"""",""""display"""",""""decide""""]""	""[{""""word"""":""""postpone"""",""""note"""":""""予定を後にする""""}]""	""[{""""word"""":""""hurry"""",""""note"""":""""急がせる方向の語""""}]"""
400617	4	weaken	弱める	to make something less strong	Lack of sleep can weaken your body.	睡眠不足は体を弱めることがある。	verb	4	3	""[""""弱める"""",""""強める"""",""""広げる"""",""""温める"""",""""支える""""]""	""[""""weaken"""",""""strengthen"""",""""spread"""",""""warm"""",""""support""""]""	""[""""weaken"""",""""weekend"""",""""weapon"""",""""beacon"""",""""reason""""]""	[]	""[{""""word"""":""""strengthen"""",""""note"""":""""強くする""""}]"""
400618	4	extend	延長する	to make something longer or last longer	They will extend the meeting by thirty minutes.	彼らは会議を30分延長するでしょう。	verb	4	3	""[""""延長する"""",""""短くする"""",""""中止する"""",""""始める"""",""""確認する""""]""	""[""""extend"""",""""reduce"""",""""cancel"""",""""begin"""",""""check""""]""	""[""""extend"""",""""expect"""",""""except"""",""""explain"""",""""exchange""""]""	""[{""""word"""":""""lengthen"""",""""note"""":""""少し長くする""""}]""	""[{""""word"""":""""shorten"""",""""note"""":""""短くする""""}]"""
400619	4	emphasize	強調する	to show that something is important	The teacher emphasized the importance of practice.	先生は練習の大切さを強調した。	verb	5	2	""[""""強調する"""",""""無視する"""",""""比較する"""",""""説明する"""",""""記録する""""]""	""[""""emphasize"""",""""ignore"""",""""compare"""",""""explain"""",""""record""""]""	""[""""emphasize"""",""""exercise"""",""""memorize"""",""""advertise"""",""""organize""""]""	""[{""""word"""":""""stress"""",""""note"""":""""やや短くて口語的""""}]""	""[{""""word"""":""""ignore"""",""""note"""":""""大切なものとして扱わない""""}]"""
400620	4	generate	生み出す	to produce or create something	Wind can generate electricity.	風は電気を生み出すことができる。	verb	4	3	""[""""生み出す"""",""""集める"""",""""壊す"""",""""運ぶ"""",""""選ぶ""""]""	""[""""generate"""",""""collect"""",""""destroy"""",""""carry"""",""""choose""""]""	""[""""generate"""",""""general"""",""""generator"""",""""celebrate"""",""""separate""""]""	""[{""""word"""":""""produce"""",""""note"""":""""より一般的な『作り出す』""""},{""""word"""":""""create"""",""""note"""":""""新しく作る意味が強い""""}]""	""[{""""word"""":""""destroy"""",""""note"""":""""作るの反対で『壊す』""""}]"""
400621	4	bend	曲げる	to make something not straight	Bend your knees a little.	ひざを少し曲げてください。	verb	4	3	""[""""曲げる"""",""""押す"""",""""引く"""",""""運ぶ"""",""""投げる""""]""	""[""""bend"""",""""push"""",""""pull"""",""""carry"""",""""throw""""]""	""[""""bend"""",""""send"""",""""band"""",""""best"""",""""bed""""]""	""[{""""word"""":""""curve"""",""""note"""":""""少し硬い語。線などを曲げる""""}]""	""[{""""word"""":""""straighten"""",""""note"""":""""まっすぐにする""""}]"""
400622	4	confirm	確かめる	to check that something is true or correct	Please confirm your name.	あなたの名前を確かめてください。	verb	5	3	""[""""確かめる"""",""""集める"""",""""比べる"""",""""数える"""",""""選ぶ""""]""	""[""""confirm"""",""""collect"""",""""compare"""",""""count"""",""""choose""""]""	""[""""confirm"""",""""compare"""",""""connect"""",""""control"""",""""compose""""]""	""[{""""word"""":""""check"""",""""note"""":""""より基本的な語""""}]""	[]"
400623	4	ensure	確実にする	to make something certain to happen	Please ensure the door is locked.	ドアに鍵がかかっていることを確実にしてください。	verb	5	3	""[""""確実にする"""",""""防ぐ"""",""""続ける"""",""""変える"""",""""許す""""]""	""[""""ensure"""",""""prevent"""",""""continue"""",""""change"""",""""allow""""]""	""[""""ensure"""",""""answer"""",""""enter"""",""""enjoy"""",""""inside""""]""	""[{""""word"""":""""make sure"""",""""note"""":""""日常会話でよく使う表現""""}]""	[]"
400624	4	tighten	締める	to make something more tight	Please tighten the lid firmly.	ふたをしっかり締めてください。	verb	4	3	""[""""締める"""",""""緩める"""",""""結ぶ"""",""""包む"""",""""押す""""]""	""[""""tighten"""",""""loosen"""",""""tie"""",""""wrap"""",""""push""""]""	""[""""tighten"""",""""titan"""",""""title"""",""""frighten"""",""""brighten""""]""	""[{""""word"""":""""fasten"""",""""note"""":""""留めるという意味で近い""""}]""	""[{""""word"""":""""loosen"""",""""note"""":""""きつくする ↔ ゆるめる""""}]"""
400625	4	knit	編む	to make clothes with yarn and needles	My grandmother can knit a warm scarf.	私の祖母はあたたかいマフラーを編めます。	verb	4	2	""[""""編む"""",""""縫う"""",""""切る"""",""""洗う"""",""""飾る""""]""	""[""""knit"""",""""sew"""",""""cut"""",""""wash"""",""""decorate""""]""	""[""""knit"""",""""kit"""",""""net"""",""""need"""",""""hit""""]""	[]	[]"
400626	4	production	生産	the making of goods or things	The factory increased production this year.	その工場は今年、生産を増やしました。	noun	4	3	""[""""生産"""",""""輸送"""",""""販売"""",""""消費"""",""""修理""""]""	""[""""production"""",""""transport"""",""""sale"""",""""use"""",""""repair""""]""	""[""""production"""",""""protection"""",""""prediction"""",""""product"""",""""project""""]""	""[{""""word"""":""""manufacture"""",""""note"""":""""ややかたいが近い意味""""}]""	""[{""""word"""":""""consumption"""",""""note"""":""""生産 ↔ 消費""""}]"""
400627	4	legislation	法律	a law or a set of laws	The new legislation will start next year.	その新しい法律は来年始まる。	noun	5	2	""[""""法律"""",""""計画"""",""""制度"""",""""規則"""",""""提案""""]""	""[""""legislation"""",""""plan"""",""""system"""",""""rule"""",""""proposal""""]""	""[""""legislation"""",""""registration"""",""""generation"""",""""reservation"""",""""education""""]""	""[{""""word"""":""""law"""",""""note"""":""""より基本的で広い語""""}]""	[]"
400628	4	rational	理性的な	based on clear thought and reason	She gave a rational answer to the problem.	彼女はその問題に理性的な答えを出した。	adjective	5	2	""[""""理性的な"""",""""感情的な"""",""""慎重な"""",""""正直な"""",""""静かな""""]""	""[""""rational"""",""""emotional"""",""""careful"""",""""honest"""",""""quiet""""]""	""[""""rational"""",""""national"""",""""natural"""",""""traditional"""",""""practical""""]""	""[{""""word"""":""""reasonable"""",""""note"""":""""より基本的な語で『筋が通った』""""}]""	""[{""""word"""":""""emotional"""",""""note"""":""""感情に左右される""""}]"""
400629	4	polish	磨く	to make something clean and shiny	He will polish his shoes before school.	彼は学校の前にくつを磨くでしょう。	verb	4	3	""[""""磨く"""",""""洗う"""",""""直す"""",""""運ぶ"""",""""隠す""""]""	""[""""polish"""",""""wash"""",""""fix"""",""""carry"""",""""hide""""]""	""[""""polish"""",""""publish"""",""""finish"""",""""promise"""",""""punish""""]""	""[{""""word"""":""""shine"""",""""note"""":""""光らせるという近い意味""""}]""	[]"
400630	4	sailor	船乗り	a person who works on a ship or boat	The sailor looked at the sea.	その船乗りは海を見た。	noun	4	3	""[""""船乗り"""",""""画家"""",""""農家"""",""""運転手"""",""""店員""""]""	""[""""sailor"""",""""painter"""",""""farmer"""",""""driver"""",""""clerk""""]""	""[""""sailor"""",""""tailor"""",""""seller"""",""""solar"""",""""sugar""""]""	[]	[]"
400631	4	executive	重役	a person with an important job in a company	She became an executive at the company.	彼女はその会社の重役になった。	noun	5	2	""[""""重役"""",""""秘書"""",""""店員"""",""""技師"""",""""記者""""]""	""[""""executive"""",""""secretary"""",""""clerk"""",""""engineer"""",""""reporter""""]""	""[""""executive"""",""""exercise"""",""""expensive"""",""""excellent"""",""""example""""]""	""[{""""word"""":""""manager"""",""""note"""":""""より一般的な役職名""""}]""	[]"
400632	4	variety	多様性	a range of different kinds of things	The store sells a variety of snacks.	その店はいろいろなお菓子を売っています。	noun	4	3	""[""""多様性"""",""""人気"""",""""必要"""",""""結果"""",""""方法""""]""	""[""""variety"""",""""culture"""",""""success"""",""""purpose"""",""""message""""]""	""[""""variety"""",""""society"""",""""anxiety"""",""""quietly"""",""""holiday""""]""	""[{""""word"""":""""diversity"""",""""note"""":""""ややかたい語だが、意味は近い""""}]""	""[{""""word"""":""""uniformity"""",""""note"""":""""同じ状態が続くこと""""}]"""
400633	4	multiple	複数の	more than one; many	She has multiple reasons for leaving.	彼女には去る理由が複数あります。	adjective	4	3	""[""""複数の"""",""""単一の"""",""""重要な"""",""""静かな"""",""""安全な""""]""	""[""""multiple"""",""""single"""",""""simple"""",""""modern"""",""""careful""""]""	""[""""multiple"""",""""natural"""",""""possible"""",""""powerful"""",""""colorful""""]""	""[{""""word"""":""""several"""",""""note"""":""""数がいくつかあるときによく使う""""}]""	""[{""""word"""":""""single"""",""""note"""":""""1つだけの""""}]"""
400634	4	seal	密閉する	to close something tightly	Please seal the box with tape.	テープでその箱をしっかり閉じてください。	verb	4	3	""[""""密閉する"""",""""運ぶ"""",""""壊す"""",""""洗う"""",""""選ぶ""""]""	""[""""seal"""",""""carry"""",""""break"""",""""wash"""",""""choose""""]""	""[""""seal"""",""""seat"""",""""seem"""",""""sale"""",""""sail""""]""	""[{""""word"""":""""close"""",""""note"""":""""一般的な語。seal はしっかり閉じる感じ""""}]""	""[{""""word"""":""""open"""",""""note"""":""""開ける""""}]"""
400635	4	trace	跡	a small sign that shows something was there	There was no trace of snow this morning.	今朝、雪の跡はまったくなかった。	noun	4	3	""[""""跡"""",""""印"""",""""証拠"""",""""傷"""",""""線""""]""	""[""""trace"""",""""mark"""",""""proof"""",""""scar"""",""""line""""]""	""[""""trace"""",""""train"""",""""trade"""",""""track"""",""""place""""]""	""[{""""word"""":""""sign"""",""""note"""":""""何かがあったことを示すしるし""""}]""	[]"
400636	4	expert	専門家	a person who knows a lot about something	She is an expert on plants.	彼女は植物の専門家です。	noun	4	4	""[""""専門家"""",""""初心者"""",""""画家"""",""""記者"""",""""案内人""""]""	""[""""expert"""",""""beginner"""",""""artist"""",""""reporter"""",""""guide""""]""	""[""""expert"""",""""export"""",""""expect"""",""""except"""",""""effort""""]""	""[{""""word"""":""""specialist"""",""""note"""":""""特定の分野にくわしい人""""}]""	""[{""""word"""":""""beginner"""",""""note"""":""""学び始めた人""""}]"""
400637	4	lord	領主	a man of high rank in old times	The lord lived in a large castle.	その領主は大きな城に住んでいました。	noun	5	2	""[""""領主"""",""""王"""",""""騎士"""",""""農民"""",""""兵士""""]""	""[""""lord"""",""""king"""",""""knight"""",""""farmer"""",""""soldier""""]""	""[""""lord"""",""""load"""",""""road"""",""""word"""",""""board""""]""	[]	[]"
400638	4	substance	物質	a kind of material or matter	This liquid substance is dangerous.	この液体の物質は危険です。	noun	4	3	""[""""物質"""",""""材料"""",""""液体"""",""""成分"""",""""表面""""]""	""[""""substance"""",""""material"""",""""liquid"""",""""element"""",""""surface""""]""	""[""""substance"""",""""instance"""",""""distance"""",""""student"""",""""sudden""""]""	""[{""""word"""":""""matter"""",""""note"""":""""やや広い意味で「物質」""""}]""	[]"
400639	4	material	材料	what something is made from	We need more material for the project.	私たちはその課題のためにもっと材料が必要です。	noun	3	4	""[""""材料"""",""""布"""",""""道具"""",""""資源"""",""""部品""""]""	""[""""material"""",""""fabric"""",""""tool"""",""""resource"""",""""part""""]""	""[""""material"""",""""memorial"""",""""mysterial"""",""""natural"""",""""tutorial""""]""	""[{""""word"""":""""stuff"""",""""note"""":""""口語で「材料・もの」""""}]""	[]"
400640	4	significance	重要性	the importance of something	I understand the significance of this event.	私はこの出来事の重要性を理解しています。	noun	5	2	""[""""重要性"""",""""影響"""",""""目的"""",""""結果"""",""""価値""""]""	""[""""significance"""",""""influence"""",""""purpose"""",""""result"""",""""value""""]""	""[""""significance"""",""""signal"""",""""signature"""",""""silence"""",""""difference""""]""	""[{""""word"""":""""importance"""",""""note"""":""""最も基本的な類義語""""}]""	""[{""""word"""":""""unimportance"""",""""note"""":""""まれだが反対の意味""""}]"""
400641	4	flesh	肉	the soft part of a person's or animal's body	The cut went deep into the flesh.	その切り傷は肉まで深く達した。	noun	4	3	""[""""肉"""",""""骨"""",""""皮"""",""""血"""",""""筋肉""""]""	""[""""flesh"""",""""bone"""",""""skin"""",""""blood"""",""""muscle""""]""	""[""""flesh"""",""""fresh"""",""""flash"""",""""flush"""",""""fleet""""]""	""[{""""word"""":""""meat"""",""""note"""":""""食べ物としての肉に近い""""}]""	[]"
400642	4	checkup	健康診断	a medical exam to see if you are healthy	I had a checkup at the hospital yesterday.	私は昨日、病院で健康診断を受けた。	noun	3	3	""[""""健康診断"""",""""治療"""",""""手術"""",""""注射"""",""""診察""""]""	""[""""checkup"""",""""treatment"""",""""operation"""",""""injection"""",""""examination""""]""	""[""""checkup"""",""""pickup"""",""""ketchup"""",""""jacket"""",""""backup""""]""	""[{""""word"""":""""examination"""",""""note"""":""""やや広い意味の「診察・検査」""""}]""	[]"
400643	4	operation	手術	a medical act in which a doctor cuts the body to treat a problem	She had an operation on her leg.	彼女は脚の手術を受けた。	noun	4	4	""[""""手術"""",""""治療"""",""""診察"""",""""注射"""",""""薬""""]""	""[""""operation"""",""""treatment"""",""""checkup"""",""""injection"""",""""medicine""""]""	""[""""operation"""",""""opinion"""",""""vacation"""",""""education"""",""""occasion""""]""	""[{""""word"""":""""surgery"""",""""note"""":""""より一般的に「外科手術」""""}]""	[]"
400644	4	surgery	手術	a medical operation on the body	She had surgery on her knee last year.	彼女は去年ひざの手術を受けた。	noun	4	3	""[""""手術"""",""""治療"""",""""診察"""",""""注射"""",""""薬""""]""	""[""""surgery"""",""""treatment"""",""""checkup"""",""""injection"""",""""medicine""""]""	""[""""surgery"""",""""summary"""",""""salary"""",""""energy"""",""""gallery""""]""	""[{""""word"""":""""operation"""",""""note"""":""""より一般的な言い方""""}]""	[]"
400645	4	run across	偶然出会う	to meet or find by chance	I ran across an old friend at the station.	私は駅で昔の友達に偶然出会った。	verb	4	3	""[""""偶然出会う"""",""""見送る"""",""""追いかける"""",""""招待する"""",""""助ける""""]""	""[""""run across"""",""""see off"""",""""chase"""",""""invite"""",""""help""""]""	""[""""run across"""",""""come across"""",""""run along"""",""""turn around"""",""""walk across""""]""	""[{""""word"""":""""come across"""",""""note"""":""""ほぼ同じ意味""""}]""	[]"
400646	4	encounter	出会う	to meet someone or something unexpectedly	I encountered an old friend at the station.	私は駅で昔の友達に出会った。	verb	4	3	""[""""出会う"""",""""訪ねる"""",""""助ける"""",""""避ける"""",""""見送る""""]""	""[""""encounter"""",""""visit"""",""""help"""",""""avoid"""",""""send""""]""	""[""""encounter"""",""""enclose"""",""""encourage"""",""""account"""",""""counter""""]""	""[{""""word"""":""""meet"""",""""note"""":""""より基本的な語""""},{""""word"""":""""come across"""",""""note"""":""""偶然出会う""""}]""	""[{""""word"""":""""avoid"""",""""note"""":""""避ける""""}]"""
400647	4	session	会議	a period of time for a meeting or activity	We had a study session after school.	私たちは放課後に勉強会をした。	noun	4	3	""[""""会議"""",""""試合"""",""""旅行"""",""""宿題"""",""""約束""""]""	""[""""session"""",""""game"""",""""trip"""",""""homework"""",""""promise""""]""	""[""""session"""",""""section"""",""""lesson"""",""""station"""",""""question""""]""	""[{""""word"""":""""meeting"""",""""note"""":""""一般的な会議""""}]""	[]"
400648	4	tune	曲	a simple song or piece of music	She sang a cheerful tune.	彼女は陽気な曲を歌った。	noun	4	3	""[""""曲"""",""""詩"""",""""絵"""",""""声"""",""""拍手""""]""	""[""""tune"""",""""poem"""",""""painting"""",""""voice"""",""""clap""""]""	""[""""tune"""",""""tube"""",""""tone"""",""""turn"""",""""June""""]""	""[{""""word"""":""""melody"""",""""note"""":""""ややていねいな言い方""""},{""""word"""":""""song"""",""""note"""":""""歌としての曲""""}]""	[]"
400649	4	learn by heart	暗記する	to memorize something completely	We had to learn the poem by heart.	私たちはその詩を暗記しなければなりませんでした。	verb	4	2	""[""""暗記する"""",""""説明する"""",""""翻訳する"""",""""発音する"""",""""比較する""""]""	""[""""learn by heart"""",""""explain"""",""""translate"""",""""pronounce"""",""""compare""""]""	""[""""learn by heart"""",""""learn"""",""""heard"""",""""heart"""",""""burn""""]""	""[{""""word"""":""""memorize"""",""""note"""":""""より一般的な語""""}]""	""[{""""word"""":""""forget"""",""""note"""":""""覚えていない""""}]"""
400650	4	refer	言及する	to mention something or someone	He referred to my question in class.	彼は授業で私の質問に言及しました。	verb	5	3	""[""""言及する"""",""""拒否する"""",""""修理する"""",""""借りる"""",""""隠す""""]""	""[""""refer"""",""""refuse"""",""""repair"""",""""borrow"""",""""hide""""]""	""[""""refer"""",""""prefer"""",""""reply"""",""""relax"""",""""repeat""""]""	""[{""""word"""":""""mention"""",""""note"""":""""より基本的な語""""}]""	[]"
400651	4	iron	鉄	a strong hard metal	This bridge is made of iron.	この橋は鉄でできています。	noun	3	4	""[""""鉄"""",""""銀"""",""""銅"""",""""金"""",""""鉛""""]""	""[""""iron"""",""""silver"""",""""copper"""",""""gold"""",""""lead""""]""	""[""""iron"""",""""island"""",""""item"""",""""icon"""",""""ivy""""]""	[]	[]"
400652	4	screw	ねじ	a small metal thing used to fasten things	I need a screw for this chair.	このいすにはねじが必要です。	noun	4	3	""[""""ねじ"""",""""くぎ"""",""""ひも"""",""""板"""",""""金具""""]""	""[""""screw"""",""""nail"""",""""rope"""",""""board"""",""""hook""""]""	""[""""screw"""",""""school"""",""""screen"""",""""skirt"""",""""square""""]""	[]	[]"
400653	4	waist	腰	the middle part of your body above the hips	This belt is too big for my waist.	このベルトは私の腰には大きすぎます。	noun	4	3	""[""""腰"""",""""肩"""",""""首"""",""""ひざ"""",""""足首""""]""	""[""""waist"""",""""shoulder"""",""""neck"""",""""knee"""",""""ankle""""]""	""[""""waist"""",""""west"""",""""waste"""",""""watch"""",""""voice""""]""	[]	[]"
400654	4	intermediate	中級の	between beginner and advanced	She is in the intermediate class.	彼女は中級のクラスにいます。	adjective	5	3	""[""""中級の"""",""""初級の"""",""""上級の"""",""""基本的な"""",""""特別な""""]""	""[""""intermediate"""",""""beginner"""",""""advanced"""",""""basic"""",""""special""""]""	""[""""intermediate"""",""""international"""",""""interesting"""",""""internet"""",""""interview""""]""	""[{""""word"""":""""middle"""",""""note"""":""""位置や段階が中ほどのときに使う""""}]""	""[{""""word"""":""""advanced"""",""""note"""":""""より高いレベル""""},{""""word"""":""""beginner"""",""""note"""":""""より低いレベル""""}]"""
400655	4	midday	正午	the middle of the day	We ate lunch at midday.	私たちは正午に昼食を食べた。	noun	4	2	""[""""正午"""",""""真夜中"""",""""夕方"""",""""夜明け"""",""""朝""""]""	""[""""midday"""",""""midnight"""",""""evening"""",""""dawn"""",""""morning""""]""	""[""""midday"""",""""Monday"""",""""midway"""",""""today"""",""""daytime""""]""	""[{""""word"""":""""noon"""",""""note"""":""""より一般的な語""""}]""	""[{""""word"""":""""midnight"""",""""note"""":""""昼の反対の時刻""""}]"""
400656	4	medium	中くらいの	not large or small	I want a medium pizza.	私は中くらいのピザがほしい。	adjective	4	3	""[""""中くらいの"""",""""大きい"""",""""小さい"""",""""重い"""",""""長い""""]""	""[""""medium"""",""""large"""",""""small"""",""""heavy"""",""""long""""]""	""[""""medium"""",""""museum"""",""""million"""",""""memory"""",""""melon""""]""	""[{""""word"""":""""middle"""",""""note"""":""""位置や程度が中の""""}]""	""[{""""word"""":""""large"""",""""note"""":""""より大きい""""},{""""word"""":""""small"""",""""note"""":""""より小さい""""}]"""
400657	4	blank	空白の	empty, with nothing written on it	Please write your name on the blank line.	空白の行にあなたの名前を書いてください。	adjective	4	3	""[""""空白の"""",""""満員の"""",""""暗い"""",""""深い"""",""""厚い""""]""	""[""""blank"""",""""full"""",""""dark"""",""""deep"""",""""thick""""]""	""[""""blank"""",""""black"""",""""blink"""",""""bank"""",""""block""""]""	""[{""""word"""":""""empty"""",""""note"""":""""中に何もない感じ""""}]""	""[{""""word"""":""""full"""",""""note"""":""""空白ではなく埋まっている""""}]"""
400658	4	reflect	反射する	to throw back light or heat	This mirror reflects light well.	この鏡は光をよく反射する。	verb	4	3	""[""""反射する"""",""""吸収する"""",""""集める"""",""""隠す"""",""""動かす""""]""	""[""""reflect"""",""""absorb"""",""""collect"""",""""hide"""",""""move""""]""	""[""""reflect"""",""""reject"""",""""respect"""",""""effect"""",""""correct""""]""	""[{""""word"""":""""mirror"""",""""note"""":""""動詞で「映す」の意味""""}]""	""[{""""word"""":""""absorb"""",""""note"""":""""光や熱を吸収する""""}]"""
400659	4	skip	飛ばす	to leave out or not do something	Don't skip breakfast.	朝食を抜かさないで。	verb	3	4	""[""""飛ばす"""",""""加える"""",""""続ける"""",""""選ぶ"""",""""直す""""]""	""[""""skip"""",""""add"""",""""continue"""",""""choose"""",""""fix""""]""	""[""""skip"""",""""slip"""",""""skin"""",""""skill"""",""""ship""""]""	""[{""""word"""":""""omit"""",""""note"""":""""ややかたい語で「省く」""""}]""	""[{""""word"""":""""include"""",""""note"""":""""含める""""},{""""word"""":""""continue"""",""""note"""":""""続ける""""}]"""
400660	4	overlook	見落とす	to fail to notice something	I overlooked a small mistake.	私は小さな間違いを見落とした。	verb	5	2	""[""""見落とす"""",""""確認する"""",""""直す"""",""""説明する"""",""""比べる""""]""	""[""""overlook"""",""""check"""",""""fix"""",""""explain"""",""""compare""""]""	""[""""overlook"""",""""overtook"""",""""overcook"""",""""overbook"""",""""overload""""]""	""[{""""word"""":""""miss"""",""""note"""":""""気づかず見落とす""""}]""	""[{""""word"""":""""notice"""",""""note"""":""""気づく""""},{""""word"""":""""check"""",""""note"""":""""確認する""""}]"""
400661	4	spray	吹きかける	to send small drops of liquid into the air	She used water to spray the flowers.	彼女は花に水を吹きかけた。	verb	4	3	""[""""吹きかける"""",""""混ぜる"""",""""借りる"""",""""運ぶ"""",""""隠す""""]""	""[""""spray"""",""""mix"""",""""borrow"""",""""carry"""",""""hide""""]""	""[""""spray"""",""""spring"""",""""spread"""",""""stray"""",""""play""""]""	""[{""""word"""":""""splash"""",""""note"""":""""水などをかけるときに近い""""}]""	[]"
400662	4	combine	結びつける	to join two or more things together	We will combine the two teams.	私たちはその2つのチームを結びつけます。	verb	4	3	""[""""結びつける"""",""""分ける"""",""""選ぶ"""",""""数える"""",""""洗う""""]""	""[""""combine"""",""""separate"""",""""choose"""",""""count"""",""""wash""""]""	""[""""combine"""",""""command"""",""""compare"""",""""complete"""",""""collect""""]""	""[{""""word"""":""""join"""",""""note"""":""""より基本的な語""""}]""	""[{""""word"""":""""separate"""",""""note"""":""""別々にする""""}]"""
400663	4	loan	貸付	money that someone borrows from a bank or other person	He got a loan from the bank.	彼は銀行から貸付を受けた。	noun	4	3	""[""""貸付"""",""""給料"""",""""値段"""",""""税金"""",""""利益""""]""	""[""""loan"""",""""salary"""",""""price"""",""""tax"""",""""profit""""]""	""[""""loan"""",""""alone"""",""""long"""",""""low"""",""""load""""]""	[]	[]"
400664	4	income	収入	money that you get from work or business	His income is not very high.	彼の収入はあまり高くありません。	noun	4	3	""[""""収入"""",""""支出"""",""""給料"""",""""利益"""",""""借金""""]""	""[""""income"""",""""salary"""",""""profit"""",""""expense"""",""""debt""""]""	""[""""income"""",""""inside"""",""""include"""",""""indeed"""",""""input""""]""	""[{""""word"""":""""earnings"""",""""note"""":""""ややかたいが、得たお金という意味で近い""""}]""	""[{""""word"""":""""expense"""",""""note"""":""""入るお金と出るお金""""}]"""
400665	4	scholarship	奨学金	money given to a student to help pay for school	She got a scholarship to study abroad.	彼女は留学するための奨学金をもらいました。	noun	5	2	""[""""奨学金"""",""""授業料"""",""""学位"""",""""試験"""",""""寄付""""]""	""[""""scholarship"""",""""tuition"""",""""degree"""",""""exam"""",""""donation""""]""	""[""""scholarship"""",""""leadership"""",""""membership"""",""""friendship"""",""""hardship""""]""	[]	[]"
400666	4	fund	基金	money saved for a special purpose	The school started a fund for poor children.	その学校は貧しい子どもたちのための基金を始めました。	noun	4	3	""[""""基金"""",""""予算"""",""""寄付"""",""""借金"""",""""利益""""]""	""[""""fund"""",""""budget"""",""""donation"""",""""debt"""",""""profit""""]""	""[""""fund"""",""""find"""",""""found"""",""""fun"""",""""fact""""]""	[]	[]"
400667	4	wealth	富	a large amount of money or valuable things	The family has great wealth.	その家族は大きな富を持っています。	noun	4	3	""[""""富"""",""""借金"""",""""収入"""",""""利益"""",""""財産""""]""	""[""""wealth"""",""""debt"""",""""income"""",""""profit"""",""""property""""]""	""[""""wealth"""",""""health"""",""""west"""",""""warmth"""",""""worth""""]""	""[{""""word"""":""""fortune"""",""""note"""":""""やや文語的な「財産・幸運」""""},{""""word"""":""""property"""",""""note"""":""""土地や建物を含む財産""""}]""	""[{""""word"""":""""poverty"""",""""note"""":""""貧しさ""""}]"""
400668	4	sales	売上	the amount of goods or services sold	Our sales went up this month.	今月、私たちの売上は上がりました。	noun	4	4	""[""""売上"""",""""在庫"""",""""広告"""",""""価格"""",""""費用""""]""	""[""""sales"""",""""stock"""",""""ad"""",""""price"""",""""cost""""]""	""[""""sales"""",""""sails"""",""""says"""",""""seals"""",""""scale""""]""	""[{""""word"""":""""revenue"""",""""note"""":""""会社などの収入としての意味で近い""""}]""	[]"
400669	4	finance	財政	the management of money	She studies finance at college.	彼女は大学で財政を学んでいます。	noun	4	3	""[""""財政"""",""""経済"""",""""会計"""",""""予算"""",""""投資""""]""	""[""""finance"""",""""economy"""",""""accounting"""",""""budget"""",""""investment""""]""	""[""""finance"""",""""final"""",""""finder"""",""""finer"""",""""famous""""]""	""[{""""word"""":""""money matters"""",""""note"""":""""やさしい言い換え""""}]""	[]"
400670	4	debt	借金	money that you must pay back	He is trying to pay off his debt.	彼は借金を返そうとしている。	noun	4	3	""[""""借金"""",""""予算"""",""""費用"""",""""利益"""",""""給料""""]""	""[""""debt"""",""""budget"""",""""expense"""",""""profit"""",""""salary""""]""	""[""""debt"""",""""date"""",""""dead"""",""""desk"""",""""depth""""]""	""[{""""word"""":""""loan"""",""""note"""":""""借りたお金を表すことが多い""""}]""	[]"
400671	4	budget	予算	the amount of money you can spend	We need a budget for this trip.	私たちはこの旅行のための予算が必要だ。	noun	4	3	""[""""予算"""",""""借金"""",""""費用"""",""""収入"""",""""価格""""]""	""[""""budget"""",""""debt"""",""""expense"""",""""income"""",""""price""""]""	""[""""budget"""",""""bucket"""",""""button"""",""""jacket"""",""""badge""""]""	""[{""""word"""":""""plan"""",""""note"""":""""お金の使い方の計画という意味で近い""""}]""	[]"
400672	4	expense	費用	money spent on something	Travel expense can be high.	旅費は高くなることがある。	noun	4	3	""[""""費用"""",""""予算"""",""""借金"""",""""収入"""",""""値段""""]""	""[""""expense"""",""""budget"""",""""debt"""",""""income"""",""""price""""]""	""[""""expense"""",""""express"""",""""expensive"""",""""expert"""",""""expand""""]""	""[{""""word"""":""""cost"""",""""note"""":""""より一般的な語""""}]""	""[{""""word"""":""""income"""",""""note"""":""""入ってくるお金""""}]"""
400673	4	economy	経済	the system of money, business, and trade in a country	The economy is getting better this year.	今年は経済が良くなっています。	noun	4	3	""[""""経済"""",""""文化"""",""""産業"""",""""貿易"""",""""政治""""]""	""[""""economy"""",""""culture"""",""""industry"""",""""trade"""",""""politics""""]""	""[""""economy"""",""""ecology"""",""""company"""",""""colony"""",""""memory""""]""	[]	[]"
400674	4	temper	気質	the usual way a person feels or reacts	She has a calm temper.	彼女は穏やかな気質です。	noun	5	2	""[""""気質"""",""""性格"""",""""態度"""",""""習慣"""",""""表情""""]""	""[""""temper"""",""""character"""",""""attitude"""",""""habit"""",""""expression""""]""	""[""""temper"""",""""temple"""",""""tender"""",""""teacher"""",""""member""""]""	[]	[]"
400675	4	further	さらに	more; to a greater degree or distance	We need to talk further about the plan.	私たちはその計画についてさらに話し合う必要があります。	adverb	4	3	""[""""さらに"""",""""すぐに"""",""""たぶん"""",""""たいてい"""",""""とても""""]""	""[""""further"""",""""soon"""",""""maybe"""",""""usually"""",""""very""""]""	""[""""further"""",""""father"""",""""feather"""",""""future"""",""""faster""""]""	""[{""""word"""":""""more"""",""""note"""":""""より多く、さらに""""}]""	[]"
400676	4	extra	余分な	more than usual or needed	Do you have an extra pen?	余分なペンを持っていますか。	adjective	4	4	""[""""余分な"""",""""重要な"""",""""危険な"""",""""静かな"""",""""有名な""""]""	""[""""extra"""",""""important"""",""""dangerous"""",""""quiet"""",""""famous""""]""	""[""""extra"""",""""expert"""",""""enter"""",""""actor"""",""""excuse""""]""	""[{""""word"""":""""additional"""",""""note"""":""""ややかたい言い方""""}]""	""[{""""word"""":""""necessary"""",""""note"""":""""必要な""""}]"""
400677	4	maximum	最大	the greatest amount or number	The maximum speed is 50 kilometers an hour.	最高速度は時速50キロです。	noun	5	3	""[""""最大"""",""""最小"""",""""平均"""",""""合計"""",""""結果""""]""	""[""""maximum"""",""""minimum"""",""""average"""",""""total"""",""""result""""]""	""[""""maximum"""",""""minimum"""",""""museum"""",""""medium"""",""""moment""""]""	""[{""""word"""":""""greatest"""",""""note"""":""""形容詞として近い""""}]""	""[{""""word"""":""""minimum"""",""""note"""":""""最小""""}]"""
400678	4	majority	大多数	most of the people or things in a group	The majority of students came by bus.	大多数の生徒はバスで来ました。	noun	5	3	""[""""大多数"""",""""少数"""",""""半分"""",""""全体"""",""""一部""""]""	""[""""majority"""",""""minority"""",""""half"""",""""whole"""",""""part""""]""	""[""""majority"""",""""memory"""",""""material"""",""""security"""",""""community""""]""	""[{""""word"""":""""most"""",""""note"""":""""より基本的な語""""}]""	""[{""""word"""":""""minority"""",""""note"""":""""少数""""}]"""
400679	4	volcano	火山	a mountain that can send out fire, ash, and hot rock	We saw a volcano on the island.	私たちはその島で火山を見ました。	noun	4	3	""[""""火山"""",""""砂漠"""",""""氷河"""",""""滝"""",""""洞窟""""]""	""[""""volcano"""",""""desert"""",""""glacier"""",""""waterfall"""",""""cave""""]""	""[""""volcano"""",""""balcony"""",""""holiday"""",""""visitor"""",""""volunteer""""]""	[]	[]"
400680	4	swing	揺れる	to move back and forth	The door began to swing in the wind.	そのドアは風で揺れ始めました。	verb	4	4	""[""""揺れる"""",""""落ちる"""",""""回る"""",""""押す"""",""""運ぶ""""]""	""[""""swing"""",""""fall"""",""""turn"""",""""push"""",""""carry""""]""	""[""""swing"""",""""swim"""",""""sing"""",""""thing"""",""""sweet""""]""	""[{""""word"""":""""move"""",""""note"""":""""より広い意味の基本語""""},{""""word"""":""""rock"""",""""note"""":""""前後に揺れる感じ""""}]""	""[{""""word"""":""""stay"""",""""note"""":""""動かずそのままでいる""""}]"""
400681	4	impress	感心させる	to make someone feel respect or admiration	Her speech impressed the students.	彼女のスピーチは生徒たちを感心させました。	verb	5	3	""[""""感心させる"""",""""驚かせる"""",""""助ける"""",""""招待する"""",""""許す""""]""	""[""""impress"""",""""surprise"""",""""help"""",""""invite"""",""""forgive""""]""	""[""""impress"""",""""improve"""",""""import"""",""""image"""",""""express""""]""	[]	[]"
400682	4	roll	転がる	to move by turning over and over	The ball began to roll down the hill.	そのボールは丘を転がり始めた。	verb	4	4	""[""""転がる"""",""""跳ぶ"""",""""押す"""",""""運ぶ"""",""""落とす""""]""	""[""""roll"""",""""jump"""",""""push"""",""""carry"""",""""drop""""]""	""[""""roll"""",""""road"""",""""rope"""",""""rule"""",""""row""""]""	""[{""""word"""":""""turn"""",""""note"""":""""回る・向きを変える意味で近い""""}]""	""[{""""word"""":""""stop"""",""""note"""":""""動きが止まる""""}]"""
400683	4	transfer	移す	to move something from one place to another	Please transfer the file to my computer.	そのファイルを私のコンピューターに移してください。	verb	5	3	""[""""移す"""",""""集める"""",""""選ぶ"""",""""比べる"""",""""数える""""]""	""[""""transfer"""",""""collect"""",""""choose"""",""""compare"""",""""count""""]""	""[""""transfer"""",""""transform"""",""""translate"""",""""traffic"""",""""travel""""]""	""[{""""word"""":""""move"""",""""note"""":""""より基本的な語""""}]""	[]"
400684	4	motion	動き	movement of a person or thing	The robot can detect motion in the room.	そのロボットは部屋の中の動きを感知できます。	noun	4	3	""[""""動き"""",""""音"""",""""光"""",""""形"""",""""色""""]""	""[""""motion"""",""""sound"""",""""light"""",""""shape"""",""""color""""]""	""[""""motion"""",""""ocean"""",""""notion"""",""""nation"""",""""lotion""""]""	""[{""""word"""":""""movement"""",""""note"""":""""より一般的な語""""}]""	""[{""""word"""":""""stillness"""",""""note"""":""""動きがないこと""""}]"""
400685	4	immigrant	移民	a person who comes to live in another country	The city welcomed many immigrant families.	その都市は多くの移民の家族を歓迎しました。	noun	5	3	""[""""移民"""",""""旅行者"""",""""住民"""",""""農家"""",""""労働者""""]""	""[""""immigrant"""",""""traveler"""",""""resident"""",""""farmer"""",""""worker""""]""	""[""""immigrant"""",""""important"""",""""elegant"""",""""ignorant"""",""""immature""""]""	[]	""[{""""word"""":""""emigrant"""",""""note"""":""""出て行く側の語""""}]"""
400686	4	progress	進歩	movement toward a better or more complete state	She made good progress in English this year.	彼女は今年、英語でよい進歩をしました。	noun	4	4	""[""""進歩"""",""""失敗"""",""""計画"""",""""経験"""",""""努力""""]""	""[""""progress"""",""""failure"""",""""plan"""",""""experience"""",""""effort""""]""	""[""""progress"""",""""project"""",""""promise"""",""""process"""",""""program""""]""	""[{""""word"""":""""advance"""",""""note"""":""""前進という意味で近い""""}]""	""[{""""word"""":""""decline"""",""""note"""":""""悪くなること""""},{""""word"""":""""failure"""",""""note"""":""""うまくいかないこと""""}]"""
400687	4	transport	輸送する	to move people or things from one place to another	Trucks transport food to the city.	トラックは町へ食べ物を輸送する。	verb	4	3	""[""""輸送する"""",""""建てる"""",""""集める"""",""""洗う"""",""""選ぶ""""]""	""[""""transport"""",""""build"""",""""collect"""",""""wash"""",""""choose""""]""	""[""""transport"""",""""translate"""",""""transfer"""",""""transit"""",""""support""""]""	""[{""""word"""":""""carry"""",""""note"""":""""物を運ぶ基本語""""},{""""word"""":""""move"""",""""note"""":""""より広い意味で動かす""""}]""	[]"
400688	4	obligation	義務	something that you must do	We have an obligation to follow the rules.	私たちには規則に従う義務がある。	noun	5	2	""[""""義務"""",""""許可"""",""""提案"""",""""習慣"""",""""意見""""]""	""[""""obligation"""",""""permission"""",""""suggestion"""",""""habit"""",""""opinion""""]""	""[""""obligation"""",""""operation"""",""""observation"""",""""organization"""",""""occupation""""]""	""[{""""word"""":""""duty"""",""""note"""":""""より基本的な語""""}]""	""[{""""word"""":""""choice"""",""""note"""":""""しなければならないことではなく選択""""}]"""
400689	4	require	必要とする	to need something	This job will require a lot of time.	この仕事は多くの時間を必要とするでしょう。	verb	4	3	""[""""必要とする"""",""""選ぶ"""",""""運ぶ"""",""""隠す"""",""""壊す""""]""	""[""""require"""",""""choose"""",""""carry"""",""""hide"""",""""break""""]""	""[""""require"""",""""reply"""",""""request"""",""""retire"""",""""rewind""""]""	""[{""""word"""":""""need"""",""""note"""":""""より基本的な語""""}]""	[]"
400690	4	organic	有機の	grown or made without many chemicals	My mother buys organic vegetables.	母は有機の野菜を買います。	adjective	5	2	""[""""有機の"""",""""人工の"""",""""甘い"""",""""乾いた"""",""""深い""""]""	""[""""organic"""",""""artificial"""",""""sweet"""",""""dry"""",""""deep""""]""	""[""""organic"""",""""organ"""",""""orange"""",""""order"""",""""ordinary""""]""	[]	""[{""""word"""":""""artificial"""",""""note"""":""""人工の""""}]"""
400691	4	hunger	空腹	the feeling of needing food	Hunger kept him awake at night.	空腹で彼は夜眠れなかった。	noun	4	3	""[""""空腹"""",""""疲労"""",""""眠気"""",""""不安"""",""""痛み""""]""	""[""""hunger"""",""""fatigue"""",""""sleepiness"""",""""anxiety"""",""""pain""""]""	""[""""hunger"""",""""hunter"""",""""younger"""",""""hundred"""",""""anger""""]""	""[{""""word"""":""""starvation"""",""""note"""":""""より深刻な飢え""""}]""	""[{""""word"""":""""fullness"""",""""note"""":""""おなかがいっぱいの状態""""}]"""
400692	4	necessity	必要性	something that is needed	Money is a necessity for daily life.	お金は日常生活に必要なものです。	noun	5	2	""[""""必要性"""",""""可能性"""",""""重要性"""",""""便利さ"""",""""安全性""""]""	""[""""necessity"""",""""possibility"""",""""importance"""",""""convenience"""",""""safety""""]""	""[""""necessity"""",""""electricity"""",""""activity"""",""""curiosity"""",""""university""""]""	""[{""""word"""":""""need"""",""""note"""":""""より基本的な語""""}]""	[]"
400693	4	owe	借りがある	to need to pay or give something back	I owe my friend ten dollars.	私は友だちに10ドル借りがある。	verb	4	3	""[""""借りがある"""",""""支払う"""",""""稼ぐ"""",""""集める"""",""""失う""""]""	""[""""owe"""",""""pay"""",""""earn"""",""""collect"""",""""lose""""]""	""[""""owe"""",""""open"""",""""old"""",""""over"""",""""only""""]""	""[{""""word"""":""""be in debt"""",""""note"""":""""お金を借りている状態""""}]""	""[{""""word"""":""""repay"""",""""note"""":""""借りたものを返す""""}]"""
400694	4	vital	不可欠な	very important or necessary	Water is vital for life.	水は生命にとって不可欠だ。	adjective	4	3	""[""""不可欠な"""",""""危険な"""",""""便利な"""",""""静かな"""",""""有名な""""]""	""[""""vital"""",""""dangerous"""",""""useful"""",""""quiet"""",""""famous""""]""	""[""""vital"""",""""final"""",""""title"""",""""vinyl"""",""""rival""""]""	""[{""""word"""":""""essential"""",""""note"""":""""よりフォーマルだが近い意味""""}]""	""[{""""word"""":""""unnecessary"""",""""note"""":""""必要でない""""}]"""
400695	4	original	独自の	new and different from others	She has an original idea.	彼女は独自の考えを持っている。	adjective	4	4	""[""""独自の"""",""""普通の"""",""""簡単な"""",""""安全な"""",""""正直な""""]""	""[""""original"""",""""normal"""",""""easy"""",""""safe"""",""""honest""""]""	""[""""original"""",""""ordinary"""",""""orange"""",""""organ"""",""""regional""""]""	""[{""""word"""":""""unique"""",""""note"""":""""他にないという意味で近い""""}]""	""[{""""word"""":""""common"""",""""note"""":""""ありふれた""""}]"""
400696	4	discovery	発見	the act of finding something new	The discovery changed science.	その発見は科学を変えた。	noun	4	3	""[""""発見"""",""""発明"""",""""計画"""",""""会話"""",""""努力""""]""	""[""""discovery"""",""""invention"""",""""plan"""",""""conversation"""",""""effort""""]""	""[""""discovery"""",""""discuss"""",""""distance"""",""""delivery"""",""""history""""]""	""[{""""word"""":""""finding"""",""""note"""":""""見つけたことという意味で近い""""}]""	[]"
400697	4	reporter	記者	a person who writes or talks about news	The reporter asked the player some questions.	その記者はその選手にいくつか質問をした。	noun	4	3	""[""""記者"""",""""画家"""",""""医者"""",""""教師"""",""""俳優""""]""	""[""""reporter"""",""""painter"""",""""doctor"""",""""teacher"""",""""actor""""]""	""[""""reporter"""",""""supporter"""",""""writer"""",""""reader"""",""""visitor""""]""	""[{""""word"""":""""journalist"""",""""note"""":""""newsを書く人のやや一般的な語""""}]""	[]"
400698	4	journalism	報道	the work of collecting and writing news	She wants to study journalism in college.	彼女は大学で報道を学びたいと思っている。	noun	5	2	""[""""報道"""",""""教育"""",""""農業"""",""""音楽"""",""""科学""""]""	""[""""journalism"""",""""education"""",""""farming"""",""""music"""",""""science""""]""	""[""""journalism"""",""""tourism"""",""""organism"""",""""journal"""",""""general""""]""	[]	[]"
400699	4	attractive	魅力的な	pleasant and interesting; good to look at	The city is attractive to many tourists.	その都市は多くの観光客にとって魅力的だ。	adjective	4	3	""[""""魅力的な"""",""""危険な"""",""""静かな"""",""""有名な"""",""""親切な""""]""	""[""""attractive"""",""""dangerous"""",""""quiet"""",""""famous"""",""""kind""""]""	""[""""attractive"""",""""active"""",""""electric"""",""""creative"""",""""attic""""]""	""[{""""word"""":""""appealing"""",""""note"""":""""ややフォーマルだが近い意味""""}]""	""[{""""word"""":""""unattractive"""",""""note"""":""""魅力がない""""}]"""
400700	4	pleasant	楽しい	nice and enjoyable	We had a pleasant time at the park.	私たちは公園で楽しい時間を過ごしました。	adjective	4	3	""[""""楽しい"""",""""退屈な"""",""""危険な"""",""""静かな"""",""""有名な""""]""	""[""""pleasant"""",""""boring"""",""""dangerous"""",""""quiet"""",""""famous""""]""	""[""""pleasant"""",""""present"""",""""peasant"""",""""please"""",""""planet""""]""	""[{""""word"""":""""nice"""",""""note"""":""""より基本的で広い意味""""},{""""word"""":""""enjoyable"""",""""note"""":""""楽しいと感じること""""}]""	""[{""""word"""":""""unpleasant"""",""""note"""":""""不快な""""},{""""word"""":""""boring"""",""""note"""":""""つまらない""""}]"""
400701	4	charm	魅力	a special quality that makes people like someone or something	The small town has a lot of charm.	その小さな町にはたくさんの魅力があります。	noun	4	3	""[""""魅力"""",""""勇気"""",""""方法"""",""""習慣"""",""""景色""""]""	""[""""charm"""",""""courage"""",""""method"""",""""habit"""",""""view""""]""	""[""""charm"""",""""chart"""",""""farm"""",""""calm"""",""""sharp""""]""	""[{""""word"""":""""appeal"""",""""note"""":""""人を引きつける力""""},{""""word"""":""""attraction"""",""""note"""":""""魅力という意味で使う""""}]""	[]"
400702	4	naked	裸の	not wearing any clothes	The baby was naked after the bath.	その赤ちゃんはおふろの後で裸でした。	adjective	4	2	""[""""裸の"""",""""ぬれた"""",""""寒い"""",""""危ない"""",""""空の""""]""	""[""""naked"""",""""wet"""",""""cold"""",""""dangerous"""",""""empty""""]""	""[""""naked"""",""""wicked"""",""""necked"""",""""maker"""",""""nature""""]""	""[{""""word"""":""""bare"""",""""note"""":""""文脈によっては裸の意味""""}]""	""[{""""word"""":""""dressed"""",""""note"""":""""服を着た""""}]"""
400703	4	famine	飢きん	a time when many people do not have enough food	The long war caused a famine in the country.	長い戦争がその国に飢きんを引き起こした。	noun	4	2	""[""""飢きん"""",""""洪水"""",""""干ばつ"""",""""地震"""",""""疫病""""]""	""[""""famine"""",""""flood"""",""""drought"""",""""earthquake"""",""""disease""""]""	""[""""famine"""",""""family"""",""""famous"""",""""female"""",""""farmer""""]""	[]	[]"
400704	4	useless	役に立たない	not helpful or not useful	This old key is useless now.	この古い鍵は今では役に立たない。	adjective	3	3	""[""""役に立たない"""",""""危険な"""",""""必要な"""",""""便利な"""",""""重い""""]""	""[""""useless"""",""""dangerous"""",""""necessary"""",""""useful"""",""""heavy""""]""	""[""""useless"""",""""useful"""",""""user"""",""""usual"""",""""unit""""]""	""[{""""word"""":""""worthless"""",""""note"""":""""価値がないという意味が強い""""}]""	""[{""""word"""":""""useful"""",""""note"""":""""役に立つ""""}]"""
400705	4	despair	絶望	a feeling that there is no hope	He felt despair after the bad news.	彼はその悪い知らせのあと絶望を感じた。	noun	4	2	""[""""絶望"""",""""希望"""",""""怒り"""",""""不安"""",""""喜び""""]""	""[""""despair"""",""""hope"""",""""anger"""",""""fear"""",""""joy""""]""	""[""""despair"""",""""desert"""",""""deserve"""",""""display"""",""""repair""""]""	[]	""[{""""word"""":""""hope"""",""""note"""":""""希望という反対の気持ち""""}]"""
400706	4	unemployed	失業している	without a job	He has been unemployed for six months.	彼は6か月間失業している。	adjective	4	3	""[""""失業している"""",""""忙しい"""",""""有名な"""",""""病気の"""",""""裕福な""""]""	""[""""unemployed"""",""""employed"""",""""retired"""",""""famous"""",""""busy""""]""	""[""""unemployed"""",""""employed"""",""""annoyed"""",""""avoided"""",""""enjoyed""""]""	""[{""""word"""":""""jobless"""",""""note"""":""""よりやや日常的""""}]""	""[{""""word"""":""""employed"""",""""note"""":""""仕事がある""""}]"""
400707	4	perfect	完璧な	having no mistakes	Your answer is perfect.	あなたの答えは完璧です。	adjective	3	4	""[""""完璧な"""",""""簡単な"""",""""重要な"""",""""静かな"""",""""危険な""""]""	""[""""perfect"""",""""simple"""",""""important"""",""""quiet"""",""""dangerous""""]""	""[""""perfect"""",""""purpose"""",""""person"""",""""project"""",""""present""""]""	""[{""""word"""":""""ideal"""",""""note"""":""""理想的なという意味で近い""""}]""	""[{""""word"""":""""imperfect"""",""""note"""":""""完璧でない""""}]"""
400708	4	smoothly	順調に	in an easy and successful way	The meeting went smoothly.	会議は順調に進んだ。	adverb	4	3	""[""""順調に"""",""""静かに"""",""""突然"""",""""慎重に"""",""""ゆっくり""""]""	""[""""smoothly"""",""""quietly"""",""""suddenly"""",""""carefully"""",""""slowly""""]""	""[""""smoothly"""",""""softly"""",""""slowly"""",""""sweetly"""",""""smartly""""]""	""[{""""word"""":""""easily"""",""""note"""":""""より広い意味で近い""""}]""	""[{""""word"""":""""roughly"""",""""note"""":""""スムーズでなく""""}]"""
400709	4	vain	うぬぼれた	too proud of your looks or abilities	He is too vain about his looks.	彼は自分の見た目をうぬぼれている。	adjective	4	2	""[""""うぬぼれた"""",""""親切な"""",""""正直な"""",""""勇敢な"""",""""静かな""""]""	""[""""vain"""",""""kind"""",""""honest"""",""""brave"""",""""quiet""""]""	""[""""vain"""",""""main"""",""""rain"""",""""lane"""",""""name""""]""	""[{""""word"""":""""proud"""",""""note"""":""""よい意味でも使うが、vain は悪い意味が強い""""}]""	""[{""""word"""":""""modest"""",""""note"""":""""謙虚な""""}]"""
400710	4	regular	規則的な	happening in the same way or at the same time	She goes for a regular walk every morning.	彼女は毎朝規則的に散歩に行く。	adjective	3	4	""[""""規則的な"""",""""危険な"""",""""有名な"""",""""必要な"""",""""簡単な""""]""	""[""""regular"""",""""dangerous"""",""""famous"""",""""necessary"""",""""easy""""]""	""[""""regular"""",""""popular"""",""""particular"""",""""similar"""",""""visitor""""]""	""[{""""word"""":""""usual"""",""""note"""":""""ふつうの、いつもの""""},{""""word"""":""""normal"""",""""note"""":""""標準的なという意味で近い""""}]""	""[{""""word"""":""""irregular"""",""""note"""":""""不規則な""""}]"""
400711	4	typical	典型的な	having the usual features of a kind of person or thing	This is a typical example of his work.	これは彼の作品の典型的な例です。	adjective	4	3	""[""""典型的な"""",""""特別な"""",""""安全な"""",""""静かな"""",""""正確な""""]""	""[""""typical"""",""""special"""",""""safe"""",""""quiet"""",""""exact""""]""	""[""""typical"""",""""difficult"""",""""physical"""",""""digital"""",""""musical""""]""	""[{""""word"""":""""usual"""",""""note"""":""""ふつうのという意味で近い""""},{""""word"""":""""normal"""",""""note"""":""""標準的なという意味で近い""""}]""	""[{""""word"""":""""unusual"""",""""note"""":""""普通ではない""""},{""""word"""":""""special"""",""""note"""":""""特別な""""}]"""
400712	4	standard	標準の	usual or accepted as normal	This is the standard size for the class uniform.	これはクラスの制服の標準サイズです。	adjective	4	3	""[""""標準の"""",""""平均の"""",""""普通の"""",""""特別な"""",""""重要な""""]""	""[""""standard"""",""""average"""",""""ordinary"""",""""special"""",""""important""""]""	""[""""standard"""",""""started"""",""""student"""",""""stand"""",""""stayed""""]""	""[{""""word"""":""""normal"""",""""note"""":""""ふつうであることを表す""""},{""""word"""":""""usual"""",""""note"""":""""いつもの、一般的な""""}]""	""[{""""word"""":""""special"""",""""note"""":""""特別な""""},{""""word"""":""""unusual"""",""""note"""":""""ふつうではない""""}]"""
400713	4	average	平均の	usual when numbers are added and divided	The average score was seventy points.	平均点は70点でした。	adjective	4	4	""[""""平均の"""",""""標準の"""",""""普通の"""",""""最低の"""",""""最高の""""]""	""[""""average"""",""""standard"""",""""ordinary"""",""""lowest"""",""""highest""""]""	""[""""average"""",""""village"""",""""message"""",""""manage"""",""""damage""""]""	""[{""""word"""":""""standard"""",""""note"""":""""標準的という意味で近い""""}]""	""[{""""word"""":""""highest"""",""""note"""":""""最も高い""""},{""""word"""":""""lowest"""",""""note"""":""""最も低い""""}]"""
400714	4	ordinary	普通の	not special or unusual	It was just an ordinary day at school.	それは学校でのただの普通の日でした。	adjective	4	3	""[""""普通の"""",""""平均の"""",""""標準の"""",""""特別な"""",""""有名な""""]""	""[""""ordinary"""",""""average"""",""""standard"""",""""special"""",""""famous""""]""	""[""""ordinary"""",""""order"""",""""orange"""",""""already"""",""""organ""""]""	""[{""""word"""":""""normal"""",""""note"""":""""ふつうの""""},{""""word"""":""""usual"""",""""note"""":""""いつもの、ありふれた""""}]""	""[{""""word"""":""""special"""",""""note"""":""""特別な""""},{""""word"""":""""unusual"""",""""note"""":""""普通ではない""""}]"""
400715	4	passive	受け身の	not active or not taking action	He was passive in the discussion.	彼はその話し合いで受け身だった。	adjective	4	3	""[""""受け身の"""",""""積極的な"""",""""慎重な"""",""""静かな"""",""""正直な""""]""	""[""""passive"""",""""active"""",""""careful"""",""""quiet"""",""""honest""""]""	""[""""passive"""",""""massive"""",""""basic"""",""""pencil"""",""""practice""""]""	""[{""""word"""":""""inactive"""",""""note"""":""""行動しないという意味で近い""""}]""	""[{""""word"""":""""active"""",""""note"""":""""自分から行動する""""}]"""
400716	4	partly	部分的に	in part, not completely	The road was partly covered with snow.	その道路は雪で部分的におおわれていた。	adverb	4	4	""[""""部分的に"""",""""完全に"""",""""静かに"""",""""急に"""",""""簡単に""""]""	""[""""partly"""",""""completely"""",""""quietly"""",""""suddenly"""",""""easily""""]""	""[""""partly"""",""""party"""",""""hardly"""",""""poorly"""",""""brightly""""]""	""[{""""word"""":""""partially"""",""""note"""":""""ややかたいがほぼ同じ意味""""}]""	""[{""""word"""":""""completely"""",""""note"""":""""全部という意味""""}]"""
400717	4	unconscious	意識がない	not awake or aware	He was unconscious after the accident.	彼はその事故のあと意識がなかった。	adjective	5	3	""[""""意識がない"""",""""眠っている"""",""""元気な"""",""""安全な"""",""""空腹の""""]""	""[""""unconscious"""",""""asleep"""",""""healthy"""",""""safe"""",""""hungry""""]""	""[""""unconscious"""",""""uncommon"""",""""uncertain"""",""""understand"""",""""unhappy""""]""	[]	""[{""""word"""":""""conscious"""",""""note"""":""""意識がある""""}]"""
400718	4	ugly	みにくい	not beautiful or nice to look at	The old building looks ugly.	その古い建物はみにくく見えます。	adjective	4	4	""[""""みにくい"""",""""美しい"""",""""明るい"""",""""静かな"""",""""清潔な""""]""	""[""""ugly"""",""""pretty"""",""""bright"""",""""quiet"""",""""clean""""]""	""[""""ugly"""",""""eager"""",""""early"""",""""angry"""",""""under""""]""	""[{""""word"""":""""unattractive"""",""""note"""":""""ややかたい語""""}]""	""[{""""word"""":""""beautiful"""",""""note"""":""""見た目が美しい""""}]"""
400719	4	uneasy	不安な	worried or not relaxed	I felt uneasy before the test.	私はテストの前に不安でした。	adjective	5	3	""[""""不安な"""",""""安心した"""",""""元気な"""",""""静かな"""",""""親切な""""]""	""[""""uneasy"""",""""calm"""",""""cheerful"""",""""quiet"""",""""kind""""]""	""[""""uneasy"""",""""easy"""",""""busy"""",""""noisy"""",""""weekly""""]""	""[{""""word"""":""""nervous"""",""""note"""":""""緊張して不安な""""}]""	""[{""""word"""":""""calm"""",""""note"""":""""落ち着いた""""},{""""word"""":""""relaxed"""",""""note"""":""""力が抜けて安心した""""}]"""
400720	4	neglect	おろそかにする	to fail to give enough care or attention	Do not neglect your homework.	宿題をおろそかにしてはいけません。	verb	6	3	""[""""おろそかにする"""",""""大切にする"""",""""終える"""",""""集める"""",""""説明する""""]""	""[""""neglect"""",""""value"""",""""finish"""",""""collect"""",""""explain""""]""	""[""""neglect"""",""""connect"""",""""correct"""",""""collect"""",""""respect""""]""	[]	""[{""""word"""":""""care for"""",""""note"""":""""世話をする・大切にする""""}]"""
400721	4	vague	あいまいな	not clear or exact	His answer was too vague.	彼の答えはあいまいすぎた。	adjective	4	3	""[""""あいまいな"""",""""正確な"""",""""静かな"""",""""危険な"""",""""単純な""""]""	""[""""vague"""",""""exact"""",""""quiet"""",""""dangerous"""",""""simple""""]""	""[""""vague"""",""""bag"""",""""bake"""",""""lake"""",""""wake""""]""	""[{""""word"""":""""unclear"""",""""note"""":""""より直接的に「不明確な」""""}]""	""[{""""word"""":""""clear"""",""""note"""":""""はっきりした""""},{""""word"""":""""exact"""",""""note"""":""""正確な""""}]"""
400722	4	rare	まれな	not common and not often seen	Snow is rare in this town.	この町では雪はまれです。	adjective	3	4	""[""""まれな"""",""""普通の"""",""""高価な"""",""""静かな"""",""""安全な""""]""	""[""""rare"""",""""common"""",""""expensive"""",""""quiet"""",""""safe""""]""	""[""""rare"""",""""rail"""",""""rain"""",""""rate"""",""""care""""]""	""[{""""word"""":""""uncommon"""",""""note"""":""""やや説明的な類義語""""}]""	""[{""""word"""":""""common"""",""""note"""":""""よくある""""}]"""
400723	4	raw	生の	not cooked	Do not eat raw meat.	生の肉を食べてはいけません。	adjective	3	3	""[""""生の"""",""""熱い"""",""""甘い"""",""""固い"""",""""新鮮な""""]""	""[""""raw"""",""""hot"""",""""sweet"""",""""hard"""",""""fresh""""]""	""[""""raw"""",""""row"""",""""rock"""",""""wrong"""",""""road""""]""	""[{""""word"""":""""uncooked"""",""""note"""":""""料理していない""""}]""	""[{""""word"""":""""cooked"""",""""note"""":""""調理された""""}]"""
400724	4	shortage	不足	a situation in which there is not enough of something	There is a water shortage in the town.	その町では水が不足している。	noun	4	3	""[""""不足"""",""""増加"""",""""節約"""",""""配達"""",""""汚染""""]""	""[""""shortage"""",""""increase"""",""""saving"""",""""delivery"""",""""pollution""""]""	""[""""shortage"""",""""storage"""",""""shorten"""",""""shortly"""",""""short""""]""	""[{""""word"""":""""lack"""",""""note"""":""""より基本的な語""""}]""	""[{""""word"""":""""surplus"""",""""note"""":""""余ること""""}]"""
400725	4	unreasonable	理不尽な	not fair or sensible	That rule is unreasonable.	その規則は理不尽だ。	adjective	4	2	""[""""理不尽な"""",""""親切な"""",""""静かな"""",""""正直な"""",""""有名な""""]""	""[""""unreasonable"""",""""kind"""",""""quiet"""",""""honest"""",""""famous""""]""	""[""""unreasonable"""",""""uncertain"""",""""unusual"""",""""unhappy"""",""""unable""""]""	""[{""""word"""":""""unfair"""",""""note"""":""""fair ではない""""}]""	""[{""""word"""":""""reasonable"""",""""note"""":""""筋が通っている""""}]"""
400726	4	nearby	近くの	not far away	We found a nearby park.	私たちは近くの公園を見つけた。	adjective	3	4	""[""""近くの"""",""""遠くの"""",""""静かな"""",""""安全な"""",""""有名な""""]""	""[""""nearby"""",""""distant"""",""""quiet"""",""""safe"""",""""famous""""]""	""[""""nearby"""",""""nearly"""",""""nervous"""",""""narrow"""",""""neighbor""""]""	""[{""""word"""":""""close"""",""""note"""":""""場所が近い""""}]""	""[{""""word"""":""""distant"""",""""note"""":""""遠くの""""}]"""
400727	4	uncomfortable	不快な	not feeling good or relaxed	These shoes are uncomfortable.	この靴は不快です。	adjective	4	3	""[""""不快な"""",""""快適な"""",""""危険な"""",""""静かな"""",""""便利な""""]""	""[""""uncomfortable"""",""""comfortable"""",""""dangerous"""",""""quiet"""",""""useful""""]""	""[""""uncomfortable"""",""""comfortable"""",""""unfair"""",""""uncertain"""",""""understand""""]""	""[{""""word"""":""""uneasy"""",""""note"""":""""少し落ち着かない感じ""""}]""	""[{""""word"""":""""comfortable"""",""""note"""":""""心地よい""""}]"""
400728	4	exception	例外	something that does not follow a rule	Everyone came except Tom, and he was the only exception.	トム以外はみんな来て、彼だけが例外でした。	noun	5	3	""[""""例外"""",""""規則"""",""""意見"""",""""結果"""",""""方法""""]""	""[""""exception"""",""""rule"""",""""opinion"""",""""result"""",""""method""""]""	""[""""exception"""",""""expression"""",""""attention"""",""""direction"""",""""question""""]""	[]	[]"
400729	4	temporary	一時的な	lasting for only a short time	We stayed in a temporary house.	私たちは一時的な家に住みました。	adjective	4	3	""[""""一時的な"""",""""永続的な"""",""""重要な"""",""""静かな"""",""""安全な""""]""	""[""""temporary"""",""""permanent"""",""""important"""",""""quiet"""",""""safe""""]""	""[""""temporary"""",""""ordinary"""",""""memory"""",""""temperature"""",""""secretary""""]""	""[{""""word"""":""""short-term"""",""""note"""":""""期間が短い""""}]""	""[{""""word"""":""""permanent"""",""""note"""":""""永久的な""""}]"""
400730	4	innocent	無実の	not guilty of a crime or bad action	The police found him innocent.	警察は彼が無実だと分かった。	adjective	4	3	""[""""無実の"""",""""有罪の"""",""""正直な"""",""""危険な"""",""""静かな""""]""	""[""""innocent"""",""""guilty"""",""""honest"""",""""dangerous"""",""""quiet""""]""	""[""""innocent"""",""""incident"""",""""ancient"""",""""instant"""",""""inside""""]""	""[{""""word"""":""""not guilty"""",""""note"""":""""犯罪について「無実の」""""}]""	""[{""""word"""":""""guilty"""",""""note"""":""""罪がある""""}]"""
400731	4	spare	取っておく	to keep something for later use	Please spare some time for me.	私のために少し時間を取っておいてください。	verb	4	3	""[""""取っておく"""",""""借りる"""",""""失う"""",""""選ぶ"""",""""運ぶ""""]""	""[""""spare"""",""""borrow"""",""""lose"""",""""choose"""",""""carry""""]""	""[""""spare"""",""""square"""",""""spear"""",""""spell"""",""""sport""""]""	""[{""""word"""":""""save"""",""""note"""":""""後で使うために取っておく""""}]""	[]"
400732	4	lack	不足	not having enough of something	There is a lack of water in the town.	その町では水が不足している。	noun	4	4	""[""""不足"""",""""増加"""",""""変化"""",""""成功"""",""""人気""""]""	""[""""lack"""",""""increase"""",""""change"""",""""success"""",""""popularity""""]""	""[""""lack"""",""""luck"""",""""lock"""",""""back"""",""""lake""""]""	""[{""""word"""":""""shortage"""",""""note"""":""""必要なものが足りないこと""""}]""	""[{""""word"""":""""enough"""",""""note"""":""""十分な量""""}]"""
400733	4	unaware	気づいていない	not knowing about something	I was unaware of the change.	私はその変化に気づいていなかった。	adjective	4	3	""[""""気づいていない"""",""""驚いている"""",""""満足している"""",""""準備ができている"""",""""退屈している""""]""	""[""""unaware"""",""""surprised"""",""""satisfied"""",""""ready"""",""""bored""""]""	""[""""unaware"""",""""under"""",""""unfair"""",""""awake"""",""""away""""]""	""[{""""word"""":""""not know"""",""""note"""":""""句として近い意味""""}]""	""[{""""word"""":""""aware"""",""""note"""":""""気づいている""""}]"""
400734	4	ignore	無視する	to pay no attention to someone or something	Don't ignore your teacher's advice.	先生の助言を無視してはいけません。	verb	4	4	""[""""無視する"""",""""受け入れる"""",""""説明する"""",""""選ぶ"""",""""守る""""]""	""[""""ignore"""",""""accept"""",""""explain"""",""""choose"""",""""obey""""]""	""[""""ignore"""",""""injure"""",""""indoor"""",""""invite"""",""""increase""""]""	[]	""[{""""word"""":""""notice"""",""""note"""":""""気づいて注意を向ける""""},{""""word"""":""""pay attention to"""",""""note"""":""""注意を向ける""""}]"""
400735	4	limited	限られた	not much in amount or number	We have limited time today.	今日は時間が限られている。	adjective	4	4	""[""""限られた"""",""""十分な"""",""""安全な"""",""""静かな"""",""""有名な""""]""	""[""""limited"""",""""enough"""",""""safe"""",""""quiet"""",""""famous""""]""	""[""""limited"""",""""lifted"""",""""lighted"""",""""visited"""",""""needed""""]""	""[{""""word"""":""""restricted"""",""""note"""":""""ややかたいが近い意味""""}]""	""[{""""word"""":""""unlimited"""",""""note"""":""""制限がない""""}]"""
400736	4	unnecessary	不必要な	not needed	This bag is unnecessary for the trip.	このかばんは旅行には不必要です。	adjective	4	3	""[""""不必要な"""",""""重要な"""",""""便利な"""",""""危険な"""",""""有名な""""]""	""[""""unnecessary"""",""""important"""",""""useful"""",""""dangerous"""",""""famous""""]""	""[""""unnecessary"""",""""necessary"""",""""unhappy"""",""""uncertain"""",""""understand""""]""	""[{""""word"""":""""needless"""",""""note"""":""""やや書き言葉で「不必要な」""""}]""	""[{""""word"""":""""necessary"""",""""note"""":""""「必要な」""""}]"""
400737	4	unusual	珍しい	different from what is usual	He wore an unusual hat to school.	彼は学校に珍しい帽子をかぶって行きました。	adjective	4	4	""[""""珍しい"""",""""普通の"""",""""静かな"""",""""簡単な"""",""""安全な""""]""	""[""""unusual"""",""""normal"""",""""quiet"""",""""easy"""",""""safe""""]""	""[""""unusual"""",""""usual"""",""""useful"""",""""union"""",""""music""""]""	""[{""""word"""":""""strange"""",""""note"""":""""「変わった」の意味で近い""""}]""	""[{""""word"""":""""usual"""",""""note"""":""""「いつもの、普通の」""""},{""""word"""":""""normal"""",""""note"""":""""「普通の」""""}]"""
400738	4	modest	謙虚な	not proud about yourself	She is modest about her success.	彼女は自分の成功について謙虚です。	adjective	4	3	""[""""謙虚な"""",""""正直な"""",""""活発な"""",""""親切な"""",""""勇敢な""""]""	""[""""modest"""",""""honest"""",""""active"""",""""kind"""",""""brave""""]""	""[""""modest"""",""""modern"""",""""model"""",""""moment"""",""""mother""""]""	""[{""""word"""":""""humble"""",""""note"""":""""modest と近く「謙虚な」""""}]""	""[{""""word"""":""""proud"""",""""note"""":""""「誇りに思う、得意な」""""}]"""
400739	4	unfair	不公平な	not right or equal	It is unfair to blame only him.	彼だけを責めるのは不公平です。	adjective	4	3	""[""""不公平な"""",""""危険な"""",""""静かな"""",""""正直な"""",""""便利な""""]""	""[""""unfair"""",""""unsafe"""",""""quiet"""",""""honest"""",""""useful""""]""	""[""""unfair"""",""""affair"""",""""until"""",""""unkind"""",""""awake""""]""	""[{""""word"""":""""unjust"""",""""note"""":""""やや硬い言い方""""}]""	""[{""""word"""":""""fair"""",""""note"""":""""公平な""""}]"""
400740	4	rough	荒い	not smooth or even	The road was rough after the rain.	雨のあと、その道は荒れていました。	adjective	4	3	""[""""荒い"""",""""深い"""",""""狭い"""",""""柔らかい"""",""""明るい""""]""	""[""""rough"""",""""deep"""",""""narrow"""",""""soft"""",""""bright""""]""	""[""""rough"""",""""roof"""",""""rock"""",""""rush"""",""""laugh""""]""	""[{""""word"""":""""coarse"""",""""note"""":""""表面や手ざわりが荒い""""}]""	""[{""""word"""":""""smooth"""",""""note"""":""""なめらかな""""}]"""
400741	4	uncertain	確かでない	not sure or not known clearly	The future is still uncertain.	未来はまだ確かではありません。	adjective	4	2	""[""""確かでない"""",""""安全な"""",""""有名な"""",""""十分な"""",""""静かな""""]""	""[""""uncertain"""",""""safe"""",""""famous"""",""""enough"""",""""quiet""""]""	""[""""uncertain"""",""""understand"""",""""entire"""",""""certainly"""",""""curtain""""]""	""[{""""word"""":""""unsure"""",""""note"""":""""自信がない感じ""""}]""	""[{""""word"""":""""certain"""",""""note"""":""""確かな""""}]"""
400742	4	neutral	中立の	not supporting either side	She stayed neutral in the argument.	彼女はその口論で中立の立場を保った。	adjective	4	3	""[""""中立の"""",""""積極的な"""",""""公平な"""",""""反対の"""",""""静かな""""]""	""[""""neutral"""",""""active"""",""""fair"""",""""opposite"""",""""quiet""""]""	""[""""neutral"""",""""natural"""",""""newspaper"""",""""usual"""",""""central""""]""	""[{""""word"""":""""fair"""",""""note"""":""""文脈によっては「公平な」""""}]""	""[{""""word"""":""""biased"""",""""note"""":""""一方にかたよった""""}]"""
400743	4	moderate	適度な	not too much or too little	We had moderate rain in the afternoon.	午後には適度な雨が降った。	adjective	4	3	""[""""適度な"""",""""激しい"""",""""弱い"""",""""急な"""",""""深い""""]""	""[""""moderate"""",""""heavy"""",""""weak"""",""""steep"""",""""deep""""]""	""[""""moderate"""",""""modern"""",""""model"""",""""motor"""",""""moment""""]""	""[{""""word"""":""""mild"""",""""note"""":""""より「穏やかな」の意味が強い""""}]""	""[{""""word"""":""""extreme"""",""""note"""":""""極端な""""}]"""
400744	4	unwilling	気が進まない	not wanting to do something	He was unwilling to answer the question.	彼はその質問に答えるのを気が進まなかった。	adjective	4	3	""[""""気が進まない"""",""""熱心な"""",""""準備ができた"""",""""心配した"""",""""驚いた""""]""	""[""""unwilling"""",""""eager"""",""""ready"""",""""worried"""",""""surprised""""]""	""[""""unwilling"""",""""winning"""",""""winding"""",""""warning"""",""""walking""""]""	""[{""""word"""":""""reluctant"""",""""note"""":""""ややかたいが近い意味""""}]""	""[{""""word"""":""""willing"""",""""note"""":""""進んでやる気がある""""}]"""
400745	4	tame	飼いならされた	not wild; used to living with people	The bird became tame after a few weeks.	その鳥は数週間後に人に慣れた。	adjective	4	2	""[""""飼いならされた"""",""""野生の"""",""""危険な"""",""""静かな"""",""""すばやい""""]""	""[""""tame"""",""""wild"""",""""calm"""",""""quick"""",""""brave""""]""	""[""""tame"""",""""time"""",""""team"""",""""take"""",""""name""""]""	""[{""""word"""":""""gentle"""",""""note"""":""""性質がおとなしいときに近い""""}]""	""[{""""word"""":""""wild"""",""""note"""":""""人に慣れていない""""}]"""
400746	4	perceive	気づく	to notice or understand something	We could perceive a light in the distance.	私たちは遠くに明かりがあるのに気づいた。	verb	5	2	""[""""気づく"""",""""隠す"""",""""運ぶ"""",""""拒む"""",""""借りる""""]""	""[""""perceive"""",""""hide"""",""""carry"""",""""refuse"""",""""borrow""""]""	""[""""perceive"""",""""receive"""",""""prepare"""",""""prefer"""",""""protect""""]""	""[{""""word"""":""""notice"""",""""note"""":""""より基本的な語""""}]""	""[{""""word"""":""""ignore"""",""""note"""":""""気づいても注意を向けない""""}]"""
400747	4	current	現在の	happening or used now	What is your current address?	あなたの現在の住所はどこですか。	adjective	4	4	""[""""現在の"""",""""以前の"""",""""将来の"""",""""重要な"""",""""安全な""""]""	""[""""current"""",""""previous"""",""""future"""",""""important"""",""""safe""""]""	""[""""current"""",""""correct"""",""""curtain"""",""""corner"""",""""careful""""]""	""[{""""word"""":""""present"""",""""note"""":""""current とほぼ同じ意味""""}]""	""[{""""word"""":""""previous"""",""""note"""":""""前の""""},{""""word"""":""""future"""",""""note"""":""""これからの""""}]"""
400748	4	religious	宗教の	related to religion	They visited a religious building in the city.	彼らはその町で宗教的な建物を訪れた。	adjective	4	2	""[""""宗教の"""",""""歴史の"""",""""伝統的な"""",""""文化の"""",""""政治の""""]""	""[""""religious"""",""""historical"""",""""traditional"""",""""cultural"""",""""political""""]""	""[""""religious"""",""""delicious"""",""""serious"""",""""previous"""",""""curious""""]""	[]	[]"
400749	4	domestic	国内の	related to one's own country or home	The airline offers many domestic flights.	その航空会社は多くの国内線を運航している。	adjective	4	3	""[""""国内の"""",""""海外の"""",""""地方の"""",""""公共の"""",""""私的な""""]""	""[""""domestic"""",""""foreign"""",""""local"""",""""public"""",""""private""""]""	""[""""domestic"""",""""dramatic"""",""""specific"""",""""fantastic"""",""""elastic""""]""	""[{""""word"""":""""local"""",""""note"""":""""地域の、という意味で近い""""}]""	""[{""""word"""":""""foreign"""",""""note"""":""""外国の""""}]"""
400750	4	royal	王室の	related to a king or queen	They visited the royal palace yesterday.	彼らは昨日その王宮を訪れた。	adjective	4	2	""[""""王室の"""",""""国民の"""",""""歴史的な"""",""""公式の"""",""""伝統的な""""]""	""[""""royal"""",""""national"""",""""historical"""",""""official"""",""""traditional""""]""	""[""""royal"""",""""rural"""",""""loyal"""",""""normal"""",""""moral""""]""	[]	[]"
400751	4	romantic	ロマンチックな	showing love or beautiful feelings	They had a romantic dinner by the sea.	彼らは海辺でロマンチックな夕食をとった。	adjective	4	3	""[""""ロマンチックな"""",""""現実的な"""",""""伝統的な"""",""""個人的な"""",""""基本的な""""]""	""[""""romantic"""",""""realistic"""",""""traditional"""",""""personal"""",""""basic""""]""	""[""""romantic"""",""""semantic"""",""""dramatic"""",""""gigantic"""",""""dynamic""""]""	""[{""""word"""":""""loving"""",""""note"""":""""愛情を表す意味で近い""""}]""	""[{""""word"""":""""realistic"""",""""note"""":""""空想的でなく現実的""""}]"""
400752	4	mechanical	機械の	relating to machines	He is interested in mechanical parts.	彼は機械の部品に興味がある。	adjective	5	2	""[""""機械の"""",""""電気の"""",""""化学の"""",""""医学の"""",""""自然の""""]""	""[""""mechanical"""",""""electrical"""",""""chemical"""",""""medical"""",""""natural""""]""	""[""""mechanical"""",""""medical"""",""""musical"""",""""practical"""",""""electrical""""]""	[]	[]"
400753	4	technical	技術的な	relating to special skills or knowledge	She gave a technical explanation of the machine.	彼女はその機械について技術的な説明をした。	adjective	5	3	""[""""技術的な"""",""""個人的な"""",""""歴史的な"""",""""政治的な"""",""""文化的な""""]""	""[""""technical"""",""""personal"""",""""historical"""",""""political"""",""""cultural""""]""	""[""""technical"""",""""typical"""",""""practical"""",""""chemical"""",""""tropical""""]""	""[{""""word"""":""""practical"""",""""note"""":""""文脈によっては近いが同義ではない""""}]""	[]"
400754	4	naval	海軍の	related to a country's navy	The city has a naval base.	その都市には海軍基地があります。	adjective	4	2	""[""""海軍の"""",""""陸の"""",""""空の"""",""""歴史の"""",""""医学の""""]""	""[""""naval"""",""""rural"""",""""aerial"""",""""historical"""",""""medical""""]""	""[""""naval"""",""""novel"""",""""label"""",""""noble"""",""""level""""]""	[]	[]"
400755	4	civil	市民の	related to ordinary people, not the military	They discussed civil rights in class.	彼らは授業で市民の権利について話し合いました。	adjective	4	3	""[""""市民の"""",""""軍の"""",""""自然の"""",""""個人の"""",""""公共の""""]""	""[""""civil"""",""""military"""",""""natural"""",""""private"""",""""public""""]""	""[""""civil"""",""""silver"""",""""simple"""",""""signal"""",""""sister""""]""	[]	[]"
400756	4	scientific	科学の	related to science	She did a scientific study of plants.	彼女は植物の科学的な研究をしました。	adjective	4	3	""[""""科学の"""",""""芸術の"""",""""音楽の"""",""""歴史の"""",""""言語の""""]""	""[""""scientific"""",""""artistic"""",""""musical"""",""""historical"""",""""linguistic""""]""	""[""""scientific"""",""""specific"""",""""significant"""",""""Pacific"""",""""athletic""""]""	""[{""""word"""":""""technical"""",""""note"""":""""やや技術寄りの語""""}]""	[]"
400757	4	military	軍の	related to soldiers or the army	He comes from a military family.	彼は軍人の家系の出身です。	adjective	4	3	""[""""軍の"""",""""医学の"""",""""農業の"""",""""工業の"""",""""音楽の""""]""	""[""""military"""",""""medical"""",""""agricultural"""",""""industrial"""",""""musical""""]""	""[""""military"""",""""mystery"""",""""million"""",""""memory"""",""""material""""]""	""[{""""word"""":""""army"""",""""note"""":""""noun; 軍隊という名詞""""}]""	""[{""""word"""":""""civilian"""",""""note"""":""""軍ではない人・民間の""""}]"""
400758	4	eastern	東の	in or from the east	The sun rose in the eastern sky.	太陽は東の空に昇った。	adjective	3	3	""[""""東の"""",""""西の"""",""""南の"""",""""北の"""",""""中央の""""]""	""[""""eastern"""",""""western"""",""""southern"""",""""northern"""",""""central""""]""	""[""""eastern"""",""""easy"""",""""eager"""",""""even"""",""""eating""""]""	[]	""[{""""word"""":""""western"""",""""note"""":""""西の""""}]"""
400759	4	mental	精神の	related to the mind	Reading is good for mental growth.	読書は精神の成長によい。	adjective	4	3	""[""""精神の"""",""""身体の"""",""""自然の"""",""""文化の"""",""""個人の""""]""	""[""""mental"""",""""physical"""",""""natural"""",""""cultural"""",""""personal""""]""	""[""""mental"""",""""metal"""",""""middle"""",""""medal"""",""""method""""]""	""[{""""word"""":""""psychological"""",""""note"""":""""ややかたい語""""}]""	""[{""""word"""":""""physical"""",""""note"""":""""身体の""""}]"""
400760	4	marine	海の	related to the sea	They studied marine animals at the aquarium.	彼らは水族館で海の動物を調べた。	adjective	4	3	""[""""海の"""",""""山の"""",""""川の"""",""""森の"""",""""砂漠の""""]""	""[""""marine"""",""""mountain"""",""""river"""",""""forest"""",""""desert""""]""	""[""""marine"""",""""machine"""",""""morning"""",""""main"""",""""money""""]""	""[{""""word"""":""""ocean"""",""""note"""":""""「海の」の意味で使うことがあるが、品詞は異なる""""}]""	[]"
400761	4	spiritual	精神の	related to the mind or spirit	Music gave her spiritual comfort.	音楽は彼女に精神的な安らぎを与えた。	adjective	5	2	""[""""精神の"""",""""身体の"""",""""自然の"""",""""社会の"""",""""個人の""""]""	""[""""spiritual"""",""""physical"""",""""natural"""",""""social"""",""""personal""""]""	""[""""spiritual"""",""""special"""",""""hospital"""",""""similar"""",""""spectacle""""]""	[]	""[{""""word"""":""""physical"""",""""note"""":""""心や精神ではなく体に関する""""}]"""
400762	4	southern	南の	in or from the south	They traveled to the southern island.	彼らは南の島へ旅行した。	adjective	4	3	""[""""南の"""",""""北の"""",""""東の"""",""""西の"""",""""中央の""""]""	""[""""southern"""",""""northern"""",""""eastern"""",""""western"""",""""central""""]""	""[""""southern"""",""""sudden"""",""""sister"""",""""summer"""",""""certain""""]""	[]	""[{""""word"""":""""northern"""",""""note"""":""""北の""""}]"""
400763	4	hold out	差し出す	to put something forward for someone	She held out her hand to me.	彼女は私に手を差し出した。	verb	4	3	""[""""差し出す"""",""""受け取る"""",""""隠す"""",""""落とす"""",""""運ぶ""""]""	""[""""hold out"""",""""receive"""",""""hide"""",""""drop"""",""""carry""""]""	""[""""hold out"""",""""hand out"""",""""sold out"""",""""hold on"""",""""call out""""]""	""[{""""word"""":""""offer"""",""""note"""":""""やや広い意味で「差し出す」""""}]""	""[{""""word"""":""""pull back"""",""""note"""":""""引っ込める""""}]"""
400764	4	secretary	秘書	a person who helps with office work for someone	My uncle works as a secretary in Tokyo.	私のおじは東京で秘書として働いています。	noun	4	4	""[""""秘書"""",""""店員"""",""""医者"""",""""画家"""",""""運転手""""]""	""[""""secretary"""",""""clerk"""",""""doctor"""",""""artist"""",""""driver""""]""	""[""""secretary"""",""""secondary"""",""""section"""",""""factory"""",""""salary""""]""	[]	[]"
400765	4	out of date	時代遅れの	old and not useful or popular now	This computer is out of date.	このコンピューターは時代遅れです。	adjective	4	3	""[""""時代遅れの"""",""""最新の"""",""""便利な"""",""""高価な"""",""""有名な""""]""	""[""""out of date"""",""""modern"""",""""useful"""",""""expensive"""",""""famous""""]""	""[""""out of date"""",""""out of place"""",""""up to date"""",""""out of town"""",""""out of time""""]""	""[{""""word"""":""""old-fashioned"""",""""note"""":""""古く見える感じ""""}]""	""[{""""word"""":""""modern"""",""""note"""":""""現代的な""""},{""""word"""":""""up-to-date"""",""""note"""":""""最新の""""}]"""
400766	4	myth	神話	an old story that is not true but is widely known	The story is only a myth.	その話はただの神話です。	noun	4	3	""[""""神話"""",""""伝説"""",""""歴史"""",""""事実"""",""""小説""""]""	""[""""myth"""",""""legend"""",""""history"""",""""fact"""",""""novel""""]""	""[""""myth"""",""""miss"""",""""mouth"""",""""math"""",""""month""""]""	[]	[]"
400767	4	primitive	原始的な	very simple and from an early stage of history	People used primitive tools long ago.	人々は昔、原始的な道具を使っていました。	adjective	5	2	""[""""原始的な"""",""""現代的な"""",""""単純な"""",""""伝統的な"""",""""野生の""""]""	""[""""primitive"""",""""modern"""",""""simple"""",""""traditional"""",""""wild""""]""	""[""""primitive"""",""""private"""",""""primary"""",""""positive"""",""""creative""""]""	""[{""""word"""":""""basic"""",""""note"""":""""より広く使う基本的な語""""}]""	""[{""""word"""":""""modern"""",""""note"""":""""現代の、今の時代の""""}]"""
400768	4	legend	伝説	an old and famous story from the past	This town has a famous legend.	この町には有名な伝説があります。	noun	4	3	""[""""伝説"""",""""神話"""",""""歴史"""",""""うわさ"""",""""物語""""]""	""[""""legend"""",""""myth"""",""""history"""",""""rumor"""",""""story""""]""	""[""""legend"""",""""lesson"""",""""lemon"""",""""letter"""",""""agent""""]""	""[{""""word"""":""""story"""",""""note"""":""""より広い意味の語""""}]""	[]"
400769	4	senior	年上の人	an older person or student	My senior helped me with my homework.	年上の先輩が私の宿題を手伝ってくれた。	noun	4	3	""[""""年上の人"""",""""同級生"""",""""先生"""",""""友達"""",""""後輩""""]""	""[""""senior"""",""""classmate"""",""""teacher"""",""""friend"""",""""junior""""]""	""[""""senior"""",""""singer"""",""""signal"""",""""sandal"""",""""simple""""]""	""[{""""word"""":""""older student"""",""""note"""":""""学校では「先輩」の意味で使うことがある""""}]""	""[{""""word"""":""""junior"""",""""note"""":""""年下の人、後輩""""}]"""
400770	4	unit	単位	one part of a larger whole	This book has six units.	この本には6つの単元がある。	noun	4	4	""[""""単位"""",""""部分"""",""""章"""",""""題名"""",""""表紙""""]""	""[""""unit"""",""""part"""",""""chapter"""",""""title"""",""""cover""""]""	""[""""unit"""",""""unique"""",""""union"""",""""usual"""",""""music""""]""	""[{""""word"""":""""part"""",""""note"""":""""より広い意味の「部分」""""}]""	[]"
400771	4	mere	ほんの	only a small amount or degree	It was a mere joke.	それはほんの冗談だった。	adjective	5	2	""[""""ほんの"""",""""完全な"""",""""重要な"""",""""深い"""",""""静かな""""]""	""[""""mere"""",""""full"""",""""important"""",""""deep"""",""""quiet""""]""	""[""""mere"""",""""near"""",""""meal"""",""""mail"""",""""moon""""]""	""[{""""word"""":""""only"""",""""note"""":""""文脈によって近い意味""""}]""	[]"
400772	4	unlock	鍵を開ける	to open something with a key	Can you unlock the door for me?	私のためにドアの鍵を開けてくれますか。	verb	4	3	""[""""鍵を開ける"""",""""鍵をかける"""",""""閉める"""",""""押す"""",""""運ぶ""""]""	""[""""unlock"""",""""lock"""",""""close"""",""""push"""",""""carry""""]""	""[""""unlock"""",""""unpack"""",""""unfair"""",""""until"""",""""upset""""]""	""[{""""word"""":""""open"""",""""note"""":""""広い意味で「開ける」""""}]""	""[{""""word"""":""""lock"""",""""note"""":""""鍵をかける""""}]"""
400773	4	comment	意見	something you say or write about something	She made a kind comment about my picture.	彼女は私の絵について親切な意見を言った。	noun	4	3	""[""""意見"""",""""質問"""",""""答え"""",""""約束"""",""""知らせ""""]""	""[""""comment"""",""""question"""",""""answer"""",""""promise"""",""""notice""""]""	""[""""comment"""",""""common"""",""""concert"""",""""connect"""",""""collect""""]""	""[{""""word"""":""""remark"""",""""note"""":""""やや書き言葉でも使う""""}]""	[]"
400774	4	command	命令	an order to tell someone what to do	The officer gave a clear command.	その士官ははっきりした命令を出した。	noun	5	2	""[""""命令"""",""""提案"""",""""質問"""",""""返事"""",""""説明""""]""	""[""""command"""",""""suggestion"""",""""question"""",""""reply"""",""""explanation""""]""	""[""""command"""",""""compare"""",""""complete"""",""""collect"""",""""concern""""]""	""[{""""word"""":""""order"""",""""note"""":""""より基本的な語""""}]""	[]"
400775	4	institute	機関	an organization for education or a special purpose	She works at a medical institute.	彼女は医療機関で働いています。	noun	4	3	""[""""機関"""",""""制度"""",""""設備"""",""""組織"""",""""研究所""""]""	""[""""institute"""",""""system"""",""""factory"""",""""company"""",""""college""""]""	""[""""institute"""",""""instead"""",""""instant"""",""""install"""",""""inspect""""]""	""[{""""word"""":""""organization"""",""""note"""":""""より広い意味の「組織」""""},{""""word"""":""""institution"""",""""note"""":""""やや一般的な言い方""""}]""	[]"
400776	4	system	制度	a set of rules or parts working together	Our school has a new system.	私たちの学校には新しい制度があります。	noun	3	5	""[""""制度"""",""""機関"""",""""方法"""",""""計画"""",""""装置""""]""	""[""""system"""",""""method"""",""""plan"""",""""device"""",""""program""""]""	""[""""system"""",""""sister"""",""""signal"""",""""simple"""",""""season""""]""	""[{""""word"""":""""method"""",""""note"""":""""やり方の意味で近い""""}]""	[]"
400777	4	opposite	反対の	completely different from something else	His opinion is opposite to mine.	彼の意見は私のものと反対です。	adjective	3	4	""[""""反対の"""",""""同じ"""",""""正しい"""",""""重要な"""",""""静かな""""]""	""[""""opposite"""",""""same"""",""""right"""",""""important"""",""""quiet""""]""	""[""""opposite"""",""""office"""",""""operate"""",""""option"""",""""optimist""""]""	[]	""[{""""word"""":""""same"""",""""note"""":""""同じという意味""""}]"""
400778	4	as a result	その結果	because of that	It rained all day, and as a result, the game was canceled.	一日中雨が降り、その結果、試合は中止になった。	adverb	4	3	""[""""その結果"""",""""たとえば"""",""""突然"""",""""少なくとも"""",""""実は""""]""	""[""""as a result"""",""""for example"""",""""suddenly"""",""""at least"""",""""in fact""""]""	""[""""as a result"""",""""as usual"""",""""as a rule"""",""""as we know"""",""""as you like""""]""	""[{""""word"""":""""therefore"""",""""note"""":""""ややかたい言い方""""}]""	[]"
400779	4	outdoor	屋外の	happening or used outside	We enjoyed an outdoor concert in the park.	私たちは公園で屋外コンサートを楽しんだ。	adjective	4	3	""[""""屋外の"""",""""屋内の"""",""""静かな"""",""""危険な"""",""""人気のある""""]""	""[""""outdoor"""",""""indoor"""",""""quiet"""",""""dangerous"""",""""popular""""]""	""[""""outdoor"""",""""older"""",""""order"""",""""owner"""",""""outside""""]""	[]	""[{""""word"""":""""indoor"""",""""note"""":""""屋内の""""}]"""
400780	4	outer	外側の	on the outside	The outer wall of the castle is very old.	その城の外側の壁はとても古い。	adjective	4	2	""[""""外側の"""",""""内側の"""",""""深い"""",""""重い"""",""""狭い""""]""	""[""""outer"""",""""inner"""",""""deep"""",""""heavy"""",""""narrow""""]""	""[""""outer"""",""""author"""",""""order"""",""""other"""",""""under""""]""	""[{""""word"""":""""outside"""",""""note"""":""""形容詞では outer が自然なことが多い""""}]""	""[{""""word"""":""""inner"""",""""note"""":""""内側の""""}]"""
400781	4	parcel	小包	a package sent by mail	I got a parcel from my aunt yesterday.	私は昨日、おばから小包をもらいました。	noun	4	3	""[""""小包"""",""""手紙"""",""""箱"""",""""封筒"""",""""荷物""""]""	""[""""parcel"""",""""letter"""",""""box"""",""""envelope"""",""""baggage""""]""	""[""""parcel"""",""""partial"""",""""pencil"""",""""purple"""",""""person""""]""	""[{""""word"""":""""package"""",""""note"""":""""より一般的な語""""}]""	[]"
400782	4	punishment	罰	something done to make a person suffer for doing wrong	The teacher gave him punishment for cheating.	先生はカンニングをした彼に罰を与えました。	noun	5	3	""[""""罰"""",""""賞"""",""""規則"""",""""責任"""",""""命令""""]""	""[""""punishment"""",""""reward"""",""""rule"""",""""duty"""",""""order""""]""	""[""""punishment"""",""""publish"""",""""public"""",""""polite"""",""""promise""""]""	[]	""[{""""word"""":""""reward"""",""""note"""":""""よい行いに対するもの""""}]"""
400783	4	trousers	ズボン	pants that cover each leg separately	He bought new trousers for school.	彼は学校用に新しいズボンを買いました。	noun	4	3	""[""""ズボン"""",""""シャツ"""",""""くつ"""",""""ぼうし"""",""""くつ下""""]""	""[""""trousers"""",""""shirt"""",""""shoes"""",""""hat"""",""""socks""""]""	""[""""trousers"""",""""brothers"""",""""travelers"""",""""trainers"""",""""trouble""""]""	""[{""""word"""":""""pants"""",""""note"""":""""主に米語で使う""""}]""	[]"
400784	4	document	書類	a paper or file with important information	Please read this document carefully.	この書類を注意して読んでください。	noun	4	3	""[""""書類"""",""""記事"""",""""手紙"""",""""写真"""",""""地図""""]""	""[""""document"""",""""article"""",""""letter"""",""""photo"""",""""map""""]""	""[""""document"""",""""dogument"""",""""doctor"""",""""comment"""",""""moment""""]""	""[{""""word"""":""""paper"""",""""note"""":""""日常的な言い方""""}]""	[]"
400785	4	chapter	章	one main part of a book	We read the first chapter in class.	私たちは授業で最初の章を読みました。	noun	4	3	""[""""章"""",""""表紙"""",""""題名"""",""""段落"""",""""ページ""""]""	""[""""chapter"""",""""cover"""",""""title"""",""""paragraph"""",""""page""""]""	""[""""chapter"""",""""capture"""",""""character"""",""""cheaper"""",""""chat""""]""	[]	[]"
400786	4	sector	部門	one part of an area, economy, or activity	The company is growing in the tech sector.	その会社は技術部門で成長しています。	noun	5	2	""[""""部門"""",""""地域"""",""""会社"""",""""制度"""",""""商品""""]""	""[""""sector"""",""""region"""",""""company"""",""""system"""",""""product""""]""	""[""""sector"""",""""section"""",""""seller"""",""""center"""",""""secret""""]""	""[{""""word"""":""""field"""",""""note"""":""""活動や仕事の分野""""}]""	[]"
400787	4	proportion	割合	the size or amount of one thing compared with another	A large proportion of the students walk to school.	生徒の大きな割合が歩いて学校に行きます。	noun	4	3	""[""""割合"""",""""部分"""",""""区画"""",""""量"""",""""合計""""]""	""[""""proportion"""",""""portion"""",""""section"""",""""amount"""",""""total""""]""	""[""""proportion"""",""""position"""",""""protection"""",""""promotion"""",""""production""""]""	""[{""""word"""":""""ratio"""",""""note"""":""""数や量の比較で使う""""}]""	[]"
400788	4	portion	一部	a part of something	She ate only a small portion of the cake.	彼女はケーキのほんの一部だけ食べました。	noun	3	4	""[""""一部"""",""""割合"""",""""区画"""",""""表面"""",""""中心""""]""	""[""""portion"""",""""proportion"""",""""section"""",""""surface"""",""""center""""]""	""[""""portion"""",""""motion"""",""""caution"""",""""option"""",""""ocean""""]""	""[{""""word"""":""""part"""",""""note"""":""""より基本的な語""""}]""	""[{""""word"""":""""whole"""",""""note"""":""""全体""""}]"""
400789	4	section	区画	one of the parts of something larger	This section of the book is easy to read.	本のこの区画は読みやすいです。	noun	3	4	""[""""区画"""",""""割合"""",""""一部"""",""""列"""",""""層""""]""	""[""""section"""",""""proportion"""",""""portion"""",""""row"""",""""layer""""]""	""[""""section"""",""""question"""",""""station"""",""""session"""",""""selection""""]""	""[{""""word"""":""""part"""",""""note"""":""""全体の中の一部分""""}]""	[]"
400790	4	celebrate	祝う	to do something special for a happy event	We celebrate her birthday every year.	私たちは毎年彼女の誕生日を祝います。	verb	3	3	""[""""祝う"""",""""集まる"""",""""準備する"""",""""訪れる"""",""""応援する""""]""	""[""""celebrate"""",""""gather"""",""""prepare"""",""""visit"""",""""support""""]""	""[""""celebrate"""",""""separate"""",""""decorate"""",""""generate"""",""""elevator""""]""	""[{""""word"""":""""enjoy"""",""""note"""":""""行事を楽しむ意味で近い""""}]""	[]"
400791	4	used to	以前は～した	did something often in the past, but not now	I used to play tennis after school.	私は以前、放課後にテニスをしていました。	verb	4	4	""[""""以前は～した"""",""""今まさに～している"""",""""これから～する予定だ"""",""""～したことがある"""",""""～しなければならない""""]""	""[""""used to"""",""""be doing"""",""""will"""",""""have done"""",""""must""""]""	""[""""used to"""",""""useful"""",""""music"""",""""student"""",""""usually""""]""	[]	[]"
400792	4	background	背景	the part behind the main thing in a picture or scene	The mountains are in the background of the picture.	その絵では山が背景にあります。	noun	4	3	""[""""背景"""",""""前景"""",""""景色"""",""""場面"""",""""壁""""]""	""[""""background"""",""""foreground"""",""""scenery"""",""""scene"""",""""wall""""]""	""[""""background"""",""""backyard"""",""""playground"""",""""blackboard"""",""""backpack""""]""	[]	[]"
400793	4	dive	飛び込む	to jump into water headfirst	He will dive into the pool.	彼はプールに飛び込みます。	verb	3	2	""[""""飛び込む"""",""""泳ぐ"""",""""浮かぶ"""",""""沈む"""",""""跳ぶ""""]""	""[""""dive"""",""""swim"""",""""float"""",""""sink"""",""""jump""""]""	""[""""dive"""",""""drive"""",""""five"""",""""live"""",""""side""""]""	[]	[]"
400794	4	rely	頼る	to need someone or something for help	You can rely on me.	私を頼っていいですよ。	verb	5	3	""[""""頼る"""",""""避ける"""",""""招く"""",""""比べる"""",""""運ぶ""""]""	""[""""rely"""",""""avoid"""",""""invite"""",""""compare"""",""""carry""""]""	""[""""rely"""",""""reply"""",""""relax"""",""""remain"""",""""rewrite""""]""	""[{""""word"""":""""depend"""",""""note"""":""""depend on の形でよく使う""""}]""	[]"
400795	4	smile	ほほえむ	to make a happy face	She smiled at me.	彼女は私にほほえみました。	verb	3	4	""[""""ほほえむ"""",""""叫ぶ"""",""""泣く"""",""""隠れる"""",""""触る""""]""	""[""""smile"""",""""shout"""",""""cry"""",""""hide"""",""""touch""""]""	""[""""smile"""",""""small"""",""""smell"""",""""snow"""",""""style""""]""	""[{""""word"""":""""grin"""",""""note"""":""""smile よりにっこり笑う感じ""""}]""	""[{""""word"""":""""cry"""",""""note"""":""""泣く""""}]"""
400796	4	former	前の	having this position or role before now	He is a former soccer player.	彼は元サッカー選手です。	adjective	4	3	""[""""前の"""",""""次の"""",""""有名な"""",""""若い"""",""""重要な""""]""	""[""""former"""",""""next"""",""""famous"""",""""young"""",""""important""""]""	""[""""former"""",""""farmer"""",""""folder"""",""""forward"""",""""formal""""]""	""[{""""word"""":""""previous"""",""""note"""":""""ややかたい表現""""}]""	""[{""""word"""":""""current"""",""""note"""":""""今の""""}]"""
400797	4	trail	小道	a path through the countryside or mountains	We walked along the forest trail.	私たちは森の小道を歩きました。	noun	4	3	""[""""小道"""",""""橋"""",""""湖"""",""""畑"""",""""駅""""]""	""[""""trail"""",""""bridge"""",""""lake"""",""""field"""",""""station""""]""	""[""""trail"""",""""train"""",""""tree"""",""""tray"""",""""track""""]""	""[{""""word"""":""""path"""",""""note"""":""""より一般的な語""""}]""	[]"
400798	4	orbit	軌道	the path of a planet or satellite around another body	The moon moves in an orbit around the Earth.	月は地球の周りを軌道に沿って動く。	noun	4	2	""[""""軌道"""",""""惑星"""",""""重力"""",""""宇宙"""",""""衛星""""]""	""[""""orbit"""",""""planet"""",""""gravity"""",""""space"""",""""satellite""""]""	""[""""orbit"""",""""rabbit"""",""""habit"""",""""order"""",""""orange""""]""	""[{""""word"""":""""path"""",""""note"""":""""道筋という広い意味""""}]""	[]"
400799	4	revenge	復讐	harm done to someone because they hurt you first	He wanted revenge for the cruel joke.	彼はそのひどいいたずらへの復讐を望んだ。	noun	4	2	""[""""復讐"""",""""罰"""",""""怒り"""",""""争い"""",""""謝罪""""]""	""[""""revenge"""",""""punishment"""",""""anger"""",""""fight"""",""""apology""""]""	""[""""revenge"""",""""reverse"""",""""remain"""",""""review"""",""""village""""]""	[]	""[{""""word"""":""""forgiveness"""",""""note"""":""""許すこと""""}]"""
400800	4	insurance	保険	an agreement that gives money when something bad happens	We bought travel insurance for the trip.	私たちはその旅行のために旅行保険に入った。	noun	4	3	""[""""保険"""",""""契約"""",""""料金"""",""""安全"""",""""補償""""]""	""[""""insurance"""",""""contract"""",""""fee"""",""""safety"""",""""support""""]""	""[""""insurance"""",""""instance"""",""""insect"""",""""entrance"""",""""importance""""]""	[]	[]"
400801	4	rent	家賃	money paid to use a house, room, or land	My rent is due on Friday.	私の家賃は金曜日が支払い日です。	noun	4	3	""[""""家賃"""",""""給料"""",""""運賃"""",""""税金"""",""""料金""""]""	""[""""rent"""",""""salary"""",""""fare"""",""""tax"""",""""fee""""]""	""[""""rent"""",""""rest"""",""""sent"""",""""red"""",""""ran""""]""	""[{""""word"""":""""fee"""",""""note"""":""""広い意味の料金。rent は家や部屋などの使用料""""}]""	[]"
400802	4	rental	貸し出し	the act or business of letting something be used for money	We used a car rental at the airport.	私たちは空港でレンタカー会社を利用しました。	noun	4	2	""[""""貸し出し"""",""""配達"""",""""修理"""",""""予約"""",""""案内""""]""	""[""""rental"""",""""delivery"""",""""repair"""",""""reservation"""",""""guide""""]""	""[""""rental"""",""""mental"""",""""gentle"""",""""central"""",""""pencil""""]""	""[{""""word"""":""""hire"""",""""note"""":""""英では rental に近い意味で使うことがある""""}]""	[]"
400803	4	folk	人々	people in general	The old folk in this town are very kind.	この町のお年寄りの人々はとても親切です。	noun	4	2	""[""""人々"""",""""家族"""",""""友達"""",""""先生"""",""""客""""]""	""[""""folk"""",""""family"""",""""friends"""",""""teachers"""",""""guests""""]""	""[""""folk"""",""""fork"""",""""walk"""",""""talk"""",""""lock""""]""	""[{""""word"""":""""people"""",""""note"""":""""最も基本的な言い方""""},{""""word"""":""""persons"""",""""note"""":""""ややかたい言い方""""}]""	[]"
400804	4	participant	参加者	a person who takes part in something	Each participant got a name tag.	各参加者は名札を受け取りました。	noun	4	3	""[""""参加者"""",""""観客"""",""""案内人"""",""""訪問者"""",""""乗客""""]""	""[""""participant"""",""""audience"""",""""guide"""",""""visitor"""",""""passenger""""]""	""[""""participant"""",""""particular"""",""""president"""",""""important"""",""""apartment""""]""	""[{""""word"""":""""member"""",""""note"""":""""groupの一員という意味で近い""""},{""""word"""":""""player"""",""""note"""":""""gameやsportでは近い""""}]""	[]"
400805	4	producer	制作者	a person who makes or organizes a show or movie	The producer checked the final video.	制作者は最後の動画を確認しました。	noun	4	3	""[""""制作者"""",""""俳優"""",""""監督"""",""""記者"""",""""画家""""]""	""[""""producer"""",""""actor"""",""""director"""",""""reporter"""",""""painter""""]""	""[""""producer"""",""""professor"""",""""procedure"""",""""protect"""",""""product""""]""	""[{""""word"""":""""maker"""",""""note"""":""""物を作る人という広い意味で近い""""}]""	[]"
400806	4	speaker	話し手	a person who is speaking	The speaker answered our questions.	話し手は私たちの質問に答えました。	noun	3	4	""[""""話し手"""",""""聞き手"""",""""読者"""",""""筆者"""",""""観客""""]""	""[""""speaker"""",""""listener"""",""""reader"""",""""writer"""",""""audience""""]""	""[""""speaker"""",""""sneaker"""",""""spider"""",""""special"""",""""sister""""]""	""[{""""word"""":""""talker"""",""""note"""":""""くだけた言い方で近い""""}]""	""[{""""word"""":""""listener"""",""""note"""":""""聞く側の人""""}]"""
400807	4	ideal	理想的な	perfect or best for a purpose	This room is ideal for studying.	この部屋は勉強するのに理想的です。	adjective	4	3	""[""""理想的な"""",""""危険な"""",""""静かな"""",""""重要な"""",""""便利な""""]""	""[""""ideal"""",""""useful"""",""""important"""",""""quiet"""",""""dangerous""""]""	""[""""ideal"""",""""idea"""",""""idle"""",""""India"""",""""equal""""]""	""[{""""word"""":""""perfect"""",""""note"""":""""より「完全な」に近い""""}]""	""[{""""word"""":""""poor"""",""""note"""":""""質がよくない""""},{""""word"""":""""unsuitable"""",""""note"""":""""適していない""""}]"""
400808	4	era	時代	a long period of history	We live in a digital era.	私たちはデジタル時代に生きています。	noun	4	2	""[""""時代"""",""""地域"""",""""文化"""",""""歴史"""",""""社会""""]""	""[""""era"""",""""region"""",""""culture"""",""""history"""",""""society""""]""	""[""""era"""",""""error"""",""""area"""",""""arrow"""",""""early""""]""	""[{""""word"""":""""age"""",""""note"""":""""より一般的な語""""}]""	[]"
400809	4	license	免許	an official paper that gives permission	You need a license to drive a car.	車を運転するには免許が必要です。	noun	4	3	""[""""免許"""",""""規則"""",""""経験"""",""""約束"""",""""注意""""]""	""[""""license"""",""""rule"""",""""experience"""",""""promise"""",""""warning""""]""	""[""""license"""",""""lesson"""",""""reason"""",""""science"""",""""silence""""]""	""[{""""word"""":""""permit"""",""""note"""":""""公式な許可を表す""""}]""	[]"
400810	4	criminal	犯罪者	a person who breaks the law	The police caught the criminal.	警察はその犯罪者を捕まえた。	noun	4	3	""[""""犯罪者"""",""""警官"""",""""裁判官"""",""""目撃者"""",""""被害者""""]""	""[""""criminal"""",""""officer"""",""""judge"""",""""witness"""",""""victim""""]""	""[""""criminal"""",""""critical"""",""""animal"""",""""general"""",""""hospital""""]""	""[{""""word"""":""""offender"""",""""note"""":""""ややかたい言い方""""}]""	[]"
400811	4	politician	政治家	a person who works in politics	The politician gave a speech on TV.	その政治家はテレビで演説をした。	noun	4	3	""[""""政治家"""",""""記者"""",""""弁護士"""",""""社長"""",""""医者""""]""	""[""""politician"""",""""reporter"""",""""lawyer"""",""""president"""",""""doctor""""]""	""[""""politician"""",""""position"""",""""polite"""",""""musician"""",""""electrician""""]""	[]	[]"
400812	4	prisoner	囚人	a person kept in prison	The prisoner sat quietly in the room.	その囚人は部屋で静かに座っていた。	noun	4	2	""[""""囚人"""",""""警備員"""",""""裁判官"""",""""弁護士"""",""""探偵""""]""	""[""""prisoner"""",""""guard"""",""""judge"""",""""lawyer"""",""""detective""""]""	""[""""prisoner"""",""""visitor"""",""""presenter"""",""""listener"""",""""designer""""]""	""[{""""word"""":""""inmate"""",""""note"""":""""刑務所の中の人を表す語""""}]""	[]"
400813	4	resident	住民	a person who lives in a place	She is a resident of this town.	彼女はこの町の住民です。	noun	4	3	""[""""住民"""",""""旅行者"""",""""指導者"""",""""訪問者"""",""""乗客""""]""	""[""""resident"""",""""traveler"""",""""leader"""",""""visitor"""",""""passenger""""]""	""[""""resident"""",""""president"""",""""result"""",""""recent"""",""""restaurant""""]""	""[{""""word"""":""""inhabitant"""",""""note"""":""""やや硬い言い方""""}]""	[]"
400814	4	traveler	旅行者	a person who is traveling	The traveler asked for a map.	その旅行者は地図を求めました。	noun	4	3	""[""""旅行者"""",""""住民"""",""""案内人"""",""""乗客"""",""""訪問者""""]""	""[""""traveler"""",""""resident"""",""""guide"""",""""passenger"""",""""visitor""""]""	""[""""traveler"""",""""trainer"""",""""triangle"""",""""transfer"""",""""tractor""""]""	""[{""""word"""":""""tourist"""",""""note"""":""""観光目的の人に近い""""}]""	[]"
400815	4	leader	指導者	a person who leads a group	He became the leader of the team.	彼はそのチームの指導者になりました。	noun	4	4	""[""""指導者"""",""""住民"""",""""旅行者"""",""""選手"""",""""案内人""""]""	""[""""leader"""",""""resident"""",""""traveler"""",""""player"""",""""guide""""]""	""[""""leader"""",""""reader"""",""""rider"""",""""ladder"""",""""dealer""""]""	""[{""""word"""":""""head"""",""""note"""":""""組織や集団の長""""},{""""word"""":""""chief"""",""""note"""":""""やや硬い語""""}]""	""[{""""word"""":""""follower"""",""""note"""":""""従う人""""}]"""
400816	4	owner	所有者	a person who has something	The owner of the shop was very kind.	その店の所有者はとても親切でした。	noun	4	3	""[""""所有者"""",""""客"""",""""店員"""",""""運転手"""",""""案内人""""]""	""[""""owner"""",""""customer"""",""""clerk"""",""""driver"""",""""guide""""]""	""[""""owner"""",""""honor"""",""""over"""",""""order"""",""""older""""]""	""[{""""word"""":""""holder"""",""""note"""":""""やや限定的に「持ち主」""""}]""	[]"
400817	4	maker	作る人	a person or company that makes something	She is a cake maker in our town.	彼女は私たちの町のケーキを作る人です。	noun	4	2	""[""""作る人"""",""""売る人"""",""""買う人"""",""""運ぶ人"""",""""教える人""""]""	""[""""maker"""",""""seller"""",""""buyer"""",""""carrier"""",""""teacher""""]""	""[""""maker"""",""""major"""",""""baker"""",""""paper"""",""""meter""""]""	[]	[]"
400818	4	merchant	商人	a person who buys and sells goods	The merchant sold tea and cloth.	その商人はお茶と布を売りました。	noun	5	2	""[""""商人"""",""""農家"""",""""画家"""",""""医者"""",""""船員""""]""	""[""""merchant"""",""""farmer"""",""""painter"""",""""doctor"""",""""sailor""""]""	""[""""merchant"""",""""market"""",""""marcher"""",""""merit"""",""""message""""]""	""[{""""word"""":""""trader"""",""""note"""":""""売買をする人""""}]""	[]"
400819	4	thief	どろぼう	a person who steals things	The thief ran away with the bag.	そのどろぼうはバッグを持って逃げた。	noun	4	3	""[""""どろぼう"""",""""警官"""",""""店員"""",""""運転手"""",""""画家""""]""	""[""""thief"""",""""police officer"""",""""clerk"""",""""driver"""",""""painter""""]""	""[""""thief"""",""""teeth"""",""""think"""",""""thin"""",""""theme""""]""	""[{""""word"""":""""robber"""",""""note"""":""""robber は人から奪う人にも使う""""}]""	[]"
400820	4	comedian	コメディアン	a person who makes people laugh	The comedian told funny stories on TV.	そのコメディアンはテレビでおもしろい話をした。	noun	4	2	""[""""コメディアン"""",""""歌手"""",""""俳優"""",""""画家"""",""""作家""""]""	""[""""comedian"""",""""singer"""",""""actor"""",""""painter"""",""""writer""""]""	""[""""comedian"""",""""Canadian"""",""""comedy"""",""""companion"""",""""comedic""""]""	[]	[]"
400821	4	trainer	トレーナー	a person who teaches sports or exercise	Our trainer showed us how to stretch.	私たちのトレーナーはストレッチのしかたを教えてくれた。	noun	4	3	""[""""トレーナー"""",""""選手"""",""""審判"""",""""観客"""",""""記者""""]""	""[""""trainer"""",""""player"""",""""referee"""",""""spectator"""",""""reporter""""]""	""[""""trainer"""",""""trailer"""",""""trader"""",""""drainer"""",""""rainy""""]""	""[{""""word"""":""""coach"""",""""note"""":""""特にスポーツの指導者""""}]""	[]"
400822	4	voter	有権者	a person who votes in an election	Every voter got a card before the election.	すべての有権者は選挙の前にカードを受け取りました。	noun	4	3	""[""""有権者"""",""""候補者"""",""""記者"""",""""観客"""",""""乗客""""]""	""[""""voter"""",""""visitor"""",""""speaker"""",""""driver"""",""""player""""]""	""[""""voter"""",""""motor"""",""""water"""",""""writer"""",""""winter""""]""	""[{""""word"""":""""elector"""",""""note"""":""""ややかたい語""""}]""	[]"
400823	4	PC	パソコン	a personal computer	I use my PC for homework every day.	私は毎日宿題のためにパソコンを使います。	noun	2	4	""[""""パソコン"""",""""スマートフォン"""",""""タブレット"""",""""プリンター"""",""""画面""""]""	""[""""PC"""",""""TV"""",""""phone"""",""""camera"""",""""radio""""]""	""[""""PC"""",""""TV"""",""""CD"""",""""DVD"""",""""easy""""]""	""[{""""word"""":""""computer"""",""""note"""":""""より一般的な語""""}]""	[]"
400824	4	image	画像	a picture or idea in your mind	I saved the image on my phone.	私はその画像を自分のスマートフォンに保存しました。	noun	4	4	""[""""画像"""",""""音声"""",""""動画"""",""""文字"""",""""地図""""]""	""[""""image"""",""""video"""",""""sound"""",""""photo"""",""""letter""""]""	""[""""image"""",""""village"""",""""manage"""",""""damage"""",""""message""""]""	""[{""""word"""":""""picture"""",""""note"""":""""見える絵としての意味で近い""""}]""	[]"
400825	4	portrait	肖像画	a painting or picture of a person	The museum has a portrait of the king.	その博物館には王の肖像画があります。	noun	4	3	""[""""肖像画"""",""""風景画"""",""""地図"""",""""彫刻"""",""""日記""""]""	""[""""portrait"""",""""landscape"""",""""map"""",""""statue"""",""""diary""""]""	""[""""portrait"""",""""portal"""",""""portion"""",""""poet"""",""""parrot""""]""	""[{""""word"""":""""picture"""",""""note"""":""""広い意味の「絵・写真」""""},{""""word"""":""""painting"""",""""note"""":""""絵の具で描いた絵""""}]""	[]"
400826	4	tablet	タブレット	a small flat computer you can carry	She does her homework on a tablet.	彼女はタブレットで宿題をします。	noun	3	4	""[""""タブレット"""",""""ノートパソコン"""",""""画面"""",""""キーボード"""",""""マウス""""]""	""[""""tablet"""",""""laptop"""",""""screen"""",""""keyboard"""",""""mouse""""]""	""[""""tablet"""",""""table"""",""""ticket"""",""""target"""",""""talent""""]""	[]	[]"
400827	4	tube	管	a long hollow thing that liquid or gas can go through	Water goes through the tube.	水はその管を通ります。	noun	4	3	""[""""管"""",""""ひも"""",""""板"""",""""箱"""",""""輪""""]""	""[""""tube"""",""""string"""",""""board"""",""""box"""",""""ring""""]""	""[""""tube"""",""""tune"""",""""cube"""",""""huge"""",""""June""""]""	""[{""""word"""":""""pipe"""",""""note"""":""""水やガスを通す管""""}]""	[]"
400828	4	spot	場所	a particular place	This park is a good spot for a picnic.	この公園はピクニックに良い場所です。	noun	4	4	""[""""場所"""",""""地域"""",""""建物"""",""""通り"""",""""景色""""]""	""[""""spot"""",""""area"""",""""building"""",""""street"""",""""view""""]""	""[""""spot"""",""""sport"""",""""spoon"""",""""spin"""",""""stop""""]""	""[{""""word"""":""""place"""",""""note"""":""""より一般的な語""""},{""""word"""":""""location"""",""""note"""":""""ややかたい語""""}]""	[]"
400829	4	facility	施設	a place or building for a special purpose	The city built a new sports facility.	その市は新しいスポーツ施設を建てました。	noun	5	3	""[""""施設"""",""""設備"""",""""会場"""",""""倉庫"""",""""工場""""]""	""[""""facility"""",""""equipment"""",""""hall"""",""""warehouse"""",""""factory""""]""	""[""""facility"""",""""ability"""",""""activity"""",""""community"""",""""electricity""""]""	[]	[]"
400830	4	grave	重大な	very serious or important in a bad way	The doctor said his condition was grave.	医者は彼の容体が重大だと言いました。	adjective	5	3	""[""""重大な"""",""""危険な"""",""""深刻な"""",""""重要な"""",""""困難な""""]""	""[""""grave"""",""""dangerous"""",""""serious"""",""""important"""",""""difficult""""]""	""[""""grave"""",""""grade"""",""""glad"""",""""grape"""",""""gray""""]""	""[{""""word"""":""""serious"""",""""note"""":""""最も近い基本語""""}]""	""[{""""word"""":""""slight"""",""""note"""":""""影響が小さい""""}]"""
400831	4	joint	関節	a place where two bones meet	He hurt his knee joint during practice.	彼は練習中にひざの関節を痛めた。	noun	4	3	""[""""関節"""",""""筋肉"""",""""骨"""",""""皮ふ"""",""""血管""""]""	""[""""joint"""",""""muscle"""",""""bone"""",""""skin"""",""""vein""""]""	""[""""joint"""",""""point"""",""""coin"""",""""choice"""",""""voice""""]""	[]	[]"
400832	4	location	場所	the place where something is	This park is a good location for a picnic.	この公園はピクニックに良い場所です。	noun	4	4	""[""""場所"""",""""地域"""",""""方向"""",""""景色"""",""""建物""""]""	""[""""location"""",""""area"""",""""direction"""",""""view"""",""""building""""]""	""[""""location"""",""""vacation"""",""""station"""",""""nation"""",""""relation""""]""	""[{""""word"""":""""place"""",""""note"""":""""より基本的で広い語""""}]""	[]"
400833	4	folder	フォルダー	a cover or place for keeping papers or files	Save the picture in this folder.	このフォルダーにその写真を保存しなさい。	noun	4	3	""[""""フォルダー"""",""""ファイル"""",""""画面"""",""""機械"""",""""文字""""]""	""[""""folder"""",""""file"""",""""screen"""",""""machine"""",""""letter""""]""	""[""""folder"""",""""holder"""",""""shoulder"""",""""order"""",""""border""""]""	[]	[]"
400834	4	policy	方針	a plan or rule for action	The school changed its policy this year.	その学校は今年方針を変えました。	noun	5	3	""[""""方針"""",""""習慣"""",""""意見"""",""""規則"""",""""計画""""]""	""[""""policy"""",""""custom"""",""""opinion"""",""""rule"""",""""plan""""]""	""[""""policy"""",""""polite"""",""""polish"""",""""police"""",""""public""""]""	[]	[]"
400835	4	arrange	整える	to put things in order or make a plan	She arranged the books on the desk.	彼女は机の上の本を整えました。	verb	5	3	""[""""整える"""",""""壊す"""",""""運ぶ"""",""""選ぶ"""",""""洗う""""]""	""[""""arrange"""",""""break"""",""""carry"""",""""choose"""",""""wash""""]""	""[""""arrange"""",""""around"""",""""orange"""",""""along"""",""""arrive""""]""	""[{""""word"""":""""organize"""",""""note"""":""""よりはっきり整理する感じ""""}]""	""[{""""word"""":""""mess up"""",""""note"""":""""散らかす""""}]"""
400836	4	scheme	計画	a plan for doing something	They started a new scheme to save water.	彼らは水を節約するための新しい計画を始めた。	noun	4	3	""[""""計画"""",""""提案"""",""""方法"""",""""制度"""",""""目的""""]""	""[""""scheme"""",""""proposal"""",""""method"""",""""system"""",""""purpose""""]""	""[""""scheme"""",""""steam"""",""""screen"""",""""skill"""",""""skate""""]""	""[{""""word"""":""""plan"""",""""note"""":""""より一般的な語""""}]""	[]"
400837	4	proposal	提案	a plan or idea suggested to others	Her proposal was accepted by the team.	彼女の提案はチームに受け入れられた。	noun	4	3	""[""""提案"""",""""計画"""",""""意見"""",""""約束"""",""""規則""""]""	""[""""proposal"""",""""plan"""",""""opinion"""",""""promise"""",""""rule""""]""	""[""""proposal"""",""""proper"""",""""protect"""",""""program"""",""""provide""""]""	""[{""""word"""":""""suggestion"""",""""note"""":""""ややくだけた言い方""""}]""	[]"
400838	4	intend	〜するつもりである	to have a plan to do something	I intend to study abroad next year.	私は来年留学するつもりです。	verb	4	4	""[""""〜するつもりである"""",""""決める"""",""""望む"""",""""試す"""",""""約束する""""]""	""[""""intend"""",""""decide"""",""""hope"""",""""try"""",""""promise""""]""	""[""""intend"""",""""invent"""",""""invite"""",""""interest"""",""""instead""""]""	""[{""""word"""":""""plan"""",""""note"""":""""intendより日常的""""},{""""word"""":""""mean"""",""""note"""":""""be going to に近い意味で使うことがある""""}]""	[]"
400839	4	strategy	戦略	a plan for reaching a goal	We need a new strategy to win the game.	私たちは試合に勝つために新しい戦略が必要です。	noun	4	3	""[""""戦略"""",""""方法"""",""""計画"""",""""努力"""",""""規則""""]""	""[""""strategy"""",""""method"""",""""plan"""",""""effort"""",""""rule""""]""	""[""""strategy"""",""""tragedy"""",""""strange"""",""""strongly"""",""""station""""]""	""[{""""word"""":""""plan"""",""""note"""":""""より広い意味の「計画」""""},{""""word"""":""""tactic"""",""""note"""":""""strategyより具体的な手段""""}]""	[]"
400840	4	stem	茎	the main part of a plant that holds it up	The rose has a long stem.	そのバラには長い茎があります。	noun	4	2	""[""""茎"""",""""根"""",""""葉"""",""""枝"""",""""花びら""""]""	""[""""stem"""",""""root"""",""""leaf"""",""""branch"""",""""petal""""]""	""[""""stem"""",""""step"""",""""stone"""",""""steam"""",""""stick""""]""	[]	[]"
400841	4	poetry	詩	poems as a form of writing	She enjoys reading poetry after dinner.	彼女は夕食後に詩を読むのを楽しみます。	noun	4	2	""[""""詩"""",""""小説"""",""""劇"""",""""記事"""",""""日記""""]""	""[""""poetry"""",""""novel"""",""""drama"""",""""article"""",""""diary""""]""	""[""""poetry"""",""""battery"""",""""pottery"""",""""poverty"""",""""poem""""]""	""[{""""word"""":""""poem"""",""""note"""":""""poetryは詩全体、poemは一つの詩""""}]""	[]"
400842	4	perspective	見方	a way of thinking about something	Try to see the problem from a different perspective.	その問題を違う見方から見てみなさい。	noun	4	3	""[""""見方"""",""""意見"""",""""方法"""",""""理由"""",""""結果""""]""	""[""""perspective"""",""""opinion"""",""""method"""",""""reason"""",""""result""""]""	""[""""perspective"""",""""respect"""",""""protective"""",""""perfect"""",""""practice""""]""	""[{""""word"""":""""view"""",""""note"""":""""より日常的な語""""},{""""word"""":""""opinion"""",""""note"""":""""考え・意見に近い""""}]""	[]"
400843	4	indicate	示す	to show or point out something	The sign indicates the way to the station.	その標識は駅への道を示している。	verb	4	4	""[""""示す"""",""""選ぶ"""",""""集める"""",""""防ぐ"""",""""運ぶ""""]""	""[""""indicate"""",""""choose"""",""""collect"""",""""prevent"""",""""carry""""]""	""[""""indicate"""",""""educate"""",""""integrate"""",""""introduce"""",""""imitate""""]""	""[{""""word"""":""""show"""",""""note"""":""""最も基本的な語""""},{""""word"""":""""point out"""",""""note"""":""""はっきり示す""""}]""	[]"
400844	4	laptop	ノートパソコン	a small computer you can carry	She bought a new laptop for school.	彼女は学校用に新しいノートパソコンを買った。	noun	2	4	""[""""ノートパソコン"""",""""タブレット"""",""""スマートフォン"""",""""プリンター"""",""""画面""""]""	""[""""laptop"""",""""tablet"""",""""smartphone"""",""""printer"""",""""screen""""]""	""[""""laptop"""",""""desktop"""",""""top"""",""""last"""",""""rap""""]""	""[{""""word"""":""""notebook computer"""",""""note"""":""""やや説明的な言い方""""}]""	[]"
400845	4	flour	小麦粉	powder made from wheat and used in cooking	We need flour to make bread.	私たちはパンを作るのに小麦粉が必要です。	noun	4	3	""[""""小麦粉"""",""""砂糖"""",""""塩"""",""""米"""",""""油""""]""	""[""""flour"""",""""sugar"""",""""salt"""",""""rice"""",""""oil""""]""	""[""""flour"""",""""flower"""",""""floor"""",""""four"""",""""flame""""]""	[]	[]"
400846	4	might	かもしれない	used to say that something is possible	It might rain this afternoon.	今日の午後は雨が降るかもしれません。	verb	4	4	""[""""かもしれない"""",""""しなければならない"""",""""できる"""",""""するつもりだ"""",""""したい""""]""	""[""""might"""",""""must"""",""""can"""",""""will"""",""""want""""]""	""[""""might"""",""""light"""",""""night"""",""""right"""",""""mind""""]""	[]	[]"
400847	4	influence	影響	the power to change someone or something	Parents have a strong influence on children.	親は子どもに強い影響を与えます。	noun	5	3	""[""""影響"""",""""結果"""",""""理由"""",""""方法"""",""""意見""""]""	""[""""influence"""",""""result"""",""""reason"""",""""method"""",""""opinion""""]""	""[""""influence"""",""""instance"""",""""interest"""",""""increase"""",""""entrance""""]""	""[{""""word"""":""""effect"""",""""note"""":""""結果としての影響を表すことが多い""""}]""	[]"
400848	4	training	訓練	practice to learn skills	The team needs more training.	そのチームにはもっと訓練が必要です。	noun	4	3	""[""""訓練"""",""""試合"""",""""旅行"""",""""会議"""",""""宿題""""]""	""[""""training"""",""""practice"""",""""meeting"""",""""travel"""",""""lesson""""]""	""[""""training"""",""""trading"""",""""train"""",""""rainy"""",""""turning""""]""	""[{""""word"""":""""practice"""",""""note"""":""""練習という意味で近い""""}]""	[]"
400849	4	forecast	予報	a statement about future weather or events	I checked the weather forecast this morning.	私は今朝、天気予報を確認しました。	noun	4	3	""[""""予報"""",""""地図"""",""""景色"""",""""気温"""",""""季節""""]""	""[""""forecast"""",""""report"""",""""schedule"""",""""climate"""",""""calendar""""]""	""[""""forecast"""",""""forest"""",""""forget"""",""""forward"""",""""format""""]""	""[{""""word"""":""""prediction"""",""""note"""":""""やや広い意味の『予測』""""}]""	[]"
400850	4	rather	かなり	to some degree; fairly	This book is rather difficult for me.	この本は私にはかなり難しいです。	adverb	4	4	""[""""かなり"""",""""すぐに"""",""""たぶん"""",""""いつも"""",""""たいてい""""]""	""[""""rather"""",""""quite"""",""""always"""",""""usually"""",""""soon""""]""	""[""""rather"""",""""father"""",""""writer"""",""""weather"""",""""brother""""]""	""[{""""word"""":""""quite"""",""""note"""":""""かなり、という意味で近い""""}]""	[]"
400851	4	jail	刑務所	a place where criminals are kept	The thief was sent to jail.	そのどろぼうは刑務所に送られた。	noun	4	3	""[""""刑務所"""",""""病院"""",""""学校"""",""""駅"""",""""工場""""]""	""[""""jail"""",""""hotel"""",""""tower"""",""""museum"""",""""office""""]""	""[""""jail"""",""""mail"""",""""sale"""",""""jeans"""",""""join""""]""	""[{""""word"""":""""prison"""",""""note"""":""""より一般的によく使う""""}]""	[]"
400852	4	tutor	家庭教師	a teacher who gives private lessons	My tutor helps me with math.	私の家庭教師は数学を手伝ってくれる。	noun	4	3	""[""""家庭教師"""",""""医者"""",""""店員"""",""""画家"""",""""運転手""""]""	""[""""tutor"""",""""doctor"""",""""clerk"""",""""artist"""",""""driver""""]""	""[""""tutor"""",""""future"""",""""junior"""",""""teacher"""",""""tailor""""]""	[]	[]"
400853	4	reward	報酬	something given for good work or help	He got a reward for finding the dog.	彼はその犬を見つけて報酬をもらった。	noun	4	3	""[""""報酬"""",""""罰"""",""""宿題"""",""""約束"""",""""景色""""]""	""[""""reward"""",""""punishment"""",""""homework"""",""""promise"""",""""view""""]""	""[""""reward"""",""""record"""",""""regard"""",""""result"""",""""report""""]""	""[{""""word"""":""""prize"""",""""note"""":""""contest でもらうことが多い""""}]""	""[{""""word"""":""""punishment"""",""""note"""":""""悪いことへの罰""""}]"""
400854	4	award	賞	a prize given for success	She won an award for her painting.	彼女は絵で賞をもらった。	noun	4	3	""[""""賞"""",""""罰"""",""""宿題"""",""""約束"""",""""試合""""]""	""[""""award"""",""""prize"""",""""medal"""",""""ticket"""",""""report""""]""	""[""""award"""",""""aboard"""",""""avoid"""",""""awake"""",""""around""""]""	""[{""""word"""":""""prize"""",""""note"""":""""より一般的な『賞』""""}]""	[]"
400855	4	guarantee	保証する	to promise that something will happen or work	This ticket will guarantee you a seat.	このチケットがあれば席が保証されます。	verb	5	2	""[""""保証する"""",""""修理する"""",""""交換する"""",""""確認する"""",""""配達する""""]""	""[""""guarantee"""",""""repair"""",""""replace"""",""""confirm"""",""""deliver""""]""	""[""""guarantee"""",""""gather"""",""""gallery"""",""""gravity"""",""""general""""]""	""[{""""word"""":""""promise"""",""""note"""":""""より広い意味で『約束する』""""}]""	[]"
400856	4	swear	誓う	to make a strong promise	I swear I will tell the truth.	私は本当のことを話すと誓います。	verb	5	2	""[""""誓う"""",""""隠す"""",""""疑う"""",""""断る"""",""""許す""""]""	""[""""swear"""",""""hide"""",""""doubt"""",""""refuse"""",""""forgive""""]""	""[""""swear"""",""""square"""",""""sweet"""",""""swing"""",""""wear""""]""	""[{""""word"""":""""promise"""",""""note"""":""""より一般的な『約束する』""""}]""	[]"
400857	4	evidence	証拠	facts or signs that show something is true	The police found evidence in the room.	警察はその部屋で証拠を見つけた。	noun	4	3	""[""""証拠"""",""""原因"""",""""結果"""",""""意見"""",""""方法""""]""	""[""""evidence"""",""""reason"""",""""result"""",""""opinion"""",""""method""""]""	""[""""evidence"""",""""accident"""",""""president"""",""""difference"""",""""elephant""""]""	""[{""""word"""":""""proof"""",""""note"""":""""より直接的な「証明・証拠」""""}]""	[]"
400858	4	guard	守る	to protect a person or place	They guard the building at night.	彼らは夜にその建物を守る。	verb	3	4	""[""""守る"""",""""攻撃する"""",""""運ぶ"""",""""隠す"""",""""壊す""""]""	""[""""guard"""",""""attack"""",""""carry"""",""""hide"""",""""break""""]""	""[""""guard"""",""""card"""",""""hard"""",""""guide"""",""""gold""""]""	""[{""""word"""":""""protect"""",""""note"""":""""guardより広く「守る」""""}]""	""[{""""word"""":""""attack"""",""""note"""":""""「守る」の反対で「攻撃する」""""}]"""
400859	4	defense	防御	the act of protecting against attack	Good defense helped the team win.	よい防御がそのチームの勝利に役立った。	noun	4	3	""[""""防御"""",""""攻撃"""",""""作戦"""",""""練習"""",""""勝利""""]""	""[""""defense"""",""""attack"""",""""strategy"""",""""practice"""",""""victory""""]""	""[""""defense"""",""""expense"""",""""difference"""",""""device"""",""""depend""""]""	""[{""""word"""":""""protection"""",""""note"""":""""より広い意味の「保護」""""}]""	""[{""""word"""":""""attack"""",""""note"""":""""「防御」の反対で「攻撃」""""}]"""
400860	4	pride	誇り	a feeling of pleasure about something good	She felt pride in her work.	彼女は自分の仕事に誇りを感じた。	noun	4	3	""[""""誇り"""",""""勇気"""",""""希望"""",""""努力"""",""""秘密""""]""	""[""""pride"""",""""courage"""",""""hope"""",""""effort"""",""""secret""""]""	""[""""pride"""",""""price"""",""""prime"""",""""prize"""",""""bright""""]""	""[{""""word"""":""""honor"""",""""note"""":""""ややかたい語""""}]""	""[{""""word"""":""""shame"""",""""note"""":""""恥という反対の気持ち""""}]"""
400861	4	supply	供給する	to provide something that is needed	They supply fresh water to the town.	彼らはその町に新鮮な水を供給する。	verb	4	4	""[""""供給する"""",""""交換する"""",""""発見する"""",""""説明する"""",""""修理する""""]""	""[""""supply"""",""""exchange"""",""""discover"""",""""explain"""",""""repair""""]""	""[""""supply"""",""""surprise"""",""""support"""",""""reply"""",""""apply""""]""	""[{""""word"""":""""provide"""",""""note"""":""""より一般的な語""""}]""	""[{""""word"""":""""lack"""",""""note"""":""""不足している""""}]"""
400862	4	stretch	伸ばす	to make something longer or wider	Stretch your arms before the game.	試合の前に腕を伸ばしなさい。	verb	4	3	""[""""伸ばす"""",""""曲げる"""",""""押す"""",""""運ぶ"""",""""集める""""]""	""[""""stretch"""",""""bend"""",""""push"""",""""carry"""",""""gather""""]""	""[""""stretch"""",""""street"""",""""strict"""",""""scratch"""",""""strike""""]""	""[{""""word"""":""""extend"""",""""note"""":""""よりかたい言い方""""}]""	""[{""""word"""":""""bend"""",""""note"""":""""曲げる""""}]"""
400863	4	penalty	罰	a punishment for breaking a rule	The player got a penalty for the foul.	その選手は反則で罰を受けた。	noun	4	3	""[""""罰"""",""""賞"""",""""規則"""",""""試合"""",""""得点""""]""	""[""""penalty"""",""""prize"""",""""rule"""",""""match"""",""""score""""]""	""[""""penalty"""",""""pencil"""",""""panel"""",""""plenty"""",""""parent""""]""	""[{""""word"""":""""punishment"""",""""note"""":""""より一般的な『罰』""""}]""	""[{""""word"""":""""reward"""",""""note"""":""""よい行いへの見返り""""}]"""
400864	4	urge	強く勧める	to strongly advise someone to do something	I urge you to see a doctor.	私はあなたに医者に診てもらうよう強く勧めます。	verb	5	3	""[""""強く勧める"""",""""断る"""",""""説明する"""",""""選ぶ"""",""""隠す""""]""	""[""""urge"""",""""refuse"""",""""explain"""",""""choose"""",""""hide""""]""	""[""""urge"""",""""earn"""",""""edge"""",""""age"""",""""early""""]""	""[{""""word"""":""""encourage"""",""""note"""":""""urge よりやや広い意味""""}]""	""[{""""word"""":""""discourage"""",""""note"""":""""やる気をなくさせる""""}]"""
400865	4	pressure	圧力	a strong force or influence on someone or something	She felt pressure before the test.	彼女はテストの前に圧力を感じた。	noun	4	4	""[""""圧力"""",""""安心"""",""""努力"""",""""意見"""",""""経験""""]""	""[""""pressure"""",""""relief"""",""""effort"""",""""opinion"""",""""experience""""]""	""[""""pressure"""",""""pleasure"""",""""precious"""",""""present"""",""""printer""""]""	""[{""""word"""":""""stress"""",""""note"""":""""精神的な圧力でよく使う""""}]""	""[{""""word"""":""""relief"""",""""note"""":""""重圧がなくなること""""}]"""
400866	4	pack	荷造りする	to put things into a bag or box	I need to pack my bag for the trip.	旅行のためにかばんに荷造りをする必要があります。	verb	4	4	""[""""荷造りする"""",""""片づける"""",""""運ぶ"""",""""開ける"""",""""洗う""""]""	""[""""pack"""",""""carry"""",""""open"""",""""clean"""",""""move""""]""	""[""""pack"""",""""back"""",""""pick"""",""""park"""",""""peck""""]""	""[{""""word"""":""""prepare"""",""""note"""":""""広い意味で「準備する」""""}]""	""[{""""word"""":""""unpack"""",""""note"""":""""荷物を出す""""}]"""
400867	4	enclose	同封する	to put something in the same envelope or package	Please enclose your photo with the letter.	手紙に写真を同封してください。	verb	5	3	""[""""同封する"""",""""印刷する"""",""""配達する"""",""""借りる"""",""""折る""""]""	""[""""enclose"""",""""print"""",""""deliver"""",""""borrow"""",""""fold""""]""	""[""""enclose"""",""""encode"""",""""enjoy"""",""""invite"""",""""include""""]""	""[{""""word"""":""""include"""",""""note"""":""""より広く「含める」""""}]""	[]"
400868	4	insert	差し込む	to put something into something else	Insert the card into the machine.	カードを機械に差し込んでください。	verb	4	4	""[""""差し込む"""",""""取り出す"""",""""押す"""",""""壊す"""",""""選ぶ""""]""	""[""""insert"""",""""remove"""",""""push"""",""""break"""",""""choose""""]""	""[""""insert"""",""""inside"""",""""inspect"""",""""instead"""",""""invent""""]""	""[{""""word"""":""""put in"""",""""note"""":""""よりやさしい表現""""}]""	""[{""""word"""":""""remove"""",""""note"""":""""取り出す""""}]"""
400869	4	install	設置する	to put equipment or software in place so it can be used	We will install the new app tonight.	私たちは今夜、その新しいアプリをインストールします。	verb	4	3	""[""""設置する"""",""""修理する"""",""""発明する"""",""""運ぶ"""",""""選ぶ""""]""	""[""""install"""",""""repair"""",""""invent"""",""""carry"""",""""choose""""]""	""[""""install"""",""""instead"""",""""inside"""",""""instant"""",""""invite""""]""	""[{""""word"""":""""set up"""",""""note"""":""""機械や設備を使える状態にする""""}]""	""[{""""word"""":""""remove"""",""""note"""":""""取り外す""""}]"""
400870	4	invest	投資する	to put money into something to make more money	My uncle wants to invest in a small shop.	私のおじは小さな店に投資したいと思っています。	verb	4	3	""[""""投資する"""",""""節約する"""",""""借りる"""",""""売る"""",""""集める""""]""	""[""""invest"""",""""save"""",""""borrow"""",""""sell"""",""""collect""""]""	""[""""invest"""",""""invent"""",""""invite"""",""""inspect"""",""""interest""""]""	[]	[]"
400871	4	postpone	延期する	to move something to a later time	They decided to postpone the game because of rain.	彼らは雨のため試合を延期することに決めました。	verb	4	2	""[""""延期する"""",""""中止する"""",""""始める"""",""""準備する"""",""""説明する""""]""	""[""""postpone"""",""""cancel"""",""""start"""",""""prepare"""",""""explain""""]""	""[""""postpone"""",""""protect"""",""""provide"""",""""propose"""",""""perform""""]""	""[{""""word"""":""""put off"""",""""note"""":""""より口語的""""}]""	""[{""""word"""":""""advance"""",""""note"""":""""予定を早める""""}]"""
400872	4	trait	特徴	a quality in someone's character	Kindness is her best trait.	親切さは彼女のいちばんよい特徴です。	noun	4	3	""[""""特徴"""",""""習慣"""",""""意見"""",""""目的"""",""""方法""""]""	""[""""trait"""",""""habit"""",""""opinion"""",""""purpose"""",""""method""""]""	""[""""trait"""",""""train"""",""""trade"""",""""track"""",""""trial""""]""	""[{""""word"""":""""feature"""",""""note"""":""""人や物の特徴""""},{""""word"""":""""quality"""",""""note"""":""""性質という意味で近い""""}]""	[]"
400873	4	flash	ぴかっと光る	to shine brightly for a short time	Lightning flashed in the sky.	空で稲妻がぴかっと光った。	verb	4	4	""[""""ぴかっと光る"""",""""流れる"""",""""揺れる"""",""""落ちる"""",""""消える""""]""	""[""""flash"""",""""flow"""",""""shake"""",""""drop"""",""""fade""""]""	""[""""flash"""",""""fresh"""",""""flesh"""",""""crash"""",""""slash""""]""	""[{""""word"""":""""shine"""",""""note"""":""""より広い意味で光る""""},{""""word"""":""""glow"""",""""note"""":""""弱く光る時に使う""""}]""	[]"
400874	4	prompt	迅速な	done quickly and without delay	Thank you for your prompt reply.	迅速なお返事をありがとうございます。	adjective	5	3	""[""""迅速な"""",""""静かな"""",""""丁寧な"""",""""安全な"""",""""正確な""""]""	""[""""prompt"""",""""quiet"""",""""polite"""",""""safe"""",""""correct""""]""	""[""""prompt"""",""""proud"""",""""project"""",""""proper"""",""""profit""""]""	""[{""""word"""":""""quick"""",""""note"""":""""より一般的な語""""},{""""word"""":""""fast"""",""""note"""":""""speed が速い時に使う""""}]""	""[{""""word"""":""""slow"""",""""note"""":""""動きや対応が遅い""""}]"""
400875	4	peaceful	平和な	quiet and calm, with no fighting or trouble	It was a peaceful afternoon in the park.	公園では平和な午後でした。	adjective	4	3	""[""""平和な"""",""""にぎやかな"""",""""危険な"""",""""静かな"""",""""有名な""""]""	""[""""peaceful"""",""""noisy"""",""""dangerous"""",""""quiet"""",""""famous""""]""	""[""""peaceful"""",""""useful"""",""""careful"""",""""piece"""",""""people""""]""	""[{""""word"""":""""calm"""",""""note"""":""""落ち着いた状態を表すことが多い""""},{""""word"""":""""quiet"""",""""note"""":""""音や騒ぎが少ない意味が強い""""}]""	""[{""""word"""":""""violent"""",""""note"""":""""暴力や争いがある""""},{""""word"""":""""noisy"""",""""note"""":""""音が多く静かでない""""}]"""
400876	4	resign	辞職する	to leave a job or position	He decided to resign from the company.	彼はその会社を辞職することに決めました。	verb	5	2	""[""""辞職する"""",""""応募する"""",""""雇う"""",""""昇進する"""",""""出席する""""]""	""[""""resign"""",""""apply"""",""""hire"""",""""promote"""",""""attend""""]""	""[""""resign"""",""""design"""",""""receive"""",""""return"""",""""result""""]""	""[{""""word"""":""""quit"""",""""note"""":""""より日常的な語""""}]""	[]"
400877	4	rainfall	降雨量	the amount of rain that falls	The rainfall was heavy last night.	昨夜は降雨量が多かったです。	noun	4	2	""[""""降雨量"""",""""気温"""",""""風速"""",""""湿度"""",""""気圧""""]""	""[""""rainfall"""",""""temperature"""",""""wind"""",""""humidity"""",""""pressure""""]""	""[""""rainfall"""",""""raincoat"""",""""rainy"""",""""railroad"""",""""rainbow""""]""	[]	[]"
400878	4	scope	範囲	the range of something	This job is beyond the scope of my work.	この仕事は私の仕事の範囲を超えています。	noun	4	3	""[""""範囲"""",""""段階"""",""""地位"""",""""方法"""",""""結果""""]""	""[""""scope"""",""""level"""",""""status"""",""""method"""",""""result""""]""	""[""""scope"""",""""slope"""",""""soap"""",""""score"""",""""scarf""""]""	""[{""""word"""":""""range"""",""""note"""":""""意味の範囲を表すときに近い""""}]""	[]"
400879	4	level	水準	a stage or degree of something	His English level is very high.	彼の英語の水準はとても高いです。	noun	3	5	""[""""水準"""",""""範囲"""",""""地位"""",""""方法"""",""""結果""""]""	""[""""level"""",""""scope"""",""""status"""",""""method"""",""""result""""]""	""[""""level"""",""""label"""",""""travel"""",""""rebel"""",""""novel""""]""	""[{""""word"""":""""standard"""",""""note"""":""""基準や水準の意味で近い""""}]""	[]"
400880	4	status	地位	a person's social or official position	He has a high status in the company.	彼はその会社で高い地位にあります。	noun	4	3	""[""""地位"""",""""範囲"""",""""水準"""",""""方法"""",""""結果""""]""	""[""""status"""",""""scope"""",""""level"""",""""method"""",""""result""""]""	""[""""status"""",""""station"""",""""state"""",""""stairs"""",""""stomach""""]""	""[{""""word"""":""""position"""",""""note"""":""""立場や地位の意味で近い""""}]""	""[{""""word"""":""""low rank"""",""""note"""":""""反対の意味に近い表現""""}]"""
400881	4	catch up with	追いつく	to reach someone by moving faster	I ran to catch up with my friends.	私は友だちに追いつくために走った。	verb	4	3	""[""""追いつく"""",""""追いこす"""",""""見送る"""",""""助ける"""",""""待つ""""]""	""[""""catch up with"""",""""pass"""",""""miss"""",""""help"""",""""wait""""]""	""[""""catch up with"""",""""check up with"""",""""come up with"""",""""catch at it"""",""""chat with""""]""	[]	[]"
400882	4	catch up	遅れを取り戻す	to reach the same level as others after being behind	She studied hard to catch up in math.	彼女は数学の遅れを取り戻すために一生懸命勉強した。	verb	4	3	""[""""遅れを取り戻す"""",""""あきらめる"""",""""休憩する"""",""""先に進む"""",""""やり直す""""]""	""[""""catch up"""",""""give up"""",""""rest"""",""""continue"""",""""restart""""]""	""[""""catch up"""",""""check up"""",""""match up"""",""""back up"""",""""pick up""""]""	[]	[]"
400883	4	literacy	読み書きの能力	the ability to read and write	Literacy is important for every child.	読み書きの能力はすべての子どもにとって大切です。	noun	5	2	""[""""読み書きの能力"""",""""計算力"""",""""記憶力"""",""""想像力"""",""""集中力""""]""	""[""""literacy"""",""""numeracy"""",""""memory"""",""""imagination"""",""""focus""""]""	""[""""literacy"""",""""library"""",""""liberty"""",""""history"""",""""victory""""]""	[]	[]"
400884	4	available	利用できる	ready to be used or gotten	This room is available today.	この部屋は今日利用できます。	adjective	4	3	""[""""利用できる"""",""""必要な"""",""""安全な"""",""""有名な"""",""""静かな""""]""	""[""""available"""",""""necessary"""",""""safe"""",""""famous"""",""""quiet""""]""	""[""""available"""",""""valuable"""",""""avoidable"""",""""believable"""",""""visible""""]""	""[{""""word"""":""""usable"""",""""note"""":""""使うことができる""""}]""	""[{""""word"""":""""unavailable"""",""""note"""":""""利用できない""""}]"""
400885	4	reality	現実	the real state of things	Dreams can be different from reality.	夢は現実と違うことがあります。	noun	4	3	""[""""現実"""",""""未来"""",""""記憶"""",""""意見"""",""""秘密""""]""	""[""""reality"""",""""future"""",""""memory"""",""""opinion"""",""""secret""""]""	""[""""reality"""",""""really"""",""""loyalty"""",""""ability"""",""""variety""""]""	""[{""""word"""":""""truth"""",""""note"""":""""事実という意味で近い""""}]""	""[{""""word"""":""""fantasy"""",""""note"""":""""空想の世界""""}]"""
400886	4	genuine	本物の	real and not false	Is this watch genuine?	この時計は本物ですか。	adjective	5	2	""[""""本物の"""",""""危険な"""",""""簡単な"""",""""特別な"""",""""人気のある""""]""	""[""""genuine"""",""""dangerous"""",""""easy"""",""""special"""",""""popular""""]""	""[""""genuine"""",""""general"""",""""gentle"""",""""genius"""",""""January""""]""	""[{""""word"""":""""real"""",""""note"""":""""より基本的な語""""}]""	""[{""""word"""":""""fake"""",""""note"""":""""にせものの""""}]"""
400887	4	truly	本当に	in a real or honest way	I am truly sorry for being late.	遅れて本当にごめんなさい。	adverb	4	3	""[""""本当に"""",""""たぶん"""",""""すぐに"""",""""静かに"""",""""ゆっくり""""]""	""[""""truly"""",""""probably"""",""""quickly"""",""""quietly"""",""""slowly""""]""	""[""""truly"""",""""tree"""",""""train"""",""""try"""",""""trolley""""]""	""[{""""word"""":""""really"""",""""note"""":""""日常会話でよりよく使う""""}]""	[]"
400888	4	motive	動機	the reason for doing something	The police tried to find his motive.	警察は彼の動機を見つけようとした。	noun	5	2	""[""""動機"""",""""方法"""",""""結果"""",""""証拠"""",""""計画""""]""	""[""""motive"""",""""method"""",""""result"""",""""evidence"""",""""plan""""]""	""[""""motive"""",""""motor"""",""""moment"""",""""native"""",""""notice""""]""	""[{""""word"""":""""reason"""",""""note"""":""""より広い意味での「理由」""""}]""	[]"
400889	4	explanation	説明	words that make something clear	Her explanation was easy to understand.	彼女の説明は理解しやすかった。	noun	4	3	""[""""説明"""",""""質問"""",""""約束"""",""""意見"""",""""報告""""]""	""[""""explanation"""",""""question"""",""""promise"""",""""opinion"""",""""report""""]""	""[""""explanation"""",""""expression"""",""""education"""",""""excursion"""",""""expectation""""]""	[]	[]"
400890	4	because of	〜のために	for the reason of something	The game was canceled because of rain.	雨のためにその試合は中止になった。	preposition	4	4	""[""""〜のために"""",""""〜の前に"""",""""〜のあとで"""",""""〜といっしょに"""",""""〜の代わりに""""]""	""[""""because of"""",""""before"""",""""after"""",""""with"""",""""instead of""""]""	""[""""because of"""",""""in front of"""",""""out of"""",""""across"""",""""between""""]""	""[{""""word"""":""""due to"""",""""note"""":""""ややかたい表現""""}]""	[]"
400891	4	logic	論理	clear and reasonable thinking	Your idea has good logic.	あなたの考えにはしっかりした論理がある。	noun	4	3	""[""""論理"""",""""記憶"""",""""方法"""",""""意見"""",""""事実""""]""	""[""""logic"""",""""memory"""",""""method"""",""""opinion"""",""""fact""""]""	""[""""logic"""",""""magic"""",""""topic"""",""""public"""",""""local""""]""	[]	[]"
400892	4	motivation	やる気	the reason you want to do something	She has strong motivation to study English.	彼女には英語を勉強する強いやる気がある。	noun	4	3	""[""""やる気"""",""""経験"""",""""努力"""",""""習慣"""",""""才能""""]""	""[""""motivation"""",""""experience"""",""""effort"""",""""habit"""",""""talent""""]""	""[""""motivation"""",""""modification"""",""""movement"""",""""moment"""",""""vacation""""]""	[]	[]"
400893	4	known	知られている	recognized by many people	She is known for her beautiful voice.	彼女は美しい声で知られている。	adjective	4	3	""[""""知られている"""",""""驚いている"""",""""疲れている"""",""""壊れている"""",""""混んでいる""""]""	""[""""known"""",""""surprised"""",""""tired"""",""""broken"""",""""crowded""""]""	""[""""known"""",""""own"""",""""phone"""",""""stone"""",""""snow""""]""	""[{""""word"""":""""famous"""",""""note"""":""""より広く有名な意味でよく使う""""}]""	""[{""""word"""":""""unknown"""",""""note"""":""""知られていない""""}]"""
400894	4	blush	赤面する	to become red in the face from shame or shyness	I blush when people praise me.	人にほめられると私は赤面する。	verb	4	2	""[""""赤面する"""",""""微笑む"""",""""叫ぶ"""",""""震える"""",""""ため息をつく""""]""	""[""""blush"""",""""smile"""",""""shout"""",""""shake"""",""""sigh""""]""	""[""""blush"""",""""brush"""",""""plus"""",""""flash"""",""""blue""""]""	[]	[]"
400895	4	turn down	断る	to refuse an offer or request	He turned down the job offer.	彼はその仕事の申し出を断った。	verb	4	3	""[""""断る"""",""""受け入れる"""",""""延期する"""",""""説明する"""",""""準備する""""]""	""[""""turn down"""",""""accept"""",""""delay"""",""""explain"""",""""prepare""""]""	""[""""turn down"""",""""turn around"""",""""calm down"""",""""write down"""",""""sit down""""]""	""[{""""word"""":""""refuse"""",""""note"""":""""ややかたい語""""}]""	""[{""""word"""":""""accept"""",""""note"""":""""申し出などを受け入れる""""}]"""
400896	4	reject	拒絶する	to say no to something or someone	They may reject our idea.	彼らは私たちの考えを拒絶するかもしれない。	verb	4	3	""[""""拒絶する"""",""""受け入れる"""",""""説明する"""",""""修理する"""",""""発見する""""]""	""[""""reject"""",""""accept"""",""""explain"""",""""repair"""",""""discover""""]""	""[""""reject"""",""""reflect"""",""""respect"""",""""result"""",""""report""""]""	""[{""""word"""":""""refuse"""",""""note"""":""""やや直接的に断る""""}]""	""[{""""word"""":""""accept"""",""""note"""":""""受け入れる""""}]"""
400897	4	atomic	原子の	relating to atoms	We studied atomic energy in class.	私たちは授業で原子力エネルギーについて学んだ。	adjective	5	2	""[""""原子の"""",""""化学の"""",""""電気の"""",""""医学の"""",""""歴史の""""]""	""[""""atomic"""",""""chemical"""",""""electric"""",""""medical"""",""""historical""""]""	""[""""atomic"""",""""attic"""",""""automatic"""",""""athletic"""",""""artistic""""]""	[]	[]"
400898	4	environmentally	環境の面で	in a way related to the environment	This product is environmentally safe.	この製品は環境の面で安全です。	adverb	5	2	""[""""環境の面で"""",""""経済的に"""",""""文化的に"""",""""個人的に"""",""""国際的に""""]""	""[""""environmentally"""",""""economically"""",""""culturally"""",""""personally"""",""""internationally""""]""	""[""""environmentally"""",""""experimentally"""",""""traditionally"""",""""internationally"""",""""emotionally""""]""	[]	[]"
400899	4	historical	歴史の	related to history	This museum has many historical books.	この博物館には歴史の本がたくさんあります。	adjective	4	3	""[""""歴史の"""",""""有名な"""",""""伝統的な"""",""""重要な"""",""""文化の""""]""	""[""""historical"""",""""famous"""",""""traditional"""",""""important"""",""""cultural""""]""	""[""""historical"""",""""hysterical"""",""""electric"""",""""practical"""",""""theoretical""""]""	""[{""""word"""":""""traditional"""",""""note"""":""""昔から受け継がれている意味で近い""""}]""	[]"
400900	4	historic	歴史的に重要な	important in history	It was a historic day for our town.	それは私たちの町にとって歴史的に重要な日でした。	adjective	4	3	""[""""歴史的に重要な"""",""""危険な"""",""""有名な"""",""""静かな"""",""""現代の""""]""	""[""""historic"""",""""dangerous"""",""""famous"""",""""quiet"""",""""modern""""]""	""[""""historic"""",""""histrionic"""",""""district"""",""""specific"""",""""domestic""""]""	""[{""""word"""":""""important"""",""""note"""":""""意味は近いが historic は歴史上重要なことに使う""""}]""	""[{""""word"""":""""modern"""",""""note"""":""""歴史的なものではなく現代の""""}]"""
400901	4	take it easy	気楽にやる	to relax and not worry too much	You look tired, so take it easy today.	疲れているようだから、今日は気楽にやってね。	verb	4	3	""[""""気楽にやる"""",""""急ぐ"""",""""あきらめる"""",""""集中する"""",""""準備する""""]""	""[""""take it easy"""",""""hurry up"""",""""give up"""",""""focus on"""",""""get ready""""]""	""[""""take it easy"""",""""take a seat"""",""""take a test"""",""""take a bus"""",""""take a rest""""]""	""[{""""word"""":""""relax"""",""""note"""":""""より短い基本語""""}]""	""[{""""word"""":""""hurry"""",""""note"""":""""急ぐこと""""}]"""
400902	4	memorial	記念の	made to remember a person or event	They built a memorial hall for the famous writer.	彼らはその有名な作家のために記念ホールを建てた。	adjective	4	3	""[""""記念の"""",""""歴史的な"""",""""伝統的な"""",""""公式の"""",""""公共の""""]""	""[""""memorial"""",""""historic"""",""""traditional"""",""""official"""",""""public""""]""	""[""""memorial"""",""""material"""",""""memory"""",""""ministerial"""",""""tutorial""""]""	""[{""""word"""":""""commemorative"""",""""note"""":""""やや硬い表現""""}]""	[]"
400903	4	eliminate	取り除く	to remove something unwanted	We need to eliminate errors from the report.	私たちは報告書から誤りを取り除く必要がある。	verb	5	3	""[""""取り除く"""",""""集める"""",""""広げる"""",""""守る"""",""""加える""""]""	""[""""eliminate"""",""""collect"""",""""spread"""",""""protect"""",""""add""""]""	""[""""eliminate"""",""""estimate"""",""""elevate"""",""""decorate"""",""""celebrate""""]""	""[{""""word"""":""""remove"""",""""note"""":""""より基本的な語""""},{""""word"""":""""get rid of"""",""""note"""":""""口語でよく使う""""}]""	""[{""""word"""":""""add"""",""""note"""":""""加える""""},{""""word"""":""""keep"""",""""note"""":""""そのまま残す""""}]"""
400904	4	erase	消す	to remove writing or marks	Please erase the answer on the board.	黒板の答えを消してください。	verb	3	4	""[""""消す"""",""""書く"""",""""描く"""",""""隠す"""",""""運ぶ""""]""	""[""""erase"""",""""write"""",""""draw"""",""""hide"""",""""carry""""]""	""[""""erase"""",""""arrange"""",""""awake"""",""""arise"""",""""allow""""]""	""[{""""word"""":""""rub out"""",""""note"""":""""英ではよく使う""""},{""""word"""":""""delete"""",""""note"""":""""特にデータを消す""""}]""	""[{""""word"""":""""write"""",""""note"""":""""書く""""},{""""word"""":""""keep"""",""""note"""":""""消さずに残す""""}]"""
400905	4	quote	引用する	to repeat someone else's words	She quoted a famous writer in her speech.	彼女はスピーチで有名な作家の言葉を引用した。	verb	4	3	""[""""引用する"""",""""説明する"""",""""比較する"""",""""拒否する"""",""""翻訳する""""]""	""[""""quote"""",""""explain"""",""""compare"""",""""refuse"""",""""translate""""]""	""[""""quote"""",""""coat"""",""""quite"""",""""quiet"""",""""goat""""]""	""[{""""word"""":""""cite"""",""""note"""":""""ややかたい表現""""}]""	[]"
400906	4	substitute	代わりに使う	to use one person or thing instead of another	You can substitute milk with soy milk.	牛乳の代わりに豆乳を使うことができます。	verb	5	2	""[""""代わりに使う"""",""""集める"""",""""修理する"""",""""運ぶ"""",""""選ぶ""""]""	""[""""substitute"""",""""collect"""",""""repair"""",""""carry"""",""""choose""""]""	""[""""substitute"""",""""subject"""",""""subtract"""",""""support"""",""""sudden""""]""	""[{""""word"""":""""replace"""",""""note"""":""""より基本的な語""""}]""	[]"
400907	4	make a reservation	予約する	to arrange to have a seat, room, or table later	We made a reservation for dinner tonight.	私たちは今夜の夕食を予約した。	verb	3	4	""[""""予約する"""",""""注文する"""",""""案内する"""",""""確認する"""",""""招待する""""]""	""[""""make a reservation"""",""""order"""",""""guide"""",""""confirm"""",""""invite""""]""	""[""""make a reservation"""",""""make a decision"""",""""make a mistake"""",""""take a vacation"""",""""have a discussion""""]""	""[{""""word"""":""""book"""",""""note"""":""""特に席や部屋を予約する""""}]""	""[{""""word"""":""""cancel"""",""""note"""":""""予約を取り消す""""}]"""
400908	4	honor	名誉	great respect and pride	It is an honor to meet her.	彼女に会えて光栄です。	noun	4	3	""[""""名誉"""",""""結果"""",""""努力"""",""""責任"""",""""伝統""""]""	""[""""honor"""",""""result"""",""""effort"""",""""duty"""",""""custom""""]""	""[""""honor"""",""""owner"""",""""order"""",""""offer"""",""""over""""]""	""[{""""word"""":""""glory"""",""""note"""":""""より大きな名声を表すことが多い""""}]""	""[{""""word"""":""""shame"""",""""note"""":""""恥、不名誉""""}]"""
400909	4	outcome	結果	the result of an action or event	The outcome of the game surprised us.	その試合の結果は私たちを驚かせた。	noun	4	3	""[""""結果"""",""""原因"""",""""方法"""",""""計画"""",""""意見""""]""	""[""""outcome"""",""""cause"""",""""method"""",""""plan"""",""""opinion""""]""	""[""""outcome"""",""""income"""",""""outside"""",""""outline"""",""""welcome""""]""	""[{""""word"""":""""result"""",""""note"""":""""最も基本的な類義語""""}]""	[]"
400910	4	output	生産高	the amount produced by a person or machine	The factory increased its output this year.	その工場は今年、生産高を増やした。	noun	5	2	""[""""生産高"""",""""費用"""",""""需要"""",""""利益"""",""""在庫""""]""	""[""""output"""",""""cost"""",""""demand"""",""""profit"""",""""stock""""]""	""[""""output"""",""""outside"""",""""upset"""",""""upload"""",""""update""""]""	""[{""""word"""":""""production"""",""""note"""":""""作ること・生産""""}]""	""[{""""word"""":""""input"""",""""note"""":""""投入、入力""""}]"""
400911	4	consequence	結果	something that happens because of an action	His lie had a serious consequence.	彼のうそは深刻な結果を招いた。	noun	4	3	""[""""結果"""",""""原因"""",""""理由"""",""""影響"""",""""変化""""]""	""[""""consequence"""",""""cause"""",""""reason"""",""""effect"""",""""change""""]""	""[""""consequence"""",""""conference"""",""""confidence"""",""""constant"""",""""concert""""]""	""[{""""word"""":""""result"""",""""note"""":""""より一般的な語""""},{""""word"""":""""outcome"""",""""note"""":""""結果として起こったこと""""}]""	""[{""""word"""":""""cause"""",""""note"""":""""結果ではなく原因""""}]"""
400912	4	effect	効果	a change caused by something	The medicine had a good effect.	その薬はよい効果があった。	noun	4	4	""[""""効果"""",""""原因"""",""""方法"""",""""理由"""",""""習慣""""]""	""[""""effect"""",""""cause"""",""""method"""",""""reason"""",""""habit""""]""	""[""""effect"""",""""affect"""",""""inspect"""",""""elect"""",""""event""""]""	""[{""""word"""":""""result"""",""""note"""":""""結果として現れるもの""""}]""	""[{""""word"""":""""cause"""",""""note"""":""""effect は結果、cause は原因""""}]"""
400913	4	luxury	ぜいたく	great comfort and expensive things	Staying there was a real luxury.	そこに泊まるのは本当にぜいたくだった。	noun	4	2	""[""""ぜいたく"""",""""節約"""",""""習慣"""",""""文化"""",""""方法""""]""	""[""""luxury"""",""""saving"""",""""habit"""",""""culture"""",""""method""""]""	""[""""luxury"""",""""injury"""",""""library"""",""""lucky"""",""""factory""""]""	[]	""[{""""word"""":""""necessity"""",""""note"""":""""ぜいたく品ではなく必要なもの""""}]"""
400914	4	wealthy	裕福な	having a lot of money	He comes from a wealthy family.	彼は裕福な家庭の出身です。	adjective	4	3	""[""""裕福な"""",""""貧しい"""",""""有名な"""",""""親切な"""",""""健康な""""]""	""[""""wealthy"""",""""famous"""",""""healthy"""",""""honest"""",""""careful""""]""	""[""""wealthy"""",""""healthy"""",""""worthy"""",""""weekly"""",""""weather""""]""	""[{""""word"""":""""rich"""",""""note"""":""""より基本的な語""""}]""	""[{""""word"""":""""poor"""",""""note"""":""""お金をあまり持っていない""""}]"""
400915	4	skateboard	スケートボード	a board you ride on with small wheels	My brother got a new skateboard.	兄は新しいスケートボードを手に入れました。	noun	3	3	""[""""スケートボード"""",""""自転車"""",""""ヘルメット"""",""""ボール"""",""""ラケット""""]""	""[""""skateboard"""",""""bicycle"""",""""helmet"""",""""ball"""",""""racket""""]""	""[""""skateboard"""",""""scoreboard"""",""""skater"""",""""schoolbag"""",""""snowboard""""]""	[]	[]"
400916	4	proper	適切な	right or suitable for something	Please wear proper shoes for hiking.	ハイキングには適切な靴をはいてください。	adjective	4	3	""[""""適切な"""",""""危険な"""",""""簡単な"""",""""静かな"""",""""人気のある""""]""	""[""""proper"""",""""dangerous"""",""""easy"""",""""quiet"""",""""popular""""]""	""[""""proper"""",""""paper"""",""""player"""",""""promise"""",""""problem""""]""	""[{""""word"""":""""right"""",""""note"""":""""文脈によって近い意味""""},{""""word"""":""""suitable"""",""""note"""":""""目的に合っている""""}]""	""[{""""word"""":""""wrong"""",""""note"""":""""正しくない""""},{""""word"""":""""improper"""",""""note"""":""""適切でない""""}]"""
400917	4	immediate	即座の	happening at once	We need an immediate answer.	私たちは即座の返事が必要です。	adjective	4	3	""[""""即座の"""",""""安全な"""",""""静かな"""",""""重要な"""",""""簡単な""""]""	""[""""immediate"""",""""careful"""",""""silent"""",""""important"""",""""simple""""]""	""[""""immediate"""",""""imitate"""",""""image"""",""""medicine"""",""""minute""""]""	""[{""""word"""":""""instant"""",""""note"""":""""より短く、すぐの意味""""}]""	""[{""""word"""":""""delayed"""",""""note"""":""""遅れた""""}]"""
400918	4	correct	正しい	free from mistakes	Your answer is correct.	あなたの答えは正しいです。	adjective	3	4	""[""""正しい"""",""""危険な"""",""""有名な"""",""""静かな"""",""""必要な""""]""	""[""""correct"""",""""dangerous"""",""""famous"""",""""quiet"""",""""necessary""""]""	""[""""correct"""",""""collect"""",""""connect"""",""""concert"""",""""complex""""]""	""[{""""word"""":""""right"""",""""note"""":""""日常会話でよく使う""""}]""	""[{""""word"""":""""wrong"""",""""note"""":""""間違った""""}]"""
400919	4	venture	冒険	an exciting and risky experience	The trip was a great venture for us.	その旅行は私たちにとってすばらしい冒険でした。	noun	5	2	""[""""冒険"""",""""計画"""",""""約束"""",""""習慣"""",""""意見""""]""	""[""""venture"""",""""plan"""",""""promise"""",""""habit"""",""""opinion""""]""	""[""""venture"""",""""village"""",""""visitor"""",""""picture"""",""""future""""]""	""[{""""word"""":""""adventure"""",""""note"""":""""より一般的な語""""}]""	[]"
400920	4	lane	車線	one of the lines of traffic on a road	Stay in the left lane.	左の車線を走ってください。	noun	4	3	""[""""車線"""",""""歩道"""",""""交差点"""",""""信号"""",""""橋""""]""	""[""""lane"""",""""sidewalk"""",""""crossing"""",""""signal"""",""""bridge""""]""	""[""""lane"""",""""rain"""",""""late"""",""""line"""",""""name""""]""	[]	[]"
400921	4	mineral	鉱物	a natural substance found in the earth	Salt is a common mineral.	塩はありふれた鉱物です。	noun	5	2	""[""""鉱物"""",""""植物"""",""""金属"""",""""液体"""",""""気体""""]""	""[""""mineral"""",""""plant"""",""""metal"""",""""liquid"""",""""gas""""]""	""[""""mineral"""",""""general"""",""""memory"""",""""mirror"""",""""manual""""]""	[]	[]"
400922	4	missile	ミサイル	a weapon that is sent through the air to hit something	The country tested a new missile.	その国は新しいミサイルを実験した。	noun	4	2	""[""""ミサイル"""",""""爆弾"""",""""戦車"""",""""銃"""",""""弾丸""""]""	""[""""missile"""",""""bomb"""",""""tank"""",""""gun"""",""""bullet""""]""	""[""""missile"""",""""mission"""",""""misty"""",""""middle"""",""""muscle""""]""	[]	[]"
400923	4	studio	スタジオ	a room or building used for art, music, or recording	She works in a music studio.	彼女は音楽スタジオで働いています。	noun	3	3	""[""""スタジオ"""",""""教室"""",""""図書館"""",""""工場"""",""""劇場""""]""	""[""""studio"""",""""classroom"""",""""library"""",""""factory"""",""""theater""""]""	""[""""studio"""",""""student"""",""""stupid"""",""""stew"""",""""stadium""""]""	[]	[]"
400924	4	string	ひも	a thin piece of rope or thread	He tied the box with a string.	彼はその箱をひもでしばった。	noun	3	3	""[""""ひも"""",""""布"""",""""紙"""",""""板"""",""""針金""""]""	""[""""string"""",""""cloth"""",""""paper"""",""""board"""",""""wire""""]""	""[""""string"""",""""strong"""",""""spring"""",""""street"""",""""stripe""""]""	""[{""""word"""":""""cord"""",""""note"""":""""stringより少し太めのことが多い""""}]""	[]"
400925	4	decay	腐る	to become bad or rotten over time	Fruit will decay in the sun.	果物は日なたに置くと腐る。	verb	4	2	""[""""腐る"""",""""乾く"""",""""凍る"""",""""割れる"""",""""沈む""""]""	""[""""decay"""",""""dry"""",""""freeze"""",""""break"""",""""sink""""]""	""[""""decay"""",""""delay"""",""""today"""",""""decide"""",""""detail""""]""	""[{""""word"""":""""rot"""",""""note"""":""""特に食べ物などが腐る""""}]""	[]"
400926	4	wheel	車輪	a round part that turns on a car or bike	The front wheel is broken.	前の車輪が壊れています。	noun	3	3	""[""""車輪"""",""""座席"""",""""窓"""",""""ハンドル"""",""""ブレーキ""""]""	""[""""wheel"""",""""seat"""",""""window"""",""""handle"""",""""brake""""]""	""[""""wheel"""",""""will"""",""""wall"""",""""whale"""",""""well""""]""	[]	[]"
400927	4	bowl	どんぶり	a deep round dish for food	She put rice in a bowl.	彼女はご飯をどんぶりに入れた。	noun	3	3	""[""""どんぶり"""",""""皿"""",""""コップ"""",""""鍋"""",""""やかん""""]""	""[""""bowl"""",""""plate"""",""""cup"""",""""pot"""",""""kettle""""]""	""[""""bowl"""",""""ball"""",""""bone"""",""""boat"""",""""bell""""]""	""[{""""word"""":""""dish"""",""""note"""":""""より広い意味の器""""}]""	[]"
400928	4	spoil	だめにする	to make something bad or useless	Rain can spoil our picnic.	雨で私たちのピクニックがだめになることがある。	verb	4	3	""[""""だめにする"""",""""集める"""",""""運ぶ"""",""""隠す"""",""""直す""""]""	""[""""spoil"""",""""carry"""",""""hide"""",""""fix"""",""""collect""""]""	""[""""spoil"""",""""spill"""",""""sport"""",""""space"""",""""spin""""]""	""[{""""word"""":""""ruin"""",""""note"""":""""より強く「台なしにする」""""}]""	""[{""""word"""":""""fix"""",""""note"""":""""直してよくする""""}]"""
400929	4	govern	統治する	to control a country or area officially	A queen used to govern the country.	昔は女王がその国を統治していた。	verb	5	2	""[""""統治する"""",""""建てる"""",""""選ぶ"""",""""守る"""",""""訪れる""""]""	""[""""govern"""",""""build"""",""""choose"""",""""protect"""",""""visit""""]""	""[""""govern"""",""""garden"""",""""golden"""",""""given"""",""""gather""""]""	""[{""""word"""":""""rule"""",""""note"""":""""より基本的な語""""}]""	[]"
400930	4	democracy	民主主義	a system in which people choose their leaders	Democracy is important in many countries.	民主主義は多くの国で重要です。	noun	5	2	""[""""民主主義"""",""""産業"""",""""文化"""",""""法律"""",""""人口""""]""	""[""""democracy"""",""""industry"""",""""culture"""",""""law"""",""""population""""]""	""[""""democracy"""",""""geography"""",""""technology"""",""""photography"""",""""economy""""]""	[]	[]"
400931	4	discipline	しつけ	training that teaches people to follow rules	Good discipline helps students learn well.	よいしつけは生徒がよく学ぶのに役立ちます。	noun	4	3	""[""""しつけ"""",""""努力"""",""""勇気"""",""""習慣"""",""""責任""""]""	""[""""discipline"""",""""effort"""",""""courage"""",""""habit"""",""""duty""""]""	""[""""discipline"""",""""distance"""",""""discover"""",""""different"""",""""decision""""]""	""[{""""word"""":""""training"""",""""note"""":""""教えこむことの意味で近い""""}]""	[]"
400932	4	chase	追いかける	to run after someone or something	The dog chased the ball in the park.	その犬は公園でボールを追いかけた。	verb	3	4	""[""""追いかける"""",""""押す"""",""""運ぶ"""",""""集める"""",""""隠す""""]""	""[""""chase"""",""""push"""",""""carry"""",""""collect"""",""""hide""""]""	""[""""chase"""",""""change"""",""""chain"""",""""choose"""",""""check""""]""	""[{""""word"""":""""follow"""",""""note"""":""""後を追う意味で近いが、chaseのほうが急いで追う""""}]""	""[{""""word"""":""""escape"""",""""note"""":""""追う ↔ 逃げる""""}]"""
400933	4	sorrow	悲しみ	a feeling of great sadness	She felt deep sorrow after the news.	彼女はその知らせのあと深い悲しみを感じた。	noun	4	2	""[""""悲しみ"""",""""喜び"""",""""怒り"""",""""不安"""",""""驚き""""]""	""[""""sorrow"""",""""joy"""",""""anger"""",""""worry"""",""""surprise""""]""	""[""""sorrow"""",""""solo"""",""""sorry"""",""""swallow"""",""""summer""""]""	""[{""""word"""":""""sadness"""",""""note"""":""""より一般的な語""""}]""	""[{""""word"""":""""joy"""",""""note"""":""""悲しみの反対""""}]"""
400934	4	mourn	悲しむ	to feel sad because someone has died or something is lost	People mourn after a great loss.	人々は大きな喪失のあとに悲しむ。	verb	4	2	""[""""悲しむ"""",""""喜ぶ"""",""""驚く"""",""""怒る"""",""""笑う""""]""	""[""""mourn"""",""""smile"""",""""shout"""",""""laugh"""",""""relax""""]""	""[""""mourn"""",""""moon"""",""""more"""",""""born"""",""""morning""""]""	""[{""""word"""":""""grieve"""",""""note"""":""""ややかたいが近い意味""""}]""	""[{""""word"""":""""rejoice"""",""""note"""":""""喜ぶ""""}]"""
400935	4	secure	安全な	safe and protected	This building is secure at night.	この建物は夜は安全だ。	adjective	4	3	""[""""安全な"""",""""危険な"""",""""静かな"""",""""暗い"""",""""広い""""]""	""[""""secure"""",""""dangerous"""",""""quiet"""",""""dark"""",""""wide""""]""	""[""""secure"""",""""seeker"""",""""sugar"""",""""soccer"""",""""singer""""]""	""[{""""word"""":""""safe"""",""""note"""":""""最も基本的な類義語""""}]""	""[{""""word"""":""""dangerous"""",""""note"""":""""危険な""""}]"""
400936	4	shelter	避難所	a safe place to stay	We stayed in a shelter during the storm.	私たちは嵐の間、避難所にいた。	noun	4	3	""[""""避難所"""",""""駅"""",""""工場"""",""""劇場"""",""""図書館""""]""	""[""""shelter"""",""""station"""",""""factory"""",""""theater"""",""""library""""]""	""[""""shelter"""",""""shoulder"""",""""sugar"""",""""silver"""",""""sister""""]""	[]	[]"
400937	4	security	安全	safety from danger or crime	The airport has strong security.	その空港は厳重な安全対策がある。	noun	4	3	""[""""安全"""",""""危険"""",""""自由"""",""""平和"""",""""秘密""""]""	""[""""security"""",""""danger"""",""""freedom"""",""""peace"""",""""secret""""]""	""[""""security"""",""""secret"""",""""society"""",""""activity"""",""""certainty""""]""	""[{""""word"""":""""safety"""",""""note"""":""""より基本的な語""""}]""	""[{""""word"""":""""danger"""",""""note"""":""""危険という反対の意味""""}]"""
400938	4	equal	等しい	the same in size, number, or value	All students have equal chances.	すべての生徒には等しい機会がある。	adjective	4	4	""[""""等しい"""",""""異なる"""",""""重要な"""",""""簡単な"""",""""正しい""""]""	""[""""equal"""",""""different"""",""""important"""",""""easy"""",""""correct""""]""	""[""""equal"""",""""eagle"""",""""evil"""",""""usual"""",""""able""""]""	""[{""""word"""":""""same"""",""""note"""":""""より基本的で近い意味""""}]""	""[{""""word"""":""""different"""",""""note"""":""""同じでない""""}]"""
400939	4	specimen	標本	a sample used for study	The museum showed a bird specimen.	その博物館は鳥の標本を展示した。	noun	5	2	""[""""標本"""",""""実験"""",""""資料"""",""""植物"""",""""化石""""]""	""[""""specimen"""",""""experiment"""",""""material"""",""""plant"""",""""fossil""""]""	""[""""specimen"""",""""special"""",""""specific"""",""""spelling"""",""""speaker""""]""	""[{""""word"""":""""sample"""",""""note"""":""""見本・試料として使うこともある""""}]""	[]"
400940	4	mention	言及する	to talk about something briefly	He did not mention the problem.	彼はその問題について言及しなかった。	verb	4	3	""[""""言及する"""",""""説明する"""",""""解決する"""",""""隠す"""",""""選ぶ""""]""	""[""""mention"""",""""explain"""",""""solve"""",""""hide"""",""""choose""""]""	""[""""mention"""",""""mission"""",""""nation"""",""""motion"""",""""lesson""""]""	""[{""""word"""":""""refer to"""",""""note"""":""""ややかたい言い方""""}]""	""[{""""word"""":""""ignore"""",""""note"""":""""話題にしない""""}]"""
400941	4	see off	見送る	to go with someone to say goodbye when they leave	We went to the station to see off our friend.	私たちは友だちを見送るために駅へ行った。	verb	4	2	""[""""見送る"""",""""迎えに行く"""",""""訪ねる"""",""""待つ"""",""""助ける""""]""	""[""""see off"""",""""pick up"""",""""visit"""",""""wait"""",""""help""""]""	""[""""see off"""",""""set off"""",""""send off"""",""""show up"""",""""stay up""""]""	""[{""""word"""":""""send off"""",""""note"""":""""別れの場面で使うことがある""""}]""	""[{""""word"""":""""pick up"""",""""note"""":""""迎えに行く""""}]"""
400942	4	claim	主張する	to say that something is true	She claimed that the bag was hers.	彼女はそのかばんは自分のものだと主張した。	verb	4	3	""[""""主張する"""",""""否定する"""",""""確認する"""",""""想像する"""",""""提案する""""]""	""[""""claim"""",""""deny"""",""""confirm"""",""""imagine"""",""""suggest""""]""	""[""""claim"""",""""came"""",""""clay"""",""""clean"""",""""climb""""]""	""[{""""word"""":""""say"""",""""note"""":""""より基本的な語""""},{""""word"""":""""state"""",""""note"""":""""ややかたい言い方""""}]""	""[{""""word"""":""""deny"""",""""note"""":""""正しくないと言う""""}]"""
400943	4	decline	断る	to say no to something	She had to decline the invitation.	彼女はその招待を断らなければならなかった。	verb	4	3	""[""""断る"""",""""受け入れる"""",""""説明する"""",""""選ぶ"""",""""集める""""]""	""[""""decline"""",""""accept"""",""""explain"""",""""choose"""",""""collect""""]""	""[""""decline"""",""""define"""",""""design"""",""""describe"""",""""decide""""]""	""[{""""word"""":""""refuse"""",""""note"""":""""より直接的に「断る」""""}]""	""[{""""word"""":""""accept"""",""""note"""":""""受け入れる""""}]"""
400944	4	forbid	禁じる	to say that something is not allowed	My parents forbid me to stay out late.	両親は私が遅くまで外にいることを禁じている。	verb	4	3	""[""""禁じる"""",""""許す"""",""""勧める"""",""""準備する"""",""""続ける""""]""	""[""""forbid"""",""""allow"""",""""recommend"""",""""prepare"""",""""continue""""]""	""[""""forbid"""",""""forget"""",""""forest"""",""""forward"""",""""format""""]""	""[{""""word"""":""""ban"""",""""note"""":""""公式に禁じるときによく使う""""}]""	""[{""""word"""":""""allow"""",""""note"""":""""許可する""""}]"""
400945	4	deny	否定する	to say that something is not true	He did not deny the story.	彼はその話を否定しなかった。	verb	4	3	""[""""否定する"""",""""認める"""",""""想像する"""",""""隠す"""",""""繰り返す""""]""	""[""""deny"""",""""admit"""",""""imagine"""",""""hide"""",""""repeat""""]""	""[""""deny"""",""""decide"""",""""depend"""",""""delight"""",""""design""""]""	[]	""[{""""word"""":""""admit"""",""""note"""":""""事実だと認める""""}]"""
400946	4	declare	宣言する	to say something officially or clearly	The president will declare the start of the event.	大統領はその行事の開始を宣言するでしょう。	verb	4	3	""[""""宣言する"""",""""許可する"""",""""説明する"""",""""拒否する"""",""""到着する""""]""	""[""""declare"""",""""allow"""",""""explain"""",""""refuse"""",""""arrive""""]""	""[""""declare"""",""""repair"""",""""prepare"""",""""care"""",""""clear""""]""	""[{""""word"""":""""announce"""",""""note"""":""""広く知らせるときによく使う""""}]""	[]"
400947	4	admit	認める	to say that something is true	He admitted his mistake to the teacher.	彼は先生に自分の間違いを認めた。	verb	4	4	""[""""認める"""",""""隠す"""",""""疑う"""",""""防ぐ"""",""""選ぶ""""]""	""[""""admit"""",""""hide"""",""""doubt"""",""""prevent"""",""""choose""""]""	""[""""admit"""",""""omit"""",""""adopt"""",""""adult"""",""""advice""""]""	""[{""""word"""":""""accept"""",""""note"""":""""受け入れる意味でも使うが admit より広い""""}]""	""[{""""word"""":""""deny"""",""""note"""":""""事実でないと言う""""}]"""
400948	4	threaten	脅す	to say you will cause harm or trouble	The man threatened the shop owner.	その男は店主を脅した。	verb	5	3	""[""""脅す"""",""""助ける"""",""""守る"""",""""招く"""",""""褒める""""]""	""[""""threaten"""",""""help"""",""""protect"""",""""invite"""",""""praise""""]""	""[""""threaten"""",""""thread"""",""""three"""",""""throat"""",""""thrive""""]""	[]	[]"
400949	4	complain	不平を言う	to say that you are not happy about something	He likes to complain about the food.	彼はその食べ物について不平を言うのが好きです。	verb	4	3	""[""""不平を言う"""",""""説明する"""",""""提案する"""",""""応援する"""",""""招待する""""]""	""[""""complain"""",""""explain"""",""""suggest"""",""""support"""",""""invite""""]""	""[""""complain"""",""""contain"""",""""compare"""",""""complete"""",""""company""""]""	""[{""""word"""":""""grumble"""",""""note"""":""""ややくだけた「ぶつぶつ不平を言う」""""}]""	""[{""""word"""":""""praise"""",""""note"""":""""ほめる""""},{""""word"""":""""accept"""",""""note"""":""""不満を言わず受け入れる""""}]"""
400950	4	negative	否定的な	not positive; showing no hope or approval	She gave a negative answer to my idea.	彼女は私の考えに否定的な返事をしました。	adjective	4	3	""[""""否定的な"""",""""積極的な"""",""""静かな"""",""""公平な"""",""""安全な""""]""	""[""""negative"""",""""active"""",""""quiet"""",""""fair"""",""""safe""""]""	""[""""negative"""",""""native"""",""""creative"""",""""relative"""",""""sensitive""""]""	""[{""""word"""":""""pessimistic"""",""""note"""":""""より「悲観的な」の意味が強い""""}]""	""[{""""word"""":""""positive"""",""""note"""":""""反対の意味で最も基本的""""}]"""
400951	4	objection	反対	a reason for not agreeing with something	No one raised an objection to the plan.	その計画に反対を述べる人はだれもいませんでした。	noun	4	2	""[""""反対"""",""""賛成"""",""""提案"""",""""説明"""",""""約束""""]""	""[""""objection"""",""""agreement"""",""""proposal"""",""""explanation"""",""""promise""""]""	""[""""objection"""",""""occasion"""",""""operation"""",""""direction"""",""""attention""""]""	""[{""""word"""":""""opposition"""",""""note"""":""""より広く「反対」の意味で使う""""}]""	""[{""""word"""":""""agreement"""",""""note"""":""""同意""""},{""""word"""":""""approval"""",""""note"""":""""賛成・承認""""}]"""
400952	4	positive	前向きな	having a hopeful and good attitude	She always has a positive attitude.	彼女はいつも前向きな態度を持っています。	adjective	4	3	""[""""前向きな"""",""""消極的な"""",""""静かな"""",""""厳しい"""",""""単純な""""]""	""[""""positive"""",""""passive"""",""""quiet"""",""""strict"""",""""simple""""]""	""[""""positive"""",""""possible"""",""""opposite"""",""""position"""",""""polite""""]""	""[{""""word"""":""""optimistic"""",""""note"""":""""より『楽観的な』に近い""""}]""	""[{""""word"""":""""negative"""",""""note"""":""""反対の意味""""}]"""
400953	4	welcome	歓迎する	to greet someone happily when they arrive	We welcome new students every spring.	私たちは毎年春に新しい生徒を歓迎します。	verb	3	4	""[""""歓迎する"""",""""招待する"""",""""訪ねる"""",""""紹介する"""",""""助ける""""]""	""[""""welcome"""",""""invite"""",""""visit"""",""""introduce"""",""""help""""]""	""[""""welcome"""",""""well-known"""",""""weekend"""",""""window"""",""""winner""""]""	""[{""""word"""":""""greet"""",""""note"""":""""会ったときにあいさつする""""}]""	[]"
400954	4	frighten	怖がらせる	to make someone feel afraid	The loud noise did not frighten me.	その大きな音は私を怖がらせませんでした。	verb	4	2	""[""""怖がらせる"""",""""驚かせる"""",""""守る"""",""""隠す"""",""""追いかける""""]""	""[""""frighten"""",""""surprise"""",""""protect"""",""""hide"""",""""chase""""]""	""[""""frighten"""",""""brighten"""",""""flight"""",""""frozen"""",""""writer""""]""	""[{""""word"""":""""scare"""",""""note"""":""""より日常的な語""""}]""	""[{""""word"""":""""calm"""",""""note"""":""""落ち着かせる意味で反対""""}]"""
400955	4	fear	恐れ	a strong feeling of being afraid	She felt fear in the dark room.	彼女は暗い部屋で恐れを感じた。	noun	4	4	""[""""恐れ"""",""""喜び"""",""""希望"""",""""怒り"""",""""驚き""""]""	""[""""fear"""",""""joy"""",""""hope"""",""""anger"""",""""surprise""""]""	""[""""fear"""",""""dear"""",""""near"""",""""fair"""",""""fire""""]""	""[{""""word"""":""""fright"""",""""note"""":""""やや強い「恐怖」""""}]""	""[{""""word"""":""""courage"""",""""note"""":""""恐れに立ち向かう気持ち""""}]"""
400956	4	for fear of	〜を恐れて	because you are afraid of something	He spoke softly for fear of waking the baby.	彼は赤ちゃんを起こすのを恐れて静かに話した。	preposition	5	2	""[""""〜を恐れて"""",""""〜のおかげで"""",""""〜の代わりに"""",""""〜に加えて"""",""""〜の前に""""]""	""[""""for fear of"""",""""because of"""",""""instead of"""",""""in front of"""",""""along with""""]""	""[""""for fear of"""",""""for years"""",""""four fields"""",""""far from"""",""""for free""""]""	[]	[]"
400957	4	principal	校長	the head of a school	The principal spoke to all the students.	校長は全生徒に話をした。	noun	4	3	""[""""校長"""",""""先生"""",""""生徒"""",""""医者"""",""""店長""""]""	""[""""principal"""",""""teacher"""",""""student"""",""""doctor"""",""""manager""""]""	""[""""principal"""",""""printable"""",""""practical"""",""""private"""",""""present""""]""	""[{""""word"""":""""headteacher"""",""""note"""":""""主に英式英語で使う""""}]""	[]"
400958	4	assignment	課題	a piece of work given to do	I finished my assignment last night.	私は昨夜、課題を終えました。	noun	4	3	""[""""課題"""",""""宿題"""",""""計画"""",""""約束"""",""""試験""""]""	""[""""assignment"""",""""homework"""",""""project"""",""""promise"""",""""exam""""]""	""[""""assignment"""",""""alignment"""",""""apartment"""",""""assistant"""",""""agreement""""]""	""[{""""word"""":""""homework"""",""""note"""":""""学校の宿題として使うことが多い""""}]""	[]"
400959	4	navy	海軍	the military force at sea	Her brother joined the navy last year.	彼女の兄は去年、海軍に入りました。	noun	4	2	""[""""海軍"""",""""陸軍"""",""""空軍"""",""""兵士"""",""""戦争""""]""	""[""""navy"""",""""army"""",""""air force"""",""""soldier"""",""""war""""]""	""[""""navy"""",""""heavy"""",""""maybe"""",""""name"""",""""rainy""""]""	[]	[]"
400960	4	tide	潮	the regular rise and fall of the sea	The tide was high in the morning.	朝は潮が満ちていました。	noun	4	2	""[""""潮"""",""""波"""",""""浜"""",""""港"""",""""海岸""""]""	""[""""tide"""",""""wave"""",""""beach"""",""""port"""",""""coast""""]""	""[""""tide"""",""""time"""",""""tile"""",""""tight"""",""""side""""]""	[]	[]"
400961	4	investigate	調査する	to try to find out the facts about something	The police will investigate the accident.	警察はその事故を調査するでしょう。	verb	4	3	""[""""調査する"""",""""説明する"""",""""発明する"""",""""選ぶ"""",""""運ぶ""""]""	""[""""investigate"""",""""explain"""",""""invent"""",""""choose"""",""""carry""""]""	""[""""investigate"""",""""invite"""",""""invent"""",""""integrate"""",""""indicate""""]""	""[{""""word"""":""""examine"""",""""note"""":""""より広く「調べる」""""},{""""word"""":""""check"""",""""note"""":""""より日常的な語""""}]""	[]"
400962	4	at this time of year	この時期に	during this season of the year	It often rains at this time of year.	この時期にはよく雨が降ります。	prepositional phrase	3	3	""[""""この時期に"""",""""昨日"""",""""毎週"""",""""すぐに"""",""""夜に""""]""	""[""""at this time of year"""",""""yesterday"""",""""every week"""",""""right away"""",""""at night""""]""	""[""""at this time of year"""",""""at this time of day"""",""""at that time of year"""",""""at this time"""",""""at the end of the year""""]""	[]	[]"
400963	4	code	暗号	a system of words, letters, or signs used to hide a message	They sent the message in code.	彼らはそのメッセージを暗号で送った。	noun	4	3	""[""""暗号"""",""""記号"""",""""合図"""",""""規則"""",""""番号""""]""	""[""""code"""",""""sign"""",""""signal"""",""""rule"""",""""number""""]""	""[""""code"""",""""cold"""",""""coat"""",""""card"""",""""cone""""]""	""[{""""word"""":""""cipher"""",""""note"""":""""ややかたい語""""}]""	[]"
400964	4	visual	視覚の	related to seeing	The class used visual materials.	その授業では視覚教材を使った。	adjective	4	2	""[""""視覚の"""",""""聴覚の"""",""""身体の"""",""""自然の"""",""""個人的な""""]""	""[""""visual"""",""""auditory"""",""""physical"""",""""natural"""",""""personal""""]""	""[""""visual"""",""""usual"""",""""visit"""",""""vision"""",""""virtual""""]""	""[{""""word"""":""""visible"""",""""note"""":""""visibleは『見える』の意味が中心""""}]""	""[{""""word"""":""""auditory"""",""""note"""":""""『聴覚の』""""}]"""
400965	4	export	輸出する	to send goods to another country for sale	Japan exports cars to many countries.	日本は多くの国に車を輸出する。	verb	4	3	""[""""輸出する"""",""""輸入する"""",""""生産する"""",""""販売する"""",""""運ぶ""""]""	""[""""export"""",""""import"""",""""produce"""",""""sell"""",""""carry""""]""	""[""""export"""",""""expert"""",""""report"""",""""support"""",""""airport""""]""	""[{""""word"""":""""ship"""",""""note"""":""""品物を送るという意味で近い""""}]""	""[{""""word"""":""""import"""",""""note"""":""""外国から入れる""""}]"""
400966	4	marketing	販売活動	the work of selling and promoting products	She works in marketing at a food company.	彼女は食品会社で販売活動の仕事をしている。	noun	4	3	""[""""販売活動"""",""""会計"""",""""製造"""",""""配達"""",""""研究""""]""	""[""""marketing"""",""""accounting"""",""""production"""",""""delivery"""",""""research""""]""	""[""""marketing"""",""""market"""",""""marking"""",""""meeting"""",""""making""""]""	""[{""""word"""":""""sales"""",""""note"""":""""売る活動という点で近い""""}]""	[]"
400967	4	transmit	送る	to send out a signal, message, or information	This radio can transmit news quickly.	このラジオはすばやくニュースを送ることができる。	verb	5	2	""[""""送る"""",""""受け取る"""",""""集める"""",""""記録する"""",""""調べる""""]""	""[""""transmit"""",""""receive"""",""""collect"""",""""record"""",""""check""""]""	""[""""transmit"""",""""translate"""",""""transport"""",""""traffic"""",""""transfer""""]""	""[{""""word"""":""""send"""",""""note"""":""""最も基本的な近い語""""}]""	""[{""""word"""":""""receive"""",""""note"""":""""受け取る""""}]"""
400968	4	broadcast	放送する	to send a program by TV or radio	They broadcast the game on TV.	彼らはその試合をテレビで放送した。	verb	4	3	""[""""放送する"""",""""録音する"""",""""説明する"""",""""印刷する"""",""""招待する""""]""	""[""""broadcast"""",""""record"""",""""explain"""",""""print"""",""""invite""""]""	""[""""broadcast"""",""""broad"""",""""brought"""",""""boat"""",""""breakfast""""]""	""[{""""word"""":""""air"""",""""note"""":""""放送するという意味で使う""""}]""	[]"
400969	4	outfit	服装	a set of clothes worn together	She bought a new outfit for the party.	彼女はパーティーのために新しい服装を買った。	noun	3	3	""[""""服装"""",""""制服"""",""""帽子"""",""""靴"""",""""手袋""""]""	""[""""outfit"""",""""uniform"""",""""hat"""",""""shoes"""",""""gloves""""]""	""[""""outfit"""",""""output"""",""""outside"""",""""often"""",""""office""""]""	""[{""""word"""":""""clothes"""",""""note"""":""""より広い意味の「服」""""}]""	[]"
400970	4	series	連続番組	a set of related shows, books, or events	This TV series is very popular.	このテレビの連続番組はとても人気があります。	noun	4	3	""[""""連続番組"""",""""映画"""",""""広告"""",""""記事"""",""""試合""""]""	""[""""series"""",""""movie"""",""""ad"""",""""article"""",""""game""""]""	""[""""series"""",""""serious"""",""""service"""",""""syrup"""",""""science""""]""	[]	[]"
400971	4	dozen	1ダース	a group of twelve	I bought a dozen eggs.	私は卵を1ダース買いました。	noun	4	3	""[""""1ダース"""",""""半ダース"""",""""100個"""",""""1組"""",""""1列""""]""	""[""""dozen"""",""""pair"""",""""hundred"""",""""group"""",""""set""""]""	""[""""dozen"""",""""dozing"""",""""doer"""",""""doorman"""",""""chosen""""]""	[]	[]"
400972	4	establish	設立する	to start something officially	They plan to establish a new club.	彼らは新しいクラブを設立する予定です。	verb	5	3	""[""""設立する"""",""""発見する"""",""""説明する"""",""""改善する"""",""""選ぶ""""]""	""[""""establish"""",""""discover"""",""""explain"""",""""improve"""",""""choose""""]""	""[""""establish"""",""""astonish"""",""""attach"""",""""escape"""",""""finish""""]""	""[{""""word"""":""""found"""",""""note"""":""""会社・学校などを作る""""}]""	[]"
400973	4	tremble	震える	to shake because of fear or cold	His hands began to tremble.	彼の手は震え始めました。	verb	4	2	""[""""震える"""",""""倒れる"""",""""滑る"""",""""曲がる"""",""""押す""""]""	""[""""tremble"""",""""fall"""",""""slide"""",""""bend"""",""""push""""]""	""[""""tremble"""",""""temple"""",""""travel"""",""""trouble"""",""""triangle""""]""	""[{""""word"""":""""shake"""",""""note"""":""""より基本的な語""""}]""	""[{""""word"""":""""calm"""",""""note"""":""""落ち着いた状態になる""""}]"""
400974	4	form	形	the shape or type of something	The cake was in the form of a star.	そのケーキは星の形をしていた。	noun	4	3	""[""""形"""",""""色"""",""""大きさ"""",""""重さ"""",""""材料""""]""	""[""""form"""",""""color"""",""""size"""",""""weight"""",""""material""""]""	""[""""form"""",""""farm"""",""""from"""",""""four"""",""""foam""""]""	""[{""""word"""":""""shape"""",""""note"""":""""より一般的な『形』""""}]""	[]"
400975	4	in common	共通して	shared by two or more people or things	They have many hobbies in common.	彼らには共通する趣味がたくさんある。	adverb	5	3	""[""""共通して"""",""""別々に"""",""""静かに"""",""""急いで"""",""""簡単に""""]""	""[""""in common"""",""""separately"""",""""quietly"""",""""quickly"""",""""easily""""]""	""[""""in common"""",""""uncommon"""",""""command"""",""""comment"""",""""common""""]""	""[{""""word"""":""""together"""",""""note"""":""""意味は近いが完全には同じでない""""}]""	[]"
400976	4	mutual	相互の	felt or done by two people for each other	They have mutual respect.	彼らはお互いに尊敬し合っている。	adjective	5	2	""[""""相互の"""",""""個人の"""",""""公式の"""",""""重要な"""",""""静かな""""]""	""[""""mutual"""",""""personal"""",""""official"""",""""important"""",""""quiet""""]""	""[""""mutual"""",""""usual"""",""""music"""",""""future"""",""""nature""""]""	""[{""""word"""":""""shared"""",""""note"""":""""共通のという意味で近い""""}]""	[]"
400977	4	keen	熱心な	very interested in something	She is keen on music.	彼女は音楽に熱心です。	adjective	4	3	""[""""熱心な"""",""""退屈した"""",""""有名な"""",""""静かな"""",""""危険な""""]""	""[""""keen"""",""""bored"""",""""famous"""",""""quiet"""",""""dangerous""""]""	""[""""keen"""",""""king"""",""""keep"""",""""kid"""",""""clean""""]""	""[{""""word"""":""""eager"""",""""note"""":""""〜したがっている気持ちが強い""""}]""	""[{""""word"""":""""bored"""",""""note"""":""""興味がなく退屈した""""}]"""
400978	4	needle	針	a thin metal tool used for sewing	I need a needle to fix my shirt.	シャツを直すのに針が必要です。	noun	4	3	""[""""針"""",""""糸"""",""""はさみ"""",""""布"""",""""ボタン""""]""	""[""""needle"""",""""thread"""",""""scissors"""",""""cloth"""",""""button""""]""	""[""""needle"""",""""noodle"""",""""middle"""",""""need"""",""""little""""]""	[]	[]"
400979	4	layer	層	one thickness or level of something	There was a layer of snow on the road.	道路には雪の層がありました。	noun	4	3	""[""""層"""",""""列"""",""""角"""",""""端"""",""""面""""]""	""[""""layer"""",""""row"""",""""corner"""",""""edge"""",""""surface""""]""	""[""""layer"""",""""later"""",""""player"""",""""lower"""",""""laser""""]""	[]	[]"
400980	4	vessel	船	a ship or large boat	The fishing vessel left the port early.	その漁船は早く港を出た。	noun	4	2	""[""""船"""",""""港"""",""""波"""",""""島"""",""""灯台""""]""	""[""""vessel"""",""""harbor"""",""""wave"""",""""island"""",""""lighthouse""""]""	""[""""vessel"""",""""lesson"""",""""visitor"""",""""castle"""",""""visual""""]""	""[{""""word"""":""""ship"""",""""note"""":""""より一般的な語""""}]""	[]"
400981	4	sail	航海する	to travel on water in a boat or ship	They will sail across the lake tomorrow.	彼らは明日その湖を船で渡る。	verb	3	3	""[""""航海する"""",""""泳ぐ"""",""""歩く"""",""""登る"""",""""飛ぶ""""]""	""[""""sail"""",""""swim"""",""""walk"""",""""climb"""",""""fly""""]""	""[""""sail"""",""""sale"""",""""soil"""",""""seal"""",""""tail""""]""	[]	[]"
400982	4	summary	要約	a short statement of the main points	Please write a short summary of the story.	その物語の短い要約を書いてください。	noun	4	3	""[""""要約"""",""""題名"""",""""場面"""",""""意見"""",""""質問""""]""	""[""""summary"""",""""title"""",""""scene"""",""""opinion"""",""""question""""]""	""[""""summary"""",""""summer"""",""""suddenly"""",""""salary"""",""""memory""""]""	""[{""""word"""":""""outline"""",""""note"""":""""要点を簡単に示したもの""""}]""	[]"
400983	4	brief	短い	lasting only a short time	We had a brief meeting after lunch.	私たちは昼食後に短い会議をしました。	adjective	4	3	""[""""短い"""",""""長い"""",""""静かな"""",""""重い"""",""""明るい""""]""	""[""""brief"""",""""long"""",""""quiet"""",""""heavy"""",""""bright""""]""	""[""""brief"""",""""brick"""",""""bring"""",""""bread"""",""""break""""]""	""[{""""word"""":""""short"""",""""note"""":""""より基本的な語""""}]""	""[{""""word"""":""""long"""",""""note"""":""""時間や長さが長い""""}]"""
400984	4	bullet	弾丸	a small metal object shot from a gun	The police found a bullet on the floor.	警察は床の上で弾丸を見つけました。	noun	4	2	""[""""弾丸"""",""""爆弾"""",""""刃"""",""""ロープ"""",""""鎖""""]""	""[""""bullet"""",""""bomb"""",""""blade"""",""""rope"""",""""chain""""]""	""[""""bullet"""",""""bucket"""",""""ballet"""",""""wallet"""",""""jacket""""]""	[]	[]"
400985	4	exhibit	展示する	to show something to people	The museum will exhibit old photos next week.	その博物館は来週、古い写真を展示します。	verb	5	2	""[""""展示する"""",""""収集する"""",""""修理する"""",""""運ぶ"""",""""隠す""""]""	""[""""exhibit"""",""""collect"""",""""repair"""",""""carry"""",""""hide""""]""	""[""""exhibit"""",""""exist"""",""""except"""",""""excite"""",""""examine""""]""	""[{""""word"""":""""show"""",""""note"""":""""より基本的で広い語""""}]""	""[{""""word"""":""""hide"""",""""note"""":""""見えないようにする""""}]"""
400986	4	expose	さらす	to show something that was hidden	The report will expose the truth.	その報告書は真実を明らかにするだろう。	verb	4	3	""[""""さらす"""",""""隠す"""",""""集める"""",""""守る"""",""""運ぶ""""]""	""[""""expose"""",""""hide"""",""""collect"""",""""protect"""",""""carry""""]""	""[""""expose"""",""""export"""",""""expect"""",""""explode"""",""""excuse""""]""	""[{""""word"""":""""uncover"""",""""note"""":""""隠れていたものを見つけて明らかにする""""}]""	""[{""""word"""":""""hide"""",""""note"""":""""隠す""""}]"""
400987	4	reveal	明らかにする	to make something known	She did not reveal her plan.	彼女は自分の計画を明らかにしなかった。	verb	4	4	""[""""明らかにする"""",""""隠す"""",""""選ぶ"""",""""支える"""",""""訪れる""""]""	""[""""reveal"""",""""hide"""",""""choose"""",""""support"""",""""visit""""]""	""[""""reveal"""",""""repeat"""",""""review"""",""""remove"""",""""repair""""]""	""[{""""word"""":""""show"""",""""note"""":""""より基本的な語""""},{""""word"""":""""disclose"""",""""note"""":""""ややかたい語""""}]""	""[{""""word"""":""""hide"""",""""note"""":""""隠す""""}]"""
400988	4	demonstrate	実演する	to show how something works	The teacher will demonstrate the experiment.	先生はその実験を実演するでしょう。	verb	5	3	""[""""実演する"""",""""説明する"""",""""修理する"""",""""予約する"""",""""配達する""""]""	""[""""demonstrate"""",""""explain"""",""""repair"""",""""reserve"""",""""deliver""""]""	""[""""demonstrate"""",""""decorate"""",""""determine"""",""""celebrate"""",""""generate""""]""	""[{""""word"""":""""show"""",""""note"""":""""見せるという基本語""""}]""	[]"
400989	4	display	展示する	to show something for people to see	The store will display new shoes next week.	その店は来週、新しい靴を展示します。	verb	4	3	""[""""展示する"""",""""修理する"""",""""運ぶ"""",""""予約する"""",""""交換する""""]""	""[""""display"""",""""repair"""",""""carry"""",""""reserve"""",""""exchange""""]""	""[""""display"""",""""dislike"""",""""delay"""",""""destroy"""",""""discover""""]""	""[{""""word"""":""""show"""",""""note"""":""""より基本的な語""""}]""	""[{""""word"""":""""hide"""",""""note"""":""""見えないようにする""""}]"""
400990	4	vision	視力	the ability to see	My grandfather's vision is getting weaker.	私の祖父の視力はだんだん弱くなっています。	noun	4	3	""[""""視力"""",""""聴力"""",""""記憶"""",""""体力"""",""""睡眠""""]""	""[""""vision"""",""""hearing"""",""""memory"""",""""strength"""",""""sleep""""]""	""[""""vision"""",""""visit"""",""""version"""",""""lesson"""",""""decision""""]""	""[{""""word"""":""""sight"""",""""note"""":""""見る力""""}]""	[]"
400991	4	symptom	症状	a sign that you are sick	A high fever is a common symptom of the flu.	高熱はインフルエンザのよくある症状です。	noun	5	2	""[""""症状"""",""""治療"""",""""原因"""",""""薬"""",""""けが""""]""	""[""""symptom"""",""""treatment"""",""""cause"""",""""medicine"""",""""injury""""]""	""[""""symptom"""",""""system"""",""""simple"""",""""signal"""",""""singer""""]""	""[{""""word"""":""""sign"""",""""note"""":""""病気のしるしという意味で使うことがある""""}]""	[]"
400992	4	register	登録する	to put your name on a list officially	You need to register before the class starts.	授業が始まる前に登録する必要があります。	verb	4	3	""[""""登録する"""",""""予約する"""",""""参加する"""",""""確認する"""",""""提出する""""]""	""[""""register"""",""""reserve"""",""""join"""",""""check"""",""""submit""""]""	""[""""register"""",""""regular"""",""""restroom"""",""""request"""",""""report""""]""	""[{""""word"""":""""sign up"""",""""note"""":""""特にサービスや授業に申し込むとき""""}]""	[]"
400993	4	ridiculous	ばかげた	very silly or unreasonable	That idea sounds ridiculous to me.	その考えは私にはばかげているように聞こえます。	adjective	5	2	""[""""ばかげた"""",""""危険な"""",""""正直な"""",""""静かな"""",""""有名な""""]""	""[""""ridiculous"""",""""dangerous"""",""""honest"""",""""quiet"""",""""famous""""]""	""[""""ridiculous"""",""""religious"""",""""delicious"""",""""careless"""",""""nervous""""]""	""[{""""word"""":""""silly"""",""""note"""":""""よりやさしい語""""}]""	""[{""""word"""":""""reasonable"""",""""note"""":""""筋が通っている""""}]"""
400994	4	nonsense	ばかげたこと	words or ideas that do not make sense	What he said was complete nonsense.	彼の言ったことはまったくばかげたことだった。	noun	4	3	""[""""ばかげたこと"""",""""冗談"""",""""うわさ"""",""""意見"""",""""約束""""]""	""[""""nonsense"""",""""joke"""",""""rumor"""",""""opinion"""",""""promise""""]""	""[""""nonsense"""",""""noisy"""",""""notice"""",""""novel"""",""""number""""]""	""[{""""word"""":""""rubbish"""",""""note"""":""""英では『くだらないこと』の意味でも使う""""}]""	""[{""""word"""":""""sense"""",""""note"""":""""意味が通ること""""}]"""
400995	4	basic	基本的な	simple and most important	These are the basic rules of the game.	これらはそのゲームの基本的なルールです。	adjective	4	4	""[""""基本的な"""",""""特別な"""",""""危険な"""",""""静かな"""",""""有名な""""]""	""[""""basic"""",""""special"""",""""dangerous"""",""""quiet"""",""""famous""""]""	""[""""basic"""",""""basis"""",""""music"""",""""magic"""",""""public""""]""	""[{""""word"""":""""simple"""",""""note"""":""""より「簡単な」の意味が強い""""}]""	""[{""""word"""":""""advanced"""",""""note"""":""""より進んだ内容の""""}]"""
400996	4	context	文脈	the words or situation around something	You can guess the meaning from the context.	文脈からその意味を推測できます。	noun	5	3	""[""""文脈"""",""""結果"""",""""方法"""",""""意見"""",""""記号""""]""	""[""""context"""",""""result"""",""""method"""",""""opinion"""",""""symbol""""]""	""[""""context"""",""""contact"""",""""contest"""",""""contract"""",""""connect""""]""	[]	[]"
400997	4	measurement	測定	the act of finding size, length, or amount	The measurement of the room took ten minutes.	その部屋の測定には10分かかりました。	noun	5	3	""[""""測定"""",""""発明"""",""""会話"""",""""選択"""",""""到着""""]""	""[""""measurement"""",""""invention"""",""""conversation"""",""""choice"""",""""arrival""""]""	""[""""measurement"""",""""pleasure"""",""""treasure"""",""""movement"""",""""agreement""""]""	[]	[]"
400998	4	scale	規模	the size or level of something	We were surprised by the scale of the event.	私たちはその行事の規模に驚いた。	noun	4	3	""[""""規模"""",""""方法"""",""""結果"""",""""目的"""",""""制度""""]""	""[""""scale"""",""""method"""",""""result"""",""""purpose"""",""""system""""]""	""[""""scale"""",""""skill"""",""""scare"""",""""school"""",""""screen""""]""	""[{""""word"""":""""size"""",""""note"""":""""大きさを表す基本語""""}]""	[]"
400999	4	leadership	指導力	the ability to lead other people	She showed strong leadership in the club.	彼女はその部で強い指導力を示した。	noun	4	3	""[""""指導力"""",""""判断力"""",""""集中力"""",""""記憶力"""",""""表現力""""]""	""[""""leadership"""",""""judgment"""",""""focus"""",""""memory"""",""""expression""""]""	""[""""leadership"""",""""reader"""",""""leader"""",""""relation"""",""""reason""""]""	[]	[]"
401000	4	firework	花火	a thing that makes bright colors in the sky	We watched a firework over the river.	私たちは川の上の花火を見た。	noun	4	2	""[""""花火"""",""""風船"""",""""ろうそく"""",""""旗"""",""""ランプ""""]""	""[""""firework"""",""""balloon"""",""""candle"""",""""flag"""",""""lamp""""]""	""[""""firework"""",""""framework"""",""""firewood"""",""""fireman"""",""""fireplace""""]""	[]	[]"
401001	4	oversleep	寝坊する	to sleep longer than you planned	I overslept and missed the bus.	私は寝坊してバスに乗り遅れた。	verb	4	3	""[""""寝坊する"""",""""急ぐ"""",""""目を覚ます"""",""""休む"""",""""遅れる""""]""	""[""""oversleep"""",""""hurry"""",""""wake"""",""""rest"""",""""delay""""]""	""[""""oversleep"""",""""oversee"""",""""sleep"""",""""deep"""",""""asleep""""]""	""[{""""word"""":""""sleep in"""",""""note"""":""""少し遅くまで寝る""""}]""	""[{""""word"""":""""wake up early"""",""""note"""":""""早く起きる""""}]"""
401002	4	gradual	徐々の	happening slowly over time	There was a gradual change in the weather.	天気に徐々の変化があった。	adjective	4	3	""[""""徐々の"""",""""急な"""",""""静かな"""",""""明るい"""",""""簡単な""""]""	""[""""gradual"""",""""sudden"""",""""quiet"""",""""bright"""",""""easy""""]""	""[""""gradual"""",""""graduate"""",""""grateful"""",""""global"""",""""general""""]""	""[{""""word"""":""""slow"""",""""note"""":""""より基本的な語""""}]""	""[{""""word"""":""""sudden"""",""""note"""":""""急に起こる""""}]"""
401003	4	packet	小包	a small package or container	She sent me a packet of cookies.	彼女は私にクッキーの小包を送ってくれた。	noun	4	3	""[""""小包"""",""""封筒"""",""""箱"""",""""袋"""",""""びん""""]""	""[""""packet"""",""""envelope"""",""""box"""",""""bag"""",""""bottle""""]""	""[""""packet"""",""""pocket"""",""""jacket"""",""""bucket"""",""""parrot""""]""	""[{""""word"""":""""package"""",""""note"""":""""packetより少し大きいことが多い""""}]""	[]"
401004	4	detail	詳細	a small piece of information about something	Please tell me the detail of the plan.	その計画の詳細を私に教えてください。	noun	5	4	""[""""詳細"""",""""意見"""",""""結果"""",""""理由"""",""""方法""""]""	""[""""detail"""",""""opinion"""",""""result"""",""""reason"""",""""method""""]""	""[""""detail"""",""""retail"""",""""decent"""",""""device"""",""""debate""""]""	""[{""""word"""":""""information"""",""""note"""":""""より広い意味の情報""""}]""	[]"
401005	4	slight	わずかな	small in degree or amount	I felt a slight pain in my arm.	私は腕にわずかな痛みを感じました。	adjective	6	3	""[""""わずかな"""",""""激しい"""",""""深い"""",""""広い"""",""""正確な""""]""	""[""""slight"""",""""severe"""",""""deep"""",""""wide"""",""""exact""""]""	""[""""slight"""",""""slide"""",""""bright"""",""""slow"""",""""sleep""""]""	""[{""""word"""":""""small"""",""""note"""":""""より基本的な語""""},{""""word"""":""""little"""",""""note"""":""""量が少ないときによく使う""""}]""	""[{""""word"""":""""great"""",""""note"""":""""程度や量が大きい""""},{""""word"""":""""severe"""",""""note"""":""""痛み・問題などが深刻""""}]"""
401006	4	minority	少数派	a smaller group of people in a larger group	The plan was supported by only a minority of students.	その計画を支持したのは少数の生徒だけだった。	noun	4	3	""[""""少数派"""",""""多数派"""",""""集団"""",""""意見"""",""""伝統""""]""	""[""""minority"""",""""majority"""",""""group"""",""""opinion"""",""""custom""""]""	""[""""minority"""",""""majority"""",""""memory"""",""""military"""",""""modernity""""]""	""[{""""word"""":""""small group"""",""""note"""":""""やや説明的な言い換え""""}]""	""[{""""word"""":""""majority"""",""""note"""":""""大多数""""}]"""
401007	4	sample	見本	a small part used to show what something is like	The store gave me a free sample of the new juice.	その店は私に新しいジュースの無料の見本をくれた。	noun	3	4	""[""""見本"""",""""商品"""",""""材料"""",""""値段"""",""""注文""""]""	""[""""sample"""",""""product"""",""""material"""",""""price"""",""""order""""]""	""[""""sample"""",""""simple"""",""""temple"""",""""supper"""",""""sandal""""]""	""[{""""word"""":""""example"""",""""note"""":""""使い方は少し異なるが近い語""""},{""""word"""":""""specimen"""",""""note"""":""""ややかたい語""""}]""	[]"
401008	4	intelligent	知的な	smart and able to learn quickly	She is an intelligent student.	彼女は知的な生徒です。	adjective	4	3	""[""""知的な"""",""""親切な"""",""""活発な"""",""""正直な"""",""""静かな""""]""	""[""""intelligent"""",""""kind"""",""""active"""",""""honest"""",""""quiet""""]""	""[""""intelligent"""",""""important"""",""""interesting"""",""""different"""",""""excellent""""]""	""[{""""word"""":""""smart"""",""""note"""":""""より日常的な語""""},{""""word"""":""""clever"""",""""note"""":""""頭の回転が速い感じ""""}]""	""[{""""word"""":""""stupid"""",""""note"""":""""ばかな""""},{""""word"""":""""foolish"""",""""note"""":""""賢くない""""}]"""
401009	4	sensible	賢明な	showing good judgment	That was a sensible choice.	それは賢明な選択でした。	adjective	4	3	""[""""賢明な"""",""""勇敢な"""",""""親切な"""",""""静かな"""",""""正直な""""]""	""[""""sensible"""",""""brave"""",""""kind"""",""""quiet"""",""""honest""""]""	""[""""sensible"""",""""sensitive"""",""""simple"""",""""special"""",""""central""""]""	""[{""""word"""":""""wise"""",""""note"""":""""より一般的な語""""},{""""word"""":""""practical"""",""""note"""":""""現実的という意味合い""""}]""	""[{""""word"""":""""foolish"""",""""note"""":""""判断が賢明でない""""}]"""
401010	4	thus	したがって	for that reason	It was raining, and thus we stayed home.	雨が降っていたので、したがって私たちは家にいました。	adverb	4	3	""[""""したがって"""",""""しかし"""",""""たぶん"""",""""すぐに"""",""""たしかに""""]""	""[""""thus"""",""""however"""",""""perhaps"""",""""soon"""",""""certainly""""]""	""[""""thus"""",""""this"""",""""those"""",""""though"""",""""bus""""]""	""[{""""word"""":""""therefore"""",""""note"""":""""よりはっきりした書き言葉""""},{""""word"""":""""so"""",""""note"""":""""会話でよく使う""""}]""	[]"
401011	4	smooth	なめらかな	flat and even, not rough	The table has a smooth surface.	そのテーブルはなめらかな表面をしています。	adjective	4	4	""[""""なめらかな"""",""""硬い"""",""""深い"""",""""狭い"""",""""重い""""]""	""[""""smooth"""",""""hard"""",""""deep"""",""""narrow"""",""""heavy""""]""	""[""""smooth"""",""""smoke"""",""""small"""",""""smart"""",""""smile""""]""	""[{""""word"""":""""soft"""",""""note"""":""""やわらかい感じの近い語""""}]""	""[{""""word"""":""""rough"""",""""note"""":""""表面がざらざらした""""}]"""
401012	4	shortly	まもなく	in a short time	The train will arrive shortly.	その電車はまもなく到着します。	adverb	4	3	""[""""まもなく"""",""""ゆっくり"""",""""突然"""",""""たいてい"""",""""すでに""""]""	""[""""shortly"""",""""slowly"""",""""suddenly"""",""""usually"""",""""already""""]""	""[""""shortly"""",""""softly"""",""""surely"""",""""sharply"""",""""shorten""""]""	""[{""""word"""":""""soon"""",""""note"""":""""より基本的な語""""}]""	""[{""""word"""":""""later"""",""""note"""":""""もっと後で""""}]"""
401013	4	audio	音声	sound, especially for recording or broadcasting	Please check the audio before the class.	授業の前に音声を確認してください。	noun	4	3	""[""""音声"""",""""映像"""",""""文字"""",""""写真"""",""""会話""""]""	""[""""audio"""",""""video"""",""""text"""",""""photo"""",""""speech""""]""	""[""""audio"""",""""radio"""",""""studio"""",""""video"""",""""order""""]""	""[{""""word"""":""""sound"""",""""note"""":""""より広い意味の基本語""""}]""	[]"
401014	4	volume	音量	the level of sound	Turn down the volume, please.	音量を下げてください。	noun	4	4	""[""""音量"""",""""速さ"""",""""重さ"""",""""温度"""",""""長さ""""]""	""[""""volume"""",""""speed"""",""""weight"""",""""temperature"""",""""length""""]""	""[""""volume"""",""""value"""",""""column"""",""""holiday"""",""""voice""""]""	""[{""""word"""":""""sound level"""",""""note"""":""""音の大きさ""""}]""	""[{""""word"""":""""silence"""",""""note"""":""""音がないこと""""}]"""
401015	4	gap	すき間	an empty space between two things	There is a gap under the door.	ドアの下にすき間があります。	noun	4	3	""[""""すき間"""",""""穴"""",""""表面"""",""""角"""",""""列""""]""	""[""""gap"""",""""hole"""",""""surface"""",""""corner"""",""""row""""]""	""[""""gap"""",""""cap"""",""""map"""",""""gas"""",""""game""""]""	""[{""""word"""":""""space"""",""""note"""":""""より広い空間にも使う""""}]""	[]"
401016	4	rocket	ロケット	a vehicle that flies into space	The rocket went up into the sky.	そのロケットは空へ上がっていきました。	noun	4	3	""[""""ロケット"""",""""飛行機"""",""""船"""",""""列車"""",""""自転車""""]""	""[""""rocket"""",""""airplane"""",""""ship"""",""""train"""",""""bicycle""""]""	""[""""rocket"""",""""pocket"""",""""locket"""",""""racket"""",""""market""""]""	[]	[]"
401017	4	protest	抗議する	to say strongly that you disagree	Many people protest against the plan.	多くの人がその計画に抗議します。	verb	5	3	""[""""抗議する"""",""""賛成する"""",""""説明する"""",""""提案する"""",""""準備する""""]""	""[""""protest"""",""""agree"""",""""explain"""",""""suggest"""",""""prepare""""]""	""[""""protest"""",""""project"""",""""protect"""",""""promise"""",""""progress""""]""	""[{""""word"""":""""object"""",""""note"""":""""ややかたい語""""}]""	""[{""""word"""":""""agree"""",""""note"""":""""賛成する""""}]"""
401018	4	particular	特定の	special or single, not general	She is looking for a particular book.	彼女は特定の本を探しています。	adjective	4	3	""[""""特定の"""",""""一般的な"""",""""重要な"""",""""最近の"""",""""簡単な""""]""	""[""""particular"""",""""general"""",""""important"""",""""recent"""",""""simple""""]""	""[""""particular"""",""""popular"""",""""practical"""",""""careful"""",""""regular""""]""	""[{""""word"""":""""specific"""",""""note"""":""""よりはっきり限定するときに使う""""}]""	""[{""""word"""":""""general"""",""""note"""":""""全体的な、特定でない""""}]"""
401019	4	specific	具体的な	clear and exact	Please give me a specific reason.	具体的な理由を私に教えてください。	adjective	4	4	""[""""具体的な"""",""""あいまいな"""",""""基本的な"""",""""静かな"""",""""安全な""""]""	""[""""specific"""",""""vague"""",""""basic"""",""""quiet"""",""""safe""""]""	""[""""specific"""",""""Pacific"""",""""scientific"""",""""terrific"""",""""electric""""]""	""[{""""word"""":""""particular"""",""""note"""":""""特定の、個別の意味で近い""""}]""	""[{""""word"""":""""general"""",""""note"""":""""一般的な""""},{""""word"""":""""vague"""",""""note"""":""""はっきりしない""""}]"""
401020	4	privilege	特権	a special right or advantage	It is a privilege to study here.	ここで勉強できるのは特権です。	noun	5	2	""[""""特権"""",""""義務"""",""""規則"""",""""方法"""",""""経験""""]""	""[""""privilege"""",""""duty"""",""""rule"""",""""method"""",""""experience""""]""	""[""""privilege"""",""""village"""",""""bridge"""",""""private"""",""""promise""""]""	[]	""[{""""word"""":""""duty"""",""""note"""":""""権利ではなく果たすべきこと""""}]"""
401021	4	emphasis	強調	special importance given to something	The teacher put emphasis on clear writing.	先生はわかりやすく書くことを強調した。	noun	4	3	""[""""強調"""",""""説明"""",""""比較"""",""""提案"""",""""議論""""]""	""[""""emphasis"""",""""example"""",""""effort"""",""""opinion"""",""""message""""]""	""[""""emphasis"""",""""empire"""",""""empty"""",""""energy"""",""""episode""""]""	""[{""""word"""":""""stress"""",""""note"""":""""「強調」の意味で使える基本語""""}]""	[]"
401022	4	occasion	機会	a special time or event	This is a good occasion to thank her.	これは彼女に感謝するよい機会です。	noun	4	3	""[""""機会"""",""""習慣"""",""""方法"""",""""理由"""",""""結果""""]""	""[""""occasion"""",""""chance"""",""""method"""",""""reason"""",""""result""""]""	""[""""occasion"""",""""vacation"""",""""location"""",""""education"""",""""decision""""]""	""[{""""word"""":""""chance"""",""""note"""":""""occasion より日常的""""}]""	[]"
401023	4	lecture	講義	a talk given to teach people	We listened to a lecture about space.	私たちは宇宙についての講義を聞いた。	noun	4	3	""[""""講義"""",""""会話"""",""""試合"""",""""旅行"""",""""約束""""]""	""[""""lecture"""",""""meeting"""",""""contest"""",""""journey"""",""""promise""""]""	""[""""lecture"""",""""picture"""",""""nature"""",""""mixture"""",""""vector""""]""	""[{""""word"""":""""talk"""",""""note"""":""""より広い意味の「話」""""}]""	[]"
401024	4	haste	急ぎ	great speed in doing something	In her haste, she forgot her bag.	急いでいたので、彼女はかばんを忘れた。	noun	4	3	""[""""急ぎ"""",""""速さ"""",""""注意"""",""""休み"""",""""計画""""]""	""[""""haste"""",""""speed"""",""""care"""",""""rest"""",""""plan""""]""	""[""""haste"""",""""taste"""",""""waste"""",""""paste"""",""""case""""]""	""[{""""word"""":""""hurry"""",""""note"""":""""より日常的な語""""}]""	""[{""""word"""":""""delay"""",""""note"""":""""遅れ・ぐずぐずすること""""}]"""
401025	4	pace	歩調	the speed of walking or moving	He walked at a slow pace.	彼はゆっくりした歩調で歩いた。	noun	4	3	""[""""歩調"""",""""速さ"""",""""方向"""",""""距離"""",""""順番""""]""	""[""""pace"""",""""speed"""",""""direction"""",""""distance"""",""""order""""]""	""[""""pace"""",""""place"""",""""face"""",""""base"""",""""case""""]""	""[{""""word"""":""""speed"""",""""note"""":""""より広い意味での速さ""""}]""	[]"
401026	4	rate	割合	a level, amount, or speed	The birth rate is falling in Japan.	日本では出生率が下がっている。	noun	4	4	""[""""割合"""",""""価格"""",""""方法"""",""""結果"""",""""期間""""]""	""[""""rate"""",""""price"""",""""method"""",""""result"""",""""period""""]""	""[""""rate"""",""""late"""",""""right"""",""""rain"""",""""rail""""]""	[]	[]"
401027	4	oral	口頭の	spoken, not written	We had an oral test in English class.	英語の授業で口頭テストがありました。	adjective	4	3	""[""""口頭の"""",""""筆記の"""",""""静かな"""",""""正式な"""",""""簡単な""""]""	""[""""oral"""",""""written"""",""""silent"""",""""formal"""",""""easy""""]""	""[""""oral"""",""""oval"""",""""order"""",""""over"""",""""owner""""]""	""[{""""word"""":""""spoken"""",""""note"""":""""話し言葉としての意味で近い""""}]""	""[{""""word"""":""""written"""",""""note"""":""""書かれた、筆記の""""}]"""
401028	4	league	連盟	a group of teams or clubs	Our team joined the local soccer league.	私たちのチームは地元のサッカー連盟に入りました。	noun	4	3	""[""""連盟"""",""""観客"""",""""競技場"""",""""選手"""",""""試合""""]""	""[""""league"""",""""crowd"""",""""stadium"""",""""player"""",""""match""""]""	""[""""league"""",""""leave"""",""""lead"""",""""light"""",""""lake""""]""	""[{""""word"""":""""association"""",""""note"""":""""ややかたいが近い意味""""}]""	[]"
401029	4	athlete	運動選手	a person who is good at sports	She wants to be a famous athlete someday.	彼女はいつか有名な運動選手になりたいと思っています。	noun	4	3	""[""""運動選手"""",""""監督"""",""""審判"""",""""観客"""",""""記者""""]""	""[""""athlete"""",""""coach"""",""""referee"""",""""spectator"""",""""reporter""""]""	""[""""athlete"""",""""active"""",""""adult"""",""""artist"""",""""answer""""]""	""[{""""word"""":""""player"""",""""note"""":""""スポーツをする人という意味で近い""""}]""	[]"
401030	4	pose	ポーズをとる	to stand or sit in a certain position for a picture	She posed for a photo in the park.	彼女は公園で写真のためにポーズをとった。	verb	4	3	""[""""ポーズをとる"""",""""隠れる"""",""""微笑む"""",""""手を振る"""",""""叫ぶ""""]""	""[""""pose"""",""""hide"""",""""smile"""",""""wave"""",""""shout""""]""	""[""""pose"""",""""close"""",""""rose"""",""""post"""",""""place""""]""	""[{""""word"""":""""model"""",""""note"""":""""写真などのために見せる感じ""""}]""	[]"
401031	4	represent	表す	to show or stand for something	This sign represents peace.	この印は平和を表している。	verb	5	4	""[""""表す"""",""""集める"""",""""壊す"""",""""選ぶ"""",""""運ぶ""""]""	""[""""represent"""",""""collect"""",""""break"""",""""choose"""",""""carry""""]""	""[""""represent"""",""""repeat"""",""""replace"""",""""report"""",""""respect""""]""	""[{""""word"""":""""show"""",""""note"""":""""より基本的な語""""}]""	[]"
401032	4	launch	始める	to start something new or send something out	The company will launch a new app next month.	その会社は来月新しいアプリを始める。	verb	5	3	""[""""始める"""",""""止める"""",""""調べる"""",""""比べる"""",""""借りる""""]""	""[""""launch"""",""""stop"""",""""check"""",""""compare"""",""""borrow""""]""	""[""""launch"""",""""lunch"""",""""large"""",""""long"""",""""learn""""]""	""[{""""word"""":""""start"""",""""note"""":""""最も基本的な言い換え""""}]""	""[{""""word"""":""""stop"""",""""note"""":""""始める⇔止める""""}]"""
401033	4	source	源	the place something comes from	This river is the source of our water.	この川は私たちの水の源です。	noun	4	3	""[""""源"""",""""原因"""",""""結果"""",""""方法"""",""""目的""""]""	""[""""source"""",""""result"""",""""method"""",""""purpose"""",""""reason""""]""	""[""""source"""",""""sort"""",""""sauce"""",""""force"""",""""course""""]""	""[{""""word"""":""""origin"""",""""note"""":""""物事の始まりや由来を表すことが多い""""}]""	[]"
401034	4	origin	起源	the beginning of something	No one knows the origin of the story.	その話の起源をだれも知りません。	noun	4	3	""[""""起源"""",""""結果"""",""""目的"""",""""方法"""",""""理由""""]""	""[""""origin"""",""""result"""",""""purpose"""",""""method"""",""""reason""""]""	""[""""origin"""",""""organ"""",""""orange"""",""""ordinary"""",""""order""""]""	""[{""""word"""":""""source"""",""""note"""":""""source は出どころ、origin は始まり""""}]""	[]"
401035	4	restart	再開する	to start again	We will restart the game after lunch.	昼食のあとで私たちはその試合を再開します。	verb	4	2	""[""""再開する"""",""""中止する"""",""""終える"""",""""変える"""",""""選ぶ""""]""	""[""""restart"""",""""cancel"""",""""finish"""",""""change"""",""""choose""""]""	""[""""restart"""",""""report"""",""""respect"""",""""return"""",""""rest""""]""	""[{""""word"""":""""resume"""",""""note"""":""""ややかたい語だが「再開する」""""}]""	""[{""""word"""":""""stop"""",""""note"""":""""始め直すの反対で「止める」""""}]"""
401036	4	monument	記念碑	a building or statue made to remember a person or event	We visited a famous monument in the city.	私たちはその町で有名な記念碑を訪れました。	noun	4	3	""[""""記念碑"""",""""博物館"""",""""宮殿"""",""""寺院"""",""""塔""""]""	""[""""monument"""",""""museum"""",""""palace"""",""""temple"""",""""tower""""]""	""[""""monument"""",""""moment"""",""""movement"""",""""mountain"""",""""document""""]""	""[{""""word"""":""""memorial"""",""""note"""":""""追悼や記念の意味が強い""""}]""	[]"
401037	4	stable	安定した	firm and not likely to change or fall	The table is stable now.	そのテーブルは今は安定しています。	adjective	4	3	""[""""安定した"""",""""危険な"""",""""静かな"""",""""柔らかい"""",""""深い""""]""	""[""""stable"""",""""dangerous"""",""""quiet"""",""""soft"""",""""deep""""]""	""[""""stable"""",""""staple"""",""""table"""",""""state"""",""""cable""""]""	""[{""""word"""":""""steady"""",""""note"""":""""ぐらつかず安定した""""}]""	""[{""""word"""":""""unstable"""",""""note"""":""""不安定な""""}]"""
401038	4	balance	つり合い	a state in which things are even and steady	She lost her balance and fell down.	彼女はバランスをくずして転びました。	noun	4	4	""[""""つり合い"""",""""速度"""",""""方向"""",""""距離"""",""""温度""""]""	""[""""balance"""",""""speed"""",""""direction"""",""""distance"""",""""temperature""""]""	""[""""balance"""",""""valley"""",""""palace"""",""""blanket"""",""""balloon""""]""	""[{""""word"""":""""stability"""",""""note"""":""""安定している状態""""}]""	""[{""""word"""":""""imbalance"""",""""note"""":""""不均衡""""}]"""
401039	4	kidnap	誘拐する	to take a person away by force	The police tried to stop the men who planned to kidnap the boy.	警察はその少年を誘拐しようとした男たちを止めようとした。	verb	4	2	""[""""誘拐する"""",""""救う"""",""""追いかける"""",""""守る"""",""""隠す""""]""	""[""""kidnap"""",""""rescue"""",""""chase"""",""""protect"""",""""hide""""]""	""[""""kidnap"""",""""kitten"""",""""kidney"""",""""pickup"""",""""kickback""""]""	[]	[]"
401040	4	cliff	崖	a high, steep side of rock or land	We stood on the cliff and looked at the sea.	私たちは崖の上に立って海を見た。	noun	4	3	""[""""崖"""",""""丘"""",""""谷"""",""""浜辺"""",""""洞窟""""]""	""[""""cliff"""",""""hill"""",""""valley"""",""""beach"""",""""cave""""]""	""[""""cliff"""",""""clip"""",""""class"""",""""clock"""",""""craft""""]""	[]	[]"
401041	4	process	過程	a series of actions to get a result	Learning a language is a slow process.	言語を学ぶことは時間のかかる過程です。	noun	4	4	""[""""過程"""",""""結果"""",""""方法"""",""""計画"""",""""変化""""]""	""[""""process"""",""""result"""",""""method"""",""""plan"""",""""change""""]""	""[""""process"""",""""progress"""",""""project"""",""""promise"""",""""product""""]""	""[{""""word"""":""""procedure"""",""""note"""":""""ややかたい語""""}]""	[]"
401042	4	ladder	はしご	a thing used to climb up and down	He climbed the ladder to the roof.	彼は屋根に上るためにはしごを登った。	noun	4	3	""[""""はしご"""",""""階段"""",""""橋"""",""""ロープ"""",""""柵""""]""	""[""""ladder"""",""""stairs"""",""""bridge"""",""""rope"""",""""fence""""]""	""[""""ladder"""",""""latter"""",""""letter"""",""""leader"""",""""loader""""]""	[]	[]"
401043	4	tense	緊張した	nervous and not relaxed	I felt tense before the game.	私は試合の前に緊張した。	adjective	5	3	""[""""緊張した"""",""""退屈した"""",""""安心した"""",""""疲れた"""",""""驚いた""""]""	""[""""tense"""",""""bored"""",""""calm"""",""""tired"""",""""surprised""""]""	""[""""tense"""",""""sense"""",""""dance"""",""""tents"""",""""thanks""""]""	""[{""""word"""":""""nervous"""",""""note"""":""""より一般的な語""""}]""	""[{""""word"""":""""calm"""",""""note"""":""""落ち着いた""""}]"""
401044	4	sew	縫う	to make or repair clothes with a needle and thread	My grandmother can sew very well.	私の祖母はとても上手に縫うことができる。	verb	4	2	""[""""縫う"""",""""切る"""",""""洗う"""",""""折る"""",""""運ぶ""""]""	""[""""sew"""",""""cut"""",""""wash"""",""""fold"""",""""carry""""]""	""[""""sew"""",""""so"""",""""show"""",""""saw"""",""""snow""""]""	[]	[]"
401045	4	calm down	落ち着く	to become quiet and relaxed	Please calm down and listen to me.	落ち着いて私の話を聞いてください。	verb	4	3	""[""""落ち着く"""",""""急ぐ"""",""""笑う"""",""""隠れる"""",""""集まる""""]""	""[""""calm down"""",""""hurry"""",""""laugh"""",""""hide"""",""""gather""""]""	""[""""calm down"""",""""come down"""",""""count down"""",""""call out"""",""""turn down""""]""	""[{""""word"""":""""relax"""",""""note"""":""""少し広い意味で「くつろぐ」""""}]""	""[{""""word"""":""""panic"""",""""note"""":""""あわてる・取り乱す""""}]"""
401046	4	pause	一時停止する	to stop for a short time	He paused before answering the question.	彼はその質問に答える前に少し止まった。	verb	4	3	""[""""一時停止する"""",""""始める"""",""""続ける"""",""""運ぶ"""",""""選ぶ""""]""	""[""""pause"""",""""start"""",""""continue"""",""""carry"""",""""choose""""]""	""[""""pause"""",""""pose"""",""""cause"""",""""pass"""",""""pace""""]""	""[{""""word"""":""""stop"""",""""note"""":""""短時間止まる意味で近い""""}]""	""[{""""word"""":""""continue"""",""""note"""":""""続ける""""}]"""
401047	4	prevent	防ぐ	to stop something from happening	Warm clothes prevent you from getting cold.	暖かい服はあなたが寒くなるのを防ぐ。	verb	4	4	""[""""防ぐ"""",""""集める"""",""""許す"""",""""運ぶ"""",""""比べる""""]""	""[""""prevent"""",""""collect"""",""""allow"""",""""carry"""",""""compare""""]""	""[""""prevent"""",""""present"""",""""prefer"""",""""prepare"""",""""protect""""]""	""[{""""word"""":""""stop"""",""""note"""":""""起こるのを止める意味で近い""""}]""	""[{""""word"""":""""allow"""",""""note"""":""""起こるのを許す""""}]"""
401048	4	halt	止まる	to stop moving or happening	The bus came to a halt at the station.	そのバスは駅で止まった。	verb	4	2	""[""""止まる"""",""""進む"""",""""始まる"""",""""続く"""",""""広がる""""]""	""[""""halt"""",""""move"""",""""start"""",""""continue"""",""""spread""""]""	""[""""halt"""",""""heart"""",""""hot"""",""""hard"""",""""hurt""""]""	""[{""""word"""":""""stop"""",""""note"""":""""最も基本的な語""""}]""	""[{""""word"""":""""continue"""",""""note"""":""""止まらず続く""""}]"""
401049	4	block	ふさぐ	to stop something from moving or passing	A fallen tree blocked the road.	倒れた木が道路をふさいだ。	verb	4	4	""[""""ふさぐ"""",""""運ぶ"""",""""集める"""",""""壊す"""",""""見つける""""]""	""[""""block"""",""""carry"""",""""collect"""",""""break"""",""""find""""]""	""[""""block"""",""""black"""",""""clock"""",""""blank"""",""""brick""""]""	""[{""""word"""":""""stop"""",""""note"""":""""通れなくする意味で近い""""}]""	""[{""""word"""":""""open"""",""""note"""":""""通れるようにする""""}]"""
401050	4	interrupt	さえぎる	to stop someone while they are speaking or doing something	Please do not interrupt me during class.	授業中は私の話をさえぎらないでください。	verb	5	3	""[""""さえぎる"""",""""助ける"""",""""招く"""",""""選ぶ"""",""""比べる""""]""	""[""""interrupt"""",""""help"""",""""invite"""",""""choose"""",""""compare""""]""	""[""""interrupt"""",""""internet"""",""""interview"""",""""interest"""",""""introduce""""]""	[]	[]"
401051	4	retire	引退する	to stop working after many years or to leave a job	My grandfather will retire next year.	私の祖父は来年引退します。	verb	4	3	""[""""引退する"""",""""参加する"""",""""到着する"""",""""借りる"""",""""修理する""""]""	""[""""retire"""",""""attend"""",""""arrive"""",""""borrow"""",""""repair""""]""	""[""""retire"""",""""require"""",""""return"""",""""reply"""",""""rewrite""""]""	""[{""""word"""":""""quit"""",""""note"""":""""仕事をやめるときにも使う""""}]""	[]"
401052	4	break down	故障する	to stop working properly	Our car broke down on the way home.	私たちの車は家に帰る途中で故障しました。	verb	4	3	""[""""故障する"""",""""出発する"""",""""成長する"""",""""片づける"""",""""通り過ぎる""""]""	""[""""break down"""",""""set off"""",""""grow up"""",""""clean up"""",""""pass by""""]""	""[""""break down"""",""""break out"""",""""bring down"""",""""blackboard"""",""""background""""]""	""[{""""word"""":""""stop"""",""""note"""":""""機械が止まる意味で近い""""},{""""word"""":""""fail"""",""""note"""":""""機械や計画がうまくいかない""""}]""	""[{""""word"""":""""work"""",""""note"""":""""正常に動く""""}]"""
401053	4	pharmacy	薬局	a store where you can get medicine	I went to the pharmacy to buy some medicine.	私は薬を買うために薬局へ行きました。	noun	4	3	""[""""薬局"""",""""図書館"""",""""駅"""",""""工場"""",""""博物館""""]""	""[""""pharmacy"""",""""library"""",""""station"""",""""factory"""",""""museum""""]""	""[""""pharmacy"""",""""farmer"""",""""harmony"""",""""factory"""",""""family""""]""	""[{""""word"""":""""drugstore"""",""""note"""":""""主に米語で使う""""}]""	[]"
401054	4	warehouse	倉庫	a large building for storing goods	The boxes are kept in a warehouse.	その箱は倉庫に保管されています。	noun	4	2	""[""""倉庫"""",""""工場"""",""""市場"""",""""港"""",""""事務所""""]""	""[""""warehouse"""",""""factory"""",""""market"""",""""harbor"""",""""office""""]""	""[""""warehouse"""",""""water"""",""""warm"""",""""window"""",""""work""""]""	""[{""""word"""":""""storage"""",""""note"""":""""保管という意味で近い""""}]""	[]"
401055	4	plot	筋書き	the main story of a book or movie	The plot of the movie was easy to follow.	その映画の筋書きはわかりやすかった。	noun	4	2	""[""""筋書き"""",""""登場人物"""",""""場面"""",""""結末"""",""""題名""""]""	""[""""plot"""",""""character"""",""""scene"""",""""ending"""",""""title""""]""	""[""""plot"""",""""plant"""",""""plate"""",""""plus"""",""""pilot""""]""	""[{""""word"""":""""story"""",""""note"""":""""より広い意味で使う""""}]""	[]"
401056	4	direct	直接の	going straight to the result or place	We took a direct train to Osaka.	私たちは大阪まで直通電車に乗りました。	adjective	4	3	""[""""直接の"""",""""遠回りの"""",""""遅い"""",""""静かな"""",""""安全な""""]""	""[""""direct"""",""""indirect"""",""""slow"""",""""quiet"""",""""safe""""]""	""[""""direct"""",""""detect"""",""""divide"""",""""detail"""",""""desert""""]""	""[{""""word"""":""""straight"""",""""note"""":""""まっすぐという意味で近い""""}]""	""[{""""word"""":""""indirect"""",""""note"""":""""直接でない""""}]"""
401057	4	strain	負担	pressure or worry on the body or mind	Too much work can cause strain.	仕事が多すぎると負担が生じることがあります。	noun	5	2	""[""""負担"""",""""緊張"""",""""疲れ"""",""""痛み"""",""""圧力""""]""	""[""""strain"""",""""tension"""",""""fatigue"""",""""pain"""",""""pressure""""]""	""[""""strain"""",""""train"""",""""straight"""",""""string"""",""""stream""""]""	[]	[]"
401058	4	tension	緊張	a feeling of stress or nervousness	There was tension in the room.	部屋には緊張がありました。	noun	5	3	""[""""緊張"""",""""不安"""",""""興奮"""",""""安心"""",""""恐れ""""]""	""[""""tension"""",""""anxiety"""",""""excitement"""",""""relief"""",""""fear""""]""	""[""""tension"""",""""attention"""",""""mention"""",""""session"""",""""lesson""""]""	""[{""""word"""":""""stress"""",""""note"""":""""より日常的な語""""}]""	""[{""""word"""":""""relaxation"""",""""note"""":""""緊張していない状態""""}]"""
401059	4	severe	厳しい	very serious or very bad	The storm was severe last night.	昨夜の嵐は激しかった。	adjective	4	3	""[""""厳しい"""",""""穏やかな"""",""""明るい"""",""""静かな"""",""""柔らかい""""]""	""[""""severe"""",""""calm"""",""""bright"""",""""quiet"""",""""soft""""]""	""[""""severe"""",""""secure"""",""""silver"""",""""singer"""",""""simple""""]""	""[{""""word"""":""""serious"""",""""note"""":""""深刻なという意味で近い""""},{""""word"""":""""harsh"""",""""note"""":""""より厳しくつらい感じ""""}]""	""[{""""word"""":""""mild"""",""""note"""":""""程度が弱い""""},{""""word"""":""""gentle"""",""""note"""":""""厳しくない""""}]"""
401060	4	impact	影響	a strong effect on something	The movie had a big impact on me.	その映画は私に大きな影響を与えた。	noun	4	3	""[""""影響"""",""""結果"""",""""理由"""",""""方法"""",""""意見""""]""	""[""""impact"""",""""result"""",""""reason"""",""""method"""",""""opinion""""]""	""[""""impact"""",""""import"""",""""insect"""",""""image"""",""""invite""""]""	""[{""""word"""":""""effect"""",""""note"""":""""最も基本的で近い語""""}]""	[]"
401061	4	vigorous	活発な	full of energy and strength	She gave a vigorous answer in class.	彼女は授業で活発な答え方をした。	adjective	4	2	""[""""活発な"""",""""静かな"""",""""慎重な"""",""""親切な"""",""""正直な""""]""	""[""""vigorous"""",""""silent"""",""""careful"""",""""kind"""",""""honest""""]""	""[""""vigorous"""",""""village"""",""""victory"""",""""dangerous"""",""""famous""""]""	""[{""""word"""":""""active"""",""""note"""":""""より基本的な語""""},{""""word"""":""""energetic"""",""""note"""":""""元気いっぱいの""""}]""	""[{""""word"""":""""weak"""",""""note"""":""""力が弱い""""},{""""word"""":""""lazy"""",""""note"""":""""やる気がない""""}]"""
401062	4	enthusiasm	熱意	strong interest and excitement	He showed enthusiasm for science.	彼は科学に熱意を示した。	noun	4	2	""[""""熱意"""",""""勇気"""",""""知識"""",""""方法"""",""""習慣""""]""	""[""""enthusiasm"""",""""courage"""",""""knowledge"""",""""method"""",""""habit""""]""	""[""""enthusiasm"""",""""energy"""",""""entrance"""",""""exercise"""",""""industry""""]""	""[{""""word"""":""""eagerness"""",""""note"""":""""何かをしたい強い気持ち""""}]""	""[{""""word"""":""""apathy"""",""""note"""":""""無関心""""}]"""
401063	4	passion	情熱	a very strong feeling or love for something	Music is her passion.	音楽は彼女の情熱です。	noun	4	3	""[""""情熱"""",""""経験"""",""""努力"""",""""意見"""",""""責任""""]""	""[""""passion"""",""""experience"""",""""effort"""",""""opinion"""",""""responsibility""""]""	""[""""passion"""",""""fashion"""",""""action"""",""""patient"""",""""station""""]""	""[{""""word"""":""""enthusiasm"""",""""note"""":""""強い熱意""""},{""""word"""":""""love"""",""""note"""":""""強い好きという気持ち""""}]""	""[{""""word"""":""""indifference"""",""""note"""":""""関心がないこと""""}]"""
401064	4	belief	信念	a strong feeling that something is true or right	Her belief helped her keep trying.	彼女の信念が、努力を続ける助けになった。	noun	4	3	""[""""信念"""",""""意見"""",""""約束"""",""""習慣"""",""""方法""""]""	""[""""belief"""",""""opinion"""",""""promise"""",""""habit"""",""""method""""]""	""[""""belief"""",""""relief"""",""""beneath"""",""""belong"""",""""before""""]""	""[{""""word"""":""""faith"""",""""note"""":""""より強い信頼や信仰の意味でも使う""""}]""	""[{""""word"""":""""doubt"""",""""note"""":""""確信が持てないこと""""}]"""
401065	4	tough	困難な	difficult to do or deal with	This math problem is tough for me.	この数学の問題は私には難しい。	adjective	4	4	""[""""困難な"""",""""簡単な"""",""""重要な"""",""""静かな"""",""""安全な""""]""	""[""""tough"""",""""easy"""",""""important"""",""""quiet"""",""""safe""""]""	""[""""tough"""",""""stuff"""",""""top"""",""""tongue"""",""""tap""""]""	""[{""""word"""":""""hard"""",""""note"""":""""基本的な言い換え""""}]""	""[{""""word"""":""""easy"""",""""note"""":""""やさしい""""}]"""
401066	4	rope	ロープ	a thick strong string	He tied the box with a rope.	彼はロープでその箱をしばった。	noun	3	3	""[""""ロープ"""",""""ひも"""",""""鎖"""",""""棒"""",""""布""""]""	""[""""rope"""",""""string"""",""""chain"""",""""stick"""",""""cloth""""]""	""[""""rope"""",""""road"""",""""role"""",""""rock"""",""""robe""""]""	""[{""""word"""":""""string"""",""""note"""":""""rope より細いことが多い""""}]""	[]"
401067	4	fierce	激しい	very strong, violent, or angry	A fierce wind blew all night.	激しい風が一晩中吹いた。	adjective	4	3	""[""""激しい"""",""""静かな"""",""""弱い"""",""""穏やかな"""",""""明るい""""]""	""[""""fierce"""",""""calm"""",""""weak"""",""""gentle"""",""""bright""""]""	""[""""fierce"""",""""first"""",""""face"""",""""force"""",""""fish""""]""	""[{""""word"""":""""violent"""",""""note"""":""""より暴力的な意味で使うことが多い""""},{""""word"""":""""strong"""",""""note"""":""""より広い意味で使える""""}]""	""[{""""word"""":""""calm"""",""""note"""":""""落ち着いた""""},{""""word"""":""""gentle"""",""""note"""":""""やさしく穏やかな""""}]"""
401068	4	desire	望む	to want something very much	Many people desire a peaceful life.	多くの人が平和な生活を望んでいる。	verb	4	3	""[""""望む"""",""""避ける"""",""""失う"""",""""集める"""",""""比べる""""]""	""[""""desire"""",""""avoid"""",""""lose"""",""""collect"""",""""compare""""]""	""[""""desire"""",""""design"""",""""decide"""",""""desert"""",""""deny""""]""	""[{""""word"""":""""want"""",""""note"""":""""より基本的で日常的""""},{""""word"""":""""wish"""",""""note"""":""""やや丁寧で軽い願い""""}]""	[]"
401069	4	survey	調査	a set of questions to collect information	Our class did a survey about school lunches.	私たちのクラスは給食についての調査をした。	noun	4	3	""[""""調査"""",""""実験"""",""""会議"""",""""旅行"""",""""競争""""]""	""[""""survey"""",""""experiment"""",""""meeting"""",""""trip"""",""""contest""""]""	""[""""survey"""",""""serve"""",""""surface"""",""""summer"""",""""supper""""]""	""[{""""word"""":""""questionnaire"""",""""note"""":""""質問用紙の形の調査""""},{""""word"""":""""study"""",""""note"""":""""より広い意味の調査・研究""""}]""	[]"
401070	4	research	研究	careful study to learn new facts	She is doing research on plants.	彼女は植物について研究をしています。	noun	4	3	""[""""研究"""",""""実験"""",""""発見"""",""""調査"""",""""発明""""]""	""[""""research"""",""""experiment"""",""""discovery"""",""""survey"""",""""invention""""]""	""[""""research"""",""""return"""",""""reason"""",""""teacher"""",""""reach""""]""	""[{""""word"""":""""study"""",""""note"""":""""より広い意味で使う""""},{""""word"""":""""survey"""",""""note"""":""""調査の意味で近い""""}]""	[]"
401071	4	chemistry	化学	the science of substances and how they change	Chemistry is my favorite subject.	化学は私のいちばん好きな教科です。	noun	4	2	""[""""化学"""",""""物理"""",""""生物"""",""""数学"""",""""歴史""""]""	""[""""chemistry"""",""""physics"""",""""biology"""",""""math"""",""""history""""]""	""[""""chemistry"""",""""history"""",""""industry"""",""""mystery"""",""""century""""]""	[]	[]"
401072	4	psychology	心理学	the study of the human mind and behavior	She wants to study psychology in college.	彼女は大学で心理学を学びたいと思っています。	noun	5	2	""[""""心理学"""",""""社会学"""",""""経済学"""",""""生物学"""",""""言語学""""]""	""[""""psychology"""",""""sociology"""",""""economics"""",""""biology"""",""""linguistics""""]""	""[""""psychology"""",""""technology"""",""""geography"""",""""biology"""",""""ecology""""]""	[]	[]"
401073	4	philosophy	哲学	the study of ideas about life and knowledge	She studies philosophy at college.	彼女は大学で哲学を学んでいます。	noun	4	2	""[""""哲学"""",""""歴史"""",""""科学"""",""""文学"""",""""芸術""""]""	""[""""philosophy"""",""""history"""",""""science"""",""""literature"""",""""art""""]""	""[""""philosophy"""",""""photography"""",""""biology"""",""""geography"""",""""pharmacy""""]""	[]	[]"
401074	4	panic	うろたえる	to feel sudden strong fear and lose control	Don't panic in an emergency.	緊急時にうろたえないで。	verb	4	3	""[""""うろたえる"""",""""驚く"""",""""迷う"""",""""怒る"""",""""急ぐ""""]""	""[""""panic"""",""""worry"""",""""hesitate"""",""""shout"""",""""hurry""""]""	""[""""panic"""",""""picnic"""",""""public"""",""""plastic"""",""""traffic""""]""	[]	""[{""""word"""":""""calm"""",""""note"""":""""落ち着く・落ち着いた""""}]"""
401075	4	propose	提案する	to suggest a plan or idea	He will propose a new plan tomorrow.	彼は明日、新しい計画を提案するでしょう。	verb	4	3	""[""""提案する"""",""""説明する"""",""""拒否する"""",""""比較する"""",""""準備する""""]""	""[""""propose"""",""""explain"""",""""refuse"""",""""compare"""",""""prepare""""]""	""[""""propose"""",""""protect"""",""""produce"""",""""promise"""",""""project""""]""	""[{""""word"""":""""suggest"""",""""note"""":""""より一般的な語""""}]""	""[{""""word"""":""""reject"""",""""note"""":""""提案などを受け入れない""""}]"""
401076	4	outline	概要	a short general description of something	She gave us an outline of her plan.	彼女は私たちに自分の計画の概要を話した。	noun	4	3	""[""""概要"""",""""結果"""",""""意見"""",""""方法"""",""""理由""""]""	""[""""outline"""",""""result"""",""""opinion"""",""""method"""",""""reason""""]""	""[""""outline"""",""""outside"""",""""online"""",""""order"""",""""owner""""]""	""[{""""word"""":""""summary"""",""""note"""":""""より短く要点をまとめたもの""""}]""	[]"
401077	4	confident	自信がある	feeling sure that you can do something well	She is confident about the test.	彼女はそのテストに自信がある。	adjective	4	4	""[""""自信がある"""",""""心配している"""",""""疲れている"""",""""驚いている"""",""""退屈している""""]""	""[""""confident"""",""""worried"""",""""tired"""",""""surprised"""",""""bored""""]""	""[""""confident"""",""""constant"""",""""contact"""",""""concert"""",""""comment""""]""	""[{""""word"""":""""sure"""",""""note"""":""""より基本的な語""""}]""	""[{""""word"""":""""nervous"""",""""note"""":""""自信がなく不安な感じ""""}]"""
401078	4	certain	確かな	sure or known to be true	I am certain that he will come.	私は彼が来ると確信している。	adjective	4	4	""[""""確かな"""",""""危険な"""",""""静かな"""",""""簡単な"""",""""有名な""""]""	""[""""certain"""",""""dangerous"""",""""quiet"""",""""easy"""",""""famous""""]""	""[""""certain"""",""""curtain"""",""""captain"""",""""circle"""",""""central""""]""	""[{""""word"""":""""sure"""",""""note"""":""""日常会話でよく使う近い語""""}]""	""[{""""word"""":""""uncertain"""",""""note"""":""""はっきりしない""""}]"""
401079	4	inevitable	避けられない	certain to happen and impossible to avoid	Some changes are inevitable in life.	人生ではいくつかの変化は避けられない。	adjective	4	2	""[""""避けられない"""",""""予想外の"""",""""確かな"""",""""危険な"""",""""重要な""""]""	""[""""inevitable"""",""""unexpected"""",""""certain"""",""""dangerous"""",""""important""""]""	""[""""inevitable"""",""""incredible"""",""""valuable"""",""""available"""",""""invisible""""]""	""[{""""word"""":""""unavoidable"""",""""note"""":""""より直接的に「避けられない」""""}]""	""[{""""word"""":""""avoidable"""",""""note"""":""""避けることができる""""}]"""
401080	4	undoubtedly	確かに	certainly; without doubt	She is undoubtedly the best player on the team.	彼女は確かにそのチームでいちばんの選手だ。	adverb	4	2	""[""""確かに"""",""""突然"""",""""静かに"""",""""たぶん"""",""""ゆっくり""""]""	""[""""undoubtedly"""",""""suddenly"""",""""quietly"""",""""perhaps"""",""""slowly""""]""	""[""""undoubtedly"""",""""unusually"""",""""unhappily"""",""""understandably"""",""""unfairly""""]""	""[{""""word"""":""""certainly"""",""""note"""":""""より基本的な語""""},{""""word"""":""""surely"""",""""note"""":""""会話でもよく使う""""}]""	""[{""""word"""":""""perhaps"""",""""note"""":""""確かでない感じ""""},{""""word"""":""""doubtfully"""",""""note"""":""""不自然になりやすいので注意""""}]"""
401081	4	unexpected	予想外の	not expected; surprising	We had an unexpected guest last night.	昨夜、私たちのところに予想外の客が来た。	adjective	4	3	""[""""予想外の"""",""""避けられない"""",""""静かな"""",""""有名な"""",""""安全な""""]""	""[""""unexpected"""",""""inevitable"""",""""quiet"""",""""famous"""",""""safe""""]""	""[""""unexpected"""",""""unexcited"""",""""unprotected"""",""""unselected"""",""""uncovered""""]""	""[{""""word"""":""""surprising"""",""""note"""":""""驚かせるような""""},{""""word"""":""""sudden"""",""""note"""":""""文脈によって近い""""}]""	""[{""""word"""":""""expected"""",""""note"""":""""予想された""""},{""""word"""":""""usual"""",""""note"""":""""ふつうの、いつもの""""}]"""
401082	4	label	ラベル	a piece of paper with a name or information on it	Please read the label on the bottle.	びんのラベルを読んでください。	noun	4	2	""[""""ラベル"""",""""看板"""",""""表紙"""",""""しおり"""",""""メモ""""]""	""[""""label"""",""""sign"""",""""cover"""",""""bookmark"""",""""memo""""]""	""[""""label"""",""""table"""",""""cable"""",""""labor"""",""""navel""""]""	""[{""""word"""":""""tag"""",""""note"""":""""小さな札のことが多い""""}]""	[]"
401083	4	breathe	呼吸する	to take air into and out of your body	It is hard to breathe in this hot room.	この暑い部屋では呼吸するのがつらい。	verb	4	3	""[""""呼吸する"""",""""叫ぶ"""",""""眠る"""",""""運ぶ"""",""""集める""""]""	""[""""breathe"""",""""shout"""",""""sleep"""",""""carry"""",""""collect""""]""	""[""""breathe"""",""""breed"""",""""bread"""",""""bright"""",""""bring""""]""	""[{""""word"""":""""inhale"""",""""note"""":""""息を吸うことを特に表す""""}]""	[]"
401084	4	discourage	やる気をなくさせる	to make someone feel less confident or willing	His rude words may discourage her.	彼の失礼な言葉は彼女のやる気をなくさせるかもしれない。	verb	5	2	""[""""やる気をなくさせる"""",""""助ける"""",""""招待する"""",""""ほめる"""",""""許す""""]""	""[""""discourage"""",""""help"""",""""invite"""",""""praise"""",""""forgive""""]""	""[""""discourage"""",""""discover"""",""""discuss"""",""""decorate"""",""""disappear""""]""	[]	""[{""""word"""":""""encourage"""",""""note"""":""""勇気づける""""}]"""
401085	4	remove	取り除く	to take something away from a place	Please remove your shoes at the door.	ドアのところで靴を脱いでください。	verb	4	4	""[""""取り除く"""",""""選ぶ"""",""""借りる"""",""""比べる"""",""""数える""""]""	""[""""remove"""",""""choose"""",""""borrow"""",""""compare"""",""""count""""]""	""[""""remove"""",""""remain"""",""""repeat"""",""""reduce"""",""""review""""]""	""[{""""word"""":""""take away"""",""""note"""":""""よりやさしい表現""""},{""""word"""":""""delete"""",""""note"""":""""文字やデータを消すときによく使う""""}]""	""[{""""word"""":""""add"""",""""note"""":""""付け加える""""},{""""word"""":""""keep"""",""""note"""":""""そのままにしておく""""}]"""
401086	4	take over	引き継ぐ	to get control of something or continue someone else's job	She will take over the class next week.	彼女が来週そのクラスを引き継ぎます。	verb	4	3	""[""""引き継ぐ"""",""""断る"""",""""集める"""",""""隠す"""",""""修理する""""]""	""[""""take over"""",""""turn down"""",""""collect"""",""""hide"""",""""repair""""]""	""[""""take over"""",""""make over"""",""""take out"""",""""turn over"""",""""get over""""]""	""[{""""word"""":""""replace"""",""""note"""":""""人や役割の代わりになるとき""""},{""""word"""":""""succeed"""",""""note"""":""""後を継ぐ意味で使う""""}]""	""[{""""word"""":""""quit"""",""""note"""":""""やめる""""},{""""word"""":""""give up"""",""""note"""":""""手放す""""}]"""
401087	4	grab	つかむ	to take or catch something quickly with your hand	He grabbed my bag and ran.	彼は私のかばんをつかんで走りました。	verb	3	4	""[""""つかむ"""",""""押す"""",""""運ぶ"""",""""洗う"""",""""投げる""""]""	""[""""grab"""",""""push"""",""""carry"""",""""wash"""",""""throw""""]""	""[""""grab"""",""""glad"""",""""grade"""",""""crab"""",""""grand""""]""	""[{""""word"""":""""catch"""",""""note"""":""""すばやくつかむ感じ""""},{""""word"""":""""seize"""",""""note"""":""""少しかたい語""""}]""	""[{""""word"""":""""drop"""",""""note"""":""""落とす""""},{""""word"""":""""release"""",""""note"""":""""離す""""}]"""
401088	4	persuade	説得する	to make someone decide to do something by talking	I persuaded my brother to study with me.	私は兄を説得していっしょに勉強させました。	verb	5	3	""[""""説得する"""",""""拒否する"""",""""招待する"""",""""比較する"""",""""発見する""""]""	""[""""persuade"""",""""refuse"""",""""invite"""",""""compare"""",""""discover""""]""	""[""""persuade"""",""""parade"""",""""person"""",""""present"""",""""protect""""]""	""[{""""word"""":""""convince"""",""""note"""":""""ほぼ同じ意味でよく使う""""}]""	""[{""""word"""":""""discourage"""",""""note"""":""""やる気をなくさせる""""}]"""
401089	4	rumor	うわさ	information or a story that may not be true	I heard a rumor about the new teacher.	私はその新しい先生についてのうわさを聞いた。	noun	4	3	""[""""うわさ"""",""""約束"""",""""秘密"""",""""意見"""",""""知らせ""""]""	""[""""rumor"""",""""promise"""",""""secret"""",""""opinion"""",""""notice""""]""	""[""""rumor"""",""""humor"""",""""ruler"""",""""runner"""",""""summer""""]""	""[{""""word"""":""""gossip"""",""""note"""":""""くだけた言い方で、うわさ話""""}]""	[]"
401090	4	negotiate	交渉する	to talk with someone to reach an agreement	They will negotiate the price tomorrow.	彼らは明日、その値段を交渉するでしょう。	verb	5	2	""[""""交渉する"""",""""説明する"""",""""提案する"""",""""拒否する"""",""""比較する""""]""	""[""""negotiate"""",""""explain"""",""""suggest"""",""""refuse"""",""""compare""""]""	""[""""negotiate"""",""""decorate"""",""""graduate"""",""""calculate"""",""""celebrate""""]""	""[{""""word"""":""""discuss"""",""""note"""":""""より広い意味。negotiate は合意を目指して話す""""}]""	[]"
401091	4	pray	祈る	to speak to God or hope strongly for something	She prays every night before bed.	彼女は毎晩寝る前に祈ります。	verb	3	3	""[""""祈る"""",""""願う"""",""""信じる"""",""""助ける"""",""""感謝する""""]""	""[""""pray"""",""""wish"""",""""believe"""",""""help"""",""""thank""""]""	""[""""pray"""",""""play"""",""""gray"""",""""price"""",""""plane""""]""	[]	[]"
401092	4	presentation	発表	a talk in which you give information to people	She gave a presentation in class.	彼女は授業で発表をしました。	noun	4	3	""[""""発表"""",""""会話"""",""""説明"""",""""報告"""",""""練習""""]""	""[""""presentation"""",""""conversation"""",""""explanation"""",""""report"""",""""practice""""]""	""[""""presentation"""",""""preparation"""",""""station"""",""""vacation"""",""""celebration""""]""	""[{""""word"""":""""talk"""",""""note"""":""""より日常的な言い方""""},{""""word"""":""""speech"""",""""note"""":""""やや改まった場で使う""""}]""	[]"
401093	4	conversation	会話	talk between two or more people	We had a long conversation after dinner.	私たちは夕食のあとで長い会話をしました。	noun	4	4	""[""""会話"""",""""発表"""",""""議論"""",""""あいさつ"""",""""質問""""]""	""[""""conversation"""",""""presentation"""",""""discussion"""",""""greeting"""",""""question""""]""	""[""""conversation"""",""""condition"""",""""connection"""",""""celebration"""",""""collection""""]""	""[{""""word"""":""""talk"""",""""note"""":""""よりくだけた言い方""""}]""	[]"
401094	4	flavor	味	the taste of food or drink	This soup has a rich flavor.	このスープはこくのある味がします。	noun	4	3	""[""""味"""",""""におい"""",""""色"""",""""形"""",""""音""""]""	""[""""flavor"""",""""smell"""",""""color"""",""""shape"""",""""sound""""]""	""[""""flavor"""",""""favor"""",""""flower"""",""""fever"""",""""floor""""]""	""[{""""word"""":""""taste"""",""""note"""":""""日常会話でよく使う""""}]""	[]"
401095	4	educate	教育する	to teach someone at school or in life	Good books educate young people.	良い本は若い人たちを教育する。	verb	4	3	""[""""教育する"""",""""説明する"""",""""招待する"""",""""修理する"""",""""発見する""""]""	""[""""educate"""",""""explain"""",""""invite"""",""""repair"""",""""discover""""]""	""[""""educate"""",""""estimate"""",""""elevator"""",""""exercise"""",""""elegant""""]""	""[{""""word"""":""""teach"""",""""note"""":""""より基本的な語""""},{""""word"""":""""train"""",""""note"""":""""技能を教えるときにも使う""""}]""	[]"
401096	4	instruct	指示する	to tell someone what to do	The teacher instructed us to open our books.	先生は私たちに本を開くよう指示した。	verb	4	3	""[""""指示する"""",""""参加する"""",""""到着する"""",""""比較する"""",""""拒否する""""]""	""[""""instruct"""",""""join"""",""""arrive"""",""""compare"""",""""refuse""""]""	""[""""instruct"""",""""inspect"""",""""instead"""",""""instant"""",""""include""""]""	""[{""""word"""":""""direct"""",""""note"""":""""方向や行動を示す""""},{""""word"""":""""guide"""",""""note"""":""""導く意味でも使う""""}]""	[]"
401097	4	distinguish	見分ける	to see the difference between things	Can you distinguish the twins?	あなたはその双子を見分けられますか。	verb	5	2	""[""""見分ける"""",""""集める"""",""""借りる"""",""""隠す"""",""""運ぶ""""]""	""[""""distinguish"""",""""collect"""",""""borrow"""",""""hide"""",""""carry""""]""	""[""""distinguish"""",""""discuss"""",""""discover"""",""""distance"""",""""destroy""""]""	""[{""""word"""":""""tell"""",""""note"""":""""tell A from B で見分ける""""},{""""word"""":""""recognize"""",""""note"""":""""見てそれとわかる""""}]""	""[{""""word"""":""""confuse"""",""""note"""":""""区別できず混同する""""}]"""
401098	4	inform	知らせる	to tell someone something important	Please inform me of any changes.	何か変更があれば私に知らせてください。	verb	4	3	""[""""知らせる"""",""""選ぶ"""",""""集める"""",""""比べる"""",""""防ぐ""""]""	""[""""inform"""",""""collect"""",""""compare"""",""""prevent"""",""""choose""""]""	""[""""inform"""",""""insect"""",""""inside"""",""""invite"""",""""income""""]""	""[{""""word"""":""""tell"""",""""note"""":""""より基本的な語""""},{""""word"""":""""notify"""",""""note"""":""""ややかたい表現""""}]""	[]"
401099	4	decade	10年間	a period of ten years	A decade has passed since then.	それから10年がたちました。	noun	4	2	""[""""10年間"""",""""1年間"""",""""1か月"""",""""1週間"""",""""1日""""]""	""[""""decade"""",""""year"""",""""month"""",""""week"""",""""day""""]""	""[""""decade"""",""""decide"""",""""detail"""",""""delay"""",""""debate""""]""	[]	[]"
401100	4	latter	後者	the second of two things or people	Of the two plans, I prefer the latter.	その2つの計画のうち、私は後者のほうが好きです。	noun	4	3	""[""""後者"""",""""前者"""",""""結果"""",""""方法"""",""""理由""""]""	""[""""latter"""",""""former"""",""""result"""",""""method"""",""""reason""""]""	""[""""latter"""",""""letter"""",""""ladder"""",""""later"""",""""writer""""]""	[]	""[{""""word"""":""""former"""",""""note"""":""""前者""""}]"""
401101	4	mist	霧	a light cloud close to the ground	The mountains were covered in mist this morning.	今朝、山々は霧に包まれていました。	noun	4	3	""[""""霧"""",""""雲"""",""""煙"""",""""雨"""",""""雪""""]""	""[""""mist"""",""""cloud"""",""""smoke"""",""""rain"""",""""snow""""]""	""[""""mist"""",""""miss"""",""""most"""",""""must"""",""""mix""""]""	""[{""""word"""":""""fog"""",""""note"""":""""mistより濃いことが多い""""}]""	[]"
401102	4	obstacle	障害	something that blocks your way or makes things difficult	Lack of money was a big obstacle for the team.	お金が足りないことは、そのチームにとって大きな障害でした。	noun	5	3	""[""""障害"""",""""目標"""",""""機会"""",""""方法"""",""""結果""""]""	""[""""obstacle"""",""""goal"""",""""chance"""",""""method"""",""""result""""]""	""[""""obstacle"""",""""article"""",""""hospital"""",""""october"""",""""possible""""]""	[]	[]"
401103	4	item	品目	one thing on a list or in a group	Please check each item on the list.	リストの各品目を確認してください。	noun	4	3	""[""""品目"""",""""道具"""",""""商品"""",""""番号"""",""""記号""""]""	""[""""item"""",""""tool"""",""""product"""",""""number"""",""""symbol""""]""	""[""""item"""",""""atom"""",""""idle"""",""""island"""",""""iron""""]""	""[{""""word"""":""""article"""",""""note"""":""""やや書き言葉で「品目」""""}]""	[]"
401104	4	object	物体	a thing that you can see or touch	The strange object was on the table.	その奇妙な物体はテーブルの上にありました。	noun	4	3	""[""""物体"""",""""道具"""",""""材料"""",""""表面"""",""""機械""""]""	""[""""object"""",""""tool"""",""""material"""",""""surface"""",""""machine""""]""	""[""""object"""",""""subject"""",""""project"""",""""pocket"""",""""october""""]""	""[{""""word"""":""""thing"""",""""note"""":""""より広い意味の基本語""""}]""	[]"
401105	4	requirement	必要条件	something that is needed or must be done	A passport is a requirement for this trip.	この旅行にはパスポートが必要条件です。	noun	5	2	""[""""必要条件"""",""""予定"""",""""提案"""",""""規則"""",""""方法""""]""	""[""""requirement"""",""""schedule"""",""""suggestion"""",""""rule"""",""""method""""]""	""[""""requirement"""",""""retirement"""",""""agreement"""",""""replacement"""",""""arrangement""""]""	""[{""""word"""":""""need"""",""""note"""":""""より基本的な語""""},{""""word"""":""""condition"""",""""note"""":""""文脈によっては「条件」""""}]""	[]"
401106	4	possession	所有物	something that belongs to someone	This watch is my most valuable possession.	この腕時計は私の最も大切な所有物です。	noun	4	3	""[""""所有物"""",""""混合物"""",""""山"""",""""道具"""",""""材料""""]""	""[""""possession"""",""""mixture"""",""""pile"""",""""tool"""",""""material""""]""	""[""""possession"""",""""position"""",""""procession"""",""""permission"""",""""profession""""]""	""[{""""word"""":""""belonging"""",""""note"""":""""やや日常的な言い方""""}]""	[]"
401107	4	mixture	混合物	a thing made by mixing different things	The cake mix is a mixture of flour, sugar, and eggs.	そのケーキの生地は小麦粉、砂糖、卵の混合物です。	noun	4	3	""[""""混合物"""",""""所有物"""",""""山"""",""""液体"""",""""粉""""]""	""[""""mixture"""",""""possession"""",""""pile"""",""""liquid"""",""""powder""""]""	""[""""mixture"""",""""picture"""",""""nature"""",""""future"""",""""lecture""""]""	""[{""""word"""":""""blend"""",""""note"""":""""混ぜ合わせたもの""""}]""	[]"
401108	4	pile	積み重ね	a group of things placed on top of each other	There was a pile of books on the desk.	机の上に本の積み重ねがありました。	noun	3	4	""[""""積み重ね"""",""""混合物"""",""""所有物"""",""""列"""",""""箱""""]""	""[""""pile"""",""""mixture"""",""""possession"""",""""line"""",""""box""""]""	""[""""pile"""",""""file"""",""""smile"""",""""pipe"""",""""pine""""]""	""[{""""word"""":""""stack"""",""""note"""":""""きちんと積んだ山""""}]""	[]"
401109	4	stuff	もの	things or material in general	I put my stuff in the bag.	私は自分のものをかばんに入れた。	noun	4	4	""[""""もの"""",""""道具"""",""""食べ物"""",""""服"""",""""家具""""]""	""[""""stuff"""",""""tools"""",""""food"""",""""clothes"""",""""furniture""""]""	""[""""stuff"""",""""staff"""",""""step"""",""""star"""",""""stone""""]""	""[{""""word"""":""""things"""",""""note"""":""""より一般的でやさしい言い方""""}]""	[]"
401110	4	property	財産	things or land that someone owns	He lost his property in the fire.	彼は火事で財産を失った。	noun	5	3	""[""""財産"""",""""収入"""",""""借金"""",""""仕事"""",""""費用""""]""	""[""""property"""",""""income"""",""""debt"""",""""job"""",""""cost""""]""	""[""""property"""",""""proper"""",""""probably"""",""""promise"""",""""project""""]""	""[{""""word"""":""""possessions"""",""""note"""":""""持っている物全体""""}]""	[]"
401111	4	suspect	疑う	to think someone may have done something wrong	The police suspect him of the crime.	警察は彼がその犯罪をしたのではないかと疑っている。	verb	5	3	""[""""疑う"""",""""信じる"""",""""認める"""",""""助ける"""",""""隠す""""]""	""[""""suspect"""",""""believe"""",""""admit"""",""""help"""",""""hide""""]""	""[""""suspect"""",""""subject"""",""""sunset"""",""""support"""",""""suggest""""]""	""[{""""word"""":""""doubt"""",""""note"""":""""確かではないと思う""""}]""	""[{""""word"""":""""trust"""",""""note"""":""""信じる""""}]"""
401112	4	assume	思い込む	to think something is true without proof	I assume he is busy today.	私は彼は今日忙しいと思い込んでいます。	verb	4	3	""[""""思い込む"""",""""説明する"""",""""拒否する"""",""""比較する"""",""""到着する""""]""	""[""""assume"""",""""explain"""",""""refuse"""",""""compare"""",""""arrive""""]""	""[""""assume"""",""""assist"""",""""asleep"""",""""resume"""",""""attack""""]""	""[{""""word"""":""""suppose"""",""""note"""":""""assumeよりやや日常的""""}]""	""[{""""word"""":""""doubt"""",""""note"""":""""本当かどうか疑う""""}]"""
401113	4	regard	みなす	to think of someone or something in a certain way	Many people regard her as a great singer.	多くの人が彼女をすばらしい歌手だとみなしています。	verb	4	3	""[""""みなす"""",""""防ぐ"""",""""含む"""",""""提案する"""",""""解決する""""]""	""[""""regard"""",""""prevent"""",""""include"""",""""suggest"""",""""solve""""]""	""[""""regard"""",""""reward"""",""""record"""",""""reply"""",""""result""""]""	""[{""""word"""":""""consider"""",""""note"""":""""意味が近い基本語""""}]""	[]"
401114	4	selfish	わがままな	caring only about yourself and not others	It is selfish to take all the cake.	ケーキを全部取るのはわがままです。	adjective	4	3	""[""""わがままな"""",""""正直な"""",""""親切な"""",""""勇敢な"""",""""静かな""""]""	""[""""selfish"""",""""honest"""",""""kind"""",""""brave"""",""""quiet""""]""	""[""""selfish"""",""""shellfish"""",""""selfless"""",""""stylish"""",""""service""""]""	""[{""""word"""":""""egocentric"""",""""note"""":""""やや難しいので注意""""}]""	""[{""""word"""":""""kind"""",""""note"""":""""人にやさしい""""},{""""word"""":""""selfless"""",""""note"""":""""自分より他人を大切にする""""}]"""
401115	4	optimistic	楽観的な	expecting good things to happen	She is optimistic about the future.	彼女は将来について楽観的だ。	adjective	4	3	""[""""楽観的な"""",""""悲観的な"""",""""慎重な"""",""""正直な"""",""""活発な""""]""	""[""""optimistic"""",""""careful"""",""""honest"""",""""active"""",""""serious""""]""	""[""""optimistic"""",""""opposite"""",""""automatic"""",""""artistic"""",""""athletic""""]""	""[{""""word"""":""""positive"""",""""note"""":""""より広い意味で前向きな""""}]""	""[{""""word"""":""""pessimistic"""",""""note"""":""""悲観的な""""}]"""
401116	4	rid	取り除く	to make something go away	We must rid the room of smoke.	私たちは部屋から煙を取り除かなければならない。	verb	4	3	""[""""取り除く"""",""""集める"""",""""壊す"""",""""運ぶ"""",""""隠す""""]""	""[""""rid"""",""""collect"""",""""destroy"""",""""carry"""",""""hide""""]""	""[""""rid"""",""""red"""",""""read"""",""""road"""",""""rest""""]""	""[{""""word"""":""""remove"""",""""note"""":""""より一般的な語""""}]""	""[{""""word"""":""""keep"""",""""note"""":""""そのまま持っておく""""}]"""
401117	4	cast	投げる	to throw something	He cast a stone into the river.	彼は川に石を投げた。	verb	4	4	""[""""投げる"""",""""つかむ"""",""""落とす"""",""""押す"""",""""引く""""]""	""[""""cast"""",""""grab"""",""""drop"""",""""push"""",""""pull""""]""	""[""""cast"""",""""case"""",""""cost"""",""""cart"""",""""cat""""]""	""[{""""word"""":""""throw"""",""""note"""":""""最も基本的な類義語""""}]""	""[{""""word"""":""""catch"""",""""note"""":""""投げた物を受け取る""""}]"""
401118	4	fasten	留める	to close or fix something firmly	Please fasten your seat belt.	シートベルトを留めてください。	verb	4	3	""[""""留める"""",""""結ぶ"""",""""開ける"""",""""運ぶ"""",""""洗う""""]""	""[""""fasten"""",""""tie"""",""""open"""",""""carry"""",""""wash""""]""	""[""""fasten"""",""""fashion"""",""""father"""",""""faster"""",""""lesson""""]""	""[{""""word"""":""""fix"""",""""note"""":""""より広い意味で「固定する」""""},{""""word"""":""""attach"""",""""note"""":""""何かに取りつける""""}]""	""[{""""word"""":""""unfasten"""",""""note"""":""""留めたものを外す""""}]"""
401119	4	knot	結び目	a place where string or rope is tied	There was a knot in the rope.	そのロープには結び目がありました。	noun	4	3	""[""""結び目"""",""""ひも"""",""""輪"""",""""穴"""",""""帯""""]""	""[""""knot"""",""""rope"""",""""loop"""",""""hole"""",""""belt""""]""	""[""""knot"""",""""not"""",""""hot"""",""""net"""",""""nut""""]""	[]	[]"
401120	4	interval	間隔	a space of time or distance between things	The buses came at ten-minute intervals.	そのバスは10分間隔で来ました。	noun	5	2	""[""""間隔"""",""""速度"""",""""方向"""",""""重さ"""",""""深さ""""]""	""[""""interval"""",""""speed"""",""""direction"""",""""weight"""",""""depth""""]""	""[""""interval"""",""""internal"""",""""internet"""",""""into"""",""""invent""""]""	""[{""""word"""":""""gap"""",""""note"""":""""より日常的な語""""}]""	[]"
401121	4	childhood	子ども時代	the time when someone is a child	I lived in Osaka during my childhood.	私は子ども時代を大阪で過ごしました。	noun	4	3	""[""""子ども時代"""",""""青春時代"""",""""大人時代"""",""""休日"""",""""将来""""]""	""[""""childhood"""",""""adulthood"""",""""teenage"""",""""holiday"""",""""future""""]""	""[""""childhood"""",""""wildwood"""",""""childish"""",""""children"""",""""neighborhood""""]""	""[{""""word"""":""""youth"""",""""note"""":""""より広く若い時期を表す""""}]""	""[{""""word"""":""""adulthood"""",""""note"""":""""大人である時期""""}]"""
401122	4	particle	粒子	a very small piece of something	Dust particles floated in the air.	ほこりの粒子が空気中に漂っていました。	noun	5	2	""[""""粒子"""",""""液体"""",""""金属"""",""""表面"""",""""結晶""""]""	""[""""particle"""",""""liquid"""",""""metal"""",""""surface"""",""""crystal""""]""	""[""""particle"""",""""partly"""",""""partner"""",""""part"""",""""article""""]""	[]	[]"
401123	4	powder	粉	a dry substance made of very small pieces	She put sugar powder on the cake.	彼女はケーキに砂糖の粉をかけました。	noun	4	3	""[""""粉"""",""""液体"""",""""粒"""",""""かけら"""",""""煙""""]""	""[""""powder"""",""""liquid"""",""""grain"""",""""piece"""",""""smoke""""]""	""[""""powder"""",""""power"""",""""pound"""",""""tower"""",""""louder""""]""	""[{""""word"""":""""dust"""",""""note"""":""""細かい粉という点で近い""""}]""	[]"
401124	4	cell	細胞	the smallest basic part of a living thing	A cell is very small.	細胞はとても小さい。	noun	4	3	""[""""細胞"""",""""組織"""",""""器官"""",""""血液"""",""""骨""""]""	""[""""cell"""",""""tissue"""",""""organ"""",""""blood"""",""""bone""""]""	""[""""cell"""",""""sell"""",""""shell"""",""""self"""",""""sail""""]""	[]	[]"
401125	4	weapon	武器	something used for fighting or attacking	The police found a weapon in the bag.	警察はそのかばんの中で武器を見つけた。	noun	4	3	""[""""武器"""",""""道具"""",""""防具"""",""""機械"""",""""荷物""""]""	""[""""weapon"""",""""tool"""",""""armor"""",""""machine"""",""""baggage""""]""	""[""""weapon"""",""""weaken"""",""""wagon"""",""""weekend"""",""""window""""]""	[]	[]"
401126	4	gear	用具	equipment or things needed for an activity	He checked his camping gear.	彼はキャンプ用具を確かめた。	noun	4	3	""[""""用具"""",""""衣類"""",""""食料"""",""""家具"""",""""景色""""]""	""[""""gear"""",""""clothes"""",""""food"""",""""furniture"""",""""view""""]""	""[""""gear"""",""""girl"""",""""gate"""",""""dear"""",""""guard""""]""	""[{""""word"""":""""equipment"""",""""note"""":""""より一般的な語""""}]""	[]"
401127	4	summit	頂上	the top of a mountain	They reached the summit before noon.	彼らは正午前に頂上に着いた。	noun	4	3	""[""""頂上"""",""""谷"""",""""斜面"""",""""ふもと"""",""""崖""""]""	""[""""summit"""",""""valley"""",""""slope"""",""""base"""",""""cliff""""]""	""[""""summit"""",""""summer"""",""""sunset"""",""""submit"""",""""stomach""""]""	""[{""""word"""":""""top"""",""""note"""":""""より一般的な語""""},{""""word"""":""""peak"""",""""note"""":""""山の頂上を表すことが多い""""}]""	[]"
401128	4	peak	頂点	the highest point of something	Sales reached a peak in July.	売り上げは7月に頂点に達した。	noun	4	4	""[""""頂点"""",""""底"""",""""中央"""",""""端"""",""""表面""""]""	""[""""peak"""",""""bottom"""",""""middle"""",""""edge"""",""""surface""""]""	""[""""peak"""",""""pick"""",""""peach"""",""""beak"""",""""speak""""]""	""[{""""word"""":""""top"""",""""note"""":""""より一般的な語""""},{""""word"""":""""high point"""",""""note"""":""""説明的な言い方""""}]""	""[{""""word"""":""""bottom"""",""""note"""":""""最も低い部分""""}]"""
401129	4	issue	問題	an important subject or problem	We talked about the issue in class.	私たちは授業でその問題について話し合った。	noun	4	5	""[""""問題"""",""""意見"""",""""方法"""",""""結果"""",""""理由""""]""	""[""""issue"""",""""opinion"""",""""method"""",""""result"""",""""reason""""]""	""[""""issue"""",""""tissue"""",""""initial"""",""""inside"""",""""island""""]""	""[{""""word"""":""""problem"""",""""note"""":""""より一般的な語""""},{""""word"""":""""matter"""",""""note"""":""""話題としての問題""""}]""	[]"
401130	4	sum	合計	the total of numbers added together	The sum is 25.	合計は25です。	noun	4	3	""[""""合計"""",""""差"""",""""平均"""",""""答え"""",""""数""""]""	""[""""sum"""",""""total"""",""""number"""",""""answer"""",""""result""""]""	""[""""sum"""",""""sun"""",""""some"""",""""same"""",""""song""""]""	""[{""""word"""":""""total"""",""""note"""":""""より一般的な言い方""""}]""	""[{""""word"""":""""difference"""",""""note"""":""""足し算の合計に対して引き算の差""""}]"""
401131	4	rub	こする	to move your hand back and forth on something	Rub your hands together.	手をこすり合わせなさい。	verb	4	3	""[""""こする"""",""""たたく"""",""""押す"""",""""引く"""",""""投げる""""]""	""[""""rub"""",""""push"""",""""pull"""",""""hit"""",""""throw""""]""	""[""""rub"""",""""run"""",""""rug"""",""""rope"""",""""rush""""]""	[]	[]"
401132	4	heritage	遺産	the history, traditions, and things from the past	This town has a rich heritage.	この町には豊かな遺産があります。	noun	5	2	""[""""遺産"""",""""文化"""",""""歴史"""",""""伝統"""",""""景色""""]""	""[""""heritage"""",""""culture"""",""""history"""",""""tradition"""",""""scenery""""]""	""[""""heritage"""",""""marriage"""",""""village"""",""""message"""",""""courage""""]""	""[{""""word"""":""""tradition"""",""""note"""":""""受けつがれてきた習慣に近い""""}]""	[]"
401133	4	railroad	鉄道	a system of trains and tracks	The town grew because of the railroad.	その町は鉄道のおかげで発展した。	noun	4	3	""[""""鉄道"""",""""空港"""",""""港"""",""""高速道路"""",""""運河""""]""	""[""""railroad"""",""""airport"""",""""harbor"""",""""highway"""",""""canal""""]""	""[""""railroad"""",""""raincoat"""",""""mailbox"""",""""railway"""",""""bedroom""""]""	""[{""""word"""":""""railway"""",""""note"""":""""主に英英語でよく使う""""}]""	[]"
401134	4	rail	レール	a metal bar that a train moves on	The train ran off the rail.	その列車はレールから外れた。	noun	4	3	""[""""レール"""",""""車輪"""",""""線路脇"""",""""駅"""",""""トンネル""""]""	""[""""rail"""",""""wheel"""",""""platform"""",""""station"""",""""tunnel""""]""	""[""""rail"""",""""rain"""",""""real"""",""""rule"""",""""road""""]""	""[{""""word"""":""""track"""",""""note"""":""""線路全体を指すことが多い""""}]""	[]"
401135	4	interpret	通訳する	to change words into another language	She can interpret English into Japanese.	彼女は英語を日本語に通訳できる。	verb	5	3	""[""""通訳する"""",""""説明する"""",""""暗記する"""",""""比較する"""",""""発音する""""]""	""[""""interpret"""",""""explain"""",""""memorize"""",""""compare"""",""""pronounce""""]""	""[""""interpret"""",""""interrupt"""",""""internet"""",""""introduce"""",""""interest""""]""	""[{""""word"""":""""translate"""",""""note"""":""""文字にも使うことが多い""""}]""	[]"
401136	4	litter	ごみを捨てる	to drop trash in a public place	Do not litter in the park.	公園にごみを捨ててはいけません。	verb	5	3	""[""""ごみを捨てる"""",""""掃除する"""",""""集める"""",""""洗う"""",""""運ぶ""""]""	""[""""litter"""",""""clean"""",""""collect"""",""""wash"""",""""carry""""]""	""[""""litter"""",""""letter"""",""""later"""",""""little"""",""""bitter""""]""	[]	""[{""""word"""":""""clean"""",""""note"""":""""きれいにする""""}]"""
401137	4	rubbish	ごみ	things that are thrown away	Please put the rubbish in the bin.	ごみを箱に入れてください。	noun	4	4	""[""""ごみ"""",""""紙"""",""""びん"""",""""箱"""",""""袋""""]""	""[""""rubbish"""",""""paper"""",""""bottle"""",""""box"""",""""bag""""]""	""[""""rubbish"""",""""publish"""",""""radish"""",""""finish"""",""""orange""""]""	""[{""""word"""":""""trash"""",""""note"""":""""主に米語で使う""""},{""""word"""":""""garbage"""",""""note"""":""""生ごみなどにも使う""""}]""	[]"
401138	4	baggage	手荷物	bags and cases you take when traveling	Please put your baggage by the door.	手荷物をドアのそばに置いてください。	noun	4	3	""[""""手荷物"""",""""切符"""",""""乗客"""",""""案内"""",""""予約""""]""	""[""""baggage"""",""""ticket"""",""""passenger"""",""""guide"""",""""reservation""""]""	""[""""baggage"""",""""package"""",""""bandage"""",""""village"""",""""message""""]""	""[{""""word"""":""""luggage"""",""""note"""":""""旅行のかばん全体を表す一般的な語""""}]""	[]"
401139	4	tourism	観光	the business or activity of traveling for fun	Tourism is important to this town.	観光はこの町にとって重要です。	noun	4	3	""[""""観光"""",""""貿易"""",""""農業"""",""""工業"""",""""教育""""]""	""[""""tourism"""",""""trade"""",""""farming"""",""""industry"""",""""education""""]""	""[""""tourism"""",""""teacher"""",""""turning"""",""""tourist"""",""""tunnel""""]""	[]	[]"
401140	4	deceive	だます	to make someone believe something false	He tried to deceive his friends.	彼は友達をだまそうとした。	verb	5	2	""[""""だます"""",""""助ける"""",""""招く"""",""""認める"""",""""選ぶ""""]""	""[""""deceive"""",""""help"""",""""invite"""",""""accept"""",""""choose""""]""	""[""""deceive"""",""""receive"""",""""decide"""",""""design"""",""""delete""""]""	""[{""""word"""":""""trick"""",""""note"""":""""口語で「だます」""""}]""	""[{""""word"""":""""honest"""",""""note"""":""""正直な状態を表す語""""}]"""
401141	4	faithful	忠実な	loyal and true to someone or something	The dog was faithful to its owner.	その犬は飼い主に忠実だった。	adjective	4	3	""[""""忠実な"""",""""勇敢な"""",""""正直な"""",""""親切な"""",""""静かな""""]""	""[""""faithful"""",""""brave"""",""""honest"""",""""kind"""",""""quiet""""]""	""[""""faithful"""",""""fateful"""",""""thankful"""",""""careful"""",""""playful""""]""	""[{""""word"""":""""loyal"""",""""note"""":""""人や考えに対して変わらず忠実""""}]""	""[{""""word"""":""""disloyal"""",""""note"""":""""忠実でない""""}]"""
401142	4	indeed	実際に	in fact; really	It was indeed a great game.	それは実際にすばらしい試合でした。	adverb	4	3	""[""""実際に"""",""""たぶん"""",""""すぐに"""",""""静かに"""",""""ゆっくり""""]""	""[""""indeed"""",""""probably"""",""""soon"""",""""quietly"""",""""slowly""""]""	""[""""indeed"""",""""instead"""",""""indeedly"""",""""invite"""",""""indeeds""""]""	""[{""""word"""":""""really"""",""""note"""":""""より日常的""""},{""""word"""":""""actually"""",""""note"""":""""in fact に近い""""}]""	[]"
401143	4	credit	信用	belief that someone will pay later	The store does not sell goods on credit.	その店は掛けでは商品を売らない。	noun	4	4	""[""""信用"""",""""借金"""",""""現金"""",""""値段"""",""""利益""""]""	""[""""credit"""",""""debt"""",""""cash"""",""""price"""",""""profit""""]""	""[""""credit"""",""""edit"""",""""create"""",""""cricket"""",""""correct""""]""	[]	[]"
401144	4	depend	頼る	to need someone or something for help	Many plants depend on sunlight.	多くの植物は日光に頼っている。	verb	4	3	""[""""頼る"""",""""競争する"""",""""試みる"""",""""防ぐ"""",""""選ぶ""""]""	""[""""depend"""",""""compete"""",""""attempt"""",""""prevent"""",""""choose""""]""	""[""""depend"""",""""defend"""",""""demand"""",""""depart"""",""""deepen""""]""	""[{""""word"""":""""rely"""",""""note"""":""""depend on に近い表現""""}]""	""[{""""word"""":""""ignore"""",""""note"""":""""頼らないで気にしない""""}]"""
401145	4	attempt	試みる	to try to do something	He will attempt the test again.	彼はもう一度そのテストに挑戦するだろう。	verb	4	3	""[""""試みる"""",""""頼る"""",""""競争する"""",""""防ぐ"""",""""選ぶ""""]""	""[""""attempt"""",""""depend"""",""""compete"""",""""prevent"""",""""choose""""]""	""[""""attempt"""",""""attend"""",""""attack"""",""""adopt"""",""""accept""""]""	""[{""""word"""":""""try"""",""""note"""":""""より基本的な語""""}]""	""[{""""word"""":""""give up"""",""""note"""":""""途中でやめる""""}]"""
401146	4	compete	競争する	to try to win against others	Our team will compete tomorrow.	私たちのチームは明日競争する。	verb	4	3	""[""""競争する"""",""""頼る"""",""""試みる"""",""""防ぐ"""",""""選ぶ""""]""	""[""""compete"""",""""depend"""",""""attempt"""",""""prevent"""",""""choose""""]""	""[""""compete"""",""""complete"""",""""compare"""",""""compose"""",""""complain""""]""	""[{""""word"""":""""contest"""",""""note"""":""""ややかたいが近い意味""""}]""	""[{""""word"""":""""cooperate"""",""""note"""":""""争わず協力する""""}]"""
401147	4	melody	メロディー	a series of musical notes that make a tune	I like the melody of this song.	私はこの歌のメロディーが好きです。	noun	4	3	""[""""メロディー"""",""""歌詞"""",""""拍子"""",""""楽器"""",""""舞台""""]""	""[""""melody"""",""""rhythm"""",""""lyric"""",""""guitar"""",""""stage""""]""	""[""""melody"""",""""memory"""",""""medicine"""",""""holiday"""",""""metal""""]""	""[{""""word"""":""""tune"""",""""note"""":""""より日常的な言い方""""}]""	[]"
401148	4	twist	ねじる	to turn something into a different shape	Twist the cap to open the bottle.	ボトルを開けるためにふたをねじってください。	verb	4	3	""[""""ねじる"""",""""押す"""",""""引く"""",""""運ぶ"""",""""洗う""""]""	""[""""twist"""",""""push"""",""""pull"""",""""carry"""",""""wash""""]""	""[""""twist"""",""""twin"""",""""tweet"""",""""trust"""",""""waist""""]""	""[{""""word"""":""""turn"""",""""note"""":""""向きを変える意味で近い""""}]""	""[{""""word"""":""""straighten"""",""""note"""":""""まっすぐにする""""}]"""
401149	4	spin	回る	to turn around quickly	The wheel can spin very fast.	その車輪はとても速く回ることができます。	verb	4	4	""[""""回る"""",""""止まる"""",""""落ちる"""",""""運ぶ"""",""""集める""""]""	""[""""spin"""",""""stop"""",""""drop"""",""""carry"""",""""collect""""]""	""[""""spin"""",""""spoon"""",""""spill"""",""""skin"""",""""span""""]""	""[{""""word"""":""""turn"""",""""note"""":""""回る意味で近い""""}]""	""[{""""word"""":""""stop"""",""""note"""":""""動きを止める""""}]"""
401150	4	media	メディア	newspapers, TV, radio, and the internet	The media reported the news quickly.	メディアはそのニュースをすぐに報道した。	noun	4	3	""[""""メディア"""",""""新聞"""",""""番組"""",""""記事"""",""""広告""""]""	""[""""media"""",""""newspaper"""",""""program"""",""""article"""",""""advertisement""""]""	""[""""media"""",""""meter"""",""""meeting"""",""""million"""",""""melody""""]""	[]	[]"
401151	4	channel	チャンネル	a TV station or program number	I changed the channel to watch the game.	私はその試合を見るためにチャンネルを変えた。	noun	4	4	""[""""チャンネル"""",""""画面"""",""""番組"""",""""放送局"""",""""リモコン""""]""	""[""""channel"""",""""screen"""",""""program"""",""""station"""",""""remote""""]""	""[""""channel"""",""""chance"""",""""change"""",""""camel"""",""""cancel""""]""	[]	[]"
401152	4	motorbike	オートバイ	a two-wheeled vehicle with an engine	He goes to school on his motorbike.	彼はオートバイで学校に行く。	noun	3	3	""[""""オートバイ"""",""""自転車"""",""""自動車"""",""""バス"""",""""トラック""""]""	""[""""motorbike"""",""""bicycle"""",""""car"""",""""bus"""",""""truck""""]""	""[""""motorbike"""",""""motorway"""",""""mother"""",""""mountain"""",""""modern""""]""	""[{""""word"""":""""motorcycle"""",""""note"""":""""同じ意味でよく使う語""""}]""	[]"
401153	4	sort	分類する	to put things into groups	Please sort these books by size.	これらの本を大きさで分類してください。	verb	4	3	""[""""分類する"""",""""集める"""",""""数える"""",""""運ぶ"""",""""隠す""""]""	""[""""sort"""",""""collect"""",""""count"""",""""carry"""",""""hide""""]""	""[""""sort"""",""""short"""",""""soft"""",""""sore"""",""""salt""""]""	""[{""""word"""":""""classify"""",""""note"""":""""ややかたい語""""}]""	""[{""""word"""":""""mix"""",""""note"""":""""混ぜる""""}]"""
401154	4	version	版	a form of something that is different in some way	This is the new version of the game.	これはそのゲームの新しい版です。	noun	4	3	""[""""版"""",""""種類"""",""""場面"""",""""結果"""",""""方法""""]""	""[""""version"""",""""type"""",""""scene"""",""""result"""",""""method""""]""	""[""""version"""",""""vision"""",""""person"""",""""lesson"""",""""visitor""""]""	[]	[]"
401155	4	species	種	a group of animals or plants of the same kind	This bird species lives near rivers.	この鳥の種は川の近くに住んでいます。	noun	5	2	""[""""種"""",""""習慣"""",""""地域"""",""""模様"""",""""材料""""]""	""[""""species"""",""""custom"""",""""area"""",""""pattern"""",""""material""""]""	""[""""species"""",""""special"""",""""speech"""",""""spaces"""",""""pieces""""]""	""[{""""word"""":""""kind"""",""""note"""":""""より一般的な語""""}]""	[]"
401156	4	grasp	理解する	to understand something clearly	I could not grasp his idea at first.	私は最初、彼の考えを理解できませんでした。	verb	5	3	""[""""理解する"""",""""説明する"""",""""選ぶ"""",""""防ぐ"""",""""比べる""""]""	""[""""grasp"""",""""explain"""",""""choose"""",""""prevent"""",""""compare""""]""	""[""""grasp"""",""""grass"""",""""glass"""",""""class"""",""""grand""""]""	""[{""""word"""":""""understand"""",""""note"""":""""より基本的な語""""}]""	[]"
401157	4	prejudice	偏見	an unfair opinion about someone or something	We should not judge people with prejudice.	私たちは偏見で人を判断するべきではありません。	noun	6	2	""[""""偏見"""",""""勇気"""",""""努力"""",""""責任"""",""""印象""""]""	""[""""prejudice"""",""""courage"""",""""effort"""",""""responsibility"""",""""impression""""]""	""[""""prejudice"""",""""president"""",""""precious"""",""""present"""",""""prevent""""]""	[]	[]"
401158	4	vertical	垂直の	going straight up and down	Draw a vertical line on the paper.	紙に垂直な線を引きなさい。	adjective	4	2	""[""""垂直の"""",""""水平の"""",""""曲がった"""",""""短い"""",""""太い""""]""	""[""""vertical"""",""""horizontal"""",""""curved"""",""""short"""",""""thick""""]""	""[""""vertical"""",""""practical"""",""""critical"""",""""typical"""",""""article""""]""	""[{""""word"""":""""upright"""",""""note"""":""""まっすぐ立った、の意味でも使う""""}]""	""[{""""word"""":""""horizontal"""",""""note"""":""""水平の""""}]"""
401159	4	emergency	緊急事態	a sudden serious situation needing quick action	Call the police in an emergency.	緊急事態では警察を呼びなさい。	noun	4	3	""[""""緊急事態"""",""""事故"""",""""危険"""",""""問題"""",""""災害""""]""	""[""""emergency"""",""""accident"""",""""danger"""",""""problem"""",""""disaster""""]""	""[""""emergency"""",""""energy"""",""""memory"""",""""message"""",""""enemy""""]""	[]	[]"
401160	4	utilize	利用する	to use something for a purpose	We can utilize this room for meetings.	私たちはこの部屋を会議に利用できます。	verb	4	3	""[""""利用する"""",""""修理する"""",""""運ぶ"""",""""集める"""",""""隠す""""]""	""[""""utilize"""",""""repair"""",""""carry"""",""""collect"""",""""hide""""]""	""[""""utilize"""",""""exercise"""",""""organize"""",""""realize"""",""""usual""""]""	""[{""""word"""":""""use"""",""""note"""":""""より基本的で広く使う""""}]""	[]"
401161	4	operate	操作する	to control or use a machine	Can you operate this machine?	この機械を操作できますか。	verb	4	4	""[""""操作する"""",""""発明する"""",""""壊す"""",""""運ぶ"""",""""洗う""""]""	""[""""operate"""",""""invent"""",""""break"""",""""carry"""",""""wash""""]""	""[""""operate"""",""""opinion"""",""""opposite"""",""""open"""",""""update""""]""	""[{""""word"""":""""control"""",""""note"""":""""機械などを動かす感じ""""}]""	[]"
401162	4	consume	消費する	to use or eat something up	Cars consume a lot of gas.	車はたくさんのガソリンを消費します。	verb	4	3	""[""""消費する"""",""""保存する"""",""""借りる"""",""""選ぶ"""",""""届ける""""]""	""[""""consume"""",""""save"""",""""borrow"""",""""choose"""",""""deliver""""]""	""[""""consume"""",""""concert"""",""""custom"""",""""costume"""",""""confuse""""]""	""[{""""word"""":""""use"""",""""note"""":""""より基本的な語""""},{""""word"""":""""eat"""",""""note"""":""""食べる意味では近い""""}]""	""[{""""word"""":""""save"""",""""note"""":""""使わずに取っておく""""}]"""
401163	4	practical	実用的な	useful in real life	This bag is practical for school.	このかばんは学校用に実用的です。	adjective	4	3	""[""""実用的な"""",""""危険な"""",""""高価な"""",""""静かな"""",""""有名な""""]""	""[""""practical"""",""""dangerous"""",""""expensive"""",""""quiet"""",""""famous""""]""	""[""""practical"""",""""practice"""",""""plastic"""",""""private"""",""""problem""""]""	""[{""""word"""":""""useful"""",""""note"""":""""より基本的な語""""}]""	""[{""""word"""":""""useless"""",""""note"""":""""役に立たない""""}]"""
401164	4	utility	公共料金	a service such as water, gas, or electricity	We pay the utility bill every month.	私たちは毎月公共料金の請求を払います。	noun	5	2	""[""""公共料金"""",""""家賃"""",""""給料"""",""""税金"""",""""運賃""""]""	""[""""utility"""",""""rent"""",""""salary"""",""""tax"""",""""fare""""]""	""[""""utility"""",""""ability"""",""""community"""",""""usual"""",""""unit""""]""	[]	[]"
401165	4	account	口座	a record for money kept in a bank	I opened a new bank account yesterday.	私は昨日、新しい銀行口座を開きました。	noun	4	4	""[""""口座"""",""""財布"""",""""紙幣"""",""""硬貨"""",""""借金""""]""	""[""""account"""",""""wallet"""",""""bill"""",""""coin"""",""""debt""""]""	""[""""account"""",""""amount"""",""""around"""",""""count"""",""""ground""""]""	[]	[]"
401166	4	electronic	電子の	using electricity in a small system such as a computer	I bought an electronic dictionary.	私は電子辞書を買いました。	adjective	4	3	""[""""電子の"""",""""電気の"""",""""機械の"""",""""科学の"""",""""金属の""""]""	""[""""electronic"""",""""electric"""",""""mechanical"""",""""scientific"""",""""metallic""""]""	""[""""electronic"""",""""economic"""",""""elastic"""",""""electric"""",""""election""""]""	[]	[]"
401167	4	electric	電気の	using or producing electricity	This car is electric.	この車は電気で動きます。	adjective	4	4	""[""""電気の"""",""""電子の"""",""""機械の"""",""""化学の"""",""""木の""""]""	""[""""electric"""",""""electronic"""",""""mechanical"""",""""chemical"""",""""wooden""""]""	""[""""electric"""",""""elastic"""",""""election"""",""""electricity"""",""""director""""]""	[]	[]"
401168	4	electrical	電気の	related to electricity or electrical systems	He is fixing an electrical problem.	彼は電気系統の問題を直しています。	adjective	5	2	""[""""電気の"""",""""電子の"""",""""医学の"""",""""歴史の"""",""""自然の""""]""	""[""""electrical"""",""""electronic"""",""""medical"""",""""historical"""",""""natural""""]""	""[""""electrical"""",""""electric"""",""""elastic"""",""""practical"""",""""classical""""]""	[]	[]"
401169	4	by means of	〜によって	using something as a way or method	He sent the file by means of email.	彼はメールによってそのファイルを送った。	preposition	4	3	""[""""〜によって"""",""""〜の前に"""",""""〜の間に"""",""""〜のために"""",""""〜なしで""""]""	""[""""by means of"""",""""before"""",""""during"""",""""for"""",""""without""""]""	""[""""by means of"""",""""by way of"""",""""because of"""",""""in need of"""",""""on top of""""]""	""[{""""word"""":""""through"""",""""note"""":""""方法・手段を表す近い語""""}]""	[]"
401170	4	treasure	宝物	valuable things such as gold or jewels	The pirates looked for hidden treasure.	海賊たちは隠された宝物を探した。	noun	4	3	""[""""宝物"""",""""地図"""",""""王冠"""",""""指輪"""",""""硬貨""""]""	""[""""treasure"""",""""map"""",""""crown"""",""""ring"""",""""coin""""]""	""[""""treasure"""",""""measure"""",""""pleasure"""",""""teacher"""",""""weather""""]""	""[{""""word"""":""""wealth"""",""""note"""":""""お金や財産の意味で近い""""}]""	[]"
401171	4	edition	版	a particular form of a book or newspaper	I bought the latest edition of the dictionary.	私はその辞書の最新版を買った。	noun	5	2	""[""""版"""",""""章"""",""""表紙"""",""""題名"""",""""記事""""]""	""[""""edition"""",""""chapter"""",""""cover"""",""""title"""",""""article""""]""	""[""""edition"""",""""addition"""",""""condition"""",""""decision"""",""""division""""]""	[]	[]"
401172	4	awfully	とても	very; extremely	I am awfully sorry for being late.	遅れてしまって本当にごめんなさい。	adverb	4	3	""[""""とても"""",""""少し"""",""""静かに"""",""""たぶん"""",""""すぐに""""]""	""[""""awfully"""",""""slightly"""",""""quietly"""",""""probably"""",""""soon""""]""	""[""""awfully"""",""""carefully"""",""""softly"""",""""easily"""",""""openly""""]""	""[{""""word"""":""""very"""",""""note"""":""""より基本的な語""""},{""""word"""":""""really"""",""""note"""":""""会話でよく使う""""}]""	[]"
401173	4	awful	ひどい	very bad or unpleasant	The weather was awful yesterday.	昨日の天気はひどかった。	adjective	4	4	""[""""ひどい"""",""""すばらしい"""",""""静かな"""",""""安全な"""",""""簡単な""""]""	""[""""awful"""",""""wonderful"""",""""quiet"""",""""safe"""",""""easy""""]""	""[""""awful"""",""""apple"""",""""after"""",""""April"""",""""uncle""""]""	""[{""""word"""":""""terrible"""",""""note"""":""""awful よりやや強い""""}]""	""[{""""word"""":""""wonderful"""",""""note"""":""""すばらしい""""}]"""
401174	4	tremendous	すばらしい	very great or excellent	She made tremendous progress in English.	彼女は英語で大きな進歩をした。	adjective	5	3	""[""""すばらしい"""",""""普通の"""",""""小さい"""",""""静かな"""",""""弱い""""]""	""[""""tremendous"""",""""ordinary"""",""""small"""",""""quiet"""",""""weak""""]""	""[""""tremendous"""",""""dangerous"""",""""generous"""",""""famous"""",""""nervous""""]""	""[{""""word"""":""""great"""",""""note"""":""""より基本的な語""""},{""""word"""":""""excellent"""",""""note"""":""""とてもすばらしい""""}]""	""[{""""word"""":""""small"""",""""note"""":""""大きい・すごいの反対イメージ""""},{""""word"""":""""ordinary"""",""""note"""":""""特別でない""""}]"""
401175	4	massive	巨大な	very large and heavy	They built a massive bridge over the river.	彼らはその川に巨大な橋を建てた。	adjective	4	3	""[""""巨大な"""",""""小さな"""",""""細い"""",""""軽い"""",""""浅い""""]""	""[""""massive"""",""""tiny"""",""""narrow"""",""""light"""",""""shallow""""]""	""[""""massive"""",""""passive"""",""""magic"""",""""master"""",""""native""""]""	""[{""""word"""":""""huge"""",""""note"""":""""より基本的な語""""},{""""word"""":""""very large"""",""""note"""":""""説明的な言い換え""""}]""	""[{""""word"""":""""tiny"""",""""note"""":""""とても小さい""""}]"""
401176	4	enormous	非常に大きい	extremely large	An enormous tree stands by the lake.	湖のそばに非常に大きい木が立っている。	adjective	4	3	""[""""非常に大きい"""",""""低い"""",""""暗い"""",""""遅い"""",""""弱い""""]""	""[""""enormous"""",""""low"""",""""dark"""",""""slow"""",""""weak""""]""	""[""""enormous"""",""""famous"""",""""nervous"""",""""dangerous"""",""""curious""""]""	""[{""""word"""":""""huge"""",""""note"""":""""より基本的な語""""},{""""word"""":""""very big"""",""""note"""":""""やさしい言い換え""""}]""	""[{""""word"""":""""tiny"""",""""note"""":""""とても小さい""""}]"""
401177	4	giant	巨大な	very big; much larger than usual	We saw a giant panda at the zoo.	私たちは動物園で巨大なパンダを見た。	adjective	3	4	""[""""巨大な"""",""""短い"""",""""狭い"""",""""弱い"""",""""静かな""""]""	""[""""giant"""",""""short"""",""""narrow"""",""""weak"""",""""quiet""""]""	""[""""giant"""",""""quiet"""",""""jacket"""",""""pilot"""",""""science""""]""	""[{""""word"""":""""huge"""",""""note"""":""""より基本的な語""""},{""""word"""":""""big"""",""""note"""":""""意味は近いが giant のほうが強い""""}]""	""[{""""word"""":""""tiny"""",""""note"""":""""とても小さい""""}]"""
401178	4	vast	広大な	very large in size or area	They crossed a vast desert.	彼らは広大な砂漠を横断した。	adjective	4	3	""[""""広大な"""",""""狭い"""",""""深い"""",""""静かな"""",""""明るい""""]""	""[""""vast"""",""""narrow"""",""""deep"""",""""quiet"""",""""bright""""]""	""[""""vast"""",""""fast"""",""""last"""",""""cast"""",""""voice""""]""	""[{""""word"""":""""huge"""",""""note"""":""""bigより強く、とても大きい""""},{""""word"""":""""enormous"""",""""note"""":""""とても大きい""""}]""	""[{""""word"""":""""small"""",""""note"""":""""大きさが小さい""""},{""""word"""":""""tiny"""",""""note"""":""""とても小さい""""}]"""
401179	4	huge	巨大な	very big	They live in a huge house.	彼らは巨大な家に住んでいる。	adjective	3	4	""[""""巨大な"""",""""小さな"""",""""軽い"""",""""速い"""",""""古い""""]""	""[""""huge"""",""""small"""",""""light"""",""""fast"""",""""old""""]""	""[""""huge"""",""""use"""",""""cube"""",""""human"""",""""hill""""]""	""[{""""word"""":""""big"""",""""note"""":""""基本語で大きい""""},{""""word"""":""""large"""",""""note"""":""""少しかたい言い方""""}]""	""[{""""word"""":""""small"""",""""note"""":""""大きくない""""},{""""word"""":""""tiny"""",""""note"""":""""とても小さい""""}]"""
401180	4	in no time	すぐに	very soon	She finished her homework in no time.	彼女は宿題をすぐに終えた。	adverb	4	3	""[""""すぐに"""",""""ゆっくり"""",""""たぶん"""",""""昨日"""",""""ときどき""""]""	""[""""in no time"""",""""slowly"""",""""probably"""",""""yesterday"""",""""sometimes""""]""	""[""""in no time"""",""""in the end"""",""""on time"""",""""at night"""",""""all day""""]""	""[{""""word"""":""""soon"""",""""note"""":""""より基本的な語""""},{""""word"""":""""quickly"""",""""note"""":""""動作が速く""""}]""	""[{""""word"""":""""slowly"""",""""note"""":""""ゆっくりと""""},{""""word"""":""""later"""",""""note"""":""""あとで""""}]"""
401181	4	rapid	急速な	very fast	The rapid change surprised everyone.	その急速な変化はみんなを驚かせた。	adjective	4	3	""[""""急速な"""",""""静かな"""",""""安全な"""",""""正直な"""",""""単純な""""]""	""[""""rapid"""",""""silent"""",""""safe"""",""""honest"""",""""simple""""]""	""[""""rapid"""",""""rabid"""",""""racket"""",""""habit"""",""""rocket""""]""	""[{""""word"""":""""fast"""",""""note"""":""""より基本的な語""""},{""""word"""":""""quick"""",""""note"""":""""すばやい動きに使うことが多い""""}]""	""[{""""word"""":""""slow"""",""""note"""":""""速度が遅い""""}]"""
401182	4	outstanding	際立った	much better than others	She did an outstanding job on the project.	彼女はその課題で際立った仕事をした。	adjective	5	3	""[""""際立った"""",""""普通の"""",""""静かな"""",""""狭い"""",""""柔らかい""""]""	""[""""outstanding"""",""""ordinary"""",""""quiet"""",""""narrow"""",""""soft""""]""	""[""""outstanding"""",""""understanding"""",""""outside"""",""""astonishing"""",""""outdoor""""]""	""[{""""word"""":""""excellent"""",""""note"""":""""とてもすぐれた""""},{""""word"""":""""remarkable"""",""""note"""":""""注目されるほどすぐれた""""}]""	""[{""""word"""":""""ordinary"""",""""note"""":""""特に目立たない""""}]"""
401183	4	superb	すばらしい	excellent; very good	The restaurant served a superb dinner.	そのレストランはすばらしい夕食を出した。	adjective	5	2	""[""""すばらしい"""",""""退屈な"""",""""危険な"""",""""弱い"""",""""汚い""""]""	""[""""superb"""",""""boring"""",""""dangerous"""",""""weak"""",""""dirty""""]""	""[""""superb"""",""""support"""",""""supper"""",""""summer"""",""""sudden""""]""	""[{""""word"""":""""excellent"""",""""note"""":""""とてもよい""""},{""""word"""":""""wonderful"""",""""note"""":""""感動するほどよい""""}]""	""[{""""word"""":""""terrible"""",""""note"""":""""とてもひどい""""}]"""
401184	4	excellent	すばらしい	very good	She did an excellent job on the test.	彼女はそのテストでとてもすばらしい出来でした。	adjective	4	4	""[""""すばらしい"""",""""普通の"""",""""危険な"""",""""静かな"""",""""重い""""]""	""[""""excellent"""",""""ordinary"""",""""dangerous"""",""""quiet"""",""""heavy""""]""	""[""""excellent"""",""""elegant"""",""""accident"""",""""elephant"""",""""exercise""""]""	""[{""""word"""":""""great"""",""""note"""":""""より日常的な語""""},{""""word"""":""""wonderful"""",""""note"""":""""強くほめる語""""}]""	""[{""""word"""":""""poor"""",""""note"""":""""質がよくない""""},{""""word"""":""""bad"""",""""note"""":""""悪い""""}]"""
401185	4	magnificent	壮大な	very beautiful and impressive	We saw a magnificent castle on the hill.	私たちは丘の上に壮大な城を見ました。	adjective	5	2	""[""""壮大な"""",""""狭い"""",""""柔らかい"""",""""静かな"""",""""弱い""""]""	""[""""magnificent"""",""""narrow"""",""""soft"""",""""quiet"""",""""weak""""]""	""[""""magnificent"""",""""significant"""",""""magnetic"""",""""management"""",""""magnify""""]""	""[{""""word"""":""""grand"""",""""note"""":""""大きく立派な感じ""""},{""""word"""":""""splendid"""",""""note"""":""""ややかたい語""""}]""	""[{""""word"""":""""plain"""",""""note"""":""""飾り気がない""""},{""""word"""":""""ordinary"""",""""note"""":""""普通の""""}]"""
401186	4	extreme	極端な	very great or very strong	The weather was extreme last summer.	去年の夏の天気は極端でした。	adjective	4	3	""[""""極端な"""",""""穏やかな"""",""""短い"""",""""安全な"""",""""簡単な""""]""	""[""""extreme"""",""""calm"""",""""short"""",""""safe"""",""""easy""""]""	""[""""extreme"""",""""excuse"""",""""extra"""",""""stream"""",""""dream""""]""	""[{""""word"""":""""severe"""",""""note"""":""""厳しい状況で使うことが多い""""}]""	""[{""""word"""":""""moderate"""",""""note"""":""""ほどほどの""""},{""""word"""":""""mild"""",""""note"""":""""穏やかな""""}]"""
401187	4	VIP	要人	a very important person	A VIP arrived at the hotel.	要人がそのホテルに到着した。	noun	4	3	""[""""要人"""",""""観光客"""",""""店員"""",""""運転手"""",""""記者""""]""	""[""""VIP"""",""""guest"""",""""clerk"""",""""driver"""",""""reporter""""]""	""[""""VIP"""",""""VCR"""",""""TV"""",""""victory"""",""""video""""]""	""[{""""word"""":""""important person"""",""""note"""":""""説明的な言い換え""""}]""	[]"
401188	4	numerous	多数の	many in number	Numerous stars filled the sky.	たくさんの星が空いっぱいに広がっていた。	adjective	5	3	""[""""多数の"""",""""少数の"""",""""巨大な"""",""""静かな"""",""""危険な""""]""	""[""""numerous"""",""""few"""",""""huge"""",""""quiet"""",""""dangerous""""]""	""[""""numerous"""",""""humorous"""",""""dangerous"""",""""famous"""",""""curious""""]""	""[{""""word"""":""""many"""",""""note"""":""""より基本的な語""""},{""""word"""":""""lots of"""",""""note"""":""""くだけた表現""""}]""	""[{""""word"""":""""few"""",""""note"""":""""数が少ない""""}]"""
401189	4	rapidly	急速に	very quickly	The town grew rapidly.	その町は急速に発展した。	adverb	5	3	""[""""急速に"""",""""静かに"""",""""慎重に"""",""""簡単に"""",""""突然""""]""	""[""""rapidly"""",""""quietly"""",""""carefully"""",""""easily"""",""""suddenly""""]""	""[""""rapidly"""",""""sadly"""",""""badly"""",""""brightly"""",""""softly""""]""	""[{""""word"""":""""quickly"""",""""note"""":""""より基本的な語""""},{""""word"""":""""fast"""",""""note"""":""""口語でよく使う""""}]""	""[{""""word"""":""""slowly"""",""""note"""":""""ゆっくりと""""}]"""
401190	4	tragic	悲劇的な	very sad and terrible	The accident was tragic.	その事故は悲劇的だった。	adjective	4	3	""[""""悲劇的な"""",""""危険な"""",""""突然の"""",""""深刻な"""",""""不思議な""""]""	""[""""tragic"""",""""dangerous"""",""""sudden"""",""""serious"""",""""strange""""]""	""[""""tragic"""",""""traffic"""",""""magic"""",""""classic"""",""""topic""""]""	""[{""""word"""":""""sad"""",""""note"""":""""より広い意味で「悲しい」""""},{""""word"""":""""terrible"""",""""note"""":""""ひどく悪いという意味で近い""""}]""	""[{""""word"""":""""happy"""",""""note"""":""""悲しい気持ちと反対""""},{""""word"""":""""hopeful"""",""""note"""":""""希望がある感じ""""}]"""
401191	4	miserable	みじめな	very unhappy and uncomfortable	He felt miserable after the game.	彼は試合のあと、みじめな気持ちだった。	adjective	4	3	""[""""みじめな"""",""""退屈な"""",""""不安な"""",""""孤独な"""",""""疲れた""""]""	""[""""miserable"""",""""boring"""",""""nervous"""",""""lonely"""",""""tired""""]""	""[""""miserable"""",""""visible"""",""""possible"""",""""musical"""",""""memory""""]""	""[{""""word"""":""""unhappy"""",""""note"""":""""より基本的な語""""},{""""word"""":""""sad"""",""""note"""":""""miserable のほうが強い""""}]""	""[{""""word"""":""""happy"""",""""note"""":""""基本的な反対語""""},{""""word"""":""""cheerful"""",""""note"""":""""明るく元気な感じ""""}]"""
401192	4	tiny	とても小さい	very small	She has a tiny dog.	彼女はとても小さい犬を飼っている。	adjective	3	4	""[""""とても小さい"""",""""大きい"""",""""細い"""",""""軽い"""",""""短い""""]""	""[""""tiny"""",""""large"""",""""thin"""",""""light"""",""""short""""]""	""[""""tiny"""",""""tidy"""",""""shiny"""",""""timid"""",""""tiger""""]""	""[{""""word"""":""""small"""",""""note"""":""""tiny のほうがより小さい""""},{""""word"""":""""little"""",""""note"""":""""日常会話でよく使う""""}]""	""[{""""word"""":""""huge"""",""""note"""":""""とても大きい""""},{""""word"""":""""large"""",""""note"""":""""大きい""""}]"""
401193	4	brilliant	すばらしい	very smart or very impressive	She gave a brilliant answer in class.	彼女は授業で、すばらしい答えを言った。	adjective	4	3	""[""""すばらしい"""",""""普通の"""",""""静かな"""",""""危険な"""",""""重い""""]""	""[""""brilliant"""",""""ordinary"""",""""quiet"""",""""dangerous"""",""""heavy""""]""	""[""""brilliant"""",""""brilliantly"""",""""Brazilian"""",""""different"""",""""violent""""]""	""[{""""word"""":""""excellent"""",""""note"""":""""とてもすぐれている""""},{""""word"""":""""smart"""",""""note"""":""""頭がよい意味でも使う""""}]""	""[{""""word"""":""""ordinary"""",""""note"""":""""特別ではない""""}]"""
401194	4	extraordinary	並外れた	very unusual or special	She has an extraordinary talent for music.	彼女には音楽の並外れた才能がある。	adjective	5	2	""[""""並外れた"""",""""普通の"""",""""簡単な"""",""""静かな"""",""""安全な""""]""	""[""""extraordinary"""",""""ordinary"""",""""simple"""",""""quiet"""",""""safe""""]""	""[""""extraordinary"""",""""ordinary"""",""""dictionary"""",""""temporary"""",""""important""""]""	""[{""""word"""":""""remarkable"""",""""note"""":""""注目するほどすばらしい""""},{""""word"""":""""unusual"""",""""note"""":""""ふつうではない""""}]""	""[{""""word"""":""""ordinary"""",""""note"""":""""普通の""""}]"""
401195	4	intense	強烈な	very strong or serious	They felt intense heat in the desert.	彼らは砂漠で強烈な暑さを感じた。	adjective	5	2	""[""""強烈な"""",""""穏やかな"""",""""柔らかい"""",""""浅い"""",""""遅い""""]""	""[""""intense"""",""""calm"""",""""soft"""",""""shallow"""",""""slow""""]""	""[""""intense"""",""""inside"""",""""instead"""",""""invent"""",""""interest""""]""	""[{""""word"""":""""strong"""",""""note"""":""""より基本的な語""""},{""""word"""":""""powerful"""",""""note"""":""""力が強い感じ""""}]""	""[{""""word"""":""""calm"""",""""note"""":""""激しくない""""},{""""word"""":""""mild"""",""""note"""":""""強くない""""}]"""
401196	4	powerful	強力な	having great strength or effect	This computer is very powerful.	このコンピューターはとても高性能です。	adjective	4	3	""[""""強力な"""",""""静かな"""",""""安全な"""",""""有名な"""",""""親切な""""]""	""[""""powerful"""",""""peaceful"""",""""careful"""",""""useful"""",""""famous""""]""	""[""""powerful"""",""""peaceful"""",""""careful"""",""""colorful"""",""""wonderful""""]""	""[{""""word"""":""""strong"""",""""note"""":""""力が強いことを表す基本語""""}]""	""[{""""word"""":""""weak"""",""""note"""":""""力や効果が弱い""""}]"""
401197	4	weary	疲れた	very tired	I felt weary after the long walk.	長い散歩のあと、私は疲れを感じました。	adjective	5	2	""[""""疲れた"""",""""驚いた"""",""""怒った"""",""""緊張した"""",""""満足した""""]""	""[""""weary"""",""""angry"""",""""nervous"""",""""proud"""",""""lonely""""]""	""[""""weary"""",""""windy"""",""""weekly"""",""""really"""",""""early""""]""	""[{""""word"""":""""tired"""",""""note"""":""""より基本的でよく使う語""""}]""	""[{""""word"""":""""fresh"""",""""note"""":""""疲れていない感じ""""}]"""
401198	4	landscape	風景	the view of an area of land	We enjoyed the beautiful landscape.	私たちはその美しい風景を楽しみました。	noun	4	2	""[""""風景"""",""""文化"""",""""歴史"""",""""空気"""",""""季節""""]""	""[""""landscape"""",""""culture"""",""""history"""",""""weather"""",""""nature""""]""	""[""""landscape"""",""""handshake"""",""""landmark"""",""""sandwich"""",""""language""""]""	""[{""""word"""":""""scenery"""",""""note"""":""""自然の景色を表すことが多い""""}]""	[]"
401199	4	tone	口調	the way someone sounds when speaking	Her tone was kind and calm.	彼女の口調は親切で落ち着いていた。	noun	4	3	""[""""口調"""",""""表情"""",""""態度"""",""""声"""",""""意見""""]""	""[""""tone"""",""""voice"""",""""manner"""",""""face"""",""""opinion""""]""	""[""""tone"""",""""stone"""",""""town"""",""""tall"""",""""tune""""]""	""[{""""word"""":""""voice"""",""""note"""":""""声そのものを表すことが多い""""}]""	[]"
401200	4	poll	世論調査	a survey to ask people their opinions	The poll showed that many people agreed.	その世論調査は、多くの人が賛成していることを示した。	noun	4	3	""[""""世論調査"""",""""投票"""",""""選挙"""",""""会議"""",""""討論""""]""	""[""""poll"""",""""vote"""",""""election"""",""""meeting"""",""""debate""""]""	""[""""poll"""",""""pole"""",""""pool"""",""""pull"""",""""ball""""]""	""[{""""word"""":""""survey"""",""""note"""":""""より広い意味での調査""""}]""	[]"
401201	4	election	選挙	an event where people choose a leader by voting	The election will be held next month.	その選挙は来月行われる。	noun	4	4	""[""""選挙"""",""""投票"""",""""候補者"""",""""政府"""",""""議会""""]""	""[""""election"""",""""vote"""",""""candidate"""",""""government"""",""""parliament""""]""	""[""""election"""",""""direction"""",""""selection"""",""""section"""",""""reaction""""]""	[]	[]"
401202	4	hesitate	ためらう	to pause because you are not sure	Don't hesitate to ask questions.	遠慮せずに質問してください。	verb	4	3	""[""""ためらう"""",""""急ぐ"""",""""断る"""",""""決める"""",""""隠す""""]""	""[""""hesitate"""",""""hurry"""",""""refuse"""",""""decide"""",""""hide""""]""	""[""""hesitate"""",""""estimate"""",""""celebrate"""",""""vegetable"""",""""separate""""]""	""[{""""word"""":""""pause"""",""""note"""":""""少し立ち止まる感じ""""}]""	""[{""""word"""":""""decide"""",""""note"""":""""ためらわず決める""""}]"""
401203	4	patient	辛抱強い	able to wait calmly	Be patient with your little brother.	弟に辛抱強く接しなさい。	adjective	4	4	""[""""辛抱強い"""",""""正直な"""",""""活発な"""",""""静かな"""",""""親切な""""]""	""[""""patient"""",""""honest"""",""""active"""",""""quiet"""",""""kind""""]""	""[""""patient"""",""""ancient"""",""""nation"""",""""paint"""",""""parent""""]""	""[{""""word"""":""""calm"""",""""note"""":""""落ち着いている感じ""""}]""	""[{""""word"""":""""impatient"""",""""note"""":""""待てない""""}]"""
401204	4	wander	歩き回る	to walk around without a plan	We wandered around the park after lunch.	私たちは昼食のあと公園を歩き回った。	verb	4	2	""[""""歩き回る"""",""""走り去る"""",""""集まる"""",""""登る"""",""""運ぶ""""]""	""[""""wander"""",""""rush"""",""""gather"""",""""climb"""",""""carry""""]""	""[""""wander"""",""""wonder"""",""""window"""",""""winter"""",""""winner""""]""	""[{""""word"""":""""roam"""",""""note"""":""""広い場所を歩き回る""""}]""	[]"
401205	4	dam	ダム	a wall built to stop or control water	The dam holds back the river water.	そのダムは川の水をせき止めている。	noun	4	3	""[""""ダム"""",""""橋"""",""""トンネル"""",""""塔"""",""""運河""""]""	""[""""dam"""",""""bridge"""",""""tunnel"""",""""tower"""",""""canal""""]""	""[""""dam"""",""""dim"""",""""dome"""",""""drum"""",""""jam""""]""	[]	[]"
401206	4	envy	うらやむ	to want what someone else has	I envy her beautiful voice.	私は彼女の美しい声をうらやむ。	verb	5	3	""[""""うらやむ"""",""""尊敬する"""",""""信じる"""",""""許す"""",""""招く""""]""	""[""""envy"""",""""admire"""",""""trust"""",""""forgive"""",""""invite""""]""	""[""""envy"""",""""entry"""",""""empty"""",""""ending"""",""""angry""""]""	""[{""""word"""":""""jealous"""",""""note"""":""""形容詞としてよく使う""""}]""	[]"
401207	4	curious	好奇心が強い	wanting to know about something	She is curious about space.	彼女は宇宙に興味を持っている。	adjective	4	4	""[""""好奇心が強い"""",""""正直な"""",""""静かな"""",""""慎重な"""",""""陽気な""""]""	""[""""curious"""",""""honest"""",""""quiet"""",""""careful"""",""""cheerful""""]""	""[""""curious"""",""""serious"""",""""various"""",""""furious"""",""""curly""""]""	""[{""""word"""":""""interested"""",""""note"""":""""何かを知りたがる感じ""""}]""	""[{""""word"""":""""indifferent"""",""""note"""":""""興味がない""""}]"""
401208	4	eager	熱心な	very interested and ready to do something	She was eager to start the game.	彼女はその試合を始めるのをとても楽しみにしていた。	adjective	4	3	""[""""熱心な"""",""""退屈な"""",""""不安な"""",""""静かな"""",""""有名な""""]""	""[""""eager"""",""""bored"""",""""nervous"""",""""quiet"""",""""famous""""]""	""[""""eager"""",""""eagle"""",""""anger"""",""""actor"""",""""anchor""""]""	""[{""""word"""":""""keen"""",""""note"""":""""やや英式で「熱心な」""""}]""	""[{""""word"""":""""reluctant"""",""""note"""":""""気が進まない""""}]"""
401209	4	jealous	嫉妬して	feeling bad because someone has something you want	He felt jealous of his brother.	彼は兄弟をうらやましく思った。	adjective	4	3	""[""""嫉妬して"""",""""満足して"""",""""疲れて"""",""""正直な"""",""""陽気な""""]""	""[""""jealous"""",""""satisfied"""",""""tired"""",""""honest"""",""""cheerful""""]""	""[""""jealous"""",""""generous"""",""""jelly"""",""""famous"""",""""careless""""]""	""[{""""word"""":""""envious"""",""""note"""":""""ややかたい語""""}]""	""[{""""word"""":""""content"""",""""note"""":""""満ち足りた気持ち""""}]"""
401210	4	laundry	洗濯物	clothes and other things that need washing	I have to do the laundry today.	私は今日、洗濯をしなければならない。	noun	3	3	""[""""洗濯物"""",""""宿題"""",""""食器"""",""""ごみ"""",""""荷物""""]""	""[""""laundry"""",""""homework"""",""""dishes"""",""""garbage"""",""""baggage""""]""	""[""""laundry"""",""""boundary"""",""""hungry"""",""""country"""",""""suddenly""""]""	""[{""""word"""":""""washing"""",""""note"""":""""英式で使うことがある""""}]""	[]"
401211	4	observe	観察する	to watch something carefully	We observed the stars at night.	私たちは夜に星を観察した。	verb	4	3	""[""""観察する"""",""""説明する"""",""""比較する"""",""""収集する"""",""""修理する""""]""	""[""""observe"""",""""explain"""",""""compare"""",""""collect"""",""""repair""""]""	""[""""observe"""",""""obey"""",""""object"""",""""offer"""",""""order""""]""	""[{""""word"""":""""watch"""",""""note"""":""""より一般的に「見る」""""},{""""word"""":""""notice"""",""""note"""":""""気づいて見る感じ""""}]""	""[{""""word"""":""""ignore"""",""""note"""":""""気に留めない""""}]"""
401212	4	monitor	監視する	to watch and check something carefully	Doctors monitor the patient's heart rate.	医師たちは患者の心拍数を監視する。	verb	4	3	""[""""監視する"""",""""測定する"""",""""交換する"""",""""発明する"""",""""配達する""""]""	""[""""monitor"""",""""measure"""",""""replace"""",""""invent"""",""""deliver""""]""	""[""""monitor"""",""""moment"""",""""manager"""",""""visitor"""",""""editor""""]""	""[{""""word"""":""""watch"""",""""note"""":""""広い意味で使える""""},{""""word"""":""""check"""",""""note"""":""""状態を確かめる""""}]""	[]"
401213	4	flood	洪水	a large amount of water covering land	The heavy rain caused a flood.	大雨が洪水を引き起こした。	noun	4	3	""[""""洪水"""",""""干ばつ"""",""""地震"""",""""嵐"""",""""火災""""]""	""[""""flood"""",""""drought"""",""""earthquake"""",""""storm"""",""""fire""""]""	""[""""flood"""",""""floor"""",""""flower"""",""""flight"""",""""flag""""]""	[]	[]"
401214	4	waterfall	滝	a place where water falls from a high place	We saw a beautiful waterfall in the mountains.	私たちは山で美しい滝を見ました。	noun	4	3	""[""""滝"""",""""火山"""",""""砂漠"""",""""湖"""",""""洞窟""""]""	""[""""waterfall"""",""""volcano"""",""""desert"""",""""lake"""",""""cave""""]""	""[""""waterfall"""",""""wonderful"""",""""watermelon"""",""""winter"""",""""watcher""""]""	[]	[]"
401215	4	liquid	液体	a substance that flows like water	Milk is a liquid.	牛乳は液体です。	noun	4	3	""[""""液体"""",""""気体"""",""""固体"""",""""粉"""",""""粒""""]""	""[""""liquid"""",""""gas"""",""""solid"""",""""powder"""",""""grain""""]""	""[""""liquid"""",""""limit"""",""""listen"""",""""little"""",""""rapid""""]""	[]	""[{""""word"""":""""solid"""",""""note"""":""""形が決まっているもの""""}]"""
401216	4	technique	技術	a special way of doing something	She learned a new technique for painting.	彼女は絵を描くための新しい技術を学びました。	noun	5	3	""[""""技術"""",""""方法"""",""""計画"""",""""道具"""",""""材料""""]""	""[""""technique"""",""""method"""",""""plan"""",""""tool"""",""""material""""]""	""[""""technique"""",""""traffic"""",""""topic"""",""""ticket"""",""""tennis""""]""	""[{""""word"""":""""method"""",""""note"""":""""やり方という意味で近いが、technique は技術的なこつ""""}]""	[]"
401217	4	procedure	手順	a set of actions done in a fixed order	Please follow the procedure carefully.	その手順に注意して従ってください。	noun	4	3	""[""""手順"""",""""方法"""",""""規則"""",""""計画"""",""""結果""""]""	""[""""procedure"""",""""method"""",""""rule"""",""""plan"""",""""result""""]""	""[""""procedure"""",""""precede"""",""""producer"""",""""project"""",""""protect""""]""	""[{""""word"""":""""process"""",""""note"""":""""一連の流れを表すことが多い""""},{""""word"""":""""method"""",""""note"""":""""より広く「方法」""""}]""	[]"
401218	4	viewpoint	観点	a way of thinking about something	Try to see it from her viewpoint.	彼女の観点からそれを見てみなさい。	noun	4	3	""[""""観点"""",""""意見"""",""""理由"""",""""目的"""",""""習慣""""]""	""[""""viewpoint"""",""""opinion"""",""""reason"""",""""purpose"""",""""habit""""]""	""[""""viewpoint"""",""""few"""",""""view"""",""""useful"""",""""viewer""""]""	""[{""""word"""":""""point of view"""",""""note"""":""""ほぼ同じ意味の表現""""},{""""word"""":""""opinion"""",""""note"""":""""個人の考えを表すことが多い""""}]""	[]"
401219	4	mode	方式	a particular way something works or is done	Set the phone to silent mode.	その電話をサイレントモードに設定しなさい。	noun	4	3	""[""""方式"""",""""種類"""",""""速度"""",""""場所"""",""""材料""""]""	""[""""mode"""",""""type"""",""""speed"""",""""place"""",""""material""""]""	""[""""mode"""",""""road"""",""""code"""",""""move"""",""""mold""""]""	""[{""""word"""":""""method"""",""""note"""":""""やり方という意味で近い""""},{""""word"""":""""style"""",""""note"""":""""見た目ややり方の型を表すことがある""""}]""	[]"
401220	4	passage	一節	a short part of a book or speech	Please read the passage aloud.	その一節を声に出して読んでください。	noun	4	3	""[""""一節"""",""""章"""",""""題名"""",""""表紙"""",""""段落""""]""	""[""""passage"""",""""chapter"""",""""title"""",""""cover"""",""""paragraph""""]""	""[""""passage"""",""""message"""",""""package"""",""""village"""",""""manage""""]""	""[{""""word"""":""""paragraph"""",""""note"""":""""文章の一段落。passage はより広く一節""""}]""	[]"
401221	4	trend	傾向	a general change or direction	This trend is popular among young people.	この傾向は若者の間で人気です。	noun	4	4	""[""""傾向"""",""""結果"""",""""方法"""",""""理由"""",""""意見""""]""	""[""""trend"""",""""result"""",""""method"""",""""reason"""",""""opinion""""]""	""[""""trend"""",""""train"""",""""trick"""",""""trade"""",""""trust""""]""	""[{""""word"""":""""tendency"""",""""note"""":""""ややかたい語""""}]""	[]"
401222	4	manner	方法	a way of doing something	He spoke in a polite manner.	彼は丁寧な話し方をした。	noun	4	4	""[""""方法"""",""""習慣"""",""""理由"""",""""順番"""",""""計画""""]""	""[""""manner"""",""""habit"""",""""reason"""",""""order"""",""""plan""""]""	""[""""manner"""",""""matter"""",""""member"""",""""minor"""",""""manual""""]""	""[{""""word"""":""""way"""",""""note"""":""""より基本的な語""""}]""	[]"
401223	4	means	手段	a way to do something	Money is a means of buying things.	お金は物を買うための手段です。	noun	4	3	""[""""手段"""",""""方法"""",""""結果"""",""""理由"""",""""目的""""]""	""[""""means"""",""""method"""",""""result"""",""""reason"""",""""purpose""""]""	""[""""means"""",""""beans"""",""""minds"""",""""meets"""",""""mines""""]""	""[{""""word"""":""""method"""",""""note"""":""""meansより具体的なやり方""""}]""	[]"
401224	4	network	通信網	a system of connected computers or people	Our school uses a computer network.	私たちの学校はコンピューター通信網を使っています。	noun	4	3	""[""""通信網"""",""""機械"""",""""画面"""",""""信号"""",""""装置""""]""	""[""""network"""",""""machine"""",""""screen"""",""""signal"""",""""device""""]""	""[""""network"""",""""notebook"""",""""netball"""",""""needle"""",""""nature""""]""	[]	[]"
401225	4	marriage	結婚	the state of being husband and wife	Their marriage was last spring.	彼らの結婚は昨年の春でした。	noun	4	2	""[""""結婚"""",""""離婚"""",""""婚約"""",""""式"""",""""夫婦""""]""	""[""""marriage"""",""""divorce"""",""""engagement"""",""""ceremony"""",""""couple""""]""	""[""""marriage"""",""""message"""",""""manage"""",""""village"""",""""carriage""""]""	""[{""""word"""":""""wedding"""",""""note"""":""""結婚式を表すことが多い""""}]""	""[{""""word"""":""""divorce"""",""""note"""":""""結婚関係を終えること""""}]"""
401226	4	mud	泥	wet and soft earth	My shoes were covered with mud.	私のくつは泥でおおわれていた。	noun	4	3	""[""""泥"""",""""砂"""",""""雪"""",""""ほこり"""",""""草""""]""	""[""""mud"""",""""sand"""",""""snow"""",""""dust"""",""""grass""""]""	""[""""mud"""",""""mad"""",""""map"""",""""mug"""",""""bud""""]""	[]	[]"
401227	4	moisture	湿気	a small amount of water in the air or in something	There is a lot of moisture in the air today.	今日は空気中に湿気が多い。	noun	5	2	""[""""湿気"""",""""熱"""",""""煙"""",""""光"""",""""におい""""]""	""[""""moisture"""",""""heat"""",""""smoke"""",""""light"""",""""smell""""]""	""[""""moisture"""",""""mixture"""",""""monster"""",""""posture"""",""""measure""""]""	[]	""[{""""word"""":""""dryness"""",""""note"""":""""湿気がない状態""""}]"""
401228	4	reputation	評判	what people think about someone or something	The restaurant has a good reputation.	そのレストランは評判がよい。	noun	5	3	""[""""評判"""",""""意見"""",""""約束"""",""""結果"""",""""理由""""]""	""[""""reputation"""",""""opinion"""",""""promise"""",""""result"""",""""reason""""]""	""[""""reputation"""",""""reservation"""",""""relation"""",""""education"""",""""revolution""""]""	""[{""""word"""":""""fame"""",""""note"""":""""よく知られていること""""}]""	[]"
401229	4	preference	好み	something you like better than others	She showed a preference for tea over coffee.	彼女はコーヒーよりお茶の好みを示した。	noun	4	3	""[""""好み"""",""""習慣"""",""""意見"""",""""目的"""",""""経験""""]""	""[""""preference"""",""""habit"""",""""opinion"""",""""purpose"""",""""experience""""]""	""[""""preference"""",""""conference"""",""""difference"""",""""reference"""",""""presence""""]""	""[{""""word"""":""""taste"""",""""note"""":""""個人の好みを表す基本語""""}]""	[]"
401230	4	grain	穀物	a small hard seed of wheat, rice, or other plants	Rice is an important grain in Japan.	米は日本で大切な穀物です。	noun	4	3	""[""""穀物"""",""""野菜"""",""""果物"""",""""肉"""",""""豆""""]""	""[""""grain"""",""""vegetable"""",""""fruit"""",""""meat"""",""""bean""""]""	""[""""grain"""",""""green"""",""""gray"""",""""grown"""",""""grand""""]""	[]	[]"
401231	4	pale	青白い	light in color or not bright	She looked pale after the long trip.	長い旅行のあと、彼女は青白く見えました。	adjective	4	3	""[""""青白い"""",""""明るい"""",""""濃い"""",""""暗い"""",""""鮮やかな""""]""	""[""""pale"""",""""bright"""",""""dark"""",""""deep"""",""""vivid""""]""	""[""""pale"""",""""pail"""",""""page"""",""""pain"""",""""pair""""]""	""[{""""word"""":""""light"""",""""note"""":""""色が薄いときに使える""""}]""	""[{""""word"""":""""dark"""",""""note"""":""""色や見た目が暗い""""}]"""
401232	4	identity	身元	who a person is	The police checked his identity.	警察は彼の身元を確認した。	noun	4	3	""[""""身元"""",""""意見"""",""""習慣"""",""""景色"""",""""方法""""]""	""[""""identity"""",""""opinion"""",""""habit"""",""""view"""",""""method""""]""	""[""""identity"""",""""idea"""",""""industry"""",""""enemy"""",""""energy""""]""	""[{""""word"""":""""ID"""",""""note"""":""""口語で使う短い形""""}]""	[]"
401233	4	entire	全体の	whole; with all parts	I read the entire book in one day.	私はその本を1日で全部読んだ。	adjective	4	4	""[""""全体の"""",""""短い"""",""""安全な"""",""""静かな"""",""""有名な""""]""	""[""""entire"""",""""short"""",""""safe"""",""""quiet"""",""""famous""""]""	""[""""entire"""",""""enter"""",""""retire"""",""""inside"""",""""ensure""""]""	""[{""""word"""":""""whole"""",""""note"""":""""より基本的な語""""}]""	""[{""""word"""":""""partial"""",""""note"""":""""一部の""""}]"""
401234	4	broad	広い	wide; covering a large area	They walked along a broad road.	彼らは広い道を歩いた。	adjective	4	4	""[""""広い"""",""""深い"""",""""重い"""",""""暗い"""",""""弱い""""]""	""[""""broad"""",""""deep"""",""""heavy"""",""""dark"""",""""weak""""]""	""[""""broad"""",""""brought"""",""""board"""",""""bright"""",""""blood""""]""	""[{""""word"""":""""wide"""",""""note"""":""""最も基本的な類義語""""}]""	""[{""""word"""":""""narrow"""",""""note"""":""""幅がせまい""""}]"""
401235	4	weed	雑草	a wild plant growing where it is not wanted	We pulled the weed from the garden.	私たちは庭からその雑草を抜いた。	noun	4	3	""[""""雑草"""",""""花"""",""""木"""",""""草"""",""""葉""""]""	""[""""weed"""",""""flower"""",""""tree"""",""""grass"""",""""leaf""""]""	""[""""weed"""",""""week"""",""""wheel"""",""""need"""",""""wide""""]""	[]	[]"
401236	4	mortal	死ぬ運命の	able to die; not living forever	All humans are mortal.	すべての人間は死ぬ運命にある。	adjective	5	2	""[""""死ぬ運命の"""",""""永遠の"""",""""危険な"""",""""普通の"""",""""重要な""""]""	""[""""mortal"""",""""eternal"""",""""dangerous"""",""""ordinary"""",""""important""""]""	""[""""mortal"""",""""portal"""",""""moral"""",""""motor"""",""""metal""""]""	""[{""""word"""":""""human"""",""""note"""":""""神ではなく人間の、の意味で近いことがある""""}]""	""[{""""word"""":""""immortal"""",""""note"""":""""死なない、永遠に生きる""""}]"""
401237	4	bravely	勇敢に	in a brave way	She spoke bravely in front of the class.	彼女はクラスの前で勇敢に話した。	adverb	4	3	""[""""勇敢に"""",""""静かに"""",""""急いで"""",""""注意深く"""",""""簡単に""""]""	""[""""bravely"""",""""quietly"""",""""quickly"""",""""carefully"""",""""easily""""]""	""[""""bravely"""",""""briefly"""",""""brightly"""",""""greatly"""",""""bravest""""]""	""[{""""word"""":""""boldly"""",""""note"""":""""やや強い言い方""""}]""	""[{""""word"""":""""cowardly"""",""""note"""":""""形容詞。臆病な""""},{""""word"""":""""timidly"""",""""note"""":""""おずおずと""""}]"""
401238	4	along	〜に沿って	from one end to the other side of something	We walked along the river.	私たちは川に沿って歩いた。	preposition	4	4	""[""""〜に沿って"""",""""〜の下に"""",""""〜の近くに"""",""""〜の後ろに"""",""""〜の中に""""]""	""[""""along"""",""""under"""",""""near"""",""""behind"""",""""inside""""]""	""[""""along"""",""""alone"""",""""around"""",""""among"""",""""belong""""]""	""[{""""word"""":""""by"""",""""note"""":""""近くを表すが、along は沿って進む感じ""""}]""	[]"
401239	4	timber	木材	wood used for building	The house is made of timber.	その家は木材でできている。	noun	5	2	""[""""木材"""",""""金属"""",""""れんが"""",""""ガラス"""",""""石""""]""	""[""""timber"""",""""metal"""",""""brick"""",""""glass"""",""""stone""""]""	""[""""timber"""",""""tiger"""",""""dinner"""",""""number"""",""""member""""]""	""[{""""word"""":""""wood"""",""""note"""":""""より一般的な語""""}]""	[]"
401240	4	board	板	a flat piece of wood	He put the box on the board.	彼はその箱を板の上に置いた。	noun	4	4	""[""""板"""",""""棒"""",""""ひも"""",""""紙"""",""""布""""]""	""[""""board"""",""""stick"""",""""string"""",""""paper"""",""""cloth""""]""	""[""""board"""",""""born"""",""""bold"""",""""boat"""",""""bond""""]""	""[{""""word"""":""""plank"""",""""note"""":""""細長い板""""}]""	[]"
401241	4	stick	棒	a long thin piece of wood	The boy found a stick in the park.	その少年は公園で棒を見つけた。	noun	4	3	""[""""棒"""",""""石"""",""""ひも"""",""""板"""",""""葉""""]""	""[""""stick"""",""""stone"""",""""string"""",""""board"""",""""leaf""""]""	""[""""stick"""",""""stack"""",""""stock"""",""""stuck"""",""""steam""""]""	[]	[]"
401242	4	sentence	文	a group of words that gives a complete idea	Please read the first sentence.	最初の文を読んでください。	noun	4	3	""[""""文"""",""""単語"""",""""質問"""",""""答え"""",""""題名""""]""	""[""""sentence"""",""""word"""",""""question"""",""""answer"""",""""title""""]""	""[""""sentence"""",""""student"""",""""center"""",""""service"""",""""silent""""]""	[]	[]"
401243	4	prayer	祈り	words said to God or a wish for help	She said a prayer before dinner.	彼女は夕食の前に祈りをささげた。	noun	5	2	""[""""祈り"""",""""約束"""",""""願い"""",""""歌"""",""""話""""]""	""[""""prayer"""",""""promise"""",""""wish"""",""""song"""",""""talk""""]""	""[""""prayer"""",""""player"""",""""paper"""",""""planet"""",""""pretty""""]""	[]	[]"
401244	4	vocabulary	語彙	all the words a person knows or uses	Reading books helps build your vocabulary.	本を読むことは語彙を増やすのに役立ちます。	noun	4	3	""[""""語彙"""",""""文法"""",""""発音"""",""""会話"""",""""意味""""]""	""[""""vocabulary"""",""""grammar"""",""""pronunciation"""",""""conversation"""",""""meaning""""]""	""[""""vocabulary"""",""""volunteer"""",""""vacation"""",""""victory"""",""""valuable""""]""	""[{""""word"""":""""words"""",""""note"""":""""くだけた言い方""""}]""	[]"
401245	4	cooperate	協力する	to work together with others	We need to cooperate to finish the project.	その計画を終えるために、私たちは協力する必要があります。	verb	4	3	""[""""協力する"""",""""反対する"""",""""説明する"""",""""選ぶ"""",""""到着する""""]""	""[""""cooperate"""",""""oppose"""",""""explain"""",""""choose"""",""""arrive""""]""	""[""""cooperate"""",""""celebrate"""",""""concentrate"""",""""communicate"""",""""calculate""""]""	""[{""""word"""":""""work together"""",""""note"""":""""いっしょに働くこと""""}]""	""[{""""word"""":""""oppose"""",""""note"""":""""反対して協力しない""""}]"""
401246	4	employee	従業員	a person who works for a company or shop	The employee helped me find the book.	その従業員は私がその本を見つけるのを手伝ってくれました。	noun	4	3	""[""""従業員"""",""""客"""",""""店長"""",""""医者"""",""""運転手""""]""	""[""""employee"""",""""customer"""",""""manager"""",""""doctor"""",""""driver""""]""	""[""""employee"""",""""empty"""",""""enjoy"""",""""reply"""",""""entry""""]""	""[{""""word"""":""""worker"""",""""note"""":""""より広い意味の語""""}]""	""[{""""word"""":""""employer"""",""""note"""":""""人を雇う側""""}]"""
401247	4	efficient	効率的な	working well without wasting time or energy	She is an efficient worker.	彼女は効率的な働き手です。	adjective	4	3	""[""""効率的な"""",""""効果的な"""",""""世界的な"""",""""静かな"""",""""危険な""""]""	""[""""efficient"""",""""effective"""",""""global"""",""""quiet"""",""""dangerous""""]""	""[""""efficient"""",""""sufficient"""",""""different"""",""""important"""",""""excellent""""]""	""[{""""word"""":""""productive"""",""""note"""":""""多くの成果を出す感じ""""}]""	""[{""""word"""":""""inefficient"""",""""note"""":""""効率が悪い""""}]"""
401248	4	effective	効果的な	producing a good result	This medicine is effective for colds.	この薬は風邪に効果的です。	adjective	4	4	""[""""効果的な"""",""""効率的な"""",""""世界的な"""",""""安全な"""",""""有名な""""]""	""[""""effective"""",""""efficient"""",""""global"""",""""safe"""",""""famous""""]""	""[""""effective"""",""""expensive"""",""""active"""",""""electric"""",""""creative""""]""	""[{""""word"""":""""useful"""",""""note"""":""""より広い意味で役に立つ""""}]""	""[{""""word"""":""""ineffective"""",""""note"""":""""効果がない""""}]"""
401249	4	global	世界的な	related to the whole world	The internet is a global network.	インターネットは世界的なネットワークです。	adjective	4	4	""[""""世界的な"""",""""地域の"""",""""効果的な"""",""""効率的な"""",""""個人的な""""]""	""[""""global"""",""""local"""",""""effective"""",""""efficient"""",""""personal""""]""	""[""""global"""",""""golden"""",""""mobile"""",""""formal"""",""""total""""]""	""[{""""word"""":""""worldwide"""",""""note"""":""""世界中に及ぶ""""}]""	""[{""""word"""":""""local"""",""""note"""":""""特定の地域の""""}]"""
401250	4	concern	心配	a feeling of worry about something	His parents showed concern about his health.	彼の両親は彼の健康について心配を示した。	noun	4	3	""[""""心配"""",""""興味"""",""""希望"""",""""努力"""",""""経験""""]""	""[""""concern"""",""""interest"""",""""hope"""",""""effort"""",""""experience""""]""	""[""""concern"""",""""confirm"""",""""concert"""",""""control"""",""""connect""""]""	""[{""""word"""":""""worry"""",""""note"""":""""より日常的な語""""}]""	""[{""""word"""":""""relief"""",""""note"""":""""心配がなくなること""""}]"""
401251	4	stress	ストレス	mental or physical pressure	Too much stress can make you tired.	ストレスが多すぎると、あなたは疲れることがある。	noun	3	4	""[""""ストレス"""",""""自信"""",""""勇気"""",""""習慣"""",""""責任""""]""	""[""""stress"""",""""confidence"""",""""courage"""",""""habit"""",""""responsibility""""]""	""[""""stress"""",""""street"""",""""strict"""",""""strange"""",""""strong""""]""	""[{""""word"""":""""pressure"""",""""note"""":""""重圧という意味で近い""""}]""	""[{""""word"""":""""relaxation"""",""""note"""":""""緊張や負担がない状態""""}]"""
401252	4	by all means	ぜひ	certainly; of course	If you want to join us, by all means come along.	もし私たちといっしょに行きたいなら、ぜひ来てください。	adverb	4	2	""[""""ぜひ"""",""""たぶん"""",""""突然"""",""""実は"""",""""二度と""""]""	""[""""by all means"""",""""probably"""",""""suddenly"""",""""actually"""",""""never""""]""	""[""""by all means"""",""""by no means"""",""""by myself"""",""""by the way"""",""""all at once""""]""	""[{""""word"""":""""certainly"""",""""note"""":""""より一般的な語""""},{""""word"""":""""of course"""",""""note"""":""""会話でよく使う""""}]""	""[{""""word"""":""""by no means"""",""""note"""":""""決して〜ない""""}]"""
401253	4	self	自己	the person you are	She needs time to think about her self.	彼女は自分自身について考える時間が必要です。	noun	4	3	""[""""自己"""",""""努力"""",""""記憶"""",""""性格"""",""""習慣""""]""	""[""""self"""",""""mind"""",""""life"""",""""name"""",""""body""""]""	""[""""self"""",""""shelf"""",""""sell"""",""""safe"""",""""soft""""]""	[]	[]"
