"english","sourceNo","sourceWord","mode"
"we","100002","he","ChoicesJaEn"
"we","100002","he","Listening"
"bee","100002","he","Listening"
"sumo","100003","some","Listening"
"we","100004","she","ChoicesJaEn"
"we","100004","she","Listening"
"shoe","100004","she","Listening"
"want to","100005","can","ChoicesJaEn"
"came","100005","can","Listening"
"monk","100006","month","Listening"
"in front of","100007","over","ChoicesJaEn"
"open","100007","over","Listening"
"order","100007","over","Listening"
"women","100008","woman","Listening"
"men","100009","man","Listening"
"mat","100009","man","Listening"
"ant","100011","and","Listening"
"donkey","100012","monkey","Listening"
"monk","100012","monkey","Listening"
"wish","100014","fish","Listening"
"awesome","100016","autumn","Listening"
"arm","100017","shoulder","ChoicesJaEn"
"holder","100017","shoulder","Listening"
"I'm sleepy","100018","I'm sorry","Listening"
"I'm hungry","100018","I'm sorry","Listening"
"I'm ready","100018","I'm sorry","Listening"
"I'm happy","100018","I'm sorry","Listening"
"be on time for","100019","be late for","ChoicesJaEn"
"be absent from","100019","be late for","ChoicesJaEn"
"be ready for","100019","be late for","Listening"
"be kind to","100019","be late for","Listening"
"be from","100019","be late for","Listening"
"be on time for","100019","be late for","Antonym"
"Are you fine?","100020","Are you busy?","ChoicesJaEn"
"Are you sleepy?","100020","Are you busy?","ChoicesJaEn"
"Are you okay?","100020","Are you busy?","ChoicesJaEn"
"Are you ready?","100020","Are you busy?","ChoicesJaEn"
"Are you ready?","100020","Are you busy?","Listening"
"Are you happy?","100020","Are you busy?","Listening"
"Are you sleepy?","100020","Are you busy?","Listening"
"Are you hungry?","100020","Are you busy?","Listening"
"How old are you?","100021","When is your birthday?","ChoicesJaEn"
"What is the date today?","100021","When is your birthday?","ChoicesJaEn"
"What day is it today?","100021","When is your birthday?","ChoicesJaEn"
"What time is it now?","100021","When is your birthday?","ChoicesJaEn"
"Where is your notebook?","100021","When is your birthday?","Listening"
"What is your favorite day?","100021","When is your birthday?","Listening"
"When is your bus coming?","100021","When is your birthday?","Listening"
"What is your brother's name?","100021","When is your birthday?","Listening"
"What's your name?","100022","How are you doing?","ChoicesJaEn"
"How old are you?","100022","How are you doing?","ChoicesJaEn"
"Where do you live?","100022","How are you doing?","ChoicesJaEn"
"What time is it?","100022","How are you doing?","ChoicesJaEn"
"How are you feeling?","100022","How are you doing?","Listening"
"How have you been?","100022","How are you doing?","Listening"
"How are you today?","100022","How are you doing?","Listening"
"Where are you going?","100023","What are you doing?","ChoicesJaEn"
"What are you eating?","100023","What are you doing?","ChoicesJaEn"
"Who are you talking to?","100023","What are you doing?","ChoicesJaEn"
"When are you coming?","100023","What are you doing?","ChoicesJaEn"
"What are you reading?","100023","What are you doing?","Listening"
"What are you making?","100023","What are you doing?","Listening"
"Where are you going?","100023","What are you doing?","Listening"
"Why are you waiting?","100023","What are you doing?","Listening"
"What is your name?","100024","How are you?","ChoicesJaEn"
"Where do you live?","100024","How are you?","ChoicesJaEn"
"How old are you?","100024","How are you?","ChoicesJaEn"
"See you again.","100024","How are you?","ChoicesJaEn"
"Who are you?","100024","How are you?","Listening"
"How old are you?","100024","How are you?","Listening"
"How was your day?","100024","How are you?","Listening"
"Where are you?","100024","How are you?","Listening"
"How old are you?","100025","Where are you from?","ChoicesJaEn"
"Where are you going?","100025","Where are you from?","ChoicesJaEn"
"Where do you live?","100025","Where are you from?","Listening"
"Where are you going?","100025","Where are you from?","Listening"
"How are you today?","100025","Where are you from?","Listening"
"What time do you go to school?","100026","How do you go to school?","ChoicesJaEn"
"Who do you go to school with?","100026","How do you go to school?","ChoicesJaEn"
"Where is your school?","100026","How do you go to school?","ChoicesJaEn"
"Do you like school?","100026","How do you go to school?","ChoicesJaEn"
"How do you get to school?","100026","How do you go to school?","Listening"
"When do you go to school?","100026","How do you go to school?","Listening"
"Where do you go after school?","100026","How do you go to school?","Listening"
"Why do you go to school?","100026","How do you go to school?","Listening"
"What day is it today?","100027","How is the weather today?","ChoicesJaEn"
"It is hot today.","100027","How is the weather today?","ChoicesJaEn"
"It will be sunny tomorrow.","100027","How is the weather today?","ChoicesJaEn"
"It was rainy yesterday.","100027","How is the weather today?","ChoicesJaEn"
"How was the weather yesterday?","100027","How is the weather today?","Listening"
"How is the weather there?","100027","How is the weather today?","Listening"
"What day is it today?","100027","How is the weather today?","Listening"
"Is it sunny today?","100027","How is the weather today?","Listening"
"What's the weather like today?","100027","How is the weather today?","Synonym"
"Really?","100028","How about you?","ChoicesJaEn"
"Please say it again.","100028","How about you?","ChoicesJaEn"
"Be careful.","100028","How about you?","ChoicesJaEn"
"What about you?","100028","How about you?","Listening"
"How old are you?","100028","How about you?","Listening"
"Who are you?","100028","How about you?","Listening"
"What about you?","100028","How about you?","Synonym"
"Can you wait for me?","100029","Can you help me?","ChoicesJaEn"
"Can you come here?","100029","Can you help me?","ChoicesJaEn"
"Can you show me?","100029","Can you help me?","ChoicesJaEn"
"Can you call me?","100029","Can you help me?","ChoicesJaEn"
"Can you tell me?","100029","Can you help me?","Listening"
"Can you join me?","100029","Can you help me?","Listening"
"Can you hear me?","100029","Can you help me?","Listening"
"Can you save me?","100029","Can you help me?","Listening"
"Please help me.","100029","Can you help me?","Synonym"
"Are you happy?","100030","Are you all right?","ChoicesJaEn"
"Are you ready?","100030","Are you all right?","ChoicesJaEn"
"Where are you?","100030","Are you all right?","ChoicesJaEn"
"Are you awake?","100030","Are you all right?","Listening"
"Are you okay?","100030","Are you all right?","Listening"
"Are you alone?","100030","Are you all right?","Listening"
"Are you ready?","100030","Are you all right?","Listening"
"Are you okay?","100030","Are you all right?","Synonym"
"went","100036","when","Listening"
"wish","100037","which","Listening"
"wine","100038","why","Listening"
"inside","100041","here","ChoicesJaEn"
"truck","100042","car","ChoicesJaEn"
"bride","100043","bread","Listening"
"pudding","100044","pie","ChoicesJaEn"
"pine","100044","pie","Listening"
"pipe","100044","pie","Listening"
"tie","100044","pie","Listening"
"handball","100046","baseball","Listening"
"his","100052","my","ChoicesJaEn"
"her","100052","my","ChoicesJaEn"
"his","100053","your","ChoicesJaEn"
"her","100053","your","ChoicesJaEn"
"yours","100053","your","Listening"
"in front of","100054","under","ChoicesJaEn"
"inside","100054","under","Listening"
"wolf","100055","bear","ChoicesJaEn"
"deer","100055","bear","ChoicesJaEn"
"pear","100055","bear","Listening"
"sixty","100059","city","Listening"
"lip","100060","tooth","ChoicesJaEn"
"jaw","100060","tooth","ChoicesJaEn"
"gum","100060","tooth","ChoicesJaEn"
"cocoa","100061","cola","Listening"
"comma","100061","cola","Listening"
"kite","100062","sky","Listening"
"spy","100062","sky","Listening"
"arm","100063","foot","ChoicesJaEn"
"toe","100063","foot","ChoicesJaEn"
"arm","100066","hand","ChoicesJaEn"
"arm","100067","eye","Listening"
"note","100068","nose","Listening"
"net","100068","nose","Listening"
"nephew","100072","uncle","ChoicesJaEn"
"niece","100072","uncle","ChoicesJaEn"
"ankle","100072","uncle","Listening"
"jungle","100072","uncle","Listening"
"hut","100073","house","Listening"
"blink","100075","bring","Listening"
"brick","100075","bring","Listening"
"teacup","100076","T-shirt","Listening"
"text","100077","test","Listening"
"niece","100078","cousin","ChoicesJaEn"
"nephew","100078","cousin","ChoicesJaEn"
"cushion","100078","cousin","Listening"
"bracelet","100080","ring","ChoicesJaEn"
"order","100081","orange","Listening"
"open","100081","orange","Listening"
"wish","100082","wash","Listening"
"make dirty","100082","wash","Antonym"
"hot water","100084","water","ChoicesJaEn"
"led","100088","red","Listening"
"gray","100089","green","Listening"
"brick","100090","black","Listening"
"open","100094","come in","ChoicesJaEn"
"go in","100094","come in","Listening"
"enter","100094","come in","Synonym"
"met","100095","meet","Listening"
"mint","100095","meet","Listening"
"note","100097","north","Listening"
"books","100099","box","Listening"
"inexpensive","100100","cheap","Synonym"
"costly","100101","expensive","Synonym"
"Korea","100102","Japan","ChoicesJaEn"
"net","100103","wet","Listening"
"coconut","100105","chocolate","Listening"
"crystal","100112","Christmas","Listening"
"crossing","100112","Christmas","Listening"
"shorts","100114","jeans","ChoicesJaEn"
"denim pants","100114","jeans","Synonym"
"went","100115","want","Listening"
"would like","100115","want","Synonym"
"slice","100119","cut","Synonym"
"promise","100121","practice","Listening"
"protect","100121","practice","Listening"
"open","100122","pull","ChoicesJaEn"
"open","100122","pull","Listening"
"mat","100123","map","Listening"
"mop","100123","map","Listening"
"sponge","100124","towel","ChoicesJaEn"
"heat","100127","light","ChoicesJaEn"
"go on","100130","come on","Listening"
"hold on","100130","come on","Listening"
"noon","100132","evening","ChoicesJaEn"
"eating","100132","evening","Listening"
"okay","100137","o'clock","Listening"
"gloves","100138","glasses","ChoicesJaEn"
"classes","100138","glasses","Listening"
"goat","100139","cow","ChoicesJaEn"
"crow","100139","cow","Listening"
"goat","100140","pig","ChoicesJaEn"
"goat","100141","sheep","ChoicesJaEn"
"sheet","100141","sheep","Listening"
"goat","100141","sheep","Listening"
"brothers","100143","parents","ChoicesJaEn"
"relatives","100143","parents","ChoicesJaEn"
"parrots","100143","parents","Listening"
"presents","100143","parents","Listening"
"patterns","100143","parents","Listening"
"mom","100144","dad","ChoicesJaEn"
"did","100144","dad","Listening"
"mom","100144","dad","Listening"
"said","100148","sad","Listening"
"sat","100148","sad","Listening"
"mom","100150","mother","Synonym"
"mum","100150","mother","Synonym"
"made","100152","May","Listening"
"moving","100153","movie","Listening"
"muffin","100153","movie","Listening"
"nice to see you","100155","nice to meet you","Listening"
"see you later","100155","nice to meet you","Listening"
"pleased to meet you","100155","nice to meet you","Synonym"
"tray","100158","plate","ChoicesJaEn"
"mint","100159","meat","Listening"
"liver","100160","river","Listening"
"rider","100160","river","Listening"
"ribbon","100160","river","Listening"
"cone","100161","corn","Listening"
"able","100163","April","Listening"
"doughnut","100164","donut","Synonym"
"arm","100165","face","ChoicesJaEn"
"ice skate","100166","ice cream","Listening"
"fog","100167","snow","ChoicesJaEn"
"forty","100169","party","Listening"
"want to","100172","will","ChoicesJaEn"
"past","100174","present","ChoicesJaEn"
"past","100174","present","Listening"
"past","100174","present","Antonym"
"held","100176","help","Listening"
"shell","100177","sell","Listening"
"reach","100178","teach","Listening"
"invite","100181","visit","ChoicesJaEn"
"badly","100182","well","Listening"
"badly","100182","well","Antonym"
"relatives","100187","grandparents","ChoicesJaEn"
"brothers","100187","grandparents","ChoicesJaEn"
"crab","100190","club","Listening"
"teen","100193","team","Listening"
"beard","100194","hair","ChoicesJaEn"
"hail","100194","hair","Listening"
"forty","100196","fifty","ChoicesJaEn"
"sixty","100196","fifty","ChoicesJaEn"
"seventy","100196","fifty","ChoicesJaEn"
"sixty","100196","fifty","Listening"
"sock","100197","glove","ChoicesJaEn"
"shoe","100197","glove","ChoicesJaEn"
"globe","100197","glove","Listening"
"glow","100197","glove","Listening"
"anger","100199","smile","ChoicesJaEn"
"frown","100199","smile","Antonym"
"take off","100202","wear","ChoicesJaEn"
"have on","100202","wear","Synonym"
"take off","100202","wear","Antonym"
"have fun","100204","play","Synonym"
"dizzy","100206","busy","Listening"
"shoe","100207","hat","ChoicesJaEn"
"hut","100207","hat","Listening"
"shoe","100207","hat","Listening"
"gloves","100209","coat","ChoicesJaEn"
"hey","100210","hi","Listening"
"verse","100211","nurse","Listening"
"freezing","100213","hot","ChoicesJaEn"
"hut","100213","hot","Listening"
"fountain","100215","mountain","Listening"
"chest","100217","neck","ChoicesJaEn"
"net","100217","neck","Listening"
"chest","100217","neck","Listening"
"salty","100220","spicy","ChoicesJaEn"
"spacey","100220","spicy","Listening"
"spiky","100220","spicy","Listening"
"pitcher","100221","picture","Listening"
"readily","100222","really","Listening"
"am","100224","an","Listening"
"chess","100225","check","Listening"
"before","100227","in","ChoicesJaEn"
"before","100227","in","Listening"
"inside","100227","in","Synonym"
"toil","100230","toy","Listening"
"euro","100231","yen","ChoicesJaEn"
"pound","100231","yen","ChoicesJaEn"
"euro","100231","yen","Listening"
"elbow","100232","knee","ChoicesJaEn"
"ankle","100232","knee","ChoicesJaEn"
"elbow","100232","knee","Listening"
"truck","100233","trip","Listening"
"peanut","100234","piano","Listening"
"golden","100237","garden","Listening"
"Portuguese","100238","Japanese","Listening"
"anguish","100239","English","Listening"
"a lot of","100240","much","Synonym"
"Korea","100241","China","ChoicesJaEn"
"shiny","100241","China","Listening"
"Korea","100241","China","Listening"
"none","100242","many","ChoicesJaEn"
"a lot of","100242","many","Synonym"
"truck","100243","bus","ChoicesJaEn"
"boss","100243","bus","Listening"
"beg","100244","big","Listening"
"plants","100248","pants","Listening"
"points","100248","pants","Listening"
"salty","100249","sour","ChoicesJaEn"
"millimeter","100250","centimeter","ChoicesJaEn"
"mile","100251","kilometer","ChoicesJaEn"
"millimeter","100251","kilometer","ChoicesJaEn"
"let A see B","100252","show","Synonym"
"arm","100255","leg","ChoicesJaEn"
"led","100255","leg","Listening"
"arm","100255","leg","Listening"
"order","100257","menu","ChoicesJaEn"
"price list","100257","menu","ChoicesJaEn"
"order","100257","menu","Listening"
"lizard","100261","snake","ChoicesJaEn"
"frog","100261","snake","ChoicesJaEn"
"crocodile","100261","snake","ChoicesJaEn"
"turtle","100261","snake","ChoicesJaEn"
"lizard","100261","snake","Listening"
"frog","100261","snake","Listening"
"look at","100264","watch","Synonym"
"seventy","100269","seven","Listening"
"commuter","100270","computer","Listening"
"composer","100270","computer","Listening"
"ankle","100271","angry","Listening"
"mad","100271","angry","Synonym"
"make food","100273","cook","Synonym"
"sock","100276","son","Listening"
"open","100280","often","Listening"
"tie","100282","time","Listening"
"hanger","100283","hamburger","Listening"
"shoe","100284","key","ChoicesJaEn"
"p.m.","100289","a.m.","ChoicesJaEn"
"noon","100289","a.m.","ChoicesJaEn"
"p.m.","100289","a.m.","Listening"
"p.m.","100289","a.m.","Antonym"
"grasshopper","100291","grandmother","Listening"
"grandma","100291","grandmother","Synonym"
"flag","100294","fly","Listening"
"swinging","100295","swimming","Listening"
"skimming","100295","swimming","Listening"
"singing","100295","swimming","Listening"
"sleeping","100295","swimming","Listening"
"enter","100299","come","ChoicesJaEn"
"violet","100301","video","Listening"
"county","100304","country","Listening"
"bee","100305","by","Listening"
"timed","100309","tired","Listening"
"won't","100310","don't","Listening"
"wants","100311","doesn't","ChoicesJaEn"
"does","100311","doesn't","ChoicesJaEn"
"wasn't","100311","doesn't","Listening"
"cheerful","100313","kind","ChoicesJaEn"
"kite","100313","kind","Listening"
"Korea","100320","Canada","ChoicesJaEn"
"far from","100325","near","ChoicesJaEn"
"far from","100325","near","Listening"
"close to ~","100325","near","Synonym"
"lukewarm","100329","warm","ChoicesJaEn"
"noon","100331","new","Listening"
"open","100332","off","ChoicesJaEn"
"closed","100332","off","ChoicesJaEn"
"open","100332","off","Listening"
"hen","100335","ten","Listening"
"Hello.","100336","Can I help you?","ChoicesJaEn"
"Thank you.","100336","Can I help you?","ChoicesJaEn"
"Goodbye.","100336","Can I help you?","ChoicesJaEn"
"Good night.","100336","Can I help you?","ChoicesJaEn"
"May I help you?","100336","Can I help you?","Listening"
"Hello.","100336","Can I help you?","Listening"
"Thank you.","100336","Can I help you?","Listening"
"forty","100339","four","Listening"
"parrot","100343","carrot","Listening"
"cabin","100343","carrot","Listening"
"arm","100345","art","Listening"
"arch","100345","art","Listening"
"picket","100348","ticket","Listening"
"note","100349","notebook","Listening"
"arm","100350","finger","ChoicesJaEn"
"arm","100350","finger","Listening"
"open","100353","buy","ChoicesJaEn"
"driven","100356","driver","Listening"
"painter","100357","player","ChoicesJaEn"
"we","100358","you","ChoicesJaEn"
"painter","100359","singer","ChoicesJaEn"
"stupid","100360","student","Listening"
"pupil","100360","student","Synonym"
"teacup","100361","teacher","Listening"
"dock","100363","dog","Listening"
"hostel","100367","hospital","Listening"
"open","100369","put","ChoicesJaEn"
"open","100369","put","Listening"
"restroom","100372","restaurant","Listening"
"hostel","100375","hotel","Listening"
"librarian","100376","library","Listening"
"vest","100377","vegetable","Listening"
"promise","100379","game","ChoicesJaEn"
"gave","100379","game","Listening"
"those","100380","these","ChoicesJaEn"
"we","100380","these","ChoicesJaEn"
"those","100380","these","Listening"
"we","100380","these","Listening"
"we","100381","they","ChoicesJaEn"
"we","100381","they","Listening"
"excuse us","100382","excuse me","Listening"
"excuse him","100382","excuse me","Listening"
"open","100385","push","ChoicesJaEn"
"open","100385","push","Listening"
"is","100386","it","Listening"
"open","100391","use","ChoicesJaEn"
"mask","100392","ask","Listening"
"Dennis","100393","tennis","Listening"
"tray","100394","train","Listening"
"before","100396","from ... to ...","ChoicesJaEn"
"after","100396","from ... to ...","ChoicesJaEn"
"frog","100396","from ... to ...","Listening"
"before","100396","from ... to ...","Listening"
"after","100396","from ... to ...","Listening"
"candle","100397","color","Listening"
"pear","100398","apple","ChoicesJaEn"
"golden","100400","Korean","Listening"
"after","100402","answer","Listening"
"anger","100402","answer","Listening"
"slip","100403","sleep","Listening"
"saw","100405","so","Listening"
"kitten","100410","kitchen","Listening"
"pottery","100412","potato","Listening"
"pita","100414","pizza","Listening"
"walking","100416","jogging","ChoicesJaEn"
"jumping","100416","jogging","Listening"
"walking","100416","jogging","Listening"
"hot dish","100418","hot dog","Listening"
"hat dog","100418","hot dog","Listening"
"rainy season","100420","spring","ChoicesJaEn"
"share","100421","chair","Listening"
"cheer","100421","chair","Listening"
"wink","100424","week","Listening"
"blight","100426","bright","Listening"
"bride","100426","bright","Listening"
"shrimp","100427","shrine","Listening"
"he's","100431","it's","ChoicesJaEn"
"I'm","100431","it's","ChoicesJaEn"
"is","100431","it's","Listening"
"he's","100432","she's","ChoicesJaEn"
"I'm","100432","she's","ChoicesJaEn"
"he's","100432","she's","Listening"
"I'm","100432","she's","Listening"
"this is","100433","that's","ChoicesJaEn"
"that is","100433","that's","ChoicesJaEn"
"I'm","100433","that's","ChoicesJaEn"
"this is","100433","that's","Listening"
"that is","100433","that's","Listening"
"I'm","100434","you're","ChoicesJaEn"
"he's","100434","you're","ChoicesJaEn"
"we're","100434","you're","ChoicesJaEn"
"yours","100434","you're","Listening"
"open","100435","close","ChoicesJaEn"
"open","100435","close","Listening"
"open","100435","close","Antonym"
"mind","100444","minute","Listening"
"mint","100444","minute","Listening"
"good light","100445","good night","Listening"
"good right","100445","good night","Listening"
"seeing","100447","skiing","Listening"
"shot","100449","short","Listening"
"cooking","100452","cookie","Listening"
"biscuit","100452","cookie","Synonym"
"magic","100454","music","Listening"
"noon","100463","morning","ChoicesJaEn"
"noon","100463","morning","Listening"
"frog","100465","from","Listening"
"open","100467","wait","ChoicesJaEn"
"stars","100468","stairs","Listening"
"stores","100468","stairs","Listening"
"wolf","100471","tiger","ChoicesJaEn"
"timer","100471","tiger","Listening"
"open","100473","hate","ChoicesJaEn"
"mathematics","100475","math","Synonym"
"salty","100478","sweet","ChoicesJaEn"
"How much is that one?","100479","How about this one?","ChoicesJaEn"
"Where is it?","100479","How about this one?","ChoicesJaEn"
"Whose is this?","100479","How about this one?","ChoicesJaEn"
"How about that one?","100479","How about this one?","Listening"
"What about this one?","100479","How about this one?","Listening"
"How much is that one?","100479","How about this one?","Listening"
"Where is it?","100479","How about this one?","Listening"
"cube","100484","cute","Listening"
"frog","100486","fruit","Listening"
"candle","100487","candy","Listening"
"disk","100489","desk","Listening"
"dusk","100489","desk","Listening"
"campus","100490","camera","Listening"
"play with ~","100491","talk with ~","ChoicesJaEn"
"know ~","100491","talk with ~","ChoicesJaEn"
"help ~","100491","talk with ~","ChoicesJaEn"
"walk with ~","100491","talk with ~","Listening"
"work with ~","100491","talk with ~","Listening"
"play with ~","100491","talk with ~","Listening"
"green tea","100493","milk tea","ChoicesJaEn"
"green tea","100493","milk tea","Listening"
"milky","100493","milk tea","Listening"
"lemon","100496","eleven","Listening"
"hundreds","100499","hundred","Listening"
"thank you for your call","100501","thank you for your letter","ChoicesJaEn"
"thank you for your present","100501","thank you for your letter","ChoicesJaEn"
"thank you for your email","100501","thank you for your letter","ChoicesJaEn"
"thank you for your picture","100501","thank you for your letter","ChoicesJaEn"
"thank you for your better","100501","thank you for your letter","Listening"
"thank you for your later","100501","thank you for your letter","Listening"
"thank you for your call","100501","thank you for your letter","Listening"
"thank you for your present","100501","thank you for your letter","Listening"
"forty","100504","thirty","ChoicesJaEn"
"forty","100504","thirty","Listening"
"noon","100505","afternoon","ChoicesJaEn"
"after","100505","afternoon","Listening"
"noon","100506","night","ChoicesJaEn"
"Mr.","100507","Ms.","ChoicesJaEn"
"Dr.","100507","Ms.","ChoicesJaEn"
"sir","100507","Ms.","ChoicesJaEn"
"Mr.","100507","Ms.","Listening"
"berry","100508","very","Listening"
"ferry","100508","very","Listening"
"vest","100508","very","Listening"
"onto","100509","into","ChoicesJaEn"
"before","100509","into","ChoicesJaEn"
"inside","100509","into","Listening"
"before","100509","into","Listening"
"out of","100509","into","Antonym"
"wish","100510","with","Listening"
"together with","100510","with","Synonym"
"without","100510","with","Antonym"
"pan","100511","pen","Listening"
"pin","100511","pen","Listening"
"spool","100514","spoon","Listening"
"sheet","100516","shirt","Listening"
"before","100518","on","ChoicesJaEn"
"before","100520","about","ChoicesJaEn"
"after","100520","about","ChoicesJaEn"
"before","100520","about","Listening"
"through","100521","throw","Listening"
"twenty-one","100526","twenty","Listening"
"pound","100530","dollar","ChoicesJaEn"
"euro","100530","dollar","ChoicesJaEn"
"pound","100530","dollar","Listening"
"England","100531","America","ChoicesJaEn"
"Africa","100531","America","Listening"
"England","100531","America","Listening"
"gray","100536","great","Listening"
"flag","100538","floor","Listening"
"jumper","100539","sweater","Synonym"
"rake","100543","lake","Listening"
"gloves","100545","socks","ChoicesJaEn"
"sock","100545","socks","Listening"
"shows","100546","shoes","Listening"
"smoky","100548","snowy","Listening"
"clown","100550","cloud","Listening"
"sock","100551","salt","Listening"
"good book","100552","good luck","Listening"
"good job","100552","good luck","Listening"
"be careful","100553","have a nice day","ChoicesJaEn"
"have a good day","100553","have a nice day","Listening"
"have a big day","100553","have a nice day","Listening"
"have a good day","100553","have a nice day","Synonym"
"take care","100554","have a nice weekend","ChoicesJaEn"
"have a good weekend","100554","have a nice weekend","Listening"
"get up early","100555","have a good night's sleep","ChoicesJaEn"
"eat breakfast","100555","have a good night's sleep","ChoicesJaEn"
"have a good day","100555","have a good night's sleep","Listening"
"have a nice trip","100555","have a good night's sleep","Listening"
"get up early","100555","have a good night's sleep","Listening"
"eat breakfast","100555","have a good night's sleep","Listening"
"lot","100557","not","Listening"
"hard work","100558","homework","Listening"
"bandana","100559","banana","Listening"
"curl","100561","girl","Listening"
"gloves","100566","cap","ChoicesJaEn"
"sat","100568","sit","Listening"
"computer store","200001","convenience store","Listening"
"corner store","200001","convenience store","Listening"
"candy store","200001","convenience store","Listening"
"coming","200002","comic","Listening"
"comet","200002","comic","Listening"
"all of ~","200003","a lot of ~","ChoicesJaEn"
"half of ~","200003","a lot of ~","ChoicesJaEn"
"one of ~","200003","a lot of ~","ChoicesJaEn"
"a little ~","200003","a lot of ~","Listening"
"all of ~","200003","a lot of ~","Listening"
"one of ~","200003","a lot of ~","Listening"
"hammer","200005","number","Listening"
"straw","200007","story","Listening"
"lily","200008","rose","ChoicesJaEn"
"studying","200010","shopping","ChoicesJaEn"
"cooking","200010","shopping","ChoicesJaEn"
"walking","200010","shopping","ChoicesJaEn"
"stopping","200010","shopping","Listening"
"shocking","200010","shopping","Listening"
"showing","200010","shopping","Listening"
"buying","200010","shopping","Synonym"
"running","200011","cycling","ChoicesJaEn"
"dancing","200011","cycling","ChoicesJaEn"
"cooking","200011","cycling","Listening"
"biking","200011","cycling","Synonym"
"as well","200012","also","Synonym"
"would","200013","should","Listening"
"showed","200013","should","Listening"
"ought to","200013","should","Synonym"
"them","200014","then","Listening"
"once a day","200016","once again","Listening"
"all again","200016","once again","Listening"
"come again","200016","once again","Listening"
"one game","200016","once again","Listening"
"yours","200017","years old","Listening"
"airmail","200019","airplane","Listening"
"aloud","200020","around","Listening"
"painter","200022","panda","Listening"
"pan","200022","panda","Listening"
"Thank you for your help.","200025","Sorry I'm late.","ChoicesJaEn"
"Nice to meet you.","200025","Sorry I'm late.","ChoicesJaEn"
"See you again.","200025","Sorry I'm late.","ChoicesJaEn"
"Take care.","200025","Sorry I'm late.","ChoicesJaEn"
"Sorry I'm tired.","200025","Sorry I'm late.","Listening"
"I am at home.","200025","Sorry I'm late.","Listening"
"Where are you going?","200027","What happened?","ChoicesJaEn"
"What time is it?","200027","What happened?","ChoicesJaEn"
"What time is it?","200027","What happened?","Listening"
"What color is it?","200027","What happened?","Listening"
"What do you want?","200027","What happened?","Listening"
"What is your name?","200028","How are you?","ChoicesJaEn"
"What time is it?","200028","How are you?","ChoicesJaEn"
"How old are you?","200028","How are you?","Listening"
"Who are you?","200028","How are you?","Listening"
"Where are you?","200028","How are you?","Listening"
"Where do you live?","200029","What are you looking for?","ChoicesJaEn"
"What time do you get up?","200029","What are you looking for?","ChoicesJaEn"
"What are you waiting for?","200029","What are you looking for?","Listening"
"What are you doing now?","200029","What are you looking for?","Listening"
"What are you talking about?","200029","What are you looking for?","Listening"
"What are you reading?","200029","What are you looking for?","Listening"
"What do you want?","200030","What's the problem?","ChoicesJaEn"
"Where are you going?","200030","What's the problem?","ChoicesJaEn"
"What time is it?","200030","What's the problem?","ChoicesJaEn"
"What's the matter?","200030","What's the problem?","Listening"
"What's your name?","200030","What's the problem?","Listening"
"What color is it?","200030","What's the problem?","Listening"
"Where's the station?","200030","What's the problem?","Listening"
"What's the matter?","200030","What's the problem?","Synonym"
"What's your name?","200031","How is everything?","ChoicesJaEn"
"How much is it?","200031","How is everything?","ChoicesJaEn"
"Where do you live?","200031","How is everything?","ChoicesJaEn"
"How is your father?","200031","How is everything?","Listening"
"How are you today?","200031","How is everything?","Listening"
"Where is my notebook?","200031","How is everything?","Listening"
"What is your favorite color?","200031","How is everything?","Listening"
"How are things?","200031","How is everything?","Synonym"
"What color do you like?","200032","What size do you want?","ChoicesJaEn"
"How much will you pay?","200032","What size do you want?","ChoicesJaEn"
"Which one is yours?","200032","What size do you want?","ChoicesJaEn"
"What time will you go?","200032","What size do you want?","ChoicesJaEn"
"What kind do you want?","200032","What size do you want?","Listening"
"What time do you have?","200032","What size do you want?","Listening"
"Which bag do you want?","200032","What size do you want?","Listening"
"What song do you like?","200032","What size do you want?","Listening"
"Where are you?","200033","What's wrong?","ChoicesJaEn"
"What time is it?","200033","What's wrong?","ChoicesJaEn"
"Are you ready?","200033","What's wrong?","ChoicesJaEn"
"What's this?","200033","What's wrong?","Listening"
"What's that?","200033","What's wrong?","Listening"
"What's up?","200033","What's wrong?","Listening"
"What's new?","200033","What's wrong?","Listening"
"What's the matter?","200033","What's wrong?","Synonym"
"Is it cold outside?","200034","Is it raining outside?","ChoicesJaEn"
"Is it dark outside?","200034","Is it raining outside?","ChoicesJaEn"
"Is it quiet outside?","200034","Is it raining outside?","ChoicesJaEn"
"Is it sunny outside?","200034","Is it raining outside?","ChoicesJaEn"
"Is it windy outside?","200034","Is it raining outside?","Listening"
"Is it snowing outside?","200034","Is it raining outside?","Listening"
"Is it sunny outside?","200034","Is it raining outside?","Listening"
"Is it cloudy outside?","200034","Is it raining outside?","Listening"
"Can you come now?","200035","Can you talk now?","ChoicesJaEn"
"Can you see now?","200035","Can you talk now?","ChoicesJaEn"
"Can you go now?","200035","Can you talk now?","ChoicesJaEn"
"Can you hear now?","200035","Can you talk now?","ChoicesJaEn"
"Can you walk now?","200035","Can you talk now?","Listening"
"Can you work now?","200035","Can you talk now?","Listening"
"Can you wait now?","200035","Can you talk now?","Listening"
"Can you call now?","200035","Can you talk now?","Listening"
"Will you come with me?","200036","Will you help me?","ChoicesJaEn"
"Will you wait for me?","200036","Will you help me?","ChoicesJaEn"
"Will you show me?","200036","Will you help me?","ChoicesJaEn"
"Will you tell me?","200036","Will you help me?","ChoicesJaEn"
"Will you tell me?","200036","Will you help me?","Listening"
"Will you wait for me?","200036","Will you help me?","Listening"
"Will you come with me?","200036","Will you help me?","Listening"
"Will you look at me?","200036","Will you help me?","Listening"
"Where is the station?","200037","Do you know the way to the station?","ChoicesJaEn"
"Is the station near here?","200037","Do you know the way to the station?","ChoicesJaEn"
"Can I walk to the station?","200037","Do you know the way to the station?","ChoicesJaEn"
"Are you going to the station?","200037","Do you know the way to the station?","ChoicesJaEn"
"Do you know the way to the school?","200037","Do you know the way to the station?","Listening"
"Do you know the name of the station?","200037","Do you know the way to the station?","Listening"
"Can you show me the station?","200037","Do you know the way to the station?","Listening"
"Are you going to the station?","200037","Do you know the way to the station?","Listening"
"Is this station new?","200038","Where is the nearest station?","ChoicesJaEn"
"How many minutes to the station?","200038","Where is the nearest station?","ChoicesJaEn"
"I want to go to the station.","200038","Where is the nearest station?","ChoicesJaEn"
"Where is the nearest bus stop?","200038","Where is the nearest station?","Listening"
"Where is the station now?","200038","Where is the nearest station?","Listening"
"Where is your station?","200038","Where is the nearest station?","Listening"
"Where is the big station?","200038","Where is the nearest station?","Listening"
"How much is this?","200039","How can I get there?","ChoicesJaEn"
"What time is it?","200039","How can I get there?","ChoicesJaEn"
"Where is the station?","200039","How can I get there?","ChoicesJaEn"
"How can I go now?","200039","How can I get there?","Listening"
"How do I get home?","200039","How can I get there?","Listening"
"Where can I get off?","200039","How can I get there?","Listening"
"When can I get there?","200039","How can I get there?","Listening"
"Maybe.","200040","Why not?","ChoicesJaEn"
"No way.","200040","Why not?","ChoicesJaEn"
"I don't know.","200040","Why not?","ChoicesJaEn"
"Hurry up.","200040","Why not?","ChoicesJaEn"
"What now?","200040","Why not?","Listening"
"Why me?","200040","Why not?","Listening"
"Try it.","200040","Why not?","Listening"
"Wait up.","200040","Why not?","Listening"
"What is this?","200041","Anything else?","ChoicesJaEn"
"Which do you like?","200041","Anything else?","ChoicesJaEn"
"When will you go?","200041","Anything else?","ChoicesJaEn"
"Who will come?","200041","Anything else?","ChoicesJaEn"
"Anyone home?","200041","Anything else?","Listening"
"Something new?","200041","Anything else?","Listening"
"Anything wrong?","200041","Anything else?","Listening"
"Nothing much?","200041","Anything else?","Listening"
"When shall we leave?","200042","Where shall we meet?","ChoicesJaEn"
"Who shall we go with?","200042","Where shall we meet?","ChoicesJaEn"
"What shall we eat?","200042","Where shall we meet?","ChoicesJaEn"
"How shall we go home?","200042","Where shall we meet?","ChoicesJaEn"
"When shall we leave?","200042","Where shall we meet?","Listening"
"Where can we eat?","200042","Where shall we meet?","Listening"
"Why shall we wait?","200042","Where shall we meet?","Listening"
"What shall we need?","200042","Where shall we meet?","Listening"
"Can I have the bill?","200043","Are you ready to order?","ChoicesJaEn"
"May I have some water?","200043","Are you ready to order?","ChoicesJaEn"
"Is this seat free?","200043","Are you ready to order?","ChoicesJaEn"
"How many people?","200043","Are you ready to order?","ChoicesJaEn"
"Are you ready to go?","200043","Are you ready to order?","Listening"
"Do you want some water?","200043","Are you ready to order?","Listening"
"Would you like to order?","200043","Are you ready to order?","Listening"
"Are you going to school?","200043","Are you ready to order?","Listening"
"choose ~","200044","help with ~","ChoicesJaEn"
"carry ~","200044","help with ~","ChoicesJaEn"
"collect ~","200044","help with ~","ChoicesJaEn"
"check ~","200044","help with ~","ChoicesJaEn"
"help me ~","200044","help with ~","Listening"
"work with ~","200044","help with ~","Listening"
"play with ~","200044","help with ~","Listening"
"assist with","200044","help with ~","Synonym"
"at the store","200047","at school","ChoicesJaEn"
"at the store","200047","at school","Listening"
"at the park","200047","at school","Listening"
"weekly","200049","sometime","ChoicesJaEn"
"inside","200050","over there","ChoicesJaEn"
"over here","200050","over there","Listening"
"near the door","200050","over there","Listening"
"under the table","200050","over there","Listening"
"by the window","200050","over there","Listening"
"these days","200051","in those days","Listening"
"on that day","200051","in those days","Listening"
"at that time","200051","in those days","Listening"
"in front of","200052","behind","ChoicesJaEn"
"beside","200052","behind","Listening"
"between","200052","behind","Listening"
"before","200052","behind","Listening"
"in front of","200052","behind","Antonym"
"right here","200053","right now","Listening"
"light now","200053","right now","Listening"
"write down","200053","right now","Listening"
"night owl","200053","right now","Listening"
"at the park","200055","at home","ChoicesJaEn"
"at the store","200055","at home","ChoicesJaEn"
"at noon","200055","at home","Listening"
"in the house","200055","at home","Synonym"
"shoe","200056","backpack","ChoicesJaEn"
"bathtub","200056","backpack","Listening"
"handbag","200056","backpack","Listening"
"rucksack","200056","backpack","Synonym"
"ice wall","200057","rice ball","Listening"
"right ball","200057","rice ball","Listening"
"nice doll","200057","rice ball","Listening"
"rice bowl","200057","rice ball","Listening"
"onigiri","200057","rice ball","Synonym"
"wish","200058","win","Listening"
"live in","200059","come from","ChoicesJaEn"
"go to","200059","come from","ChoicesJaEn"
"came from","200059","come from","Listening"
"go from","200059","come from","Listening"
"be from","200059","come from","Synonym"
"help ~","200062","make friends with ~","ChoicesJaEn"
"meet ~","200062","make friends with ~","ChoicesJaEn"
"know ~","200062","make friends with ~","ChoicesJaEn"
"make plans with ~","200062","make friends with ~","Listening"
"play games with ~","200062","make friends with ~","Listening"
"go shopping with ~","200062","make friends with ~","Listening"
"have a fever","200063","catch a cold","ChoicesJaEn"
"take medicine","200063","catch a cold","ChoicesJaEn"
"catch a ball","200063","catch a cold","Listening"
"get a cold","200063","catch a cold","Listening"
"catch a bus","200063","catch a cold","Listening"
"restroom","200064","bedroom","Listening"
"keep doing","200066","start to do","ChoicesJaEn"
"forget to do","200066","start to do","ChoicesJaEn"
"start the day","200066","start to do","Listening"
"try to do","200066","start to do","Listening"
"begin to do","200066","start to do","Synonym"
"keep doing","200067","start doing","ChoicesJaEn"
"keep doing","200067","start doing","Listening"
"start going","200067","start doing","Listening"
"begin doing","200067","start doing","Synonym"
"vanilla","200068","gorilla","Listening"
"goat","200069","gate","Listening"
"octopus","200070","shark","ChoicesJaEn"
"crab","200070","shark","ChoicesJaEn"
"sock","200070","shark","Listening"
"grocery store","200071","supermarket","Synonym"
"candle","200073","castle","Listening"
"pigeon","200076","duck","ChoicesJaEn"
"dock","200076","duck","Listening"
"eagle","200077","penguin","ChoicesJaEn"
"swan","200077","penguin","ChoicesJaEn"
"backyard","200079","blackboard","Listening"
"bookmark","200079","blackboard","Listening"
"muzzle","200080","muscle","Listening"
"mustard","200080","muscle","Listening"
"dairy","200081","diary","Listening"
"diaper","200081","diary","Listening"
"diamond","200081","diary","Listening"
"either A or B","200082","both A and B","ChoicesJaEn"
"A before B","200082","both A and B","ChoicesJaEn"
"A after B","200082","both A and B","ChoicesJaEn"
"either A or B","200082","both A and B","Listening"
"A or B","200082","both A and B","Listening"
"A and B","200082","both A and B","Listening"
"flash card","200083","trash can","Listening"
"glass case","200083","trash can","Listening"
"lunch bag","200083","trash can","Listening"
"garbage can","200083","trash can","Synonym"
"schoolbag","200084","lunch box","ChoicesJaEn"
"lunch bag","200084","lunch box","Listening"
"long box","200084","lunch box","Listening"
"lock box","200084","lunch box","Listening"
"lunch book","200084","lunch box","Listening"
"dreamer","200085","drawer","Listening"
"drama","200085","drawer","Listening"
"dragon","200085","drawer","Listening"
"bookshelf","200086","mailbox","ChoicesJaEn"
"mail bag","200086","mailbox","Listening"
"milk carton","200086","mailbox","Listening"
"main road","200086","mailbox","Listening"
"bucket","200087","trumpet","Listening"
"zero","200088","hero","Listening"
"blown","200090","brown","Listening"
"crown","200090","brown","Listening"
"toolbox","200091","toothbrush","Listening"
"tasty","200094","taxi","Listening"
"cab","200094","taxi","Synonym"
"postman","200095","postcard","Listening"
"yell","200096","yeah","Listening"
"cooking","200097","fishing","ChoicesJaEn"
"reading","200097","fishing","ChoicesJaEn"
"finishing","200097","fishing","Listening"
"facing","200097","fishing","Listening"
"washing","200097","fishing","Listening"
"teaching","200097","fishing","Listening"
"forget to do","200098","stop doing","ChoicesJaEn"
"can do","200098","stop doing","ChoicesJaEn"
"keep doing","200098","stop doing","Listening"
"stop talking","200098","stop doing","Listening"
"shop today","200098","stop doing","Listening"
"reckless","200099","necklace","Listening"
"napkin","200099","necklace","Listening"
"began","200101","become","Listening"
"before","200101","become","Listening"
"return to ~","200103","move to ~","ChoicesJaEn"
"stay in ~","200103","move to ~","ChoicesJaEn"
"visit ~","200103","move to ~","ChoicesJaEn"
"move back","200103","move to ~","Listening"
"return to ~","200103","move to ~","Listening"
"relocate to ~","200103","move to ~","Synonym"
"look for","200104","hunt","Synonym"
"sunflower","200105","cherry blossoms","ChoicesJaEn"
"cheery lessons","200105","cherry blossoms","Listening"
"shiny blossoms","200105","cherry blossoms","Listening"
"cherry branches","200105","cherry blossoms","Listening"
"early blossoms","200105","cherry blossoms","Listening"
"kit","200106","kid","Listening"
"Paris","200108","Chicago","ChoicesJaEn"
"Seoul","200108","Chicago","ChoicesJaEn"
"Toronto","200109","Vancouver","ChoicesJaEn"
"Sydney","200109","Vancouver","ChoicesJaEn"
"Paris","200109","Vancouver","ChoicesJaEn"
"Paris","200110","Rome","ChoicesJaEn"
"Seoul","200110","Rome","ChoicesJaEn"
"Sydney","200110","Rome","ChoicesJaEn"
"Paris","200111","London","ChoicesJaEn"
"Tokyo","200111","London","ChoicesJaEn"
"Seoul","200111","London","ChoicesJaEn"
"Beijing","200111","London","ChoicesJaEn"
"lemon","200111","London","Listening"
"lemon","200113","lesson","Listening"
"open","200114","brush","ChoicesJaEn"
"stupid","200115","smart","Antonym"
"wall clock","200116","alarm clock","ChoicesJaEn"
"clock shop","200116","alarm clock","ChoicesJaEn"
"around clock","200116","alarm clock","Listening"
"garden clock","200116","alarm clock","Listening"
"morning clock","200116","alarm clock","Listening"
"yellow clock","200116","alarm clock","Listening"
"open","200117","shut","ChoicesJaEn"
"shot","200117","shut","Listening"
"open","200117","shut","Listening"
"open","200117","shut","Antonym"
"inside","200118","near here","ChoicesJaEn"
"in front of the school","200118","near here","ChoicesJaEn"
"behind the station","200118","near here","ChoicesJaEn"
"around here","200118","near here","Synonym"
"open","200119","lock","ChoicesJaEn"
"knock","200119","lock","ChoicesJaEn"
"open","200119","lock","Listening"
"carton","200120","curtain","Listening"
"gloves","200121","costume","ChoicesJaEn"
"bananas","200122","pajamas","Listening"
"potatoes","200122","pajamas","Listening"
"sleepwear","200122","pajamas","Synonym"
"shoe","200123","glove","ChoicesJaEn"
"sock","200123","glove","ChoicesJaEn"
"globe","200123","glove","Listening"
"glow","200123","glove","Listening"
"drill","200124","dress","Listening"
"gloves","200126","raincoat","ChoicesJaEn"
"leave ~","200128","come to ~","ChoicesJaEn"
"visit ~","200128","come to ~","ChoicesJaEn"
"pass ~","200128","come to ~","ChoicesJaEn"
"return to ~","200128","come to ~","ChoicesJaEn"
"came from ~","200128","come to ~","Listening"
"leave ~","200128","come to ~","Antonym"
"more ... than ~","200129","as ~ as ...","ChoicesJaEn"
"not as ~ as ...","200129","as ~ as ...","ChoicesJaEn"
"not as ~ as ...","200129","as ~ as ...","Listening"
"more than ~","200129","as ~ as ...","Listening"
"after that","200129","as ~ as ...","Listening"
"keep doing","200131","finish doing","ChoicesJaEn"
"forget to do","200131","finish doing","ChoicesJaEn"
"fish is swimming","200131","finish doing","Listening"
"visit during","200131","finish doing","Listening"
"English reading","200131","finish doing","Listening"
"fishing boat","200131","finish doing","Listening"
"can do","200132","would like ~","ChoicesJaEn"
"be going to do","200132","would like ~","ChoicesJaEn"
"do not want ~","200132","would like ~","ChoicesJaEn"
"could you ~","200132","would like ~","Listening"
"want to ~","200132","would like ~","Listening"
"will you ~","200132","would like ~","Listening"
"would you ~","200132","would like ~","Listening"
"want ~","200132","would like ~","Synonym"
"hair dryer","200135","air conditioner","Listening"
"water heater","200135","air conditioner","Listening"
"electric fan","200135","air conditioner","Listening"
"train station","200136","police station","Listening"
"play station","200136","police station","Listening"
"bus station","200136","police station","Listening"
"false","200137","true","ChoicesJaEn"
"false","200137","true","Antonym"
"France","200138","Italy","ChoicesJaEn"
"Italian","200138","Italy","Listening"
"icy","200138","Italy","Listening"
"inside","200139","India","Listening"
"helper","200141","haircut","Listening"
"helmet","200141","haircut","Listening"
"grasshopper","200143","granddaughter","Listening"
"gladness","200143","granddaughter","Listening"
"waiting","200145","weekday","Listening"
"pop","200146","pot","Listening"
"dot","200146","pot","Listening"
"visit ~","200147","leave for ~","ChoicesJaEn"
"pass ~","200147","leave for ~","ChoicesJaEn"
"return to ~","200147","leave for ~","ChoicesJaEn"
"live for ~","200147","leave for ~","Listening"
"leave home","200147","leave for ~","Listening"
"candle","200148","camel","Listening"
"can do","200149","want to do","ChoicesJaEn"
"be going to do","200149","want to do","ChoicesJaEn"
"must not do","200149","want to do","ChoicesJaEn"
"want to go","200149","want to do","Listening"
"want to eat","200149","want to do","Listening"
"want to play","200149","want to do","Listening"
"want to read","200149","want to do","Listening"
"pan","200151","oven","ChoicesJaEn"
"open","200151","oven","Listening"
"write about ~","200153","talk about ~","ChoicesJaEn"
"make ~","200153","talk about ~","ChoicesJaEn"
"walk around ~","200153","talk about ~","Listening"
"write about ~","200153","talk about ~","Listening"
"speak about ~","200153","talk about ~","Synonym"
"open","200154","hurry up","ChoicesJaEn"
"carry on","200154","hurry up","Listening"
"handy up","200154","hurry up","Listening"
"head up","200154","hurry up","Listening"
"be quick","200154","hurry up","Synonym"
"walk slowly","200155","work hard","ChoicesJaEn"
"run fast","200155","work hard","ChoicesJaEn"
"sit quietly","200155","work hard","ChoicesJaEn"
"walk far","200155","work hard","Listening"
"work late","200155","work hard","Listening"
"word card","200155","work hard","Listening"
"work fast","200155","work hard","Listening"
"try hard","200155","work hard","Synonym"
"agree","200156","have no idea","ChoicesJaEn"
"have an idea","200156","have no idea","Listening"
"have to go","200156","have no idea","Listening"
"have a dog","200156","have no idea","Listening"
"have some time","200156","have no idea","Listening"
"need ~","200157","be good at ~","ChoicesJaEn"
"be glad about ~","200157","be good at ~","Listening"
"be looking at ~","200157","be good at ~","Listening"
"be quick at ~","200157","be good at ~","Listening"
"go for a walk","200159","go for a drive","ChoicesJaEn"
"go running","200159","go for a drive","ChoicesJaEn"
"go swimming","200159","go for a drive","ChoicesJaEn"
"go for a walk","200159","go for a drive","Listening"
"go for a ride","200159","go for a drive","Listening"
"go for a drink","200159","go for a drive","Listening"
"go for a run","200159","go for a drive","Listening"
"every week","200160","every day","ChoicesJaEn"
"every month","200160","every day","ChoicesJaEn"
"every morning","200160","every day","ChoicesJaEn"
"every way","200160","every day","Listening"
"every week","200160","every day","Listening"
"every time","200160","every day","Listening"
"every night","200160","every day","Listening"
"every week","200161","every weekend","ChoicesJaEn"
"every month","200161","every weekend","ChoicesJaEn"
"every weekday","200161","every weekend","Listening"
"every week","200161","every weekend","Listening"
"every winter","200161","every weekend","Listening"
"every evening","200161","every weekend","Listening"
"every month","200162","every year","ChoicesJaEn"
"every week","200162","every year","ChoicesJaEn"
"every morning","200162","every year","ChoicesJaEn"
"every ear","200162","every year","Listening"
"every near","200162","every year","Listening"
"every hear","200162","every year","Listening"
"every dear","200162","every year","Listening"
"grand","200163","ground","Listening"
"unclear","200164","clear","Antonym"
"have breakfast","200165","have dinner","ChoicesJaEn"
"have lunch","200165","have dinner","ChoicesJaEn"
"cook dinner","200165","have dinner","ChoicesJaEn"
"wash dishes","200165","have dinner","ChoicesJaEn"
"have winner","200165","have dinner","Listening"
"half dinner","200165","have dinner","Listening"
"have singer","200165","have dinner","Listening"
"have winter","200165","have dinner","Listening"
"eat dinner","200165","have dinner","Synonym"
"eagle","200166","email","Listening"
"Please open the window.","200168","You'll do better next time.","ChoicesJaEn"
"I have a new bag.","200168","You'll do better next time.","ChoicesJaEn"
"Let's play after school.","200168","You'll do better next time.","ChoicesJaEn"
"This book is very easy.","200168","You'll do better next time.","ChoicesJaEn"
"You'll be late next time.","200168","You'll do better next time.","Listening"
"You can do it next time.","200168","You'll do better next time.","Listening"
"We'll do better next time.","200168","You'll do better next time.","Listening"
"You'll do better this time.","200168","You'll do better next time.","Listening"
"want to","200170","like doing","ChoicesJaEn"
"have to","200170","like doing","ChoicesJaEn"
"start to","200170","like doing","ChoicesJaEn"
"like reading","200170","like doing","Listening"
"like cooking","200170","like doing","Listening"
"like going","200170","like doing","Listening"
"like playing","200170","like doing","Listening"
"Hurry up.","200171","Have fun.","ChoicesJaEn"
"Be careful.","200171","Have fun.","ChoicesJaEn"
"Sit down.","200171","Have fun.","ChoicesJaEn"
"Help me.","200171","Have fun.","ChoicesJaEn"
"Have lunch.","200171","Have fun.","Listening"
"Have time.","200171","Have fun.","Listening"
"Have cake.","200171","Have fun.","Listening"
"Have milk.","200171","Have fun.","Listening"
"promise","200172","fun","ChoicesJaEn"
"promise","200172","fun","Listening"
"get out of","200173","get into","ChoicesJaEn"
"put on","200173","get into","ChoicesJaEn"
"wait for","200173","get into","ChoicesJaEn"
"get in","200173","get into","Listening"
"get on","200173","get into","Listening"
"go into","200173","get into","Listening"
"went into","200173","get into","Listening"
"go to work","200174","go to bed","Listening"
"go by bus","200174","go to bed","Listening"
"open","200175","come in","ChoicesJaEn"
"coming","200175","come in","Listening"
"enter","200175","come in","Synonym"
"leave there","200176","get there","ChoicesJaEn"
"live there","200176","get there","ChoicesJaEn"
"see there","200176","get there","ChoicesJaEn"
"sit there","200176","get there","ChoicesJaEn"
"get here","200176","get there","Listening"
"get home","200176","get there","Listening"
"go there","200176","get there","Listening"
"went there","200176","get there","Listening"
"almost","200177","all over","ChoicesJaEn"
"almost","200177","all over","Listening"
"allow","200177","all over","Listening"
"decide to do","200179","have a hard time doing","ChoicesJaEn"
"practice doing","200179","have a hard time doing","ChoicesJaEn"
"explain ~","200179","have a hard time doing","ChoicesJaEn"
"have to study","200179","have a hard time doing","Listening"
"have lunch","200179","have a hard time doing","Listening"
"have trouble","200179","have a hard time doing","Synonym"
"Good luck!","200180","It's wonderful!","ChoicesJaEn"
"See you!","200180","It's wonderful!","ChoicesJaEn"
"Take care.","200180","It's wonderful!","ChoicesJaEn"
"It's beautiful!","200180","It's wonderful!","Listening"
"It's colorful!","200180","It's wonderful!","Listening"
"It's helpful!","200180","It's wonderful!","Listening"
"It's powerful!","200180","It's wonderful!","Listening"
"Take care.","200181","Best wishes.","ChoicesJaEn"
"please.","200181","Best wishes.","ChoicesJaEn"
"Best fishes.","200181","Best wishes.","Listening"
"Best teachers.","200181","Best wishes.","Listening"
"Best pictures.","200181","Best wishes.","Listening"
"Best windows.","200181","Best wishes.","Listening"
"Take care.","200182","I'll do my best.","ChoicesJaEn"
"I'll do my test.","200182","I'll do my best.","Listening"
"I'll do my rest.","200182","I'll do my best.","Listening"
"I'll do my task.","200182","I'll do my best.","Listening"
"I'll do my work.","200182","I'll do my best.","Listening"
"expected","200183","excited","Listening"
"be hard","200184","be fun","ChoicesJaEn"
"be easy","200184","be fun","ChoicesJaEn"
"be boring","200184","be fun","ChoicesJaEn"
"be busy","200184","be fun","ChoicesJaEn"
"be fine","200184","be fun","Listening"
"be full","200184","be fun","Listening"
"be fast","200184","be fun","Listening"
"be new","200184","be fun","Listening"
"be enjoyable","200184","be fun","Synonym"
"be boring","200184","be fun","Antonym"
"meet ~","200185","say goodbye to ~","ChoicesJaEn"
"help ~","200185","say goodbye to ~","ChoicesJaEn"
"stay close to ~","200185","say goodbye to ~","Listening"
"Please hold on.","200186","Thanks for calling.","ChoicesJaEn"
"I'll call back later.","200186","Thanks for calling.","ChoicesJaEn"
"Who is this?","200186","Thanks for calling.","ChoicesJaEn"
"Thanks for coming.","200186","Thanks for calling.","Listening"
"Thanks for waiting.","200186","Thanks for calling.","Listening"
"Time for calling.","200186","Thanks for calling.","Listening"
"Thanks for talking.","200186","Thanks for calling.","Listening"
"It looks expensive.","200187","It looks good.","ChoicesJaEn"
"It looks difficult.","200187","It looks good.","ChoicesJaEn"
"It looks new.","200187","It looks good.","ChoicesJaEn"
"It looks interesting.","200187","It looks good.","ChoicesJaEn"
"It looks great.","200187","It looks good.","Listening"
"It sounds good.","200187","It looks good.","Listening"
"It feels good.","200187","It looks good.","Listening"
"It looks bad.","200187","It looks good.","Listening"
"I'm happy to help you.","200188","I'm glad to meet you.","ChoicesJaEn"
"I'm glad to see you again.","200188","I'm glad to meet you.","ChoicesJaEn"
"I'm happy to talk with you.","200188","I'm glad to meet you.","ChoicesJaEn"
"I came to see you.","200188","I'm glad to meet you.","ChoicesJaEn"
"I'm glad to see you.","200188","I'm glad to meet you.","Listening"
"I'm happy to meet you.","200188","I'm glad to meet you.","Listening"
"I'm glad to help you.","200188","I'm glad to meet you.","Listening"
"I'm ready to meet you.","200188","I'm glad to meet you.","Listening"
"I'm happy.","200189","I'm sad.","ChoicesJaEn"
"I'm tired.","200189","I'm sad.","ChoicesJaEn"
"I'm busy.","200189","I'm sad.","ChoicesJaEn"
"I'm fine.","200189","I'm sad.","ChoicesJaEn"
"I'm glad.","200189","I'm sad.","Listening"
"I'm tired.","200189","I'm sad.","Listening"
"I'm busy.","200189","I'm sad.","Listening"
"I'm fine.","200189","I'm sad.","Listening"
"I'm happy.","200189","I'm sad.","Antonym"
"I'm angry.","200190","I'm surprised.","ChoicesJaEn"
"I'm sleepy.","200190","I'm surprised.","ChoicesJaEn"
"I'm worried.","200190","I'm surprised.","ChoicesJaEn"
"I'm sleepy.","200190","I'm surprised.","Listening"
"I'm excited.","200190","I'm surprised.","Listening"
"I'm afraid.","200190","I'm surprised.","Listening"
"That's great.","200191","That's too bad.","ChoicesJaEn"
"That's easy.","200191","That's too bad.","ChoicesJaEn"
"That's true.","200191","That's too bad.","ChoicesJaEn"
"That's too big.","200191","That's too bad.","Listening"
"That's too hard.","200191","That's too bad.","Listening"
"That's so sad.","200191","That's too bad.","Listening"
"That is too late.","200191","That's too bad.","Listening"
"That's a shame.","200191","That's too bad.","Synonym"
"here's","200192","there's","ChoicesJaEn"
"those","200192","there's","Listening"
"open","200193","OK","Listening"
"behind ~","200195","in front of ~","ChoicesJaEn"
"in ~","200195","in front of ~","ChoicesJaEn"
"under ~","200195","in front of ~","ChoicesJaEn"
"near ~","200195","in front of ~","ChoicesJaEn"
"behind ~","200195","in front of ~","Listening"
"in place of ~","200195","in front of ~","Listening"
"in spite of ~","200195","in front of ~","Listening"
"in charge of ~","200195","in front of ~","Listening"
"behind ~","200195","in front of ~","Antonym"
"most family","200196","host family","Listening"
"hot family","200196","host family","Listening"
"home family","200196","host family","Listening"
"guest family","200196","host family","Listening"
"enjoy ~","200200","worry about ~","ChoicesJaEn"
"start ~","200200","worry about ~","ChoicesJaEn"
"choose ~","200200","worry about ~","ChoicesJaEn"
"visit ~","200200","worry about ~","ChoicesJaEn"
"be sorry about ~","200200","worry about ~","Listening"
"walk around","200200","worry about ~","Listening"
"be anxious about ~","200200","worry about ~","Synonym"
"feel calm about ~","200200","worry about ~","Antonym"
"mask","200201","miss","Listening"
"cheerful","200203","sleepy","ChoicesJaEn"
"server","200204","waitress","Synonym"
"moving","200206","movie","Listening"
"as fast","200208","at last","Listening"
"train station","200210","fire station","Listening"
"gas station","200210","fire station","Listening"
"on the last day","200211","on the first day","ChoicesJaEn"
"the next day","200211","on the first day","ChoicesJaEn"
"on the third day","200211","on the first day","Listening"
"on the birthday","200211","on the first day","Listening"
"on the school day","200211","on the first day","Listening"
"accordion","200212","aquarium","Listening"
"lily","200214","tulip","ChoicesJaEn"
"sunflower","200214","tulip","ChoicesJaEn"
"violet","200214","tulip","ChoicesJaEn"
"turtle","200214","tulip","Listening"
"candle","200217","sandwich","Listening"
"faster","200219","pasta","Listening"
"past","200219","pasta","Listening"
"fight with ~","200222","become friends with ~","ChoicesJaEn"
"greet ~","200222","become friends with ~","ChoicesJaEn"
"help ~","200222","become friends with ~","ChoicesJaEn"
"call ~","200222","become friends with ~","ChoicesJaEn"
"become free","200222","become friends with ~","Listening"
"meet a friend","200222","become friends with ~","Listening"
"call a friend","200222","become friends with ~","Listening"
"inside","200223","front","ChoicesJaEn"
"frog","200223","front","Listening"
"inside","200223","front","Listening"
"in ~","200225","out of ~","ChoicesJaEn"
"on ~","200225","out of ~","ChoicesJaEn"
"under ~","200225","out of ~","ChoicesJaEn"
"near ~","200225","out of ~","ChoicesJaEn"
"outside ~","200225","out of ~","Listening"
"about ~","200225","out of ~","Listening"
"off ~","200225","out of ~","Listening"
"over ~","200225","out of ~","Listening"
"all week","200226","all day","ChoicesJaEn"
"every morning","200226","all day","ChoicesJaEn"
"African","200227","American","Listening"
"Mexican","200227","American","Listening"
"Italian","200227","American","Listening"
"cheery","200229","cherry","Listening"
"Jerry","200229","cherry","Listening"
"pear","200230","grape","ChoicesJaEn"
"globe","200230","grape","Listening"
"orchid","200231","orange","Listening"
"lemon","200232","peach","ChoicesJaEn"
"pitch","200232","peach","Listening"
"blueberry","200234","strawberry","Listening"
"am","200236","shall","ChoicesJaEn"
"shell","200236","shall","Listening"
"arm","200238","air","Listening"
"glow","200239","grow","Listening"
"crow","200239","grow","Listening"
"gray","200239","grow","Listening"
"lend A B","200241","tell A about B","ChoicesJaEn"
"choose A and B","200241","tell A about B","ChoicesJaEn"
"collect B from A","200241","tell A about B","ChoicesJaEn"
"talk to A about B","200241","tell A about B","Listening"
"think about B","200241","tell A about B","Listening"
"write about B","200241","tell A about B","Listening"
"learn about B","200241","tell A about B","Listening"
"talk to A about B","200241","tell A about B","Synonym"
"pan","200242","pay","Listening"
"Thank you.","200244","Here you are.","ChoicesJaEn"
"Excuse me.","200244","Here you are.","ChoicesJaEn"
"Goodbye.","200244","Here you are.","ChoicesJaEn"
"Take care.","200244","Here you are.","ChoicesJaEn"
"There you are.","200244","Here you are.","Listening"
"Here we go.","200244","Here you are.","Listening"
"Where are you?","200244","Here you are.","Listening"
"windowpane","200245","window","Listening"
"miller","200246","mirror","Listening"
"lead","200247","leave","Listening"
"go away","200247","leave","Synonym"
"open","200248","return","ChoicesJaEn"
"enter","200249","pass","ChoicesJaEn"
"open","200249","pass","ChoicesJaEn"
"past","200249","pass","Listening"
"triple","200250","travel","Listening"
"run to ~","200251","walk to ~","ChoicesJaEn"
"drive to ~","200251","walk to ~","ChoicesJaEn"
"fly to ~","200251","walk to ~","ChoicesJaEn"
"swim to ~","200251","walk to ~","ChoicesJaEn"
"work at ~","200251","walk to ~","Listening"
"walk home","200251","walk to ~","Listening"
"go on foot","200251","walk to ~","Synonym"
"return to ~","200252","go to ~","ChoicesJaEn"
"run to ~","200252","go to ~","ChoicesJaEn"
"good job","200252","go to ~","Listening"
"crab","200253","cross","Listening"
"go down","200254","climb","Antonym"
"promise","200255","luck","ChoicesJaEn"
"bad luck","200255","luck","Antonym"
"syrup","200256","cereal","Listening"
"zero","200256","cereal","Listening"
"yarn","200258","yard","Listening"
"I want ~.","200259","Thank you for ~.","ChoicesJaEn"
"I like ~.","200259","Thank you for ~.","ChoicesJaEn"
"I know ~.","200259","Thank you for ~.","ChoicesJaEn"
"I go to ~.","200259","Thank you for ~.","ChoicesJaEn"
"Thanks for ~.","200259","Thank you for ~.","Listening"
"You are welcome.","200259","Thank you for ~.","Listening"
"I am thankful.","200259","Thank you for ~.","Listening"
"Thanks for ~.","200259","Thank you for ~.","Synonym"
"mole","200260","more","Listening"
"less","200260","more","Antonym"
"lemon","200262","melon","Listening"
"cabin","200263","cabbage","Listening"
"campus","200263","cabbage","Listening"
"life","200264","leaf","Listening"
"lead","200264","leaf","Listening"
"coconut","200265","cucumber","Listening"
"meet ~","200266","say hello to ~","ChoicesJaEn"
"help ~","200266","say hello to ~","ChoicesJaEn"
"stay close to ~","200266","say hello to ~","Listening"
"greet ~","200266","say hello to ~","Synonym"
"open","200269","set","ChoicesJaEn"
"before long","200270","soon","Synonym"
"keep doing","200271","be glad to do","ChoicesJaEn"
"forget to do","200271","be glad to do","ChoicesJaEn"
"be kind to","200271","be glad to do","Listening"
"keep doing","200272","be happy to do","ChoicesJaEn"
"be ready to do","200272","be happy to do","Listening"
"be sorry to do","200272","be happy to do","Listening"
"be nice to do","200272","be happy to do","Listening"
"grand","200273","glad","Listening"
"bookcase","200274","suitcase","Listening"
"sock","200275","rock","Listening"
"arm","200276","bone","ChoicesJaEn"
"born","200276","bone","Listening"
"fill","200277","feel","Listening"
"fell","200277","feel","Listening"
"forget to do","200278","enjoy doing","ChoicesJaEn"
"enjoy reading","200278","enjoy doing","Listening"
"enjoy cooking","200278","enjoy doing","Listening"
"enjoy singing","200278","enjoy doing","Listening"
"enjoy skating","200278","enjoy doing","Listening"
"good job","200279","get well","Listening"
"get sick","200279","get well","Antonym"
"write ~","200280","listen to ~","ChoicesJaEn"
"read ~","200280","listen to ~","ChoicesJaEn"
"speak ~","200280","listen to ~","ChoicesJaEn"
"read ~","200280","listen to ~","Listening"
"write ~","200280","listen to ~","Listening"
"found","200281","sound","Listening"
"fountain","200282","mountain","Listening"
"shoe","200283","boot","ChoicesJaEn"
"sock","200283","boot","ChoicesJaEn"
"crab","200285","clap","Listening"
"applaud","200285","clap","Synonym"
"hit","200286","kick","ChoicesJaEn"
"kit","200286","kick","Listening"
"bow","200287","shake hands","ChoicesJaEn"
"shake head","200287","shake hands","Listening"
"take hands","200287","shake hands","Listening"
"shook hands","200287","shake hands","Listening"
"wash hands","200287","shake hands","Listening"
"hit","200288","hug","ChoicesJaEn"
"bug","200288","hug","Listening"
"open","200289","keep","ChoicesJaEn"
"cape","200290","cave","Listening"
"came","200290","cave","Listening"
"New Year's Day","200291","Halloween","ChoicesJaEn"
"summer vacation","200291","Halloween","ChoicesJaEn"
"tire","200292","fire","Listening"
"orange juice","200293","hot chocolate","ChoicesJaEn"
"hot coffee","200293","hot chocolate","Listening"
"cold chocolate","200293","hot chocolate","Listening"
"hot chicken","200293","hot chocolate","Listening"
"octopus","200294","whale","ChoicesJaEn"
"in the beginning","200297","at first","Synonym"
"less and less","200298","more and more","Antonym"
"flag","200303","fly","Listening"
"rug","200308","run","Listening"
"ram","200308","run","Listening"
"slip","200310","sleep","Listening"
"reach","200313","teach","Listening"
"open","200315","wash","ChoicesJaEn"
"wish","200315","wash","Listening"
"bee","200317","butterfly","ChoicesJaEn"
"dragonfly","200317","butterfly","ChoicesJaEn"
"ant","200317","butterfly","ChoicesJaEn"
"frog","200317","butterfly","ChoicesJaEn"
"highway","200318","Hawaii","Listening"
"Thank you.","200319","That's OK.","ChoicesJaEn"
"Hello.","200319","That's OK.","ChoicesJaEn"
"Goodbye.","200319","That's OK.","ChoicesJaEn"
"That is it.","200319","That's OK.","Listening"
"Take care.","200319","That's OK.","Listening"
"Thank you.","200319","That's OK.","Listening"
"All right.","200319","That's OK.","Synonym"
"spider","200320","spaghetti","Listening"
"sporty","200320","spaghetti","Listening"
"gloves","200321","clothes","ChoicesJaEn"
"clothing","200321","clothes","Synonym"
"noon","200322","New Year","Listening"
"earning","200324","earring","Listening"
"orange juice","200325","grape juice","ChoicesJaEn"
"apple juice","200325","grape juice","ChoicesJaEn"
"orange juice","200325","grape juice","Listening"
"apple juice","200325","grape juice","Listening"
"grapefruit","200325","grape juice","Listening"
"candle","200326","kangaroo","Listening"
"open","200327","only","Listening"
"open","200328","hold","ChoicesJaEn"
"misunderstand","200331","understand","Antonym"
"soda","200333","sofa","Listening"
"softer","200333","sofa","Listening"
"couch","200333","sofa","Synonym"
"bug","200334","mug","Listening"
"salmon","200337","tuna","ChoicesJaEn"
"shrimp","200337","tuna","ChoicesJaEn"
"crab","200337","tuna","ChoicesJaEn"
"octopus","200337","tuna","ChoicesJaEn"
"billion","200339","building","Listening"
"boiling","200339","building","Listening"
"builder","200339","building","Listening"
"holding","200339","building","Listening"
"campus","200340","captain","Listening"
"cabin","200340","captain","Listening"
"stay home","200341","go out","Antonym"
"liter","200343","meter","ChoicesJaEn"
"music lesson","200344","art lesson","ChoicesJaEn"
"English lesson","200344","art lesson","ChoicesJaEn"
"science lesson","200344","art lesson","ChoicesJaEn"
"P.E. lesson","200344","art lesson","ChoicesJaEn"
"our lesson","200344","art lesson","Listening"
"math lesson","200344","art lesson","Listening"
"art season","200344","art lesson","Listening"
"art teacher","200344","art lesson","Listening"
"open","200345","drop","ChoicesJaEn"
"smack","200347","snack","Listening"
"starlight","200348","moonlight","ChoicesJaEn"
"goodnight","200348","moonlight","Listening"
"sock","200352","sauce","Listening"
"contact","200353","concert","Listening"
"guide","200354","stay","ChoicesJaEn"
"state","200354","stay","Listening"
"study abroad","200355","homestay","ChoicesJaEn"
"google","200357","noodle","Listening"
"lime","200360","line","Listening"
"reading","200361","hiking","ChoicesJaEn"
"cooking","200361","hiking","ChoicesJaEn"
"liking","200361","hiking","Listening"
"biking","200361","hiking","Listening"
"hiding","200361","hiking","Listening"
"find ~","200362","take care of ~","ChoicesJaEn"
"call ~","200362","take care of ~","ChoicesJaEn"
"lift ~","200362","take care of ~","ChoicesJaEn"
"take ~","200362","take care of ~","ChoicesJaEn"
"care about ~","200362","take care of ~","Listening"
"promise","200363","care","ChoicesJaEn"
"vine","200364","view","Listening"
"chest","200365","check","Listening"
"eater","200368","heater","Listening"
"open","200369","send","ChoicesJaEn"
"said","200369","send","Listening"
"sent","200369","send","Listening"
"divide","200371","decide","Listening"
"open","200372","copy","ChoicesJaEn"
"frog","200375","fruit","Listening"
"teachers","200376","people","ChoicesJaEn"
"friends","200376","people","ChoicesJaEn"
"life","200378","wife","Listening"
"wine","200378","wife","Listening"
"sock","200382","pork","Listening"
"teamwork","200384","teammate","Listening"
"teacup","200384","teammate","Listening"
"sender","200388","center","Listening"
"enter","200388","center","Listening"
"small phone","200389","smartphone","Listening"
"speakerphone","200389","smartphone","Listening"
"headphone","200389","smartphone","Listening"
"microphone","200389","smartphone","Listening"
"cellphone","200389","smartphone","Synonym"
"euro","200392","dollar","ChoicesJaEn"
"pound","200392","dollar","ChoicesJaEn"
"smaller","200393","older","ChoicesJaEn"
"faster","200393","older","ChoicesJaEn"
"order","200393","older","Listening"
"automobile","200395","car","Synonym"
"noon","200398","morning","ChoicesJaEn"
"moving","200398","morning","Listening"
"mowing","200398","morning","Listening"
"moaning","200398","morning","Listening"
"parrot","200399","parent","Listening"
"peanut","200399","parent","Listening"
"get around ~","200400","go around ~","Listening"
"go along ~","200400","go around ~","Listening"
"walk around","200400","go around ~","Listening"
"turn away","200401","turn around","Listening"
"walk around","200401","turn around","Listening"
"state","200402","skate","Listening"
"nice skating","200405","ice skating","Listening"
"ice reading","200405","ice skating","Listening"
"bike skating","200405","ice skating","Listening"
"ice skater","200405","ice skating","Listening"
"fill","200406","film","Listening"
"inside","200407","forward","ChoicesJaEn"
"forgive","200407","forward","Listening"
"sandy","200408","CD","Listening"
"flag","200411","flute","Listening"
"gloves","200412","scarf","ChoicesJaEn"
"petty","200414","pretty","Listening"
"help ~","200415","be kind to ~","ChoicesJaEn"
"visit ~","200415","be kind to ~","ChoicesJaEn"
"call ~","200415","be kind to ~","ChoicesJaEn"
"be nice to ~","200415","be kind to ~","Listening"
"be close to ~","200415","be kind to ~","Listening"
"be nice to ~","200415","be kind to ~","Synonym"
"be mean to ~","200415","be kind to ~","Antonym"
"yesterday morning","200416","last night","ChoicesJaEn"
"tomorrow night","200416","last night","ChoicesJaEn"
"every night","200416","last night","ChoicesJaEn"
"last light","200416","last night","Listening"
"late night","200416","last night","Listening"
"this night","200416","last night","Listening"
"fast night","200416","last night","Listening"
"yesterday evening","200416","last night","Synonym"
"like ~","200419","be bad at ~","ChoicesJaEn"
"study ~","200419","be bad at ~","ChoicesJaEn"
"teach ~","200419","be bad at ~","ChoicesJaEn"
"be glad about ~","200419","be bad at ~","Listening"
"be mad at ~","200419","be bad at ~","Listening"
"be sad about ~","200419","be bad at ~","Listening"
"not be good at ~","200419","be bad at ~","Synonym"
"leave ~","200420","be absent from ~","ChoicesJaEn"
"join ~","200420","be absent from ~","ChoicesJaEn"
"be away from ~","200420","be absent from ~","Listening"
"be active in ~","200420","be absent from ~","Listening"
"attend","200420","be absent from ~","Antonym"
"fill","200422","ill","Listening"
"be on time for ~","200423","be late for ~","ChoicesJaEn"
"miss ~","200423","be late for ~","ChoicesJaEn"
"start ~","200423","be late for ~","ChoicesJaEn"
"be sorry for ~","200423","be late for ~","Listening"
"be good for ~","200423","be late for ~","Listening"
"be on time for ~","200423","be late for ~","Antonym"
"inside","200424","outside","ChoicesJaEn"
"inside","200424","outside","Listening"
"inside","200424","outside","Antonym"
"near ~","200425","far from ~","ChoicesJaEn"
"behind ~","200425","far from ~","ChoicesJaEn"
"near ~","200425","far from ~","Listening"
"behind ~","200425","far from ~","Listening"
"loop","200426","lose","Listening"
"eighty","200427","eighteen","Listening"
"ninety","200428","nineteen","Listening"
"seventy","200429","seventeen","Listening"
"sixty","200430","sixteen","Listening"
"him","200432","me","ChoicesJaEn"
"her","200432","me","ChoicesJaEn"
"we","200432","me","Listening"
"bee","200432","me","Listening"
"them","200433","us","ChoicesJaEn"
"him","200433","us","ChoicesJaEn"
"her","200433","us","ChoicesJaEn"
"as","200433","us","Listening"
"Shall I close the door?","200434","Shall I open the window?","ChoicesJaEn"
"Shall I help you?","200434","Shall I open the window?","ChoicesJaEn"
"Shall I sit here?","200434","Shall I open the window?","ChoicesJaEn"
"Shall I answer the phone?","200434","Shall I open the window?","ChoicesJaEn"
"Shall I close the window?","200434","Shall I open the window?","Listening"
"Can I open the window?","200434","Shall I open the window?","Listening"
"Shall we open the window?","200434","Shall I open the window?","Listening"
"Shall I open the door?","200434","Shall I open the window?","Listening"
"May I have your name?","200435","May I take a message?","ChoicesJaEn"
"Please hold on.","200435","May I take a message?","ChoicesJaEn"
"Please say that again.","200435","May I take a message?","ChoicesJaEn"
"Please call back later.","200435","May I take a message?","ChoicesJaEn"
"May I leave a message?","200435","May I take a message?","Listening"
"Can I take a message?","200435","May I take a message?","Listening"
"May I make a message?","200435","May I take a message?","Listening"
"May I take this message?","200435","May I take a message?","Listening"
"on weekdays","200437","on weekends","ChoicesJaEn"
"at night","200437","on weekends","ChoicesJaEn"
"on weekdays","200437","on weekends","Listening"
"on Wednesday","200437","on weekends","Listening"
"on holiday","200437","on weekends","Listening"
"on Saturday","200438","on Sunday","ChoicesJaEn"
"on Monday","200438","on Sunday","ChoicesJaEn"
"on Monday","200438","on Sunday","Listening"
"on Saturday","200438","on Sunday","Listening"
"on someday","200438","on Sunday","Listening"
"on sunny days","200438","on Sunday","Listening"
"on Monday","200439","on Thursday","ChoicesJaEn"
"on Tuesday","200439","on Thursday","ChoicesJaEn"
"on Wednesday","200439","on Thursday","ChoicesJaEn"
"on Friday","200439","on Thursday","ChoicesJaEn"
"on Tuesday","200439","on Thursday","Listening"
"on Saturday","200439","on Thursday","Listening"
"on Monday","200439","on Thursday","Listening"
"a bottle of ~","200440","a cup of ~","ChoicesJaEn"
"a piece of ~","200440","a cup of ~","ChoicesJaEn"
"a box of ~","200440","a cup of ~","ChoicesJaEn"
"a can of ~","200440","a cup of ~","ChoicesJaEn"
"a cap for ~","200440","a cup of ~","Listening"
"a kind of ~","200440","a cup of ~","Listening"
"a can of ~","200440","a cup of ~","Listening"
"a bag of ~","200440","a cup of ~","Listening"
"porter","200442","quarter","Listening"
"order","200442","quarter","Listening"
"a bottle of ~","200443","a glass of ~","ChoicesJaEn"
"a plate of ~","200443","a glass of ~","ChoicesJaEn"
"a piece of ~","200443","a glass of ~","ChoicesJaEn"
"a box of ~","200443","a glass of ~","ChoicesJaEn"
"a class of ~","200443","a glass of ~","Listening"
"a bag of ~","200443","a glass of ~","Listening"
"a can of ~","200443","a glass of ~","Listening"
"across","200444","again","Listening"
"once more","200444","again","Synonym"
"paid","200445","page","Listening"
"twice a week","200446","once a week","ChoicesJaEn"
"every month","200446","once a week","ChoicesJaEn"
"once a day","200446","once a week","Listening"
"twice a week","200446","once a week","Listening"
"once a month","200446","once a week","Listening"
"one week","200446","once a week","Listening"
"boots","200447","sandals","ChoicesJaEn"
"sandal","200447","sandals","Listening"
"singers","200447","sandals","Listening"
"samples","200447","sandals","Listening"
"eighty","200448","eighth","Listening"
"ate","200448","eighth","Listening"
"thirteenth","200449","eleventh","ChoicesJaEn"
"relevant","200449","eleventh","Listening"
"forty","200451","fourth","Listening"
"seventy","200453","seventh","Listening"
"seaside","200453","seventh","Listening"
"text","200455","tenth","Listening"
"thirteenth","200457","twelfth","ChoicesJaEn"
"less","200458","else","Listening"
"cooking","200459","camping","ChoicesJaEn"
"studying","200459","camping","ChoicesJaEn"
"coming","200459","camping","Listening"
"campus","200459","camping","Listening"
"mile","200462","microwave","Listening"
"myself","200462","microwave","Listening"
"shoemaker","200463","shopkeeper","Listening"
"bookkeeper","200463","shopkeeper","Listening"
"store owner","200463","shopkeeper","Synonym"
"too late","200464","toothache","Listening"
"sticker","200465","stapler","Listening"
"sheet","200466","piece","ChoicesJaEn"
"peas","200466","piece","Listening"
"Good morning.","200467","See you tomorrow.","ChoicesJaEn"
"Good evening.","200467","See you tomorrow.","ChoicesJaEn"
"Thank you.","200467","See you tomorrow.","ChoicesJaEn"
"See you tonight.","200467","See you tomorrow.","Listening"
"See you Monday.","200467","See you tomorrow.","Listening"
"See you again.","200467","See you tomorrow.","Listening"
"Good night.","200468","See you later.","ChoicesJaEn"
"Hello.","200468","See you later.","ChoicesJaEn"
"Excuse me.","200468","See you later.","ChoicesJaEn"
"See you again.","200468","See you later.","Listening"
"See you Monday.","200468","See you later.","Listening"
"eyes","200469","teeth","ChoicesJaEn"
"ears","200469","teeth","ChoicesJaEn"
"arm","200470","hand","ChoicesJaEn"
"hen","200470","hand","Listening"
"anger","200471","answer","Listening"
"after","200471","answer","Listening"
"mask","200472","ask","Listening"
"brick","200473","bring","Listening"
"blink","200473","bring","Listening"
"open","200475","choose","ChoicesJaEn"
"set up","200479","get up","Listening"
"get on","200479","get up","Listening"
"open","200480","get","ChoicesJaEn"
"open","200481","give","ChoicesJaEn"
"held","200482","help","Listening"
"written","200484","listen","Listening"
"met","200485","meet","Listening"
"open","200491","show","ChoicesJaEn"
"shoe","200491","show","Listening"
"slim","200493","swim","Listening"
"open","200494","tell","ChoicesJaEn"
"went","200495","want","Listening"
"halfway","200498","hallway","Listening"
"highway","200498","hallway","Listening"
"planer","200499","player","Listening"
"stupid","200500","student","Listening"
"steward","200500","student","Listening"
"pupil","200500","student","Synonym"
"teachers","200501","teacher","Listening"
"teacup","200501","teacher","Listening"
"reacher","200501","teacher","Listening"
"fried","200502","friend","Listening"
"pal","200502","friend","Synonym"
"marker","200504","farmer","Listening"
"van","200505","fan","Listening"
"pan","200505","fan","Listening"
"Ken","200506","Tracy","ChoicesJaEn"
"Emi","200506","Tracy","ChoicesJaEn"
"Mike","200506","Tracy","ChoicesJaEn"
"Nancy","200506","Tracy","ChoicesJaEn"
"Stacy","200506","Tracy","Listening"
"trading","200506","Tracy","Listening"
"tasty","200506","Tracy","Listening"
"tallest","200507","tourist","Listening"
"painter","200508","salesclerk","ChoicesJaEn"
"schoolgirl","200508","salesclerk","Listening"
"painter","200509","dancer","ChoicesJaEn"
"painter","200510","musician","ChoicesJaEn"
"magician","200510","musician","Listening"
"violinist","200511","pianist","Listening"
"viewer","200513","winner","ChoicesJaEn"
"loser","200513","winner","Antonym"
"walker","200514","worker","Listening"
"order","200515","officer","Listening"
"name of ~","200516","picture of ~","ChoicesJaEn"
"color of ~","200516","picture of ~","ChoicesJaEn"
"shape of ~","200516","picture of ~","ChoicesJaEn"
"sound of ~","200516","picture of ~","ChoicesJaEn"
"teacher of ~","200516","picture of ~","Listening"
"kitchen of ~","200516","picture of ~","Listening"
"future of ~","200516","picture of ~","Listening"
"visitor of ~","200516","picture of ~","Listening"
"photo of ~","200516","picture of ~","Synonym"
"him","200519","ham","Listening"
"art music","200520","art museum","Listening"
"art room","200520","art museum","Listening"
"art student","200520","art museum","Listening"
"shell","200521","shelf","Listening"
"hammer","200525","harbor","Listening"
"marker","200525","harbor","Listening"
"Tokyo","200527","Kyoto","ChoicesJaEn"
"Nara","200527","Kyoto","ChoicesJaEn"
"Kobe","200527","Kyoto","ChoicesJaEn"
"Tokyo","200527","Kyoto","Listening"
"Tokyo","200528","Osaka","ChoicesJaEn"
"Nagoya","200528","Osaka","ChoicesJaEn"
"Kobe","200528","Osaka","ChoicesJaEn"
"okay","200528","Osaka","Listening"
"open","200528","Osaka","Listening"
"marker","200529","market","Listening"
"criteria","200530","cafeteria","Listening"
"canteen","200530","cafeteria","Synonym"
"gem","200531","gym","Listening"
"jet","200531","gym","Listening"
"gum","200531","gym","Listening"
"sheet","200532","seat","Listening"
"music teacher","200533","movie theater","Listening"
"movie ticket","200533","movie theater","Listening"
"moving table","200533","movie theater","Listening"
"morning teacher","200533","movie theater","Listening"
"cinema","200533","movie theater","Synonym"
"restroom","200535","restaurant","Listening"
"wish","200537","dish","Listening"
"dash","200537","dish","Listening"
"gallery","200538","balcony","Listening"
"plays","200541","please","Listening"
"their","200543","our","ChoicesJaEn"
"his","200543","our","ChoicesJaEn"
"her","200543","our","ChoicesJaEn"
"went","200545","could","ChoicesJaEn"
"saw","200545","could","ChoicesJaEn"
"made","200545","could","ChoicesJaEn"
"spoke","200545","could","ChoicesJaEn"
"like ~","200546","be ready for ~","ChoicesJaEn"
"know ~","200546","be ready for ~","ChoicesJaEn"
"be sorry for ~","200546","be ready for ~","Listening"
"be good for ~","200546","be ready for ~","Listening"
"give A B","200550","show A B","ChoicesJaEn"
"send A B","200550","show A B","ChoicesJaEn"
"tell A B","200550","show A B","ChoicesJaEn"
"lend A B","200550","show A B","ChoicesJaEn"
"give A B","200550","show A B","Listening"
"send A B","200550","show A B","Listening"
"tell A B","200550","show A B","Listening"
"lend A B","200550","show A B","Listening"
"hide B from A","200550","show A B","Antonym"
"arm","200551","heart","ChoicesJaEn"
"wash ~","200553","try on ~","ChoicesJaEn"
"choose ~","200553","try on ~","ChoicesJaEn"
"wear ~","200553","try on ~","ChoicesJaEn"
"try out ~","200553","try on ~","Listening"
"read aloud","200554","write down ~","ChoicesJaEn"
"erase ~","200554","write down ~","ChoicesJaEn"
"count ~","200554","write down ~","ChoicesJaEn"
"memorize ~","200554","write down ~","ChoicesJaEn"
"write now","200554","write down ~","Listening"
"write again","200554","write down ~","Listening"
"write slowly","200554","write down ~","Listening"
"note ~","200554","write down ~","Synonym"
"open","200555","mix","ChoicesJaEn"
"fighter","200556","firefighter","Listening"
"fireman","200556","firefighter","Synonym"
"leave ~","200557","arrive in ~","ChoicesJaEn"
"visit ~","200557","arrive in ~","ChoicesJaEn"
"stay in ~","200557","arrive in ~","ChoicesJaEn"
"pass through ~","200557","arrive in ~","ChoicesJaEn"
"live in ~","200557","arrive in ~","Listening"
"drive in ~","200557","arrive in ~","Listening"
"stay in ~","200557","arrive in ~","Listening"
"leave ~","200557","arrive in ~","Antonym"
"leave ~","200558","arrive at ~","ChoicesJaEn"
"visit ~","200558","arrive at ~","ChoicesJaEn"
"enter ~","200558","arrive at ~","ChoicesJaEn"
"pass through ~","200558","arrive at ~","ChoicesJaEn"
"live at ~","200558","arrive at ~","Listening"
"drive at ~","200558","arrive at ~","Listening"
"leave ~","200558","arrive at ~","Antonym"
"inside","200560","back","ChoicesJaEn"
"see ~","200561","hear about ~","ChoicesJaEn"
"know about ~","200561","hear about ~","ChoicesJaEn"
"use ~","200561","hear about ~","ChoicesJaEn"
"read about ~","200561","hear about ~","Listening"
"ask about ~","200561","hear about ~","Listening"
"learn about ~","200561","hear about ~","Listening"
"blond","200562","blood","Listening"
"crosswalk","200563","traffic light","ChoicesJaEn"
"sidewalk","200563","traffic light","ChoicesJaEn"
"traffic sign","200563","traffic light","Listening"
"travel light","200563","traffic light","Listening"
"street light","200563","traffic light","Listening"
"snowman","200564","slow down","Listening"
"go slowly","200564","slow down","Synonym"
"speed up","200564","slow down","Antonym"
"herself","200565","himself","ChoicesJaEn"
"myself","200565","himself","ChoicesJaEn"
"yourself","200565","himself","ChoicesJaEn"
"herself","200565","himself","Listening"
"myself","200565","himself","Listening"
"him","200565","himself","Listening"
"Austrian","200566","Australian","Listening"
"Italian","200566","Australian","Listening"
"childish","200568","Chinese","Listening"
"leave ~","200571","stay at ~","ChoicesJaEn"
"return to ~","200571","stay at ~","ChoicesJaEn"
"start at ~","200571","stay at ~","Listening"
"stand at ~","200571","stay at ~","Listening"
"sit at ~","200571","stay at ~","Listening"
"study at ~","200571","stay at ~","Listening"
"stand in","200572","stay in","Listening"
"stay up","200572","stay in","Listening"
"sit in","200572","stay in","Listening"
"step in","200572","stay in","Listening"
"remain at home","200572","stay in","Synonym"
"visit ~","200573","stay with ~","ChoicesJaEn"
"help ~","200573","stay with ~","ChoicesJaEn"
"play with ~","200573","stay with ~","Listening"
"start with ~","200573","stay with ~","Listening"
"study with ~","200573","stay with ~","Listening"
"sit with ~","200573","stay with ~","Listening"
"apron","200574","apartment","Listening"
"repeatedly","200575","again and again","Synonym"
"right bag","200576","write back","Listening"
"white cap","200576","write back","Listening"
"ride back","200576","write back","Listening"
"light bag","200576","write back","Listening"
"Will you close the door?","200577","Will you open the window?","ChoicesJaEn"
"Will you come here?","200577","Will you open the window?","ChoicesJaEn"
"Will you wait a minute?","200577","Will you open the window?","ChoicesJaEn"
"Will you close the window?","200577","Will you open the window?","Listening"
"Will you open the door?","200577","Will you open the window?","Listening"
"Can you open the window?","200577","Will you open the window?","Listening"
"Will you clean the window?","200577","Will you open the window?","Listening"
"ask a question","200578","ask for help","ChoicesJaEn"
"make a call","200578","ask for help","ChoicesJaEn"
"ask the way","200578","ask for help","ChoicesJaEn"
"write a name","200578","ask for help","ChoicesJaEn"
"ask for milk","200578","ask for help","Listening"
"ask for lunch","200578","ask for help","Listening"
"look for help","200578","ask for help","Listening"
"wait for help","200578","ask for help","Listening"
"get help","200578","ask for help","Synonym"
"Please write your name.","200579","Please write back.","ChoicesJaEn"
"Please come here.","200579","Please write back.","ChoicesJaEn"
"Please wait a minute.","200579","Please write back.","ChoicesJaEn"
"Please read the book.","200579","Please write back.","ChoicesJaEn"
"Please write now.","200579","Please write back.","Listening"
"Please come back.","200579","Please write back.","Listening"
"Please sit back.","200579","Please write back.","Listening"
"Please write that.","200579","Please write back.","Listening"
"Please reply.","200579","Please write back.","Synonym"
"Just a minute","200580","Just a minute, please.","ChoicesJaEn"
"please.","200580","Just a minute, please.","ChoicesJaEn"
"Be careful","200580","Just a minute, please.","ChoicesJaEn"
"please.","200580","Just a minute, please.","ChoicesJaEn"
"please.","200580","Just a minute, please.","ChoicesJaEn"
"Say it again","200580","Just a minute, please.","ChoicesJaEn"
"please.","200580","Just a minute, please.","ChoicesJaEn"
"Help me","200580","Just a minute, please.","ChoicesJaEn"
"please.","200580","Just a minute, please.","ChoicesJaEn"
"Just a minute","200580","Just a minute, please.","Listening"
"please.","200580","Just a minute, please.","Listening"
"Just a moment","200580","Just a minute, please.","Listening"
"please.","200580","Just a minute, please.","Listening"
"Wait a minute","200580","Just a minute, please.","Listening"
"please.","200580","Just a minute, please.","Listening"
"Just a second","200580","Just a minute, please.","Listening"
"please.","200580","Just a minute, please.","Listening"
"Pardon me","200580","Just a minute, please.","Listening"
"please.","200580","Just a minute, please.","Listening"
"Just a moment, please.","200580","Just a minute, please.","Synonym"
"come out","200582","come back","Listening"
"go bad","200583","go back","Listening"
"get back","200583","go back","Listening"
"go black","200583","go back","Listening"
"leave ~","200584","go back to ~","ChoicesJaEn"
"wait at ~","200584","go back to ~","ChoicesJaEn"
"visit ~","200584","go back to ~","ChoicesJaEn"
"get back to ~","200584","go back to ~","Listening"
"walk back to ~","200584","go back to ~","Listening"
"return to ~","200584","go back to ~","Synonym"
"leave ~","200584","go back to ~","Antonym"
"at the store","200585","back home","ChoicesJaEn"
"bad home","200585","back home","Listening"
"black home","200585","back home","Listening"
"bag home","200585","back home","Listening"
"bank home","200585","back home","Listening"
"home again","200585","back home","Synonym"
"call home","200586","come home","Listening"
"came home","200586","come home","Listening"
"return home","200586","come home","Synonym"
"got home","200587","go home","Listening"
"go hope","200587","go home","Listening"
"return home","200587","go home","Synonym"
"leave ~","200588","come back to ~","ChoicesJaEn"
"return to ~","200588","come back to ~","Synonym"
"leave ~","200588","come back to ~","Antonym"
"by bike","200589","by bus","ChoicesJaEn"
"by bike","200589","by bus","Listening"
"by boat","200589","by bus","Listening"
"by bike","200590","by train","ChoicesJaEn"
"by plane","200590","by train","Listening"
"by tram","200590","by train","Listening"
"by truck","200590","by train","Listening"
"by trail","200590","by train","Listening"
"serving","200591","surfing","Listening"
"drawing","200593","dining room","Listening"
"morning room","200593","dining room","Listening"
"dining hall","200593","dining room","Listening"
"leaving","200594","living room","Listening"
"giving","200594","living room","Listening"
"living","200594","living room","Listening"
"baton","200595","button","Listening"
"candle","200596","circle","Listening"
"laser","200597","eraser","Listening"
"racer","200597","eraser","Listening"
"rug","200598","carpet","Synonym"
"taken","200600","bacon","Listening"
"weakened","200602","weekend","Listening"
"open","200603","count","ChoicesJaEn"
"can't","200603","count","Listening"
"testbook","200604","textbook","Listening"
"text","200604","textbook","Listening"
"cookbook","200604","textbook","Listening"
"schoolbag","200605","schoolyard","Listening"
"schoolbus","200605","schoolyard","Listening"
"backyard","200605","schoolyard","Listening"
"schoolwork","200605","schoolyard","Listening"
"wait for","200607","look for ~","ChoicesJaEn"
"search for","200607","look for ~","Synonym"
"sit and wait","200608","look around","ChoicesJaEn"
"run fast","200608","look around","ChoicesJaEn"
"walk around","200608","look around","Listening"
"look aloud","200608","look around","Listening"
"book around","200608","look around","Listening"
"know ~","200609","look like ~","ChoicesJaEn"
"like ~","200609","look like ~","ChoicesJaEn"
"remember ~","200609","look like ~","ChoicesJaEn"
"cook rice","200609","look like ~","Listening"
"book light","200609","look like ~","Listening"
"good bike","200609","look like ~","Listening"
"long line","200609","look like ~","Listening"
"mile","200611","mail","Listening"
"bus office","200612","post office","Listening"
"police office","200612","post office","Listening"
"ticket office","200612","post office","Listening"
"head office","200612","post office","Listening"
"florist","200616","drugstore","ChoicesJaEn"
"dress shop","200616","drugstore","Listening"
"desk store","200616","drugstore","Listening"
"florist","200617","bakery","ChoicesJaEn"
"gallery","200617","bakery","Listening"
"florist","200618","cake shop","ChoicesJaEn"
"book shop","200618","cake shop","Listening"
"toy shop","200618","cake shop","Listening"
"pet shop","200618","cake shop","Listening"
"cake stop","200618","cake shop","Listening"
"shoe store","200619","flower shop","ChoicesJaEn"
"flower show","200619","flower shop","Listening"
"tower shop","200619","flower shop","Listening"
"flower stop","200619","flower shop","Listening"
"toy shop","200619","flower shop","Listening"
"shoe store","200620","toy store","ChoicesJaEn"
"boy store","200620","toy store","Listening"
"toy story","200620","toy store","Listening"
"top store","200620","toy store","Listening"
"tall store","200620","toy store","Listening"
"shoe store","200621","bookstore","ChoicesJaEn"
"cook store","200621","bookstore","Listening"
"look store","200621","bookstore","Listening"
"backstore","200621","bookstore","Listening"
"book star","200621","bookstore","Listening"
"bookshop","200621","bookstore","Synonym"
"candy shop","200622","coffee shop","Listening"
"toy shop","200622","coffee shop","Listening"
"coffee cup","200622","coffee shop","Listening"
"corner shop","200622","coffee shop","Listening"
"he'll","200623","it'll","ChoicesJaEn"
"I'll","200623","it'll","ChoicesJaEn"
"you can","200623","it'll","ChoicesJaEn"
"we did","200623","it'll","ChoicesJaEn"
"who's","200624","what's","ChoicesJaEn"
"when's","200624","what's","ChoicesJaEn"
"why's","200624","what's","ChoicesJaEn"
"who's","200624","what's","Listening"
"when's","200624","what's","Listening"
"wants","200624","what's","Listening"
"who's","200625","where's","ChoicesJaEn"
"when's","200625","where's","ChoicesJaEn"
"why's","200625","where's","ChoicesJaEn"
"which is","200625","where's","ChoicesJaEn"
"when's","200625","where's","Listening"
"for a minute","200626","for a moment","Listening"
"for a second","200626","for a moment","Listening"
"for the morning","200626","for a moment","Listening"
"for my mother","200626","for a moment","Listening"
"behind ~","200627","next to ~","ChoicesJaEn"
"in ~","200627","next to ~","ChoicesJaEn"
"under ~","200627","next to ~","ChoicesJaEn"
"net","200627","next to ~","Listening"
"beside","200627","next to ~","Synonym"
"skipping","200628","skating","Listening"
"sitting","200628","skating","Listening"
"came","200629","camp","Listening"
"go swimming","200630","go skiing","ChoicesJaEn"
"go running","200630","go skiing","ChoicesJaEn"
"go skating","200630","go skiing","Listening"
"go camping","200630","go skiing","Listening"
"bee","200632","bean","Listening"
"birdhouse","200633","doghouse","ChoicesJaEn"
"dark house","200633","doghouse","Listening"
"dollhouse","200633","doghouse","Listening"
"euro","200635","cent","ChoicesJaEn"
"pound","200635","cent","ChoicesJaEn"
"fill","200636","hill","Listening"
"held","200636","hill","Listening"
"monica","200637","harmonica","Listening"
"a view","200638","a few ~","Listening"
"hamper","200640","hamster","Listening"
"campus","200640","hamster","Listening"
"goat","200643","boat","Listening"
"note","200643","boat","Listening"
"golden","200644","dolphin","Listening"
"open","200645","break","ChoicesJaEn"
"brick","200645","break","Listening"
"shiny","200646","shampoo","Listening"
"sheet","200647","pillow","ChoicesJaEn"
"futon","200647","pillow","ChoicesJaEn"
"nephew","200649","grandson","ChoicesJaEn"
"handsome","200649","grandson","Listening"
"help ~","200651","talk to ~","ChoicesJaEn"
"speak to","200651","talk to ~","Synonym"
"drink menu","200653","today's special","ChoicesJaEn"
"today's soup","200653","today's special","Listening"
"daily special","200653","today's special","Listening"
"table special","200653","today's special","Listening"
"dinner special","200653","today's special","Listening"
"daily special","200653","today's special","Synonym"
"snowball","200655","softball","Listening"
"shortstop","200655","softball","Listening"
"sunball","200655","softball","Listening"
"footpath","200657","football","Listening"
"goodball","200657","football","Listening"
"fullback","200657","football","Listening"
"ruby","200658","rugby","Listening"
"gone","200659","golf","Listening"
"goat","200659","golf","Listening"
"net","200660","ball","ChoicesJaEn"
"soccer game","200661","baseball game","ChoicesJaEn"
"tennis match","200661","baseball game","ChoicesJaEn"
"basketball game","200661","baseball game","ChoicesJaEn"
"volleyball game","200661","baseball game","ChoicesJaEn"
"basketball game","200661","baseball game","Listening"
"base game","200661","baseball game","Listening"
"birthday game","200661","baseball game","Listening"
"table game","200661","baseball game","Listening"
"referee","200662","coach","ChoicesJaEn"
"coke","200662","coach","Listening"
"boots","200663","sneakers","ChoicesJaEn"
"gloves","200663","sneakers","ChoicesJaEn"
"speakers","200663","sneakers","Listening"
"snickers","200663","sneakers","Listening"
"sleepers","200663","sneakers","Listening"
"stickers","200663","sneakers","Listening"
"I don't know.","200665","I'll try again.","ChoicesJaEn"
"Please help me.","200665","I'll try again.","ChoicesJaEn"
"Please speak slowly.","200665","I'll try again.","ChoicesJaEn"
"It's OK.","200665","I'll try again.","ChoicesJaEn"
"I'll ask again.","200665","I'll try again.","Listening"
"I'll come again.","200665","I'll try again.","Listening"
"I'll write again.","200665","I'll try again.","Listening"
"I'll play again.","200665","I'll try again.","Listening"
"One more time","200666","That's all.","ChoicesJaEn"
"please.","200666","That's all.","ChoicesJaEn"
"I like it.","200666","That's all.","ChoicesJaEn"
"I'll go later.","200666","That's all.","ChoicesJaEn"
"Good job.","200666","That's all.","ChoicesJaEn"
"That's nice.","200666","That's all.","Listening"
"That's mine.","200666","That's all.","Listening"
"feel worse","200667","feel better","ChoicesJaEn"
"get tired","200667","feel better","ChoicesJaEn"
"get sleepy","200667","feel better","ChoicesJaEn"
"feel tired","200667","feel better","Listening"
"feel hungry","200667","feel better","Listening"
"feel happy","200667","feel better","Listening"
"feel cold","200667","feel better","Listening"
"fleet","200668","free","Listening"
"hang up","200670","call back","ChoicesJaEn"
"text","200670","call back","ChoicesJaEn"
"forget ~","200671","think about ~","ChoicesJaEn"
"choose ~","200671","think about ~","ChoicesJaEn"
"start ~","200671","think about ~","ChoicesJaEn"
"find ~","200671","think about ~","ChoicesJaEn"
"sing about","200671","think about ~","Listening"
"talk about","200671","think about ~","Listening"
"I'm going to school.","200672","I'm going home.","ChoicesJaEn"
"I'm going out.","200672","I'm going home.","ChoicesJaEn"
"I'm coming here.","200672","I'm going home.","ChoicesJaEn"
"I'm going to bed.","200672","I'm going home.","ChoicesJaEn"
"I'm coming home.","200672","I'm going home.","Listening"
"I'm going out.","200672","I'm going home.","Listening"
"I'm getting home.","200672","I'm going home.","Listening"
"I'm staying home.","200672","I'm going home.","Listening"
"I am free now.","200673","I have to go now.","ChoicesJaEn"
"Please sit here.","200673","I have to go now.","ChoicesJaEn"
"I will call later.","200673","I have to go now.","ChoicesJaEn"
"I love it.","200673","I have to go now.","ChoicesJaEn"
"I have to go home.","200673","I have to go now.","Listening"
"I want to go now.","200673","I have to go now.","Listening"
"I have to do it.","200673","I have to go now.","Listening"
"I have to go out.","200673","I have to go now.","Listening"
"I feel very well.","200674","I don't feel well.","ChoicesJaEn"
"I am hungry.","200674","I don't feel well.","ChoicesJaEn"
"I will go soon.","200674","I don't feel well.","ChoicesJaEn"
"It is interesting.","200674","I don't feel well.","ChoicesJaEn"
"I don't sleep well.","200674","I don't feel well.","Listening"
"I don't look well.","200674","I don't feel well.","Listening"
"I can't feel well.","200674","I don't feel well.","Listening"
"I don't feel cold.","200674","I don't feel well.","Listening"
"Very good.","200675","Not very good.","ChoicesJaEn"
"A little expensive.","200675","Not very good.","ChoicesJaEn"
"Very fast.","200675","Not very good.","ChoicesJaEn"
"Quite new.","200675","Not very good.","ChoicesJaEn"
"Not very big.","200675","Not very good.","Listening"
"Not very cold.","200675","Not very good.","Listening"
"Not very fast.","200675","Not very good.","Listening"
"Not very long.","200675","Not very good.","Listening"
"These are new.","200676","These are on sale.","ChoicesJaEn"
"These are expensive.","200676","These are on sale.","ChoicesJaEn"
"These are popular.","200676","These are on sale.","ChoicesJaEn"
"These are the same.","200676","These are on sale.","ChoicesJaEn"
"These are not cheap.","200676","These are on sale.","Listening"
"These are very small.","200676","These are on sale.","Listening"
"These are for school.","200676","These are on sale.","Listening"
"These are my shoes.","200676","These are on sale.","Listening"
"play outside","200677","be sick in bed","ChoicesJaEn"
"walk to school","200677","be sick in bed","ChoicesJaEn"
"make breakfast","200677","be sick in bed","ChoicesJaEn"
"shop at a store","200677","be sick in bed","ChoicesJaEn"
"sit on the bed","200677","be sick in bed","Listening"
"sleep in class","200677","be sick in bed","Listening"
"pick up the bag","200677","be sick in bed","Listening"
"read in the room","200677","be sick in bed","Listening"
"take up","200680","wake up","Listening"
"pick up","200681","give up","Listening"
"shot","200683","shop","Listening"
"violet","200684","violin","Listening"
"zero","200685","zebra","Listening"
"Good morning.","200686","Thanks a lot.","ChoicesJaEn"
"Goodbye.","200686","Thanks a lot.","ChoicesJaEn"
"Nice to meet you.","200686","Thanks a lot.","ChoicesJaEn"
"Thanks.","200686","Thanks a lot.","Listening"
"That is a lot.","200686","Thanks a lot.","Listening"
"Thank you.","200686","Thanks a lot.","Listening"
"Thanks a bunch.","200686","Thanks a lot.","Listening"
"classman","200687","classmate","Listening"
"schoolfriend","200687","classmate","Synonym"
"open","200688","learn","ChoicesJaEn"
"hairband","200689","hairstyle","Listening"
"jungle","200690","junior","Listening"
"noon","200691","sunrise","ChoicesJaEn"
"noon","200692","sunset","ChoicesJaEn"
"draw a picture","200698","take a photo","ChoicesJaEn"
"read a book","200698","take a photo","ChoicesJaEn"
"sing a song","200698","take a photo","ChoicesJaEn"
"write a letter","200698","take a photo","ChoicesJaEn"
"take a bus","200698","take a photo","Listening"
"make a cake","200698","take a photo","Listening"
"write a note","200698","take a photo","Listening"
"play in the park","200699","go on a trip","ChoicesJaEn"
"go on a train","200699","go on a trip","Listening"
"go to a park","200699","go on a trip","Listening"
"go for a walk","200699","go on a trip","Listening"
"follow","200700","borrow","Listening"
"help ~","200701","speak to ~","ChoicesJaEn"
"visit ~","200701","speak to ~","ChoicesJaEn"
"call ~","200701","speak to ~","ChoicesJaEn"
"speed up","200701","speak to ~","Listening"
"stay up","200701","speak to ~","Listening"
"spell out","200701","speak to ~","Listening"
"speak up","200701","speak to ~","Listening"
"talk to","200701","speak to ~","Synonym"
"promise","200703","goal","ChoicesJaEn"
"goat","200703","goal","Listening"
"tasty","200704","delicious","Synonym"
"cabin","200706","tent","ChoicesJaEn"
"sent","200706","tent","Listening"
"text","200706","tent","Listening"
"last month","200709","next month","ChoicesJaEn"
"this month","200709","next month","ChoicesJaEn"
"next year","200709","next month","ChoicesJaEn"
"next Monday","200709","next month","Listening"
"last month","200709","next month","Listening"
"this month","200709","next month","Listening"
"lost","200710","last","Listening"
"least","200710","last","Listening"
"gave","200711","game","Listening"
"came","200711","game","Listening"
"promise","200713","plan","ChoicesJaEn"
"need help","200714","have a good idea","ChoicesJaEn"
"have no time","200714","have a good idea","ChoicesJaEn"
"make a promise","200714","have a good idea","ChoicesJaEn"
"feel sick","200714","have a good idea","ChoicesJaEn"
"have a big dinner","200714","have a good idea","Listening"
"have a good teacher","200714","have a good idea","Listening"
"have a new camera","200714","have a good idea","Listening"
"have a blue jacket","200714","have a good idea","Listening"
"think of a good plan","200714","have a good idea","Synonym"
"invite","200718","enjoy","Listening"
"shell","200720","sell","Listening"
"speed","200721","speak","Listening"
"open","200722","use","ChoicesJaEn"
"this week","200724","this weekend","Listening"
"next weekend","200724","this weekend","Listening"
"this evening","200724","this weekend","Listening"
"last weekend","200724","this weekend","Listening"
"promise","200725","idea","ChoicesJaEn"
"thought","200725","idea","Synonym"
"all night","200726","all day long","ChoicesJaEn"
"every week","200726","all day long","ChoicesJaEn"
"all night long","200726","all day long","Listening"
"all year long","200726","all day long","Listening"
"all week long","200726","all day long","Listening"
"every week","200727","all year round","ChoicesJaEn"
"every month","200727","all year round","ChoicesJaEn"
"all night","200727","all year round","Listening"
"throughout the year","200727","all year round","Synonym"
"play soccer","200728","play catch","ChoicesJaEn"
"play tennis","200728","play catch","ChoicesJaEn"
"play chess","200728","play catch","Listening"
"play cards","200728","play catch","Listening"
"play tag","200728","play catch","Listening"
"play tennis","200728","play catch","Listening"
"before breakfast","200729","after dinner","ChoicesJaEn"
"after lunch","200729","after dinner","ChoicesJaEn"
"after lunch","200729","after dinner","Listening"
"at dinner","200729","after dinner","Listening"
"before dinner","200729","after dinner","Listening"
"before school","200730","after school","ChoicesJaEn"
"at lunch","200730","after school","ChoicesJaEn"
"after class","200730","after school","Listening"
"after lunch","200730","after school","Listening"
"after work","200730","after school","Listening"
"four o'clock","200731","five o'clock","ChoicesJaEn"
"six o'clock","200731","five o'clock","ChoicesJaEn"
"seven o'clock","200731","five o'clock","ChoicesJaEn"
"eight o'clock","200731","five o'clock","ChoicesJaEn"
"nine o'clock","200731","five o'clock","Listening"
"five thirty","200731","five o'clock","Listening"
"five fifteen","200731","five o'clock","Listening"
"four o'clock","200731","five o'clock","Listening"
"ten minutes","200732","five minutes","ChoicesJaEn"
"fifteen minutes","200732","five minutes","ChoicesJaEn"
"twenty minutes","200732","five minutes","ChoicesJaEn"
"thirty minutes","200732","five minutes","ChoicesJaEn"
"nine minutes","200732","five minutes","Listening"
"five seconds","200732","five minutes","Listening"
"ten minutes","200732","five minutes","Listening"
"few minutes","200732","five minutes","Listening"
"echo","200733","ago","Listening"
"near ~","200734","time for ~","ChoicesJaEn"
"time to","200734","time for ~","Listening"
"timer","200734","time for ~","Listening"
"mind","200735","minute","Listening"
"from ~","200736","till ~","ChoicesJaEn"
"until","200736","till ~","Synonym"
"from ~","200737","before ~","ChoicesJaEn"
"began","200737","before ~","Listening"
"after","200737","before ~","Antonym"
"from ~","200738","after ~","ChoicesJaEn"
"before","200738","after ~","Antonym"
"Mr.","200739","Mrs.","ChoicesJaEn"
"sang","200740","thank","Listening"
"except","200741","excuse","Listening"
"forgive","200741","excuse","Synonym"
"open","200743","begin","ChoicesJaEn"
"between","200743","begin","Listening"
"after that","200744","first of all","ChoicesJaEn"
"fast of all","200744","first of all","Listening"
"best of all","200744","first of all","Listening"
"last of all","200744","first of all","Listening"
"cone","200746","comb","Listening"
"reader","200747","ruler","Listening"
"lipstick","200748","chopstick","Listening"
"net","200749","racket","ChoicesJaEn"
"bucket","200749","racket","Listening"
"sailing","200750","ceiling","Listening"
"seedling","200750","ceiling","Listening"
"seating","200750","ceiling","Listening"
"kids","200751","kiss","Listening"
"kit","200751","kiss","Listening"
"metro","200752","subway","Synonym"
"take a train","200753","take a plane","ChoicesJaEn"
"take a bus","200753","take a plane","ChoicesJaEn"
"take a train","200753","take a plane","Listening"
"take a bus","200753","take a plane","Listening"
"take a taxi","200753","take a plane","Listening"
"take a boat","200753","take a plane","Listening"
"go walking","200755","go fishing","ChoicesJaEn"
"go swimming","200755","go fishing","ChoicesJaEn"
"go running","200755","go fishing","ChoicesJaEn"
"go swimming","200755","go fishing","Listening"
"go skating","200755","go fishing","Listening"
"go camping","200755","go fishing","Listening"
"one item","200758","pair","ChoicesJaEn"
"pail","200758","pair","Listening"
"single person","200759","couple","ChoicesJaEn"
"trio","200759","couple","ChoicesJaEn"
"once a day","200760","twice a day","ChoicesJaEn"
"twice a week","200760","twice a day","ChoicesJaEn"
"twice a month","200760","twice a day","ChoicesJaEn"
"twice a year","200760","twice a day","ChoicesJaEn"
"twice a week","200760","twice a day","Listening"
"once a day","200760","twice a day","Listening"
"three a day","200760","twice a day","Listening"
"motorcycle","200761","bicycle","ChoicesJaEn"
"liter","200762","kilometer","ChoicesJaEn"
"millimeter","200763","centimeter","ChoicesJaEn"
"cinnamon","200763","centimeter","Listening"
"liter","200764","kilogram","ChoicesJaEn"
"ton","200764","kilogram","ChoicesJaEn"
"telegram","200764","kilogram","Listening"
"liter","200765","gram","ChoicesJaEn"
"ton","200765","gram","ChoicesJaEn"
"grand","200765","gram","Listening"
"boss","200766","colleague","ChoicesJaEn"
"connect","200766","colleague","Listening"
"met","200767","yet","Listening"
"net","200767","yet","Listening"
"spent","200769","spend","Listening"
"by bike","200770","by taxi","ChoicesJaEn"
"by bike","200770","by taxi","Listening"
"pottery","200771","potato","Listening"
"napkin","200772","pumpkin","Listening"
"pudding","200772","pumpkin","Listening"
"open","200773","have","ChoicesJaEn"
"Good morning.","200776","Thank you very much.","ChoicesJaEn"
"Goodbye.","200776","Thank you very much.","ChoicesJaEn"
"Excuse me.","200776","Thank you very much.","ChoicesJaEn"
"Nice to meet you.","200776","Thank you very much.","ChoicesJaEn"
"Thank you.","200776","Thank you very much.","Listening"
"See you very much.","200776","Thank you very much.","Listening"
"Nice to meet you.","200776","Thank you very much.","Listening"
"make breakfast","200777","go shopping","ChoicesJaEn"
"listen to music","200777","go shopping","ChoicesJaEn"
"go swimming","200777","go shopping","Listening"
"go skating","200777","go shopping","Listening"
"go jogging","200777","go shopping","Listening"
"shoe","200778","belt","ChoicesJaEn"
"bent","200778","belt","Listening"
"built","200778","belt","Listening"
"bus shop","200779","bus stop","Listening"
"back stop","200779","bus stop","Listening"
"big stop","200779","bus stop","Listening"
"best spot","200779","bus stop","Listening"
"go swimming","200781","go hiking","ChoicesJaEn"
"go running","200781","go hiking","ChoicesJaEn"
"go walking","200781","go hiking","ChoicesJaEn"
"go biking","200781","go hiking","Listening"
"go running","200781","go hiking","Listening"
"can do","200782","like to do","ChoicesJaEn"
"like to eat","200782","like to do","Listening"
"like to play","200782","like to do","Listening"
"like to read","200782","like to do","Listening"
"like to sing","200782","like to do","Listening"
"sheet","200783","blanket","ChoicesJaEn"
"quilt","200783","blanket","ChoicesJaEn"
"bracket","200783","blanket","Listening"
"write ~","200784","look at ~","ChoicesJaEn"
"open ~","200784","look at ~","ChoicesJaEn"
"make ~","200784","look at ~","ChoicesJaEn"
"cook at","200784","look at ~","Listening"
"crown","200785","crayon","Listening"
"crying","200785","crayon","Listening"
"gray","200785","crayon","Listening"
"See you next week.","200788","See you soon.","ChoicesJaEn"
"Goodbye.","200788","See you soon.","ChoicesJaEn"
"See you next week.","200788","See you soon.","Listening"
"Goodbye.","200788","See you soon.","Listening"
"clown","200789","cloudy","Listening"
"snowing","200790","raining","ChoicesJaEn"
"running","200790","raining","Listening"
"ringing","200790","raining","Listening"
"writing","200790","raining","Listening"
"waiting","200790","raining","Listening"
"at the store","200791","at work","ChoicesJaEn"
"at the park","200791","at work","ChoicesJaEn"
"at night","200791","at work","Listening"
"at lunch","200791","at work","Listening"
"lemon","200793","lion","Listening"
"wish","200795","hope","Synonym"
"Take care.","200796","Have a nice trip.","ChoicesJaEn"
"Good night.","200796","Have a nice trip.","ChoicesJaEn"
"Hello.","200796","Have a nice trip.","ChoicesJaEn"
"Have a nice day.","200796","Have a nice trip.","Listening"
"Have a nice time.","200796","Have a nice trip.","Listening"
"Have a good trip.","200796","Have a nice trip.","Listening"
"Have a nice day.","200797","Have a nice weekend.","ChoicesJaEn"
"Take care.","200797","Have a nice weekend.","ChoicesJaEn"
"See you next week.","200797","Have a nice weekend.","ChoicesJaEn"
"Hello.","200797","Have a nice weekend.","ChoicesJaEn"
"Have a nice week.","200797","Have a nice weekend.","Listening"
"Have a nice day.","200797","Have a nice weekend.","Listening"
"Have a nice evening.","200797","Have a nice weekend.","Listening"
"Have a nice meal.","200797","Have a nice weekend.","Listening"
"forgive","200799","forest","Listening"
"forty","200799","forest","Listening"
"woods","200799","forest","Synonym"
"yell","200802","yes","Listening"
"note","200803","no","Listening"
"good day","200804","goodbye","Listening"
"good job","200804","goodbye","Listening"
"good boy","200804","goodbye","Listening"
"thinking","200805","thank you","Listening"
"cooking","200806","housework","ChoicesJaEn"
"houses","200806","housework","Listening"
"hard work","200806","housework","Listening"
"promise","200807","job","ChoicesJaEn"
"jog","200807","job","Listening"
"I don't know.","200810","You're right.","ChoicesJaEn"
"Be careful.","200810","You're right.","ChoicesJaEn"
"Hurry up.","200810","You're right.","ChoicesJaEn"
"Say it again.","200810","You're right.","ChoicesJaEn"
"You're late.","200810","You're right.","Listening"
"You're nice.","200810","You're right.","Listening"
"You're busy.","200810","You're right.","Listening"
"You're ready.","200810","You're right.","Listening"
"That's correct.","200810","You're right.","Synonym"
"kitten","200811","puppy","ChoicesJaEn"
"pony","200811","puppy","ChoicesJaEn"
"poppy","200811","puppy","Listening"
"puppet","200811","puppy","Listening"
"kindergarten","200813","junior high school","ChoicesJaEn"
"senior high school","200813","junior high school","Listening"
"language school","200813","junior high school","Listening"
"night school","200813","junior high school","Listening"
"must not","200814","have to do","ChoicesJaEn"
"be going to do","200814","have to do","ChoicesJaEn"
"need to do","200814","have to do","Listening"
"plan to do","200814","have to do","Listening"
"try to do","200814","have to do","Listening"
"before","200815","because","Listening"
"beside","200815","because","Listening"
"before","200816","if","ChoicesJaEn"
"after","200816","if","ChoicesJaEn"
"is","200816","if","Listening"
"as ... as","200817","than","ChoicesJaEn"
"before","200817","than","ChoicesJaEn"
"after","200817","than","ChoicesJaEn"
"during","200817","than","ChoicesJaEn"
"them","200817","than","Listening"
"want to","200818","must","ChoicesJaEn"
"have to","200818","must","Synonym"
"be worried about","200821","be interested in ~","Listening"
"be ready for","200821","be interested in ~","Listening"
"be kind to","200821","be interested in ~","Listening"
"how many","200822","how often","ChoicesJaEn"
"how much","200822","how often","ChoicesJaEn"
"how old","200822","how often","Listening"
"how many","200822","how often","Listening"
"how much","200822","how often","Listening"
"how many","200823","how long","ChoicesJaEn"
"how much","200823","how long","ChoicesJaEn"
"how old","200823","how long","Listening"
"how far","200823","how long","Listening"
"how many","200823","how long","Listening"
"thank you. I'm full.","300001","No, thank you. I'm full.","ChoicesJaEn"
"please.","300001","No, thank you. I'm full.","ChoicesJaEn"
"I'm hungry.","300001","No, thank you. I'm full.","ChoicesJaEn"
"please.","300001","No, thank you. I'm full.","ChoicesJaEn"
"It's very good.","300001","No, thank you. I'm full.","ChoicesJaEn"
"thank you. I'm full.","300001","No, thank you. I'm full.","Listening"
"thank you. I'm fine.","300001","No, thank you. I'm full.","Listening"
"thank you. I'm busy.","300001","No, thank you. I'm full.","Listening"
"thank you. I'm sick.","300001","No, thank you. I'm full.","Listening"
"thank you. I'm cold.","300001","No, thank you. I'm full.","Listening"
"Thank you.","300002","You're welcome.","ChoicesJaEn"
"I am sorry.","300002","You're welcome.","ChoicesJaEn"
"Hello.","300002","You're welcome.","ChoicesJaEn"
"Goodbye.","300002","You're welcome.","ChoicesJaEn"
"You are very kind.","300002","You're welcome.","Listening"
"Your bag is open.","300002","You're welcome.","Listening"
"We are ready.","300002","You're welcome.","Listening"
"You look happy.","300002","You're welcome.","Listening"
"have a big bag","300003","have a good time","Listening"
"have a long walk","300003","have a good time","Listening"
"have a good trip","300003","have a good time","Listening"
"enjoy oneself","300003","have a good time","Synonym"
"made","300006","main","Listening"
"vinyl","300007","final","Listening"
"finder","300007","final","Listening"
"best-loved","300008","favorite","Synonym"
"least favorite","300008","favorite","Antonym"
"well-liked","300010","popular","Synonym"
"unpopular","300010","popular","Antonym"
"youthful","300011","useful","Listening"
"yours","300012","ours","ChoicesJaEn"
"theirs","300012","ours","ChoicesJaEn"
"hers","300012","ours","ChoicesJaEn"
"his","300012","ours","ChoicesJaEn"
"yours","300012","ours","Listening"
"theirs","300012","ours","Listening"
"hers","300012","ours","Listening"
"owners","300012","ours","Listening"
"I don't know.","300013","That's right.","ChoicesJaEn"
"Be careful.","300013","That's right.","ChoicesJaEn"
"Once more.","300013","That's right.","ChoicesJaEn"
"Hurry up.","300013","That's right.","ChoicesJaEn"
"That's nice.","300013","That's right.","Listening"
"That's fine.","300013","That's right.","Listening"
"That's mine.","300013","That's right.","Listening"
"That's correct.","300013","That's right.","Synonym"
"Nice weather!","300014","Good idea!","ChoicesJaEn"
"A big room.","300014","Good idea!","ChoicesJaEn"
"A long vacation.","300014","Good idea!","ChoicesJaEn"
"A fast train.","300014","Good idea!","ChoicesJaEn"
"Good evening.","300014","Good idea!","Listening"
"Good teacher.","300014","Good idea!","Listening"
"Good player.","300014","Good idea!","Listening"
"Good morning.","300014","Good idea!","Listening"
"nice idea","300014","Good idea!","Synonym"
"written","300015","listen","Listening"
"Korea","300016","Thailand","ChoicesJaEn"
"highland","300016","Thailand","Listening"
"Thai","300016","Thailand","Listening"
"forty","300017","fourteen","Listening"
"some ~","300018","lots of ~","ChoicesJaEn"
"all ~","300018","lots of ~","ChoicesJaEn"
"few ~","300018","lots of ~","ChoicesJaEn"
"a kind of ~","300018","lots of ~","Listening"
"a pair of ~","300018","lots of ~","Listening"
"kindergarten","300020","junior high school","ChoicesJaEn"
"jungle","300020","junior high school","Listening"
"Can we ~?","300021","Shall we ~?","ChoicesJaEn"
"Must we ~?","300021","Shall we ~?","ChoicesJaEn"
"Are we ~?","300021","Shall we ~?","ChoicesJaEn"
"Do we want to ~?","300021","Shall we ~?","ChoicesJaEn"
"Can we ~?","300021","Shall we ~?","Listening"
"Should we ~?","300021","Shall we ~?","Listening"
"Will we ~?","300021","Shall we ~?","Listening"
"Shall I ~?","300021","Shall we ~?","Listening"
"sat","300023","sit down","Listening"
"Of course.","300024","Pardon?","ChoicesJaEn"
"Be careful.","300024","Pardon?","ChoicesJaEn"
"Hurry up.","300024","Pardon?","ChoicesJaEn"
"Excuse me?","300024","Pardon?","Synonym"
"of school","300025","of course","Listening"
"of corn","300025","of course","Listening"
"of town","300025","of course","Listening"
"I must ~.","300026","May I ~?","ChoicesJaEn"
"I will ~.","300026","May I ~?","ChoicesJaEn"
"I can ~.","300026","May I ~?","ChoicesJaEn"
"Shall I ~?","300026","May I ~?","ChoicesJaEn"
"May we ~?","300026","May I ~?","Listening"
"Must I ~?","300026","May I ~?","Listening"
"Will I ~?","300026","May I ~?","Listening"
"read ~","300027","look at ~","ChoicesJaEn"
"make ~","300027","look at ~","ChoicesJaEn"
"open ~","300027","look at ~","ChoicesJaEn"
"look up ~","300027","look at ~","Listening"
"write ~","300028","listen to ~","ChoicesJaEn"
"read ~","300028","listen to ~","ChoicesJaEn"
"look into ~","300028","listen to ~","Listening"
"lesson two","300028","listen to ~","Listening"
"listen again","300028","listen to ~","Listening"
"little tune","300028","listen to ~","Listening"
"We can ~.","300029","Let's ~.","ChoicesJaEn"
"We must ~.","300029","Let's ~.","ChoicesJaEn"
"We want to ~.","300029","Let's ~.","ChoicesJaEn"
"We will ~.","300029","Let's ~.","ChoicesJaEn"
"Let me ~.","300029","Let's ~.","Listening"
"We can ~.","300029","Let's ~.","Listening"
"We must ~.","300029","Let's ~.","Listening"
"Please ~.","300029","Let's ~.","Listening"
"Be careful.","300030","Just a moment.","ChoicesJaEn"
"Hurry up.","300030","Just a moment.","ChoicesJaEn"
"Sit down.","300030","Just a moment.","ChoicesJaEn"
"Come in.","300030","Just a moment.","ChoicesJaEn"
"Just a minute.","300030","Just a moment.","Listening"
"At the moment.","300030","Just a moment.","Listening"
"One more minute.","300030","Just a moment.","Listening"
"Wait a moment.","300030","Just a moment.","Listening"
"just a minute","300030","Just a moment.","Synonym"
"I have to ~.","300032","I'd like to ~.","ChoicesJaEn"
"I can ~.","300032","I'd like to ~.","ChoicesJaEn"
"I am going to ~.","300032","I'd like to ~.","ChoicesJaEn"
"I must not ~.","300032","I'd like to ~.","ChoicesJaEn"
"I'd love to ~.","300032","I'd like to ~.","Listening"
"I want to ~.","300032","I'd like to ~.","Listening"
"I need to ~.","300032","I'd like to ~.","Listening"
"I plan to ~.","300032","I'd like to ~.","Listening"
"I want to ~.","300032","I'd like to ~.","Synonym"
"ton","300033","tonight","Listening"
"tony","300033","tonight","Listening"
"this evening","300033","tonight","Synonym"
"this week","300034","next week","ChoicesJaEn"
"this week","300034","next week","Listening"
"next year","300034","next week","Listening"
"this year","300035","last year","ChoicesJaEn"
"next year","300035","last year","ChoicesJaEn"
"last month","300035","last year","ChoicesJaEn"
"this year","300035","last year","Listening"
"next year","300035","last year","Listening"
"last month","300035","last year","Listening"
"wash my face","300036","wash my hands","ChoicesJaEn"
"put on my clothes","300036","wash my hands","ChoicesJaEn"
"eat breakfast","300036","wash my hands","ChoicesJaEn"
"watch my bag","300036","wash my hands","Listening"
"wash the dish","300036","wash my hands","Listening"
"close my hands","300036","wash my hands","Listening"
"touch my hat","300036","wash my hands","Listening"
"this week","300037","last week","ChoicesJaEn"
"last month","300037","last week","ChoicesJaEn"
"this week","300037","last week","Listening"
"call ~","300038","wait for ~","ChoicesJaEn"
"find ~","300038","wait for ~","ChoicesJaEn"
"meet ~","300038","wait for ~","ChoicesJaEn"
"help ~","300038","wait for ~","ChoicesJaEn"
"walk with ~","300038","wait for ~","Listening"
"work for ~","300038","wait for ~","Listening"
"wake up ~","300038","wait for ~","Listening"
"open ~","300040","turn on ~","ChoicesJaEn"
"close ~","300040","turn on ~","ChoicesJaEn"
"move ~","300040","turn on ~","ChoicesJaEn"
"turn up ~","300040","turn on ~","Listening"
"turn back","300040","turn on ~","Listening"
"turn off","300040","turn on ~","Antonym"
"open ~","300041","turn off ~","ChoicesJaEn"
"close ~","300041","turn off ~","ChoicesJaEn"
"carry ~","300041","turn off ~","ChoicesJaEn"
"turn up ~","300041","turn off ~","Listening"
"turn back","300041","turn off ~","Listening"
"turn on","300041","turn off ~","Antonym"
"help ~","300042","talk to ~","ChoicesJaEn"
"call ~","300042","talk to ~","ChoicesJaEn"
"take two","300042","talk to ~","Listening"
"talk again","300042","talk to ~","Listening"
"speak to","300042","talk to ~","Synonym"
"wash ~","300043","take off ~","ChoicesJaEn"
"buy ~","300043","take off ~","ChoicesJaEn"
"fix ~","300043","take off ~","ChoicesJaEn"
"take out ~","300043","take off ~","Listening"
"make up ~","300043","take off ~","Listening"
"put on","300043","take off ~","Antonym"
"take a book","300044","take a walk","Listening"
"take a bus","300044","take a walk","Listening"
"eat breakfast","300045","take a shower","ChoicesJaEn"
"take a flower","300045","take a shower","Listening"
"take an hour","300045","take a shower","Listening"
"make a shower","300045","take a shower","Listening"
"take a tower","300045","take a shower","Listening"
"write a letter","300046","take a picture","ChoicesJaEn"
"read a book","300046","take a picture","ChoicesJaEn"
"take a pitcher","300046","take a picture","Listening"
"take a picnic","300046","take a picture","Listening"
"make a picture","300046","take a picture","Listening"
"take a ticket","300046","take a picture","Listening"
"wash my face","300047","take a bath","ChoicesJaEn"
"get dressed","300047","take a bath","ChoicesJaEn"
"take a bag","300047","take a bath","Listening"
"take a back","300047","take a bath","Listening"
"take a path","300047","take a bath","Listening"
"make a bath","300047","take a bath","Listening"
"swimming school","300048","swimming pool","Listening"
"summer pool","300048","swimming pool","Listening"
"swimming cap","300048","swimming pool","Listening"
"Of course.","300049","I see.","ChoicesJaEn"
"Maybe.","300049","I see.","ChoicesJaEn"
"Be careful.","300049","I see.","ChoicesJaEn"
"Good morning.","300049","I see.","ChoicesJaEn"
"I sit.","300049","I see.","Listening"
"I sing.","300049","I see.","Listening"
"I said.","300049","I see.","Listening"
"I think.","300049","I see.","Listening"
"I understand","300049","I see.","Synonym"
"wash ~","300050","put on ~","ChoicesJaEn"
"make ~","300050","put on ~","ChoicesJaEn"
"carry ~","300050","put on ~","ChoicesJaEn"
"put up ~","300050","put on ~","Listening"
"pull on ~","300050","put on ~","Listening"
"put out ~","300050","put on ~","Listening"
"take off","300050","put on ~","Antonym"
"put down ~","300051","pick up ~","ChoicesJaEn"
"carry ~","300051","pick up ~","ChoicesJaEn"
"show ~","300051","pick up ~","ChoicesJaEn"
"open ~","300051","pick up ~","ChoicesJaEn"
"kick up ~","300051","pick up ~","Listening"
"pick out ~","300051","pick up ~","Listening"
"put up ~","300051","pick up ~","Listening"
"wake up ~","300051","pick up ~","Listening"
"put down","300051","pick up ~","Antonym"
"must not","300052","must","ChoicesJaEn"
"want to","300052","must","ChoicesJaEn"
"have to","300052","must","Synonym"
"find ~","300053","look for ~","ChoicesJaEn"
"use ~","300053","look for ~","ChoicesJaEn"
"borrow ~","300053","look for ~","ChoicesJaEn"
"send ~","300053","look for ~","ChoicesJaEn"
"cook for ~","300053","look for ~","Listening"
"long for ~","300053","look for ~","Listening"
"book for ~","300053","look for ~","Listening"
"search for ~","300053","look for ~","Synonym"
"candle","300054","calendar","Listening"
"very well","300055","very much","Listening"
"very good","300055","very much","Listening"
"pretty much","300055","very much","Listening"
"so much","300055","very much","Listening"
"You too.","300056","Me too.","ChoicesJaEn"
"He does too.","300056","Me too.","ChoicesJaEn"
"She does too.","300056","Me too.","ChoicesJaEn"
"We do too.","300056","Me too.","ChoicesJaEn"
"You too.","300056","Me too.","Listening"
"We do.","300056","Me too.","Listening"
"Meet me.","300056","Me too.","Listening"
"Me first.","300056","Me too.","Listening"
"English class","300058","piano lesson","ChoicesJaEn"
"swimming practice","300058","piano lesson","ChoicesJaEn"
"piano room","300058","piano lesson","Listening"
"science lesson","300058","piano lesson","Listening"
"violin lesson","300058","piano lesson","Listening"
"reading lesson","300058","piano lesson","Listening"
"some ~","300059","a lot of ~","ChoicesJaEn"
"all ~","300059","a lot of ~","ChoicesJaEn"
"no ~","300059","a lot of ~","ChoicesJaEn"
"a little ~","300059","a lot of ~","Listening"
"a kind of ~","300059","a lot of ~","Listening"
"a bag of ~","300059","a lot of ~","Listening"
"lots of","300059","a lot of ~","Synonym"
"a letter","300060","a little","Listening"
"a bit","300060","a little","Synonym"
"a lot","300060","a little","Antonym"
"have a fever","300061","have a cold","ChoicesJaEn"
"have a headache","300061","have a cold","ChoicesJaEn"
"feel fine","300061","have a cold","ChoicesJaEn"
"be hungry","300061","have a cold","ChoicesJaEn"
"have a coat","300061","have a cold","Listening"
"have a card","300061","have a cold","Listening"
"have a call","300061","have a cold","Listening"
"have a cup","300061","have a cold","Listening"
"yesterday morning","300062","this morning","ChoicesJaEn"
"tomorrow morning","300062","this morning","ChoicesJaEn"
"this afternoon","300062","this morning","ChoicesJaEn"
"this evening","300062","this morning","Listening"
"this Monday","300062","this morning","Listening"
"that morning","300062","this morning","Listening"
"this month","300062","this morning","Listening"
"play in the park","300063","go to school","ChoicesJaEn"
"eat breakfast","300063","go to school","ChoicesJaEn"
"study English","300063","go to school","ChoicesJaEn"
"go to the pool","300063","go to school","Listening"
"go to the store","300063","go to school","Listening"
"go to work","300063","go to school","Listening"
"middle school","300064","elementary school","Listening"
"music room","300064","elementary school","Listening"
"summer school","300064","elementary school","Listening"
"school bus","300064","elementary school","Listening"
"primary school","300064","elementary school","Synonym"
"leave ~","300065","get to ~","ChoicesJaEn"
"pass ~","300065","get to ~","ChoicesJaEn"
"find ~","300065","get to ~","ChoicesJaEn"
"visit ~","300065","get to ~","ChoicesJaEn"
"went to ~","300065","get to ~","Listening"
"arrive at","300065","get to ~","Synonym"
"get out","300066","get on ~","Listening"
"go on","300066","get on ~","Listening"
"get off","300066","get on ~","Antonym"
"get out","300067","get off ~","Listening"
"cut off ~","300067","get off ~","Listening"
"get on","300067","get off ~","Antonym"
"do housework","300068","do homework","Listening"
"do morning work","300068","do homework","Listening"
"do hard work","300068","do homework","Listening"
"do home cooking","300068","do homework","Listening"
"open","300069","clean up","ChoicesJaEn"
"clear up","300069","clean up","Listening"
"green up","300069","clean up","Listening"
"climb up","300069","clean up","Listening"
"line up","300069","clean up","Listening"
"tidy up","300069","clean up","Synonym"
"mess up","300069","clean up","Antonym"
"make breakfast","300070","clean my room","ChoicesJaEn"
"walk to school","300070","clean my room","ChoicesJaEn"
"watch TV","300070","clean my room","ChoicesJaEn"
"do my homework","300070","clean my room","ChoicesJaEn"
"close my room","300070","clean my room","Listening"
"clean the room","300070","clean my room","Listening"
"read my book","300070","clean my room","Listening"
"wash my face","300070","clean my room","Listening"
"wash my face","300071","brush my teeth","ChoicesJaEn"
"comb my hair","300071","brush my teeth","ChoicesJaEn"
"get dressed","300071","brush my teeth","ChoicesJaEn"
"brush my hair","300071","brush my teeth","Listening"
"wash my teeth","300071","brush my teeth","Listening"
"brush your teeth","300071","brush my teeth","Listening"
"brush my face","300071","brush my teeth","Listening"
"supplied","300072","surprised","Listening"
"amazed","300072","surprised","Synonym"
"before","300073","because","Listening"
"began","300073","because","Listening"
"between","300073","because","Listening"
"Where is ~?","300074","How old is ~?","ChoicesJaEn"
"Whose is ~?","300074","How old is ~?","ChoicesJaEn"
"How tall is ~?","300074","How old is ~?","Listening"
"How large is ~?","300074","How old is ~?","Listening"
"I like ~.","300077","How about ~?","ChoicesJaEn"
"I must ~.","300077","How about ~?","ChoicesJaEn"
"I was ~.","300077","How about ~?","ChoicesJaEn"
"Can you ~?","300077","How about ~?","ChoicesJaEn"
"What about ~?","300077","How about ~?","Listening"
"What about ~?","300077","How about ~?","Synonym"
"cop","300079","police officer","Synonym"
"violet","300080","pilot","Listening"
"well-known","300081","famous","Synonym"
"painter","300082","chef","ChoicesJaEn"
"old school","300083","high school","Listening"
"my school","300083","high school","Listening"
"night school","300083","high school","Listening"
"technical school","300084","college","ChoicesJaEn"
"cottage","300084","college","Listening"
"no one","300085","everyone","ChoicesJaEn"
"we","300085","everyone","ChoicesJaEn"
"everybody","300085","everyone","Synonym"
"Must I ~?","300086","Can I ~?","ChoicesJaEn"
"I can ~.","300086","Can I ~?","ChoicesJaEn"
"I want to ~.","300086","Can I ~?","ChoicesJaEn"
"I will ~.","300086","Can I ~?","ChoicesJaEn"
"Can we ~?","300086","Can I ~?","Listening"
"Could I ~?","300086","Can I ~?","Listening"
"Should I ~?","300086","Can I ~?","Listening"
"aloud","300087","all right","Listening"
"almost","300087","all right","Listening"
"okay","300087","all right","Synonym"
"no one","300088","someone","ChoicesJaEn"
"somewhere","300088","someone","ChoicesJaEn"
"somebody","300088","someone","Synonym"
"no one","300088","someone","Antonym"
"napkin","300089","pumpkin","Listening"
"somewhere","300090","something","ChoicesJaEn"
"visit ~","300091","see ~ off","ChoicesJaEn"
"help ~","300091","see ~ off","ChoicesJaEn"
"send off","300091","see ~ off","Listening"
"set off","300091","see ~ off","Listening"
"show ~ out","300091","see ~ off","Listening"
"in Japan","300092","overseas","ChoicesJaEn"
"downtown","300092","overseas","ChoicesJaEn"
"overcoat","300092","overseas","Listening"
"carry ~","300093","treat","ChoicesJaEn"
"choose ~","300093","treat","ChoicesJaEn"
"teach ~","300093","treat","ChoicesJaEn"
"in front","300094","in fact","Listening"
"shared","300095","scared","Listening"
"skated","300095","scared","Listening"
"outgoing","300096","shy","Antonym"
"after lunch","300097","after a while","Listening"
"all the while","300097","after a while","Listening"
"for a while","300097","after a while","Listening"
"promise","300098","crime","ChoicesJaEn"
"cried","300098","crime","Listening"
"crown","300098","crime","Listening"
"teamwork","300099","teenager","Listening"
"That is too bad.","300101","Sounds good.","ChoicesJaEn"
"It looks difficult.","300101","Sounds good.","ChoicesJaEn"
"Hurry up.","300101","Sounds good.","ChoicesJaEn"
"Be careful.","300101","Sounds good.","ChoicesJaEn"
"Sounds great.","300101","Sounds good.","Listening"
"Looks good.","300101","Sounds good.","Listening"
"That is good.","300101","Sounds good.","Listening"
"Very good.","300101","Sounds good.","Listening"
"That sounds good.","300101","Sounds good.","Synonym"
"That looks difficult.","300102","That sounds great.","ChoicesJaEn"
"That looks expensive.","300102","That sounds great.","ChoicesJaEn"
"That sounds late.","300102","That sounds great.","ChoicesJaEn"
"That looks strange.","300102","That sounds great.","ChoicesJaEn"
"That sounds good.","300102","That sounds great.","Listening"
"That looks great.","300102","That sounds great.","Listening"
"It sounds great.","300102","That sounds great.","Listening"
"That was great.","300102","That sounds great.","Listening"
"Sounds great.","300102","That sounds great.","Synonym"
"goes","300103","gas","Listening"
"heat","300104","breath","ChoicesJaEn"
"everybody","300107","everything","Listening"
"monthly","300108","mostly","Listening"
"yearly","300109","nearly","Listening"
"almost","300109","nearly","Synonym"
"almost not","300110","hardly","Synonym"
"by yourself","300111","by oneself","Listening"
"by himself","300111","by oneself","Listening"
"by itself","300111","by oneself","Listening"
"beside","300113","besides","Listening"
"between","300113","besides","Listening"
"Thank you.","300114","I'm sorry.","ChoicesJaEn"
"Good morning.","300114","I'm sorry.","ChoicesJaEn"
"Goodbye.","300114","I'm sorry.","ChoicesJaEn"
"Nice to meet you.","300114","I'm sorry.","ChoicesJaEn"
"I'm hungry.","300114","I'm sorry.","Listening"
"I'm busy.","300114","I'm sorry.","Listening"
"I'm happy.","300114","I'm sorry.","Listening"
"horn","300115","fur","ChoicesJaEn"
"we","300117","anyone","ChoicesJaEn"
"anyway","300117","anyone","Listening"
"anyway","300118","anything","Listening"
"promise","300122","quarrel","ChoicesJaEn"
"elbow","300123","wrist","ChoicesJaEn"
"slave","300124","sleeve","Listening"
"sled","300124","sleeve","Listening"
"leave ~","300125","reach ~","ChoicesJaEn"
"pass ~","300125","reach ~","ChoicesJaEn"
"stop at ~","300125","reach ~","ChoicesJaEn"
"return to ~","300125","reach ~","ChoicesJaEn"
"teach ~","300125","reach ~","Listening"
"catch ~","300125","reach ~","Listening"
"leave ~","300125","reach ~","Listening"
"as useful","300128","as usual","Listening"
"as often","300128","as usual","Listening"
"a student","300128","as usual","Listening"
"How high is ~?","300129","How far is ~?","ChoicesJaEn"
"How heavy is ~?","300129","How far is ~?","ChoicesJaEn"
"How fast is ~?","300129","How far is ~?","Listening"
"How hard is ~?","300129","How far is ~?","Listening"
"How tall is ~?","300129","How far is ~?","Listening"
"cushion","300130","question","Listening"
"Do you know?","300131","Can you come?","ChoicesJaEn"
"Can you eat?","300131","Can you come?","ChoicesJaEn"
"Can you see?","300131","Can you come?","ChoicesJaEn"
"Can you speak?","300131","Can you come?","ChoicesJaEn"
"Can you cook?","300131","Can you come?","Listening"
"Can you call?","300131","Can you come?","Listening"
"Can you go?","300131","Can you come?","Listening"
"Can you wait?","300131","Can you come?","Listening"
"introduce","300133","interview","Listening"
"How high is ~?","300134","How long is ~?","ChoicesJaEn"
"How heavy is ~?","300134","How long is ~?","ChoicesJaEn"
"How big is ~?","300134","How long is ~?","ChoicesJaEn"
"How deep is ~?","300134","How long is ~?","ChoicesJaEn"
"How strong is ~?","300134","How long is ~?","Listening"
"How small is ~?","300134","How long is ~?","Listening"
"How short is ~?","300134","How long is ~?","Listening"
"visit A at B","300135","invite A to B","ChoicesJaEn"
"help A with B","300135","invite A to B","ChoicesJaEn"
"send A to B","300135","invite A to B","Listening"
"take A to B","300135","invite A to B","Listening"
"show A to B","300135","invite A to B","Listening"
"at the park","300136","at the station","ChoicesJaEn"
"at the library","300136","at the station","ChoicesJaEn"
"at the stadium","300136","at the station","Listening"
"at the store","300136","at the station","Listening"
"at the table","300136","at the station","Listening"
"at the stop","300136","at the station","Listening"
"one time","300137","on time","Listening"
"long time","300137","on time","Listening"
"punctually","300137","on time","Synonym"
"finishing","300138","finally","Listening"
"main road","300139","meanwhile","Listening"
"meal time","300139","meanwhile","Listening"
"midway","300139","meanwhile","Listening"
"contact","300140","conscious","Listening"
"promise","300141","prize","ChoicesJaEn"
"prime","300141","prize","Listening"
"horn","300142","tail","ChoicesJaEn"
"whisker","300142","tail","ChoicesJaEn"
"thought","300144","fault","Listening"
"fought","300144","fault","Listening"
"fort","300144","fault","Listening"
"weak point","300144","fault","Synonym"
"make peace","300147","fight","Antonym"
"need ~","300148","belong to ~","ChoicesJaEn"
"visit ~","300148","belong to ~","ChoicesJaEn"
"choose ~","300148","belong to ~","ChoicesJaEn"
"bring to ~","300148","belong to ~","Listening"
"begin to ~","300148","belong to ~","Listening"
"deer","300149","decrease","Listening"
"inside","300150","increase","Listening"
"invite","300150","increase","Listening"
"include","300150","increase","Listening"
"inside","300151","in time","Listening"
"invite","300151","in time","Listening"
"doubt ~","300152","trust ~","ChoicesJaEn"
"help ~","300152","trust ~","ChoicesJaEn"
"choose ~","300152","trust ~","ChoicesJaEn"
"track ~","300152","trust ~","Listening"
"trick ~","300152","trust ~","Listening"
"dress ~","300152","trust ~","Listening"
"touch ~","300152","trust ~","Listening"
"shared","300153","own","ChoicesJaEn"
"open","300153","own","Listening"
"wave to ~","300154","bow to ~","ChoicesJaEn"
"sit before ~","300154","bow to ~","ChoicesJaEn"
"run to ~","300154","bow to ~","ChoicesJaEn"
"smile at ~","300154","bow to ~","ChoicesJaEn"
"show to ~","300154","bow to ~","Listening"
"promise","300157","war","ChoicesJaEn"
"loop","300158","loose","Listening"
"promise","300159","event","ChoicesJaEn"
"sock","300160","rock","Listening"
"rod","300160","rock","Listening"
"wine","300164","wide","Listening"
"lightly","300165","loudly","Listening"
"roundly","300165","loudly","Listening"
"proudly","300165","loudly","Listening"
"tycoon","300167","typhoon","Listening"
"tyler","300167","typhoon","Listening"
"cut ~","300168","tie ~","ChoicesJaEn"
"open ~","300168","tie ~","ChoicesJaEn"
"push ~","300168","tie ~","ChoicesJaEn"
"carry ~","300168","tie ~","ChoicesJaEn"
"try ~","300168","tie ~","Listening"
"type ~","300168","tie ~","Listening"
"take ~","300168","tie ~","Listening"
"turn ~","300168","tie ~","Listening"
"untie","300168","tie ~","Antonym"
"net","300170","nest","Listening"
"enter","300178","encyclopedia","Listening"
"order","300179","reservation","ChoicesJaEn"
"booking","300179","reservation","Synonym"
"boss","300180","manager","Synonym"
"B before A","300181","A as well as B","ChoicesJaEn"
"B after A","300181","A as well as B","ChoicesJaEn"
"B during A","300181","A as well as B","ChoicesJaEn"
"B for A","300181","A as well as B","ChoicesJaEn"
"as long as B","300181","A as well as B","Listening"
"as soon as B","300181","A as well as B","Listening"
"all of A and B","300181","A as well as B","Listening"
"always A and B","300181","A as well as B","Listening"
"and also","300181","A as well as B","Synonym"
"elbow","300182","chin","ChoicesJaEn"
"shin","300182","chin","Listening"
"rectangle","300183","square","ChoicesJaEn"
"promise","300185","courage","ChoicesJaEn"
"cottage","300185","courage","Listening"
"helium","300186","heroine","Listening"
"rang","300188","lung","Listening"
"open","300189","gather","ChoicesJaEn"
"getter","300189","gather","Listening"
"whoever","300190","however","Listening"
"hover","300190","however","Listening"
"tray","300191","trade","Listening"
"tried","300191","trade","Listening"
"impolite","300194","impossible","Listening"
"plan ~","300195","call off ~","ChoicesJaEn"
"start ~","300195","call off ~","ChoicesJaEn"
"continue ~","300195","call off ~","ChoicesJaEn"
"explain ~","300195","call off ~","ChoicesJaEn"
"cut off ~","300195","call off ~","Listening"
"carry on ~","300195","call off ~","Listening"
"call up ~","300195","call off ~","Listening"
"death","300196","deaf","Listening"
"bland","300197","blind","Listening"
"sighted","300197","blind","Antonym"
"protect","300199","perform","Listening"
"prefer","300199","perform","Listening"
"tropic","300200","traffic","Listening"
"supporting","300201","surprising","Listening"
"supplies","300201","surprising","Listening"
"amazing","300201","surprising","Synonym"
"go left","300204","turn left","Listening"
"keep left","300204","turn left","Listening"
"look left","300204","turn left","Listening"
"turn light","300205","turn right","Listening"
"go right","300205","turn right","Listening"
"walk right","300205","turn right","Listening"
"move right","300205","turn right","Listening"
"after that","300209","by the way","ChoicesJaEn"
"by the door","300209","by the way","Listening"
"find a way","300209","by the way","Listening"
"complete","300210","compare","Listening"
"company","300210","compare","Listening"
"compass","300210","compare","Listening"
"gray","300216","grade","Listening"
"open","300217","appear","Listening"
"be bored","300218","be born","Listening"
"be warm","300218","be born","Listening"
"be gone","300218","be born","Listening"
"agree","300219","approach","Listening"
"come near","300219","approach","Synonym"
"move away","300219","approach","Antonym"
"visit ~","300220","contact ~","ChoicesJaEn"
"help ~","300220","contact ~","ChoicesJaEn"
"invite ~","300220","contact ~","ChoicesJaEn"
"connect ~","300220","contact ~","Listening"
"contract ~","300220","contact ~","Listening"
"invite ~","300220","contact ~","Listening"
"visit ~","300220","contact ~","Listening"
"call ~","300220","contact ~","Synonym"
"contact","300221","contest","Listening"
"analog","300222","digital","Antonym"
"battle","300223","bottle","Listening"
"be close to ~","300224","be filled with ~","ChoicesJaEn"
"be far from ~","300224","be filled with ~","ChoicesJaEn"
"be the same as ~","300224","be filled with ~","ChoicesJaEn"
"be in front of ~","300224","be filled with ~","ChoicesJaEn"
"be finished with ~","300224","be filled with ~","Listening"
"be far from ~","300224","be filled with ~","Listening"
"full of","300224","be filled with ~","Synonym"
"be empty","300224","be filled with ~","Antonym"
"lost","300225","last","Listening"
"spill","300226","still","Listening"
"collect ~","300227","manage to do","ChoicesJaEn"
"choose ~","300227","manage to do","ChoicesJaEn"
"compare ~","300227","manage to do","ChoicesJaEn"
"continue ~","300227","manage to do","ChoicesJaEn"
"need to do","300227","manage to do","Listening"
"plan to do","300227","manage to do","Listening"
"learn to do","300227","manage to do","Listening"
"roughly","300229","exactly","Antonym"
"open","300233","wrap","ChoicesJaEn"
"unwrap","300233","wrap","Antonym"
"promise","300234","accident","ChoicesJaEn"
"army","300235","artist","Listening"
"promise","300237","interest","ChoicesJaEn"
"inside","300237","interest","Listening"
"pointed","300239","sharp","Synonym"
"lid","300241","handle","ChoicesJaEn"
"candle","300241","handle","Listening"
"sandal","300241","handle","Listening"
"handy","300241","handle","Listening"
"order","300244","other","Listening"
"contact","300246","control","Listening"
"manage","300246","control","Synonym"
"forget ~","300248","find out ~","ChoicesJaEn"
"choose ~","300248","find out ~","ChoicesJaEn"
"collect ~","300248","find out ~","ChoicesJaEn"
"carry ~","300248","find out ~","ChoicesJaEn"
"hand out ~","300248","find out ~","Listening"
"figure out ~","300248","find out ~","Listening"
"fill out ~","300248","find out ~","Listening"
"find ~","300248","find out ~","Listening"
"believe ~","300249","mind ~","ChoicesJaEn"
"move ~","300249","mind ~","ChoicesJaEn"
"compare ~","300249","mind ~","ChoicesJaEn"
"find ~","300249","mind ~","Listening"
"mean ~","300249","mind ~","Listening"
"need ~","300249","mind ~","Listening"
"move ~","300249","mind ~","Listening"
"explain ~","300250","carry out ~","ChoicesJaEn"
"share ~","300250","carry out ~","ChoicesJaEn"
"prepare ~","300250","carry out ~","ChoicesJaEn"
"repair ~","300250","carry out ~","ChoicesJaEn"
"call out ~","300250","carry out ~","Listening"
"care about ~","300250","carry out ~","Listening"
"carry on ~","300250","carry out ~","Listening"
"clear out ~","300250","carry out ~","Listening"
"perform ~","300250","carry out ~","Synonym"
"begin ~","300252","put off ~","ChoicesJaEn"
"finish ~","300252","put off ~","ChoicesJaEn"
"choose ~","300252","put off ~","ChoicesJaEn"
"carry ~","300252","put off ~","ChoicesJaEn"
"cut off ~","300252","put off ~","Listening"
"postpone ~","300252","put off ~","Synonym"
"do well","300254","succeed","Synonym"
"weekly","300255","easily","Listening"
"with difficulty","300255","easily","Antonym"
"dot","300259","point","Synonym"
"injection","300261","medicine","ChoicesJaEn"
"before","300263","while","ChoicesJaEn"
"after","300263","while","ChoicesJaEn"
"wine","300263","while","Listening"
"near ~","300264","on the way to ~","ChoicesJaEn"
"in ~","300264","on the way to ~","ChoicesJaEn"
"all the way to ~","300264","on the way to ~","Listening"
"on the road to ~","300264","on the way to ~","Listening"
"on the train to ~","300264","on the way to ~","Listening"
"on the bus to ~","300264","on the way to ~","Listening"
"coil","300265","soil","Listening"
"heat","300268","light","ChoicesJaEn"
"thought","300270","feeling","ChoicesJaEn"
"promise","300270","feeling","ChoicesJaEn"
"filling","300270","feeling","Listening"
"open","300271","upset","Listening"
"join ~","300272","turn out to be ~","ChoicesJaEn"
"leave ~","300272","turn out to be ~","ChoicesJaEn"
"grow into ~","300272","turn out to be ~","ChoicesJaEn"
"turn into ~","300272","turn out to be ~","Listening"
"turn over ~","300272","turn out to be ~","Listening"
"find out about ~","300272","turn out to be ~","Listening"
"turn back to ~","300272","turn out to be ~","Listening"
"keyboard","300273","battery","ChoicesJaEn"
"battle","300273","battery","Listening"
"heat","300274","power","ChoicesJaEn"
"a little ~","300276","plenty of ~","ChoicesJaEn"
"few ~","300276","plenty of ~","ChoicesJaEn"
"each ~","300276","plenty of ~","ChoicesJaEn"
"either ~","300276","plenty of ~","ChoicesJaEn"
"twenty of ~","300276","plenty of ~","Listening"
"many of ~","300276","plenty of ~","Listening"
"part of ~","300276","plenty of ~","Listening"
"a lot of","300276","plenty of ~","Synonym"
"lots of","300276","plenty of ~","Synonym"
"on the way","300277","all the way","Listening"
"promise","300279","mistake","ChoicesJaEn"
"milkshake","300279","mistake","Listening"
"misplace","300279","mistake","Listening"
"before","300280","although","ChoicesJaEn"
"order","300281","occur","Listening"
"open","300281","occur","Listening"
"open","300282","happen","Listening"
"promise","300283","incident","ChoicesJaEn"
"inside","300283","incident","Listening"
"invite","300283","incident","Listening"
"around the town","300285","all over the world","ChoicesJaEn"
"in the house","300285","all over the world","ChoicesJaEn"
"through the school","300285","all over the world","ChoicesJaEn"
"on the road","300285","all over the world","ChoicesJaEn"
"all over the town","300285","all over the world","Listening"
"around the world","300285","all over the world","Listening"
"over the wall","300285","all over the world","Listening"
"all through the world","300285","all over the world","Listening"
"around the world","300285","all over the world","Synonym"
"itch","300286","each","Listening"
"for ~","300287","such as ~","ChoicesJaEn"
"with ~","300287","such as ~","ChoicesJaEn"
"such a ~","300287","such as ~","Listening"
"touch ~","300287","such as ~","Listening"
"some of ~","300287","such as ~","Listening"
"same as ~","300287","such as ~","Listening"
"adviser","300288","adventure","Listening"
"choose ~","300289","suffer from ~","ChoicesJaEn"
"collect ~","300289","suffer from ~","ChoicesJaEn"
"carry ~","300289","suffer from ~","ChoicesJaEn"
"explain ~","300289","suffer from ~","ChoicesJaEn"
"recover from ~","300289","suffer from ~","Listening"
"come from ~","300289","suffer from ~","Listening"
"learn from ~","300289","suffer from ~","Listening"
"stay away from ~","300289","suffer from ~","Listening"
"balloon","300291","fireworks","ChoicesJaEn"
"candle","300291","fireworks","ChoicesJaEn"
"flag","300291","fireworks","ChoicesJaEn"
"firewood","300291","fireworks","Listening"
"fireman","300291","fireworks","Listening"
"inside","300292","industry","Listening"
"introduce","300292","industry","Listening"
"invitation","300293","information","Listening"
"details","300293","information","Synonym"
"seasonable","300294","reasonable","Listening"
"usable","300294","reasonable","Listening"
"apologize","300295","lie","ChoicesJaEn"
"promise","300295","lie","ChoicesJaEn"
"tell the truth","300295","lie","Antonym"
"dip","300297","deep","Listening"
"deck","300297","deep","Listening"
"help ~","300298","be proud of ~","ChoicesJaEn"
"visit ~","300298","be proud of ~","ChoicesJaEn"
"be part of ~","300298","be proud of ~","Listening"
"be hungry for ~","300299","be angry at ~","Listening"
"mad at","300299","be angry at ~","Synonym"
"wanted","300300","worried","Listening"
"walked","300300","worried","Listening"
"be sorry about ~","300301","be worried about ~","Listening"
"be excited about ~","300301","be worried about ~","Listening"
"be anxious about ~","300301","be worried about ~","Synonym"
"be satisfied with ~","300302","be tired of ~","ChoicesJaEn"
"be fond of ~","300302","be tired of ~","Listening"
"be part of ~","300302","be tired of ~","Listening"
"sick of","300302","be tired of ~","Synonym"
"be satisfied with ~","300303","be afraid of ~","ChoicesJaEn"
"be ahead of ~","300303","be afraid of ~","Listening"
"be fond of ~","300303","be afraid of ~","Listening"
"be scared of ~","300303","be afraid of ~","Synonym"
"promise","300304","impression","ChoicesJaEn"
"invited","300306","excited","Listening"
"decided","300306","excited","Listening"
"expected","300306","excited","Listening"
"accepted","300306","excited","Listening"
"promise","300307","sense","ChoicesJaEn"
"ashamed","300308","proud","Antonym"
"protect","300310","attack","ChoicesJaEn"
"protect","300310","attack","Antonym"
"promise","300311","argue","ChoicesJaEn"
"invite","300311","argue","ChoicesJaEn"
"ankle","300311","argue","Listening"
"agree","300311","argue","Antonym"
"be fond of ~","300312","be full of ~","Listening"
"be empty","300312","be full of ~","Antonym"
"discuss","300314","discover","Listening"
"begin ~","300316","complete ~","ChoicesJaEn"
"continue ~","300316","complete ~","ChoicesJaEn"
"change ~","300316","complete ~","ChoicesJaEn"
"open ~","300316","complete ~","ChoicesJaEn"
"compete with ~","300316","complete ~","Listening"
"compare ~","300316","complete ~","Listening"
"complain about ~","300316","complete ~","Listening"
"continue ~","300316","complete ~","Listening"
"enter","300318","graduate","ChoicesJaEn"
"born","300319","burn","Listening"
"for the last time","300321","for the first time","Listening"
"from the first day","300321","for the first time","Listening"
"at the first bell","300321","for the first time","Listening"
"broom","300323","bloom","Listening"
"give up ~","300324","work on ~","ChoicesJaEn"
"start ~","300324","work on ~","ChoicesJaEn"
"finish ~","300324","work on ~","ChoicesJaEn"
"choose ~","300324","work on ~","ChoicesJaEn"
"walk on ~","300324","work on ~","Listening"
"work out ~","300324","work on ~","Listening"
"work for ~","300324","work on ~","Listening"
"work with ~","300324","work on ~","Listening"
"their","300328","therefore","Listening"
"seventy","300331","safety","Listening"
"salty","300331","safety","Listening"
"forgive","300332","foreigner","Listening"
"olive","300334","alien","Listening"
"African","300335","American","Listening"
"Mexican","300335","American","Listening"
"bride","300337","bright","Listening"
"closed","300338","crowded","Listening"
"promise","300339","hobby","ChoicesJaEn"
"pastime","300339","hobby","Synonym"
"amazing park","300340","amusement park","Listening"
"music park","300340","amusement park","Listening"
"amusement card","300340","amusement park","Listening"
"amusement part","300340","amusement park","Listening"
"salty","300342","silly","Listening"
"company","300343","comedy","Listening"
"comet","300343","comedy","Listening"
"near ~","300344","beyond ~","ChoicesJaEn"
"under ~","300344","beyond ~","ChoicesJaEn"
"between ~","300344","beyond ~","ChoicesJaEn"
"inside ~","300344","beyond ~","ChoicesJaEn"
"behind ~","300344","beyond ~","Listening"
"below ~","300344","beyond ~","Listening"
"beside ~","300344","beyond ~","Listening"
"fool","300345","fuel","Listening"
"hardest","300346","harvest","Listening"
"connect","300347","collect","Listening"
"prefer","300348","prepare","Listening"
"protect","300348","prepare","Listening"
"promise","300348","prepare","Listening"
"get ready","300348","prepare","Synonym"
"glow","300350","grow","Listening"
"crow","300350","grow","Listening"
"gray","300350","grow","Listening"
"explain ~","300352","suggest ~","ChoicesJaEn"
"practice ~","300352","suggest ~","ChoicesJaEn"
"invite ~","300352","suggest ~","ChoicesJaEn"
"support ~","300352","suggest ~","Listening"
"expect ~","300352","suggest ~","Listening"
"explain ~","300352","suggest ~","Listening"
"invite ~","300352","suggest ~","Listening"
"surf","300354","serve","Listening"
"invite","300356","encourage","ChoicesJaEn"
"include","300356","encourage","Listening"
"glow","300357","shine","Synonym"
"company","300358","charity","ChoicesJaEn"
"push ~","300360","follow ~","ChoicesJaEn"
"carry ~","300360","follow ~","ChoicesJaEn"
"send ~","300360","follow ~","ChoicesJaEn"
"borrow ~","300360","follow ~","Listening"
"followed ~","300360","follow ~","Listening"
"call ~","300360","follow ~","Listening"
"help ~","300360","follow ~","Listening"
"lead","300360","follow ~","Antonym"
"wink","300361","sink","Listening"
"carry ~","300362","lead ~","ChoicesJaEn"
"collect ~","300362","lead ~","ChoicesJaEn"
"choose ~","300362","lead ~","ChoicesJaEn"
"protect ~","300362","lead ~","ChoicesJaEn"
"leave ~","300362","lead ~","Listening"
"need ~","300362","lead ~","Listening"
"learn ~","300362","lead ~","Listening"
"lend ~","300362","lead ~","Listening"
"guide","300362","lead ~","Synonym"
"follow","300362","lead ~","Antonym"
"over ~","300363","through ~","ChoicesJaEn"
"under ~","300363","through ~","ChoicesJaEn"
"near ~","300363","through ~","ChoicesJaEn"
"though ~","300363","through ~","Listening"
"true ~","300363","through ~","Listening"
"throw ~","300363","through ~","Listening"
"disagree","300364","disappear","Listening"
"call ~","300365","pick ~ up","ChoicesJaEn"
"help ~","300365","pick ~ up","ChoicesJaEn"
"wake ~ up","300365","pick ~ up","Listening"
"bring ~ back","300365","pick ~ up","Listening"
"put ~ up","300365","pick ~ up","Listening"
"miss ~","300366","attend ~","ChoicesJaEn"
"start ~","300366","attend ~","ChoicesJaEn"
"finish ~","300366","attend ~","ChoicesJaEn"
"prepare ~","300366","attend ~","ChoicesJaEn"
"extend ~","300366","attend ~","Listening"
"intend to ~","300366","attend ~","Listening"
"attempt ~","300366","attend ~","Listening"
"enter ~","300366","attend ~","Listening"
"under ~","300367","across ~","ChoicesJaEn"
"behind ~","300367","across ~","ChoicesJaEn"
"near ~","300367","across ~","ChoicesJaEn"
"between ~","300367","across ~","ChoicesJaEn"
"around ~","300367","across ~","Listening"
"along ~","300367","across ~","Listening"
"above ~","300367","across ~","Listening"
"address ~","300367","across ~","Listening"
"feel asleep","300368","fall asleep","Listening"
"full asleep","300368","fall asleep","Listening"
"far asleep","300368","fall asleep","Listening"
"fell asleep","300368","fall asleep","Listening"
"go to sleep","300368","fall asleep","Synonym"
"promise","300369","opportunity","ChoicesJaEn"
"rocky","300370","lucky","Listening"
"lovely","300370","lucky","Listening"
"fortunate","300370","lucky","Synonym"
"lightly","300371","luckily","Listening"
"locally","300371","luckily","Listening"
"lovely","300371","luckily","Listening"
"fortunately","300371","luckily","Synonym"
"mister","300373","minister","Listening"
"mask","300374","mark","Listening"
"grandma","300375","grandpa","ChoicesJaEn"
"grandma","300375","grandpa","Listening"
"anger","300376","horror","ChoicesJaEn"
"sadness","300376","horror","ChoicesJaEn"
"sadness","300377","joy","ChoicesJaEn"
"anger","300377","joy","ChoicesJaEn"
"happiness","300377","joy","Synonym"
"sadness","300377","joy","Antonym"
"third grade","300378","earthquake","Listening"
"company","300379","community","ChoicesJaEn"
"company","300379","community","Listening"
"company","300381","government","ChoicesJaEn"
"grown-up","300383","adult","Synonym"
"pick A up at B","300384","show A around B","ChoicesJaEn"
"give A B","300384","show A around B","ChoicesJaEn"
"explain B to A","300384","show A around B","ChoicesJaEn"
"go around B","300384","show A around B","Listening"
"look around B","300384","show A around B","Listening"
"walk around B","300384","show A around B","Listening"
"guide","300384","show A around B","Synonym"
"jester","300385","gesture","Listening"
"reader","300386","recent","Listening"
"cleaned","300387","pleased","Listening"
"played","300387","pleased","Listening"
"started","300388","satisfied","Listening"
"dissatisfied","300388","satisfied","Antonym"
"complete","300389","complex","Listening"
"stole","300390","stone","Listening"
"weighty","300392","heavy","Synonym"
"unclear","300393","confusing","Synonym"
"promise","300394","effort","ChoicesJaEn"
"enter","300394","effort","Listening"
"crazy","300395","lazy","Listening"
"hard-working","300395","lazy","Antonym"
"should do","300396","be able to do","ChoicesJaEn"
"must not do","300396","be able to do","ChoicesJaEn"
"be ready to do","300396","be able to do","Listening"
"be likely to do","300396","be able to do","Listening"
"be afraid to do","300396","be able to do","Listening"
"choose ~","300397","include ~","ChoicesJaEn"
"carry ~","300397","include ~","ChoicesJaEn"
"collect ~","300397","include ~","ChoicesJaEn"
"compare ~","300397","include ~","ChoicesJaEn"
"increase ~","300397","include ~","Listening"
"invite ~","300397","include ~","Listening"
"improve ~","300397","include ~","Listening"
"introduce ~","300397","include ~","Listening"
"need ~","300398","be interested in ~","ChoicesJaEn"
"clean up ~","300399","run out of ~","ChoicesJaEn"
"bring back ~","300399","run out of ~","ChoicesJaEn"
"give up ~","300399","run out of ~","ChoicesJaEn"
"get out of ~","300399","run out of ~","Listening"
"come out of ~","300399","run out of ~","Listening"
"stay out of ~","300399","run out of ~","Listening"
"go out of ~","300399","run out of ~","Listening"
"men","300400","mean","Listening"
"stand for","300400","mean","Synonym"
"feel like ~","300401","sound like ~","ChoicesJaEn"
"taste like ~","300401","sound like ~","ChoicesJaEn"
"smell like ~","300401","sound like ~","ChoicesJaEn"
"feel like ~","300401","sound like ~","Listening"
"sound good","300401","sound like ~","Listening"
"sounds right","300401","sound like ~","Listening"
"wine","300402","wise","Listening"
"reach","300403","rich","Listening"
"witch","300403","rich","Listening"
"be in a hurry","300405","be in trouble","ChoicesJaEn"
"be tired","300405","be in trouble","ChoicesJaEn"
"be ready","300405","be in trouble","ChoicesJaEn"
"be in a good mood","300405","be in trouble","ChoicesJaEn"
"be in a hurry","300405","be in trouble","Listening"
"be on time","300405","be in trouble","Listening"
"be in danger","300405","be in trouble","Listening"
"be in charge","300405","be in trouble","Listening"
"in difficulty","300405","be in trouble","Synonym"
"carried","300406","married","Listening"
"merry","300406","married","Listening"
"promise","300408","advice","ChoicesJaEn"
"promise","300409","secret","ChoicesJaEn"
"worthless","300413","precious","Antonym"
"push ~","300415","knock on ~","ChoicesJaEn"
"pull ~","300415","knock on ~","ChoicesJaEn"
"open ~","300415","knock on ~","ChoicesJaEn"
"close ~","300415","knock on ~","ChoicesJaEn"
"lock up ~","300415","knock on ~","Listening"
"knock down ~","300415","knock on ~","Listening"
"walk on ~","300415","knock on ~","Listening"
"escape from ~","300416","crash into ~","ChoicesJaEn"
"pass ~","300416","crash into ~","ChoicesJaEn"
"go past ~","300416","crash into ~","ChoicesJaEn"
"rush into ~","300416","crash into ~","Listening"
"come into ~","300416","crash into ~","Listening"
"cross over ~","300416","crash into ~","Listening"
"crush ~","300416","crash into ~","Listening"
"hit","300416","crash into ~","Synonym"
"tie","300417","type","Listening"
"contact","300418","contain","Listening"
"include","300418","contain","Synonym"
"bucket","300419","basket","Listening"
"fog","300420","steam","ChoicesJaEn"
"death","300422","depth","Listening"
"template","300424","temperature","Listening"
"state","300425","condition","Synonym"
"lent","300426","length","Listening"
"speed","300427","amount","ChoicesJaEn"
"promise","300430","instruction","ChoicesJaEn"
"intersection","300430","instruction","Listening"
"wish","300431","width","Listening"
"open","300432","ocean","Listening"
"order","300432","ocean","Listening"
"inside","300433","injure","Listening"
"invite","300433","injure","Listening"
"forgive","300434","punish","ChoicesJaEn"
"invite","300434","punish","ChoicesJaEn"
"forgive","300434","punish","Antonym"
"manage","300435","damage","Listening"
"ache","300436","pain","Synonym"
"I'm tired.","300437","I'm ready.","ChoicesJaEn"
"I'm busy.","300437","I'm ready.","ChoicesJaEn"
"I'm hungry.","300437","I'm ready.","ChoicesJaEn"
"I'm worried.","300437","I'm ready.","ChoicesJaEn"
"I'm sleepy.","300437","I'm ready.","Listening"
"I'm happy.","300437","I'm ready.","Listening"
"I'm busy.","300437","I'm ready.","Listening"
"I'll help you.","300438","I'll call you.","ChoicesJaEn"
"I'll wait for you.","300438","I'll call you.","ChoicesJaEn"
"I'll visit you.","300438","I'll call you.","ChoicesJaEn"
"I'll write to you.","300438","I'll call you.","ChoicesJaEn"
"I'll tell you.","300438","I'll call you.","Listening"
"I'll meet you.","300438","I'll call you.","Listening"
"I'll help you.","300438","I'll call you.","Listening"
"I'll see you.","300438","I'll call you.","Listening"
"met","300439","melt","Listening"
"mind","300439","melt","Listening"
"pastor","300440","passport","Listening"
"promise","300441","suggestion","ChoicesJaEn"
"after","300442","unless","ChoicesJaEn"
"before","300442","unless","ChoicesJaEn"
"until","300442","unless","Listening"
"if not","300442","unless","Synonym"
"if not","300443","otherwise","Synonym"
"after","300444","whether","ChoicesJaEn"
"decease","300445","disease","Listening"
"drawing","300446","photo","ChoicesJaEn"
"in the store","300447","in the park","ChoicesJaEn"
"in the dark","300447","in the park","Listening"
"in the yard","300447","in the park","Listening"
"in the room","300447","in the park","Listening"
"in the car","300447","in the park","Listening"
"although ~","300448","if ~","ChoicesJaEn"
"because ~","300448","if ~","ChoicesJaEn"
"while ~","300448","if ~","ChoicesJaEn"
"even if ~","300448","if ~","Listening"
"as if ~","300448","if ~","Listening"
"only if ~","300448","if ~","Listening"
"unless ~","300448","if ~","Listening"
"behind ~","300450","among ~","ChoicesJaEn"
"near ~","300450","among ~","ChoicesJaEn"
"above ~","300450","among ~","ChoicesJaEn"
"along ~","300450","among ~","Listening"
"around ~","300450","among ~","Listening"
"under ~","300451","between A and B","ChoicesJaEn"
"behind ~","300451","between A and B","ChoicesJaEn"
"near ~","300451","between A and B","ChoicesJaEn"
"beside ~","300451","between A and B","Listening"
"behind ~","300451","between A and B","Listening"
"below ~","300451","between A and B","Listening"
"inside","300452","instead","Listening"
"one another","300453","one after another","Listening"
"all together","300453","one after another","Listening"
"on the way","300453","one after another","Listening"
"one by one","300453","one after another","Synonym"
"surely","300454","after all","ChoicesJaEn"
"in the end","300454","after all","Synonym"
"in the afternoon","300456","in the morning","ChoicesJaEn"
"in the evening","300456","in the morning","ChoicesJaEn"
"at night","300456","in the morning","ChoicesJaEn"
"at noon","300456","in the morning","ChoicesJaEn"
"in the evening","300456","in the morning","Listening"
"in the garden","300456","in the morning","Listening"
"in the kitchen","300456","in the morning","Listening"
"in the station","300456","in the morning","Listening"
"at the beginning of ~","300457","at the end of ~","ChoicesJaEn"
"in the middle of ~","300457","at the end of ~","ChoicesJaEn"
"at the top of ~","300457","at the end of ~","Listening"
"at the back of ~","300457","at the end of ~","Listening"
"at the side of ~","300457","at the end of ~","Listening"
"at the front of ~","300457","at the end of ~","Listening"
"promise","300458","message","ChoicesJaEn"
"massage","300458","message","Listening"
"manage","300458","message","Listening"
"note","300458","message","Synonym"
"ask A about B","300459","let A know B","ChoicesJaEn"
"borrow B from A","300459","let A know B","ChoicesJaEn"
"send A B","300459","let A know B","ChoicesJaEn"
"let A go","300459","let A know B","Listening"
"ask A for B","300459","let A know B","Listening"
"inside","300460","inside out","Listening"
"right side out","300460","inside out","Antonym"
"outside ~","300461","within ~","ChoicesJaEn"
"above ~","300461","within ~","ChoicesJaEn"
"below ~","300461","within ~","ChoicesJaEn"
"near ~","300461","within ~","ChoicesJaEn"
"between ~","300461","within ~","Listening"
"behind ~","300461","within ~","Listening"
"beside ~","300461","within ~","Listening"
"inside","300461","within ~","Synonym"
"thought","300462","throat","Listening"
"thread","300462","throat","Listening"
"insects","300463","indoors","Listening"
"windows","300463","indoors","Listening"
"indian","300463","indoors","Listening"
"inside","300463","indoors","Synonym"
"be ready to do","300464","be sure to do","Listening"
"be likely to do","300464","be sure to do","Listening"
"be afraid to do","300464","be sure to do","Listening"
"remember to","300464","be sure to do","Synonym"
"cheerful","300465","smart","ChoicesJaEn"
"stupid","300465","smart","Antonym"
"Sit down.","300466","Let's go.","ChoicesJaEn"
"Look.","300466","Let's go.","ChoicesJaEn"
"Wait.","300466","Let's go.","ChoicesJaEn"
"Hurry.","300466","Let's go.","ChoicesJaEn"
"Let's eat.","300466","Let's go.","Listening"
"Let's play.","300466","Let's go.","Listening"
"Let's read.","300466","Let's go.","Listening"
"Let's sing.","300466","Let's go.","Listening"
"Be careful.","300467","That's not a problem.","ChoicesJaEn"
"Hurry up.","300467","That's not a problem.","ChoicesJaEn"
"Is that true?","300467","That's not a problem.","ChoicesJaEn"
"I don't know.","300467","That's not a problem.","ChoicesJaEn"
"That's not the answer.","300467","That's not a problem.","Listening"
"That's a big problem.","300467","That's not a problem.","Listening"
"That is my problem.","300467","That's not a problem.","Listening"
"That's a nice present.","300467","That's not a problem.","Listening"
"It's okay.","300467","That's not a problem.","Synonym"
"Good morning.","300468","No problem.","ChoicesJaEn"
"Be careful.","300468","No problem.","ChoicesJaEn"
"I don't know.","300468","No problem.","ChoicesJaEn"
"No promise.","300468","No problem.","Listening"
"No practice.","300468","No problem.","Listening"
"My problem.","300468","No problem.","Listening"
"No coffee.","300468","No problem.","Listening"
"protect","300469","product","Listening"
"promise","300469","product","Listening"
"practice ~","300470","take part in ~","ChoicesJaEn"
"explain ~","300470","take part in ~","ChoicesJaEn"
"choose ~","300470","take part in ~","ChoicesJaEn"
"carry ~","300470","take part in ~","ChoicesJaEn"
"take out ~","300470","take part in ~","Listening"
"take turns","300470","take part in ~","Listening"
"separate A from B","300471","connect A to B","ChoicesJaEn"
"change A into B","300471","connect A to B","ChoicesJaEn"
"contact A about B","300471","connect A to B","Listening"
"send A to B","300471","connect A to B","Listening"
"start ~","300475","carry on with ~","ChoicesJaEn"
"choose ~","300475","carry on with ~","ChoicesJaEn"
"collect ~","300475","carry on with ~","ChoicesJaEn"
"come up with ~","300475","carry on with ~","Listening"
"catch up with ~","300475","carry on with ~","Listening"
"get along with ~","300475","carry on with ~","Listening"
"contact","300476","continue","Listening"
"keep doing ~","300476","continue","Synonym"
"go on doing ~","300476","continue","Synonym"
"attack A with B","300477","protect A from B","ChoicesJaEn"
"send A to B","300477","protect A from B","ChoicesJaEn"
"change A into B","300477","protect A from B","ChoicesJaEn"
"prevent A from doing","300477","protect A from B","Listening"
"separate A from B","300477","protect A from B","Listening"
"borrow A from B","300477","protect A from B","Listening"
"hide A from B","300477","protect A from B","Listening"
"knight","300478","princess","ChoicesJaEn"
"knight","300479","prince","ChoicesJaEn"
"prints","300479","prince","Listening"
"plants","300479","prince","Listening"
"be satisfied with ~","300481","be familiar with ~","ChoicesJaEn"
"be similar to ~","300481","be familiar with ~","Listening"
"be popular with ~","300481","be familiar with ~","Listening"
"be careful with ~","300481","be familiar with ~","Listening"
"be satisfied with ~","300482","be aware of ~","ChoicesJaEn"
"be sure of ~","300482","be aware of ~","Listening"
"know about ~","300482","be aware of ~","Synonym"
"be unaware of ~","300482","be aware of ~","Antonym"
"be sorry for ~","300483","be famous for ~","Listening"
"be careful about ~","300483","be famous for ~","Listening"
"be known for ~","300483","be famous for ~","Listening"
"be known for","300483","be famous for ~","Synonym"
"inland","300485","island","Listening"
"Ireland","300485","island","Listening"
"eyelid","300485","island","Listening"
"iceberg","300485","island","Listening"
"filled","300487","field","Listening"
"golden","300488","German","Listening"
"Italian","300489","Spanish","ChoicesJaEn"
"least","300490","most","Antonym"
"peanut","300494","period","Listening"
"ask A to do","300495","allow A to do","ChoicesJaEn"
"stop A from doing","300495","allow A to do","ChoicesJaEn"
"order A to do","300495","allow A to do","ChoicesJaEn"
"help A do","300495","allow A to do","ChoicesJaEn"
"ask A to do","300495","allow A to do","Listening"
"tell A to do","300495","allow A to do","Listening"
"want A to do","300495","allow A to do","Listening"
"help A do","300495","allow A to do","Listening"
"forbid A from doing","300495","allow A to do","Antonym"
"alligator","300496","elevator","Listening"
"open","300497","raise","ChoicesJaEn"
"starlight","300498","sunlight","Listening"
"change A into B","300499","prefer A to B","ChoicesJaEn"
"mix A with B","300499","prefer A to B","ChoicesJaEn"
"show A to B","300499","prefer A to B","ChoicesJaEn"
"prepare A for B","300499","prefer A to B","Listening"
"offer A to B","300499","prefer A to B","Listening"
"bring A to B","300499","prefer A to B","Listening"
"order","300500","border","Listening"
"boulder","300500","border","Listening"
"builder","300500","border","Listening"
"fog","300501","ray","ChoicesJaEn"
"gratefully","300502","gradually","Listening"
"ankle","300506","animal","Listening"
"behind you","300508","in front of you","ChoicesJaEn"
"near you","300508","in front of you","ChoicesJaEn"
"to your left","300508","in front of you","ChoicesJaEn"
"to your right","300508","in front of you","ChoicesJaEn"
"in back of you","300508","in front of you","Listening"
"in front of me","300508","in front of you","Listening"
"in front of us","300508","in front of you","Listening"
"in front of it","300508","in front of you","Listening"
"behind you","300508","in front of you","Antonym"
"behind you","300509","on your left","ChoicesJaEn"
"near you","300509","on your left","ChoicesJaEn"
"in your bag","300509","on your left","Listening"
"under the desk","300509","on your left","Listening"
"near the door","300509","on your left","Listening"
"behind you","300510","on your right","ChoicesJaEn"
"near you","300510","on your right","ChoicesJaEn"
"in your room","300510","on your right","Listening"
"under the chair","300510","on your right","Listening"
"near the park","300510","on your right","Listening"
"for a day","300511","far away","Listening"
"find a way","300511","far away","Listening"
"from school","300511","far away","Listening"
"a long way away","300511","far away","Synonym"
"Germany","300513","journey","Listening"
"jungle","300513","journey","Listening"
"gloves","300514","suit","ChoicesJaEn"
"invite","300516","respect","ChoicesJaEn"
"share","300516","respect","ChoicesJaEn"
"far from home","300517","face to face","Listening"
"take your time","300517","face to face","Listening"
"day by day","300517","face to face","Listening"
"in person","300517","face to face","Synonym"
"delete","300518","defeat","Listening"
"lose to","300518","defeat","Antonym"
"rosy","300520","noisy","Listening"
"volley","300521","valley","Listening"
"vanilla","300521","valley","Listening"
"jeep","300522","cheap","Listening"
"inexpensive","300522","cheap","Synonym"
"kindly","300523","quietly","Listening"
"lightly","300523","quietly","Listening"
"silently","300523","quietly","Synonym"
"baton","300524","bottom","Listening"
"gotten","300524","bottom","Listening"
"divide","300525","device","Listening"
"clothing","300526","equipment","ChoicesJaEn"
"comical","300527","chemical","Listening"
"capitals","300529","capital","Listening"
"take B out of A","300532","fill A with B","ChoicesJaEn"
"change A into B","300532","fill A with B","ChoicesJaEn"
"mix A with B","300532","fill A with B","Listening"
"protect","300533","produce","Listening"
"promise","300533","produce","Listening"
"turn ~ up","300536","turn ~ down","ChoicesJaEn"
"turn ~ on","300536","turn ~ down","ChoicesJaEn"
"turn ~ off","300536","turn ~ down","ChoicesJaEn"
"turn ~ up","300536","turn ~ down","Listening"
"turn ~ on","300536","turn ~ down","Listening"
"take ~ down","300536","turn ~ down","Listening"
"lower the volume","300536","turn ~ down","Synonym"
"turn it up","300536","turn ~ down","Antonym"
"explain A to B","300537","introduce A to B","ChoicesJaEn"
"send A to B","300537","introduce A to B","Listening"
"show A to B","300537","introduce A to B","Listening"
"bring A to B","300537","introduce A to B","Listening"
"invite","300538","invent","Listening"
"inside","300538","invent","Listening"
"ask A about B","300540","remind A about B","ChoicesJaEn"
"send A B","300540","remind A about B","ChoicesJaEn"
"borrow B from A","300540","remind A about B","ChoicesJaEn"
"ask A about B","300540","remind A about B","Listening"
"teach A about B","300540","remind A about B","Listening"
"include","300541","improve","Listening"
"invite","300541","improve","Listening"
"make better","300541","improve","Synonym"
"worsen","300541","improve","Antonym"
"anger","300544","engineer","Listening"
"inviting","300545","exciting","Listening"
"thrilling","300545","exciting","Synonym"
"trying","300547","tiring","Listening"
"timing","300547","tiring","Listening"
"painter","300548","actor","ChoicesJaEn"
"after","300548","actor","Listening"
"mile","300549","male","Listening"
"until now","300551","for a long time","ChoicesJaEn"
"for a short time","300551","for a long time","Listening"
"from time to time","300551","for a long time","Listening"
"all the time","300551","for a long time","Listening"
"for a short time","300551","for a long time","Antonym"
"crown","300552","crowd","Listening"
"waiting","300555","wedding","Listening"
"reading","300555","wedding","Listening"
"heading","300555","wedding","Listening"
"waving","300555","wedding","Listening"
"hood","300556","wood","Listening"
"almost","300558","at most","Listening"
"a lot","300558","at most","Listening"
"no more than","300558","at most","Synonym"
"impolite","300561","important","Listening"
"unimportant","300561","important","Antonym"
"promise","300567","memory","ChoicesJaEn"
"merry","300567","memory","Listening"
"a list","300568","at least","Listening"
"promise","300569","error","ChoicesJaEn"
"arrow","300569","error","Listening"
"celery","300571","salary","Listening"
"gallery","300571","salary","Listening"
"promise","300572","profit","Listening"
"boss","300573","loss","Listening"
"tack","300574","tax","Listening"
"text","300574","tax","Listening"
"spaceship","300575","satellite","ChoicesJaEn"
"smaller","300576","larger","ChoicesJaEn"
"longer","300576","larger","ChoicesJaEn"
"higher","300576","larger","ChoicesJaEn"
"longer","300576","larger","Listening"
"smaller","300576","larger","Antonym"
"faster","300577","harder","ChoicesJaEn"
"higher","300577","harder","ChoicesJaEn"
"holder","300577","harder","Listening"
"order","300577","harder","Listening"
"faster","300578","better","ChoicesJaEn"
"stronger","300578","better","ChoicesJaEn"
"higher","300578","better","ChoicesJaEn"
"excitedly","300580","especially","Listening"
"particularly","300580","especially","Synonym"
"steering wheel","300583","engine","ChoicesJaEn"
"tire","300583","engine","ChoicesJaEn"
"angel","300583","engine","Listening"
"share","300584","shake","Listening"
"shave","300584","shake","Listening"
"go slowly","300585","go straight","Listening"
"go outside","300585","go straight","Listening"
"go upstairs","300585","go straight","Listening"
"go by train","300585","go straight","Listening"
"net","300587","nod","Listening"
"thickly","300591","quickly","Listening"
"kindly","300591","quickly","Listening"
"actual","300592","active","Listening"
"attic","300592","active","Listening"
"energetic","300592","active","Synonym"
"inactive","300592","active","Antonym"
"behind ~","300593","toward ~","ChoicesJaEn"
"near ~","300593","toward ~","ChoicesJaEn"
"in ~","300593","toward ~","ChoicesJaEn"
"on ~","300593","toward ~","ChoicesJaEn"
"around ~","300593","toward ~","Listening"
"calculator","300594","escalator","Listening"
"alligator","300594","escalator","Listening"
"contact","300596","concert","Listening"
"promise","300597","rule","ChoicesJaEn"
"needed","300598","necessary","Synonym"
"total","300599","title","Listening"
"encouragement","300603","environment","Listening"
"enjoyment","300603","environment","Listening"
"total","300604","local","Listening"
"lightly","300605","lately","Listening"
"caller","300606","collar","Listening"
"stand by me","300608","side by side","Listening"
"sunny day","300608","side by side","Listening"
"by the sea","300608","side by side","Listening"
"freshly","300609","friendly","Listening"
"unfriendly","300609","friendly","Antonym"
"sadly","300611","safely","Listening"
"dangerously","300611","safely","Antonym"
"cheerful","300613","brave","ChoicesJaEn"
"courageous","300613","brave","Synonym"
"cowardly","300613","brave","Antonym"
"dock","300614","dark","Listening"
"dim","300614","dark","Synonym"
"insufficient","300616","enough","Antonym"
"fancy","300617","plain","ChoicesJaEn"
"fancy","300617","plain","Antonym"
"siren","300619","silent","Listening"
"violet","300619","silent","Listening"
"fool","300621","full","Listening"
"peas","300622","peace","Listening"
"purse","300622","peace","Listening"
"did","300624","dead","Listening"
"nobody","300625","nothing","ChoicesJaEn"
"somewhere","300625","nothing","ChoicesJaEn"
"noting","300625","nothing","Listening"
"nodding","300625","nothing","Listening"
"a line","300627","alive","Listening"
"follow","300628","shallow","Listening"
"fill","300629","fail","Listening"
"promise","300630","failure","ChoicesJaEn"
"born","300632","boring","Listening"
"with ~","300633","without ~","ChoicesJaEn"
"under ~","300633","without ~","ChoicesJaEn"
"with ~","300633","without ~","Listening"
"under ~","300633","without ~","Listening"
"near ~","300634","except ~","ChoicesJaEn"
"for ~","300634","except ~","ChoicesJaEn"
"expect ~","300634","except ~","Listening"
"accept ~","300634","except ~","Listening"
"beside ~","300634","except ~","Listening"
"fill","300636","few","Listening"
"not many","300636","few","Synonym"
"spatial","300637","special","Listening"
"cheerful","300639","rude","ChoicesJaEn"
"impolite","300639","rude","Synonym"
"be similar to ~","300640","be different from ~","ChoicesJaEn"
"be similar to ~","300640","be different from ~","Listening"
"be the same as","300640","be different from ~","Antonym"
"lively","300641","dull","ChoicesJaEn"
"a week","300642","awake","Listening"
"tin","300644","thin","Listening"
"tick","300645","thick","Listening"
"the other","300646","neither","ChoicesJaEn"
"relaxed","300647","confused","ChoicesJaEn"
"complete","300647","confused","Listening"
"puzzled","300647","confused","Synonym"
"fearless","300648","careless","Listening"
"some more ~","300650","no more ~","Listening"
"many more ~","300650","no more ~","Listening"
"once more","300650","no more ~","Listening"
"not yet","300650","no more ~","Listening"
"worst","300653","best","ChoicesJaEn"
"vest","300653","best","Listening"
"worst","300653","best","Antonym"
"be careful with ~","300655","be busy with ~","Listening"
"decide to do","300656","happen to do","ChoicesJaEn"
"forget to do","300656","happen to do","ChoicesJaEn"
"hope to do","300656","happen to do","Listening"
"hurry to do","300656","happen to do","Listening"
"plan to do","300656","happen to do","Listening"
"additional","300660","traditional","Listening"
"at a store","300662","online","ChoicesJaEn"
"open","300662","online","Listening"
"offline","300662","online","Antonym"
"sentry","300664","century","Listening"
"peninsula","300666","continent","ChoicesJaEn"
"jungle","300667","single","Listening"
"the other","300668","either","ChoicesJaEn"
"inside","300669","individual","Listening"
"twice","300670","once","ChoicesJaEn"
"wants","300670","once","Listening"
"won","300670","once","Listening"
"speed","300672","spread","Listening"
"pupil","300673","public","Listening"
"promise","300674","chance","ChoicesJaEn"
"with ~","300675","against ~","ChoicesJaEn"
"near ~","300675","against ~","ChoicesJaEn"
"along ~","300675","against ~","Listening"
"around ~","300675","against ~","Listening"
"beside ~","300675","against ~","Listening"
"parrot","300676","carrot","Listening"
"cabin","300676","carrot","Listening"
"inside","300678","outdoors","ChoicesJaEn"
"playgroup","300679","playground","Listening"
"playtime","300679","playground","Listening"
"playhouse","300679","playground","Listening"
"west side","300680","website","Listening"
"webpage","300680","website","Listening"
"backache","300681","stomachache","Listening"
"stomach pain","300681","stomachache","Synonym"
"heartache","300682","headache","Listening"
"handbag","300682","headache","Listening"
"hotcake","300682","headache","Listening"
"madam","300685","magazine","Listening"
"business card","300686","receipt","ChoicesJaEn"
"total","300690","percent","ChoicesJaEn"
"wink","300692","wing","Listening"
"hottest","300693","hostess","Listening"
"guide","300694","host","ChoicesJaEn"
"MC","300694","host","Synonym"
"be doing","300695","used to do","ChoicesJaEn"
"will do","300695","used to do","ChoicesJaEn"
"use ~ to do","300695","used to do","Listening"
"plan to do","300695","used to do","Listening"
"began","300696","become","Listening"
"before","300696","become","Listening"
"forty","300699","forget","Listening"
"open","300701","learn","ChoicesJaEn"
"Asian","300708","European","ChoicesJaEn"
"African","300708","European","ChoicesJaEn"
"Italian","300708","European","Listening"
"Indian","300708","European","Listening"
"promise","300710","meeting","ChoicesJaEn"
"eating","300710","meeting","Listening"
"reading","300710","meeting","Listening"
"sleeping","300710","meeting","Listening"
"greeting","300710","meeting","Listening"
"painter","300711","audience","ChoicesJaEn"
"guide","300712","volunteer","ChoicesJaEn"
"walk home","300713","work well","Listening"
"wash hands","300713","work well","Listening"
"ally","300716","enemy","ChoicesJaEn"
"reader","300718","editor","ChoicesJaEn"
"painter","300718","editor","ChoicesJaEn"
"guide","300719","visitor","ChoicesJaEn"
"guide","300723","passenger","ChoicesJaEn"
"painter","300724","cashier","ChoicesJaEn"
"cushion","300724","cashier","Listening"
"painter","300725","photographer","ChoicesJaEn"
"painter","300726","writer","ChoicesJaEn"
"rider","300726","writer","Listening"
"promise","300727","habit","ChoicesJaEn"
"helmet","300727","habit","Listening"
"magic","300729","imagine","Listening"
"invite","300729","imagine","Listening"
"drawing","300730","photograph","ChoicesJaEn"
"phone number","300733","address","ChoicesJaEn"
"room number","300733","address","ChoicesJaEn"
"across","300733","address","Listening"
"gallery","300735","planetarium","ChoicesJaEn"
"promise","300737","schedule","ChoicesJaEn"
"airmail","300738","airline","Listening"
"birth","300739","earth","Listening"
"crab","300742","crop","Listening"
"visitors","300743","vegetables","Listening"
"vests","300743","vegetables","Listening"
"greeting card","300744","credit card","Listening"
"pretty hard","300744","credit card","Listening"
"hang up","300746","call ~ back","ChoicesJaEn"
"answer the phone","300746","call ~ back","ChoicesJaEn"
"send a message","300746","call ~ back","ChoicesJaEn"
"talk back","300746","call ~ back","Listening"
"fall back","300746","call ~ back","Listening"
"heat","300750","electricity","ChoicesJaEn"
"speed","300751","strength","ChoicesJaEn"
"heat","300751","strength","ChoicesJaEn"
"lunar","300752","solar","ChoicesJaEn"
"soda","300752","solar","Listening"
"seller","300752","solar","Listening"
"false","300753","force","Listening"
"enter","300755","energy","Listening"
"reading","300756","ready","Listening"
"prepared","300756","ready","Synonym"
"lightly","300761","likely","Listening"
"lively","300761","likely","Listening"
"weekly","300762","unlikely","Listening"
"promise","300763","matter","ChoicesJaEn"
"protect","300765","defend","Synonym"
"open","300766","press","ChoicesJaEn"
"pick up","300769","throw away","ChoicesJaEn"
"open","300769","throw away","ChoicesJaEn"
"throw up","300769","throw away","Listening"
"go away","300769","throw away","Listening"
"put away","300769","throw away","Listening"
"subtract","300770","add","ChoicesJaEn"
"subtract","300770","add","Antonym"
"dig up","300773","bury","Antonym"
"promise","300774","mystery","ChoicesJaEn"
"misty","300774","mystery","Listening"
"truck","300776","track","Listening"
"teach ~","300777","bring ~ up","ChoicesJaEn"
"help ~","300777","bring ~ up","ChoicesJaEn"
"call ~","300777","bring ~ up","ChoicesJaEn"
"send ~","300777","bring ~ up","ChoicesJaEn"
"state","300779","stage","Listening"
"allow","300780","arrive","Listening"
"agree","300780","arrive","Listening"
"reach","300780","arrive","Synonym"
"promise","300781","truth","ChoicesJaEn"
"truck","300781","truth","Listening"
"through","300781","truth","Listening"
"be worried that ~","300782","be aware that ~","ChoicesJaEn"
"be sure that ~","300782","be aware that ~","ChoicesJaEn"
"forget that ~","300782","be aware that ~","ChoicesJaEn"
"hope that ~","300782","be aware that ~","ChoicesJaEn"
"be afraid that ~","300782","be aware that ~","Listening"
"be sure that ~","300782","be aware that ~","Listening"
"be surprised that ~","300782","be aware that ~","Listening"
"know that ~","300782","be aware that ~","Synonym"
"visit ~","300784","hear from ~","ChoicesJaEn"
"help ~","300784","hear from ~","ChoicesJaEn"
"meet ~","300784","hear from ~","ChoicesJaEn"
"hear of ~","300784","hear from ~","Listening"
"care for ~","300784","hear from ~","Listening"
"get a message from ~","300784","hear from ~","Synonym"
"total","300786","discount","ChoicesJaEn"
"discuss","300786","discount","Listening"
"discounted","300786","discount","Listening"
"full price","300786","discount","Antonym"
"the United Kingdom","300787","the United States","Listening"
"United","300787","the United States","Listening"
"state","300787","the United States","Listening"
"flashy","300790","casual","ChoicesJaEn"
"candle","300790","casual","Listening"
"relaxed","300790","casual","Synonym"
"get up early","300791","stay up late","ChoicesJaEn"
"stand up straight","300791","stay up late","Listening"
"wake up early","300791","stay up late","Listening"
"take a break","300791","stay up late","Listening"
"say it again","300791","stay up late","Listening"
"go to bed early","300791","stay up late","Antonym"
"send a letter","300793","write back soon","ChoicesJaEn"
"make a call","300793","write back soon","ChoicesJaEn"
"come and see","300793","write back soon","ChoicesJaEn"
"come back soon","300793","write back soon","Listening"
"call back soon","300793","write back soon","Listening"
"write it down","300793","write back soon","Listening"
"right after school","300793","write back soon","Listening"
"promise","300794","news","ChoicesJaEn"
"carry ~","300795","ask for ~","ChoicesJaEn"
"choose ~","300795","ask for ~","ChoicesJaEn"
"close ~","300795","ask for ~","ChoicesJaEn"
"collect ~","300795","ask for ~","ChoicesJaEn"
"care for ~","300795","ask for ~","Listening"
"pay for ~","300795","ask for ~","Listening"
"at night","300797","at once","Listening"
"at lunch","300797","at once","Listening"
"inside","300798","immediately","Listening"
"anger","300799","danger","Listening"
"ranger","300799","danger","Listening"
"lab","300800","laboratory","Synonym"
"couch","300804","countryside","Listening"
"crown","300804","countryside","Listening"
"in a house","300805","in a hurry","Listening"
"in a hall","300805","in a hurry","Listening"
"in a hand","300805","in a hurry","Listening"
"in a hat","300805","in a hurry","Listening"
"lovely","300806","lonely","Listening"
"longly","300806","lonely","Listening"
"lowly","300806","lonely","Listening"
"kitty","300807","pity","Listening"
"thought","300809","though","Listening"
"through","300809","though","Listening"
"those","300809","though","Listening"
"protect","300811","rescue","ChoicesJaEn"
"risky","300811","rescue","Listening"
"write down","300812","record","Synonym"
"invite","300813","praise","ChoicesJaEn"
"plays","300813","praise","Listening"
"invite","300814","greet","ChoicesJaEn"
"praise A","300816","blame A for B","ChoicesJaEn"
"forgive A","300816","blame A for B","ChoicesJaEn"
"support A","300816","blame A for B","ChoicesJaEn"
"trust A","300816","blame A for B","ChoicesJaEn"
"praise A for B","300816","blame A for B","Listening"
"thank A for B","300816","blame A for B","Listening"
"ask A about B","300816","blame A for B","Listening"
"refuse A","300817","recommend A to B","ChoicesJaEn"
"choose A","300817","recommend A to B","ChoicesJaEn"
"fix A","300817","recommend A to B","ChoicesJaEn"
"ask A","300817","recommend A to B","ChoicesJaEn"
"send A to B","300817","recommend A to B","Listening"
"show A to B","300817","recommend A to B","Listening"
"explain A to B","300817","recommend A to B","Listening"
"suggest","300817","recommend A to B","Synonym"
"explain ~","300819","disagree with ~","ChoicesJaEn"
"practice ~","300819","disagree with ~","ChoicesJaEn"
"discuss with ~","300819","disagree with ~","Listening"
"deal with ~","300819","disagree with ~","Listening"
"go with ~","300819","disagree with ~","Listening"
"agree","300819","disagree with ~","Antonym"
"say again","300820","repeat","Synonym"
"promise ~","300821","apologize for ~","ChoicesJaEn"
"invite ~","300821","apologize for ~","ChoicesJaEn"
"introduce ~","300821","apologize for ~","ChoicesJaEn"
"apply for ~","300821","apologize for ~","Listening"
"prepare for ~","300821","apologize for ~","Listening"
"say sorry","300821","apologize for ~","Synonym"
"protect","300822","pronounce","Listening"
"choose ~","300823","agree with ~","ChoicesJaEn"
"explain ~","300823","agree with ~","ChoicesJaEn"
"visit ~","300823","agree with ~","ChoicesJaEn"
"go with ~","300823","agree with ~","Listening"
"deal with ~","300823","agree with ~","Listening"
"disagree","300823","agree with ~","Antonym"
"except","300824","accept","Listening"
"ask ~","300825","promise to do","ChoicesJaEn"
"practice ~","300825","promise to do","ChoicesJaEn"
"invite ~","300825","promise to do","ChoicesJaEn"
"plan to do","300825","promise to do","Listening"
"prepare to do","300825","promise to do","Listening"
"prefer to do","300825","promise to do","Listening"
"try to do","300825","promise to do","Listening"
"relaxed","300826","nervous","ChoicesJaEn"
"magic","300829","monster","ChoicesJaEn"
"gloves","300830","uniform","ChoicesJaEn"
"unicorn","300830","uniform","Listening"
"criteria","300831","cafeteria","Listening"
"canteen","300831","cafeteria","Synonym"
"borrow ~","300833","look ~ up","ChoicesJaEn"
"choose ~","300833","look ~ up","ChoicesJaEn"
"carry ~","300833","look ~ up","ChoicesJaEn"
"collect ~","300833","look ~ up","ChoicesJaEn"
"put ~ up","300833","look ~ up","Listening"
"take ~ up","300833","look ~ up","Listening"
"give ~ up","300833","look ~ up","Listening"
"past","300834","password","Listening"
"helicopter","300836","telescope","Listening"
"injection","300837","x-ray","ChoicesJaEn"
"essay","300837","x-ray","Listening"
"novice","300838","notice","Listening"
"microphone","300839","microscope","Listening"
"Good morning.","300840","See you then.","ChoicesJaEn"
"Thank you.","300840","See you then.","ChoicesJaEn"
"Take care.","300840","See you then.","ChoicesJaEn"
"See you there.","300840","See you then.","Listening"
"See me then.","300840","See you then.","Listening"
"cannon","300841","common","Listening"
"fog","300843","storm","ChoicesJaEn"
"promise","300844","communication","ChoicesJaEn"
"horn","300845","claw","ChoicesJaEn"
"wolf","300846","wool","Listening"
"invite","300847","surprise","ChoicesJaEn"
"supplies","300847","surprise","Listening"
"believe ~","300848","be surprised at ~","ChoicesJaEn"
"choose ~","300848","be surprised at ~","ChoicesJaEn"
"be excited about ~","300848","be surprised at ~","Listening"
"index finger","300849","thumb","ChoicesJaEn"
"middle finger","300849","thumb","ChoicesJaEn"
"ring finger","300849","thumb","ChoicesJaEn"
"little finger","300849","thumb","ChoicesJaEn"
"thump","300849","thumb","Listening"
"invite ~","300851","cheer for ~","ChoicesJaEn"
"carry ~","300851","cheer for ~","ChoicesJaEn"
"choose ~","300851","cheer for ~","ChoicesJaEn"
"wash ~","300851","cheer for ~","ChoicesJaEn"
"care for ~","300851","cheer for ~","Listening"
"invite A","300855","guide A to B","ChoicesJaEn"
"help A","300855","guide A to B","ChoicesJaEn"
"wait for A","300855","guide A to B","ChoicesJaEn"
"carry A","300855","guide A to B","ChoicesJaEn"
"send A to B","300855","guide A to B","Listening"
"lead A to B","300855","guide A to B","Listening"
"take A from B","300855","guide A to B","Listening"
"lead","300855","guide A to B","Synonym"
"eagerness","300856","illness","Listening"
"invite","300856","illness","Listening"
"sickness","300856","illness","Synonym"
"etch","300857","edge","Listening"
"promise","300859","signal","ChoicesJaEn"
"Stand up.","300860","Have a seat.","ChoicesJaEn"
"Wait.","300860","Have a seat.","ChoicesJaEn"
"Come in.","300860","Have a seat.","ChoicesJaEn"
"Hurry.","300860","Have a seat.","ChoicesJaEn"
"Have a snack.","300860","Have a seat.","Listening"
"Take a seat.","300860","Have a seat.","Listening"
"Have a sip.","300860","Have a seat.","Listening"
"Have a map.","300860","Have a seat.","Listening"
"take a seat","300860","Have a seat.","Synonym"
"reach","300861","fit","ChoicesJaEn"
"hit","300861","fit","Listening"
"feet","300861","fit","Listening"
"fill","300861","fit","Listening"
"promise","300862","dream","ChoicesJaEn"
"inside","300864","insect","Listening"
"invite","300864","insect","Listening"
"manor","300866","minor","Listening"
"shot","300867","pill","ChoicesJaEn"
"pin","300867","pill","Listening"
"peel","300867","pill","Listening"
"fill","300867","pill","Listening"
"arrow","300869","narrow","Listening"
"stupid","300871","clever","Antonym"
"flag","300872","flat","Listening"
"sock","300873","silk","Listening"
"dishes","300874","furniture","ChoicesJaEn"
"clothing","300874","furniture","ChoicesJaEn"
"stationery","300874","furniture","ChoicesJaEn"
"tools","300874","furniture","ChoicesJaEn"
"jungle","300875","gentle","Listening"
"surround A with B","300878","cover A with B","ChoicesJaEn"
"color A with B","300878","cover A with B","Listening"
"be surrounded by ~","300879","be covered with ~","ChoicesJaEn"
"be connected to ~","300879","be covered with ~","ChoicesJaEn"
"be far from ~","300879","be covered with ~","ChoicesJaEn"
"be colored with ~","300879","be covered with ~","Listening"
"be close to ~","300879","be covered with ~","Listening"
"be compared with ~","300879","be covered with ~","Listening"
"speed","300882","distance","ChoicesJaEn"
"body","300885","soul","ChoicesJaEn"
"sold","300885","soul","Listening"
"witch","300886","ghost","ChoicesJaEn"
"goat","300886","ghost","Listening"
"collect A","300887","divide A into B","ChoicesJaEn"
"carry A","300887","divide A into B","ChoicesJaEn"
"choose A","300887","divide A into B","ChoicesJaEn"
"wash A","300887","divide A into B","ChoicesJaEn"
"decide on A","300887","divide A into B","Listening"
"design A for B","300887","divide A into B","Listening"
"deliver A to B","300887","divide A into B","Listening"
"describe A to B","300887","divide A into B","Listening"
"referee","300889","spectator","ChoicesJaEn"
"guide","300889","spectator","ChoicesJaEn"
"skater","300889","spectator","Listening"
"viewer","300889","spectator","Synonym"
"clean ~ up","300891","set ~ up","ChoicesJaEn"
"carry ~","300891","set ~ up","ChoicesJaEn"
"break ~","300891","set ~ up","ChoicesJaEn"
"choose ~","300891","set ~ up","ChoicesJaEn"
"send ~ out","300891","set ~ up","Listening"
"get out","300891","set ~ up","Listening"
"take down","300891","set ~ up","Antonym"
"citation","300892","situation","Listening"
"help ~","300893","keep in touch with ~","ChoicesJaEn"
"give up ~","300893","keep in touch with ~","ChoicesJaEn"
"be careful with ~","300893","keep in touch with ~","ChoicesJaEn"
"hurry ~","300893","keep in touch with ~","ChoicesJaEn"
"get in touch with ~","300893","keep in touch with ~","Listening"
"get along with ~","300893","keep in touch with ~","Listening"
"catch up with ~","300893","keep in touch with ~","Listening"
"play outside","300894","sick in bed","ChoicesJaEn"
"get up early","300894","sick in bed","ChoicesJaEn"
"sit in bed","300894","sick in bed","Listening"
"sleep in bed","300894","sick in bed","Listening"
"six in bed","300894","sick in bed","Listening"
"sick and sad","300894","sick in bed","Listening"
"pass ~","300897","keep up with ~","ChoicesJaEn"
"give up ~","300897","keep up with ~","ChoicesJaEn"
"clean ~ up","300897","keep up with ~","ChoicesJaEn"
"find ~","300897","keep up with ~","ChoicesJaEn"
"come up with ~","300897","keep up with ~","Listening"
"get along with ~","300897","keep up with ~","Listening"
"walk away from ~","300897","keep up with ~","Listening"
"borrow from ~","300898","rob ~","ChoicesJaEn"
"hide ~","300898","rob ~","ChoicesJaEn"
"carry ~","300898","rob ~","ChoicesJaEn"
"find ~","300898","rob ~","ChoicesJaEn"
"rub ~","300898","rob ~","Listening"
"rock ~","300898","rob ~","Listening"
"roll ~","300898","rob ~","Listening"
"drop ~","300898","rob ~","Listening"
"stampede","300899","stamp","Listening"
"flag","300901","statue","ChoicesJaEn"
"stayed","300901","statue","Listening"
"candle","300902","cancel","Listening"
"campus","300902","cancel","Listening"
"help A","300903","forgive A for B","ChoicesJaEn"
"believe A","300903","forgive A for B","ChoicesJaEn"
"invite A","300903","forgive A for B","ChoicesJaEn"
"choose A","300903","forgive A for B","ChoicesJaEn"
"thank A for B","300903","forgive A for B","Listening"
"ask A about B","300903","forgive A for B","Listening"
"line ~ up","300905","put ~ away","ChoicesJaEn"
"open ~","300905","put ~ away","ChoicesJaEn"
"show ~","300905","put ~ away","ChoicesJaEn"
"carry ~","300905","put ~ away","ChoicesJaEn"
"pull ~ away","300905","put ~ away","Listening"
"put ~ up","300905","put ~ away","Listening"
"push ~ away","300905","put ~ away","Listening"
"take ~ away","300905","put ~ away","Listening"
"geometry","300907","geography","Listening"
"science studies","300908","social studies","Listening"
"social science","300908","social studies","Listening"
"study hall","300908","social studies","Listening"
"science class","300908","social studies","Listening"
"toothpick","300909","topic","Listening"
"tonic","300909","topic","Listening"
"tropic","300909","topic","Listening"
"surely","300910","certainly","Synonym"
"open","300911","hang","ChoicesJaEn"
"add A to B","300913","subtract A from B","ChoicesJaEn"
"divide A by B","300913","subtract A from B","ChoicesJaEn"
"count A","300913","subtract A from B","ChoicesJaEn"
"add A to B","300913","subtract A from B","Listening"
"divide A by B","300913","subtract A from B","Listening"
"visit ~","300914","look after ~","ChoicesJaEn"
"help ~","300914","look after ~","ChoicesJaEn"
"run after ~","300914","look after ~","Listening"
"ask after ~","300914","look after ~","Listening"
"take care of","300914","look after ~","Synonym"
"rob","300916","steal","Synonym"
"explain ~","300917","discuss ~","ChoicesJaEn"
"choose ~","300917","discuss ~","ChoicesJaEn"
"practice ~","300917","discuss ~","ChoicesJaEn"
"invite ~","300917","discuss ~","ChoicesJaEn"
"discover ~","300917","discuss ~","Listening"
"describe ~","300917","discuss ~","Listening"
"dislike ~","300917","discuss ~","Listening"
"dismiss ~","300917","discuss ~","Listening"
"shout at ~","300918","chat with ~","ChoicesJaEn"
"answer ~","300918","chat with ~","ChoicesJaEn"
"move ~","300918","chat with ~","ChoicesJaEn"
"check with ~","300918","chat with ~","Listening"
"meet with ~","300918","chat with ~","Listening"
"collect ~","300919","communicate with ~","ChoicesJaEn"
"compare with ~","300919","communicate with ~","ChoicesJaEn"
"choose ~","300919","communicate with ~","ChoicesJaEn"
"count ~","300919","communicate with ~","ChoicesJaEn"
"compete with ~","300919","communicate with ~","Listening"
"compare with ~","300919","communicate with ~","Listening"
"connect with ~","300919","communicate with ~","Listening"
"cooperate with ~","300919","communicate with ~","Listening"
"share","300919","communicate with ~","Synonym"
"promise","300920","speech","ChoicesJaEn"
"speed","300920","speech","Listening"
"lip","300921","tongue","ChoicesJaEn"
"ton","300921","tongue","Listening"
"painter","300922","partner","Listening"
"promise","300923","report","ChoicesJaEn"
"explain B to A","300924","warn A about B","ChoicesJaEn"
"invite A","300924","warn A about B","ChoicesJaEn"
"practice with A","300924","warn A about B","ChoicesJaEn"
"repair A","300924","warn A about B","ChoicesJaEn"
"ask A about B","300924","warn A about B","Listening"
"teach A about B","300924","warn A about B","Listening"
"allow","300925","announce","Listening"
"cheerful","300926","honest","ChoicesJaEn"
"hottest","300926","honest","Listening"
"open","300926","honest","Listening"
"truthful","300926","honest","Synonym"
"dishonest","300926","honest","Antonym"
"smallest","300928","largest","ChoicesJaEn"
"longest","300928","largest","ChoicesJaEn"
"highest","300928","largest","ChoicesJaEn"
"newest","300928","largest","ChoicesJaEn"
"longest","300928","largest","Listening"
"hardest","300928","largest","Listening"
"latest","300928","largest","Listening"
"biggest","300928","largest","Synonym"
"smallest","300928","largest","Antonym"
"youngest","300929","oldest","ChoicesJaEn"
"tallest","300929","oldest","ChoicesJaEn"
"fastest","300929","oldest","ChoicesJaEn"
"strongest","300929","oldest","ChoicesJaEn"
"coldest","300929","oldest","Listening"
"boldest","300929","oldest","Listening"
"youngest","300929","oldest","Antonym"
"promise","300931","activity","ChoicesJaEn"
"choose ~","300932","wish for ~","ChoicesJaEn"
"count ~","300932","wish for ~","ChoicesJaEn"
"carry ~","300932","wish for ~","ChoicesJaEn"
"visit ~","300932","wish for ~","ChoicesJaEn"
"care for ~","300932","wish for ~","Listening"
"think about","300934","consider","Synonym"
"between","300935","believe","Listening"
"trust","300935","believe","Synonym"
"except","300937","expect","Listening"
"invite","300938","guess","ChoicesJaEn"
"lend A B","300940","show A B","ChoicesJaEn"
"send A B","300940","show A B","ChoicesJaEn"
"open A","300940","show A B","ChoicesJaEn"
"choose A","300940","show A B","ChoicesJaEn"
"send A B","300940","show A B","Listening"
"lend A B","300940","show A B","Listening"
"give A B","300940","show A B","Listening"
"tell A B","300940","show A B","Listening"
"runny nose","300941","cough","ChoicesJaEn"
"cop","300941","cough","Listening"
"near ~","300942","during ~","ChoicesJaEn"
"with ~","300942","during ~","ChoicesJaEn"
"around ~","300942","during ~","Listening"
"noon","300943","afternoon","ChoicesJaEn"
"after","300943","afternoon","Listening"
"africa","300943","afternoon","Listening"
"aftermath","300943","afternoon","Listening"
"about ~","300944","past ~","ChoicesJaEn"
"about ~","300944","past ~","Listening"
"promise","300945","deadline","ChoicesJaEn"
"redline","300945","deadline","Listening"
"bedtime","300945","deadline","Listening"
"headlight","300945","deadline","Listening"
"daytime","300945","deadline","Listening"
"past","300946","future","ChoicesJaEn"
"past","300946","future","Antonym"
"long ago","300947","in the future","ChoicesJaEn"
"in the room","300947","in the future","Listening"
"in the city","300947","in the future","Listening"
"enjoyment","300948","appointment","Listening"
"from ~","300949","until ~","ChoicesJaEn"
"under ~","300949","until ~","Listening"
"into ~","300949","until ~","Listening"
"around ~","300949","until ~","Listening"
"till","300949","until ~","Synonym"
"add A to B","300950","multiply A by B","ChoicesJaEn"
"divide A by B","300950","multiply A by B","ChoicesJaEn"
"count A","300950","multiply A by B","ChoicesJaEn"
"divide A by B","300950","multiply A by B","Listening"
"add A to B","300950","multiply A by B","Listening"
"sung","300951","sand","Listening"
"Adam","300952","atom","Listening"
"troubled","300953","bored","ChoicesJaEn"
"inside","300954","upstairs","ChoicesJaEn"
"uptown","300954","upstairs","Listening"
"inside","300955","downstairs","ChoicesJaEn"
"downward","300955","downstairs","Listening"
"aloud","300956","abroad","Listening"
"for a minute","300957","for example","Listening"
"for a while","300957","for example","Listening"
"from school","300957","for example","Listening"
"four apples","300957","for example","Listening"
"for instance","300957","for example","Synonym"
"clothing","300958","instrument","ChoicesJaEn"
"dishes","300958","instrument","ChoicesJaEn"
"stationery","300958","instrument","ChoicesJaEn"
"pencil case","300959","scissors","ChoicesJaEn"
"right side up","300960","upside down","Antonym"
"circus","300961","surface","Listening"
"downtown","300964","hometown","Listening"
"promise","300965","custom","ChoicesJaEn"
"ticket gate","300966","platform","ChoicesJaEn"
"station worker","300966","platform","ChoicesJaEn"
"plaza","300966","platform","Listening"
"runway","300967","railway","Listening"
"asteroid","300969","astronaut","Listening"
"trunk","300970","branch","ChoicesJaEn"
"brunch","300970","branch","Listening"
"promise","300973","problem","Listening"
"rear","300975","real","Listening"
"false","300975","real","Antonym"
"turn down ~","300976","rely on ~","ChoicesJaEn"
"choose ~","300976","rely on ~","ChoicesJaEn"
"collect ~","300976","rely on ~","ChoicesJaEn"
"compare with ~","300976","rely on ~","ChoicesJaEn"
"reply to ~","300976","rely on ~","Listening"
"wait on ~","300976","rely on ~","Listening"
"turn down ~","300977","depend on ~","ChoicesJaEn"
"carry ~","300977","depend on ~","ChoicesJaEn"
"count ~","300977","depend on ~","ChoicesJaEn"
"invite ~","300977","depend on ~","ChoicesJaEn"
"defend ~","300977","depend on ~","Listening"
"demand ~","300977","depend on ~","Listening"
"decide on ~","300977","depend on ~","Listening"
"rely on","300977","depend on ~","Synonym"
"fries","300978","freeze","Listening"
"promise","300979","program","Listening"
"cooker","300982","corner","Listening"
"caller","300982","corner","Listening"
"hide ~","300984","figure ~ out","ChoicesJaEn"
"compare ~","300984","figure ~ out","ChoicesJaEn"
"invite ~","300984","figure ~ out","ChoicesJaEn"
"break ~","300984","figure ~ out","ChoicesJaEn"
"fill ~ out","300984","figure ~ out","Listening"
"find ~ out","300984","figure ~ out","Listening"
"pick ~ out","300984","figure ~ out","Listening"
"check ~ out","300984","figure ~ out","Listening"
"find out","300984","figure ~ out","Synonym"
"all at once","300985","suddenly","Synonym"
"kilo","300986","degree","ChoicesJaEn"
"liter","300986","degree","ChoicesJaEn"
"agree","300986","degree","Listening"
"stronger","300987","stranger","Listening"
"promise","300988","mess","ChoicesJaEn"
"order","300988","mess","Antonym"
"so fast","300989","so far","Listening"
"so long","300989","so far","Listening"
"so good","300989","so far","Listening"
"so high","300989","so far","Listening"
"until now","300989","so far","Synonym"
"share","300990","recycle","ChoicesJaEn"
"rewrite","300990","recycle","Listening"
"with ~","300992","instead of ~","ChoicesJaEn"
"near ~","300992","instead of ~","ChoicesJaEn"
"inside ~","300992","instead of ~","Listening"
"because of ~","300992","instead of ~","Listening"
"clean ~ up","300993","think about ~","ChoicesJaEn"
"call ~ up","300993","think about ~","ChoicesJaEn"
"give ~ up","300993","think about ~","ChoicesJaEn"
"think of ~","300993","think about ~","Listening"
"write about ~","300993","think about ~","Listening"
"collect A","300994","share A with B","ChoicesJaEn"
"choose A","300994","share A with B","ChoicesJaEn"
"carry A","300994","share A with B","ChoicesJaEn"
"borrow A","300994","share A with B","ChoicesJaEn"
"connect A with B","300994","share A with B","Listening"
"divide","300994","share A with B","Synonym"
"by bike","300996","by car","ChoicesJaEn"
"violet","300997","violent","Listening"
"promise","301000","probably","Listening"
"proudly","301000","probably","Listening"
"shallowly","301001","deeply","ChoicesJaEn"
"cheaply","301001","deeply","Listening"
"sweetly","301001","deeply","Listening"
"angel","301002","ancient","Listening"
"not at all","301003","quite","ChoicesJaEn"
"kite","301003","quite","Listening"
"brightened","301004","frightened","Listening"
"leave ~","301006","stop by ~","ChoicesJaEn"
"gather ~","301006","stop by ~","ChoicesJaEn"
"carry ~","301006","stop by ~","ChoicesJaEn"
"stand by ~","301006","stop by ~","Listening"
"stop at ~","301006","stop by ~","Listening"
"step by ~","301006","stop by ~","Listening"
"stay by ~","301006","stop by ~","Listening"
"cooking","301007","sightseeing","ChoicesJaEn"
"singing","301007","sightseeing","Listening"
"writing","301007","sightseeing","Listening"
"painter","301008","guest","ChoicesJaEn"
"Hurry up.","301010","Wait a minute.","ChoicesJaEn"
"Sit down.","301010","Wait a minute.","ChoicesJaEn"
"Be careful.","301010","Wait a minute.","ChoicesJaEn"
"Come in.","301010","Wait a minute.","ChoicesJaEn"
"Wait a moment.","301010","Wait a minute.","Listening"
"Wake up early.","301010","Wait a minute.","Listening"
"Write a letter.","301010","Wait a minute.","Listening"
"Take a picture.","301010","Wait a minute.","Listening"
"wait a moment","301010","Wait a minute.","Synonym"
"give up ~","301011","look forward to ~","ChoicesJaEn"
"forget ~","301011","look forward to ~","ChoicesJaEn"
"choose ~","301011","look forward to ~","ChoicesJaEn"
"collect ~","301011","look forward to ~","ChoicesJaEn"
"walk around","301011","look forward to ~","Listening"
"patients","301012","patience","Listening"
"impatience","301012","patience","Antonym"
"backyard","301014","blackboard","Listening"
"bookmark","301014","blackboard","Listening"
"invited","301015","interested","Listening"
"inside","301015","interested","Listening"
"cheerful","301016","careful","ChoicesJaEn"
"cheerful","301016","careful","Listening"
"swat","301018","sweat","Listening"
"glow","301019","flow","Listening"
"sidewalk","301022","route","ChoicesJaEn"
"inner","301027","internet","Listening"
"contact","301029","content","Listening"
"mailing","301030","meaning","Listening"
"minding","301030","meaning","Listening"
"promise","301031","opinion","ChoicesJaEn"
"opening","301031","opinion","Listening"
"reader","301034","reason","Listening"
"wolf","301035","fox","ChoicesJaEn"
"deer","301035","fox","ChoicesJaEn"
"sock","301035","fox","Listening"
"suggest","301036","success","Listening"
"referee","301038","champion","ChoicesJaEn"
"campus","301038","champion","Listening"
"candle","301038","champion","Listening"
"Take care.","301039","Have a safe trip.","ChoicesJaEn"
"See you again.","301039","Have a safe trip.","ChoicesJaEn"
"Have a good rest.","301039","Have a safe trip.","ChoicesJaEn"
"Good luck.","301039","Have a safe trip.","ChoicesJaEn"
"Have a good trip.","301039","Have a safe trip.","Listening"
"Have a long trip.","301039","Have a safe trip.","Listening"
"Have a short trip.","301039","Have a safe trip.","Listening"
"classy","301040","closely","Listening"
"cheerfully","301041","carefully","Listening"
"cautiously","301041","carefully","Synonym"
"carelessly","301041","carefully","Antonym"
"for now","301042","as soon as possible","ChoicesJaEn"
"as long as possible","301042","as soon as possible","Listening"
"as early as possible","301042","as soon as possible","Listening"
"as fast as possible","301042","as soon as possible","Listening"
"as good as possible","301042","as soon as possible","Listening"
"painter","301043","actress","ChoicesJaEn"
"anguish","301045","language","Listening"
"guide","301046","service","ChoicesJaEn"
"server","301046","service","Listening"
"fitness","301047","business","Listening"
"shop assistant","301048","clerk","Synonym"
"workers","301049","staff","Synonym"
"worthless","301050","valuable","Antonym"
"spill","301052","spell","Listening"
"painter","301054","paper","Listening"
"painter","301055","author","ChoicesJaEn"
"painter","301056","poet","ChoicesJaEn"
"yell","301057","shout","Synonym"
"goat","301058","gold","Listening"
"adults","301059","children","ChoicesJaEn"
"students","301059","children","ChoicesJaEn"
"teachers","301059","children","ChoicesJaEn"
"babies","301059","children","ChoicesJaEn"
"cheering","301059","children","Listening"
"written","301059","children","Listening"
"kids","301059","children","Synonym"
"adults","301059","children","Antonym"
"ten thousand","301062","million","ChoicesJaEn"
"hundred thousand","301062","million","ChoicesJaEn"
"billion","301062","million","Listening"
"noon","301063","midnight","ChoicesJaEn"
"goodnight","301063","midnight","Listening"
"noon","301063","midnight","Antonym"
"not at all","301064","somewhat","ChoicesJaEn"
"somewhere","301064","somewhat","Listening"
"softer","301064","somewhat","Listening"
"girlfriend","301065","boyfriend","Listening"
"poetical","301066","political","Listening"
"energetic","301069","economic","Listening"
"ecologic","301069","economic","Listening"
"ratio","301070","racial","Listening"
"explain ~","301071","react to ~","ChoicesJaEn"
"choose ~","301071","react to ~","ChoicesJaEn"
"practice ~","301071","react to ~","ChoicesJaEn"
"reply to ~","301071","react to ~","Listening"
"return to ~","301071","react to ~","Listening"
"relax with ~","301071","react to ~","Listening"
"refer to ~","301071","react to ~","Listening"
"began","301072","behave","Listening"
"choose ~","301074","pretend to do","ChoicesJaEn"
"explain ~","301074","pretend to do","ChoicesJaEn"
"collect ~","301074","pretend to do","ChoicesJaEn"
"compare ~","301074","pretend to do","ChoicesJaEn"
"prepare to do","301074","pretend to do","Listening"
"plan to do","301074","pretend to do","Listening"
"prefer to do","301074","pretend to do","Listening"
"promise","301075","interaction","ChoicesJaEn"
"invitation","301075","interaction","Listening"
"promise","301077","tip","ChoicesJaEn"
"after","301078","afterward","Listening"
"beforehand","301078","afterward","Antonym"
"unlawful","301079","illegal","Synonym"
"underline","301080","undertake","Listening"
"undertook","301080","undertake","Listening"
"sentiment","301081","settlement","Listening"
